id,name,position_gw1,team_gw1,prob_injury_gw1,ep_cost_gw1,xmins_gw1,ep_gw1,position_gw2,team_gw2,prob_injury_gw2,ep_cost_gw2,xmins_gw2,ep_gw2,position_gw3,team_gw3,prob_injury_gw3,ep_cost_gw3,xmins_gw3,ep_gw3,position_gw4,team_gw4,prob_injury_gw4,ep_cost_gw4,xmins_gw4,ep_gw4,position_gw5,team_gw5,prob_injury_gw5,ep_cost_gw5,xmins_gw5,ep_gw5,position_gw6,team_gw6,prob_injury_gw6,ep_cost_gw6,xmins_gw6,ep_gw6,position_gw7,team_gw7,prob_injury_gw7,ep_cost_gw7,xmins_gw7,ep_gw7,position_gw8,team_gw8,prob_injury_gw8,ep_cost_gw8,xmins_gw8,ep_gw8,position_gw9,team_gw9,prob_injury_gw9,ep_cost_gw9,xmins_gw9,ep_gw9,position_gw10,team_gw10,prob_injury_gw10,ep_cost_gw10,xmins_gw10,ep_gw10,position_gw11,team_gw11,prob_injury_gw11,ep_cost_gw11,xmins_gw11,ep_gw11,position_gw12,team_gw12,prob_injury_gw12,ep_cost_gw12,xmins_gw12,ep_gw12,position_gw13,team_gw13,prob_injury_gw13,ep_cost_gw13,xmins_gw13,ep_gw13,position_gw14,team_gw14,prob_injury_gw14,ep_cost_gw14,xmins_gw14,ep_gw14,position_gw15,team_gw15,prob_injury_gw15,ep_cost_gw15,xmins_gw15,ep_gw15,position_gw16,team_gw16,prob_injury_gw16,ep_cost_gw16,xmins_gw16,ep_gw16,position_gw17,team_gw17,prob_injury_gw17,ep_cost_gw17,xmins_gw17,ep_gw17,position_gw18,team_gw18,prob_injury_gw18,ep_cost_gw18,xmins_gw18,ep_gw18,position_gw19,team_gw19,prob_injury_gw19,ep_cost_gw19,xmins_gw19,ep_gw19,position_gw20,team_gw20,prob_injury_gw20,ep_cost_gw20,xmins_gw20,ep_gw20,position_gw21,team_gw21,prob_injury_gw21,ep_cost_gw21,xmins_gw21,ep_gw21,position_gw22,team_gw22,prob_injury_gw22,xmins_gw22,ep_cost_gw22,ep_gw22,position_gw23,team_gw23,prob_injury_gw23,ep_cost_gw23,xmins_gw23,ep_gw23,position_gw24,team_gw24,prob_injury_gw24,ep_cost_gw24,xmins_gw24,ep_gw24,position_gw25,team_gw25,prob_injury_gw25,ep_cost_gw25,xmins_gw25,ep_gw25,position_gw26,team_gw26,prob_injury_gw26,ep_cost_gw26,xmins_gw26,ep_gw26,position_gw27,team_gw27,prob_injury_gw27,ep_cost_gw27,xmins_gw27,ep_gw27,position_gw28,team_gw28,prob_injury_gw28,ep_cost_gw28,xmins_gw28,ep_gw28,position_gw29,team_gw29,prob_injury_gw29,ep_cost_gw29,xmins_gw29,ep_gw29,position_gw30,team_gw30,prob_injury_gw30,ep_cost_gw30,xmins_gw30,ep_gw30,position_gw31,team_gw31,prob_injury_gw31,ep_cost_gw31,xmins_gw31,ep_gw31,position_gw32,team_gw32,prob_injury_gw32,xmins_gw32,ep_cost_gw32,ep_gw32,position_gw33,team_gw33,prob_injury_gw33,ep_cost_gw33,xmins_gw33,ep_gw33,position_gw34,team_gw34,prob_injury_gw34,xmins_gw34,ep_cost_gw34,ep_gw34,position_gw35,team_gw35,prob_injury_gw35,ep_cost_gw35,xmins_gw35,ep_gw35,total_xmins,total_xpts
1,Fábio Vieira,MID,ARS,0.25,5.5,0.0,0.0,MID,ARS,0.0,5.4,0.0,0.0,MID,ARS,1.0,5.4,0.0,0.0,MID,ARS,1.0,5.4,0.0,0.0,MID,ARS,1.0,5.4,0.0,0.0,MID,ARS,1.0,5.4,0.0,0.0,MID,ARS,1.0,5.4,0.0,0.0,MID,ARS,1.0,5.4,0.0,0.0,MID,ARS,1.0,5.4,0.0,0.0,MID,ARS,1.0,5.4,0.0,0.0,MID,ARS,1.0,5.4,0.0,0.0,MID,ARS,1.0,5.4,0.0,0.0,MID,ARS,1.0,5.4,0.0,0.0,MID,ARS,1.0,5.4,0.0,0.0,MID,ARS,1.0,5.4,0.0,0.0,MID,ARS,1.0,5.4,0.0,0.0,MID,ARS,1.0,5.4,0.0,0.0,MID,ARS,1.0,5.4,0.0,0.0,MID,ARS,1.0,5.4,0.0,0.0,MID,ARS,1.0,5.4,0.0,0.0,MID,ARS,1.0,5.4,0.0,0.0,MID,ARS,1.0,0.0,5.4,0.0,MID,ARS,1.0,5.4,0.0,0.0,MID,ARS,1.0,5.4,0.0,0.0,MID,ARS,1.0,5.4,0.0,0.0,MID,ARS,1.0,5.4,0.0,0.0,MID,ARS,1.0,5.4,0.0,0.0,MID,ARS,1.0,5.4,0.0,0.0,MID,ARS,1.0,5.4,0.0,0.0,MID,ARS,1.0,5.4,0.0,0.0,MID,ARS,1.0,5.4,0.0,0.0,MID,ARS,1.0,0.0,5.4,0.0,MID,ARS,1.0,5.4,0.0,0.0,MID,ARS,1.0,0.0,0.0,0.0,MID,ARS,1.0,5.4,0.0,0.0,0.0,0.0
2,G.Jesus,FWD,ARS,0.0,7.0,5.0,0.0,FWD,ARS,0.25,6.9,0.0,0.0,FWD,ARS,0.5,6.8,0.0,0.0,FWD,ARS,0.0,6.8,10.0,1.0,FWD,ARS,0.0,6.8,3.0,0.0,FWD,ARS,0.0,6.8,1.0,1.0,FWD,ARS,0.0,6.8,59.0,1.0,FWD,ARS,0.0,6.8,10.0,1.0,FWD,ARS,0.0,6.8,5.0,0.0,FWD,ARS,0.0,6.8,19.0,1.0,FWD,ARS,0.0,6.8,9.0,1.0,FWD,ARS,0.0,6.8,90.0,1.0,FWD,ARS,0.0,6.8,16.0,1.0,FWD,ARS,0.0,6.8,0.0,0.0,FWD,ARS,0.0,6.8,16.0,1.0,FWD,ARS,0.0,6.7,21.0,1.0,FWD,ARS,0.0,6.8,85.0,16.0,FWD,ARS,0.0,6.8,71.0,2.0,FWD,ARS,0.0,6.8,90.0,12.0,FWD,ARS,0.0,6.9,90.0,2.0,FWD,ARS,1.0,6.7,0.0,0.0,FWD,ARS,1.0,0.0,6.7,0.0,FWD,ARS,1.0,6.6,0.0,0.0,FWD,ARS,1.0,6.6,0.0,0.0,FWD,ARS,1.0,6.5,0.0,0.0,FWD,ARS,1.0,6.5,0.0,0.0,FWD,ARS,1.0,6.5,0.0,0.0,FWD,ARS,1.0,6.5,0.0,0.0,FWD,ARS,1.0,6.5,0.0,0.0,FWD,ARS,1.0,6.5,0.0,0.0,FWD,ARS,1.0,6.5,0.0,0.0,FWD,ARS,1.0,0.0,6.5,0.0,FWD,ARS,1.0,6.5,0.0,0.0,FWD,ARS,1.0,0.0,0.0,0.0,FWD,ARS,1.0,6.5,0.0,0.0,600.0,42.0
3,Gabriel,DEF,ARS,0.0,6.0,90.0,6.0,DEF,ARS,0.0,6.0,90.0,6.0,DEF,ARS,0.0,6.0,90.0,2.0,DEF,ARS,0.0,6.0,90.0,15.0,DEF,ARS,0.0,6.1,90.0,7.0,DEF,ARS,0.0,6.2,90.0,1.0,DEF,ARS,0.0,6.2,90.0,2.0,DEF,ARS,0.0,6.3,90.0,1.0,DEF,ARS,0.25,6.3,53.0,1.0,DEF,ARS,0.0,6.2,90.0,2.0,DEF,ARS,0.0,6.1,90.0,2.0,DEF,ARS,0.25,6.2,90.0,6.0,DEF,ARS,0.25,6.2,45.0,9.0,DEF,ARS,0.25,6.2,0.0,0.0,DEF,ARS,0.25,6.2,0.0,0.0,DEF,ARS,0.0,6.2,90.0,9.0,DEF,ARS,0.0,6.3,90.0,4.0,DEF,ARS,0.0,6.3,90.0,6.0,DEF,ARS,0.0,6.4,90.0,2.0,DEF,ARS,0.0,6.4,90.0,2.0,DEF,ARS,0.0,6.4,90.0,1.0,DEF,ARS,0.0,90.0,6.4,1.0,DEF,ARS,0.0,6.4,90.0,7.0,DEF,ARS,0.0,6.3,90.0,2.0,DEF,ARS,0.0,6.3,90.0,6.0,DEF,ARS,0.0,6.3,90.0,2.0,DEF,ARS,0.0,6.3,90.0,7.0,DEF,ARS,0.0,6.3,90.0,2.0,DEF,ARS,0.0,6.4,90.0,5.0,DEF,ARS,1.0,6.3,15.0,1.0,DEF,ARS,1.0,6.2,0.0,0.0,DEF,ARS,0.0,0.0,6.2,0.0,DEF,ARS,1.0,6.2,0.0,0.0,DEF,ARS,0.0,0.0,0.0,0.0,DEF,ARS,1.0,6.2,0.0,0.0,2363.0,117.0
4,Havertz,FWD,ARS,0.0,8.0,90.0,12.0,FWD,ARS,0.0,8.1,90.0,2.0,FWD,ARS,0.0,8.1,90.0,8.0,FWD,ARS,0.0,8.1,90.0,2.0,FWD,ARS,0.0,8.1,90.0,2.0,FWD,ARS,0.0,8.2,90.0,6.0,FWD,ARS,0.0,8.3,90.0,8.0,FWD,ARS,0.0,8.3,90.0,2.0,FWD,ARS,0.0,8.2,90.0,2.0,FWD,ARS,0.25,8.1,90.0,1.0,FWD,ARS,0.0,8.0,90.0,1.0,FWD,ARS,0.0,7.9,0.0,0.0,FWD,ARS,0.0,7.9,90.0,6.0,FWD,ARS,0.0,7.9,90.0,2.0,FWD,ARS,0.0,7.9,73.0,5.0,FWD,ARS,0.0,7.9,90.0,2.0,FWD,ARS,0.0,7.9,57.0,6.0,FWD,ARS,0.0,7.9,90.0,7.0,FWD,ARS,0.25,7.9,0.0,0.0,FWD,ARS,0.25,7.9,0.0,0.0,FWD,ARS,0.0,7.8,90.0,1.0,FWD,ARS,0.0,90.0,7.8,7.0,FWD,ARS,0.0,7.8,90.0,2.0,FWD,ARS,0.75,7.8,89.0,12.0,FWD,ARS,1.0,7.8,0.0,0.0,FWD,ARS,1.0,7.8,0.0,0.0,FWD,ARS,1.0,7.7,0.0,0.0,FWD,ARS,1.0,7.7,0.0,0.0,FWD,ARS,1.0,7.7,0.0,0.0,FWD,ARS,1.0,7.7,0.0,0.0,FWD,ARS,1.0,7.7,0.0,0.0,FWD,ARS,0.0,0.0,7.7,0.0,FWD,ARS,1.0,7.7,0.0,0.0,FWD,ARS,0.0,0.0,0.0,0.0,FWD,ARS,0.75,7.7,0.0,0.0,1839.0,96.0
5,Hein,GKP,ARS,1.0,4.0,0.0,0.0,GKP,ARS,1.0,4.0,0.0,0.0,GKP,ARS,1.0,4.0,0.0,0.0,GKP,ARS,1.0,4.0,0.0,0.0,GKP,ARS,1.0,4.0,0.0,0.0,GKP,ARS,1.0,4.0,0.0,0.0,GKP,ARS,1.0,4.0,0.0,0.0,GKP,ARS,1.0,4.0,0.0,0.0,GKP,ARS,1.0,4.0,0.0,0.0,GKP,ARS,1.0,4.0,0.0,0.0,GKP,ARS,1.0,4.0,0.0,0.0,GKP,ARS,1.0,4.0,0.0,0.0,GKP,ARS,1.0,4.0,0.0,0.0,GKP,ARS,1.0,4.0,0.0,0.0,GKP,ARS,1.0,4.0,0.0,0.0,GKP,ARS,1.0,4.0,0.0,0.0,GKP,ARS,1.0,4.0,0.0,0.0,GKP,ARS,1.0,4.0,0.0,0.0,GKP,ARS,1.0,4.0,0.0,0.0,GKP,ARS,1.0,4.0,0.0,0.0,GKP,ARS,1.0,4.0,0.0,0.0,GKP,ARS,1.0,0.0,4.0,0.0,GKP,ARS,1.0,4.0,0.0,0.0,GKP,ARS,1.0,4.0,0.0,0.0,GKP,ARS,1.0,4.0,0.0,0.0,GKP,ARS,1.0,4.0,0.0,0.0,GKP,ARS,1.0,4.0,0.0,0.0,GKP,ARS,1.0,4.0,0.0,0.0,GKP,ARS,1.0,4.0,0.0,0.0,GKP,ARS,1.0,4.0,0.0,0.0,GKP,ARS,1.0,4.0,0.0,0.0,GKP,ARS,1.0,0.0,4.0,0.0,GKP,ARS,1.0,4.0,0.0,0.0,GKP,ARS,1.0,0.0,0.0,0.0,GKP,ARS,1.0,4.0,0.0,0.0,0.0,0.0
6,J.Timber,DEF,ARS,0.0,5.5,21.0,1.0,DEF,ARS,0.0,5.5,78.0,6.0,DEF,ARS,0.0,5.5,79.0,1.0,DEF,ARS,0.0,5.5,90.0,5.0,DEF,ARS,0.0,5.5,90.0,2.0,DEF,ARS,0.0,5.5,90.0,4.0,DEF,ARS,0.25,5.5,0.0,0.0,DEF,ARS,0.25,5.5,0.0,0.0,DEF,ARS,0.25,5.5,75.0,2.0,DEF,ARS,0.0,5.5,70.0,1.0,DEF,ARS,0.0,5.5,90.0,2.0,DEF,ARS,0.0,5.5,87.0,6.0,DEF,ARS,0.0,5.5,90.0,1.0,DEF,ARS,0.0,5.6,90.0,14.0,DEF,ARS,0.0,5.7,90.0,2.0,DEF,ARS,0.0,5.7,90.0,6.0,DEF,ARS,0.0,5.7,85.0,1.0,DEF,ARS,0.0,5.7,90.0,9.0,DEF,ARS,1.0,5.7,90.0,1.0,DEF,ARS,0.0,5.7,0.0,0.0,DEF,ARS,0.0,5.7,90.0,2.0,DEF,ARS,0.0,90.0,5.7,1.0,DEF,ARS,0.0,5.6,90.0,5.0,DEF,ARS,0.0,5.6,90.0,1.0,DEF,ARS,0.0,5.6,90.0,6.0,DEF,ARS,0.0,5.6,90.0,2.0,DEF,ARS,0.0,5.6,84.0,6.0,DEF,ARS,0.0,5.6,90.0,5.0,DEF,ARS,0.0,5.6,90.0,9.0,DEF,ARS,0.25,5.6,76.0,7.0,DEF,ARS,0.0,5.6,29.0,1.0,DEF,ARS,0.0,21.0,5.6,1.0,DEF,ARS,0.0,5.7,90.0,4.0,DEF,ARS,0.0,0.0,0.0,0.0,DEF,ARS,0.0,5.6,0.0,0.0,2415.0,114.0
7,Jorginho,MID,ARS,0.0,5.0,0.0,0.0,MID,ARS,0.0,4.9,0.0,0.0,MID,ARS,0.0,4.9,0.0,0.0,MID,ARS,0.0,4.9,90.0,2.0,MID,ARS,0.0,4.9,0.0,0.0,MID,ARS,0.0,4.9,0.0,0.0,MID,ARS,0.0,4.9,60.0,2.0,MID,ARS,0.0,4.8,0.0,0.0,MID,ARS,0.0,4.8,0.0,0.0,MID,ARS,0.0,4.8,4.0,0.0,MID,ARS,0.0,4.8,0.0,0.0,MID,ARS,0.0,4.7,45.0,0.0,MID,ARS,0.0,4.7,90.0,2.0,MID,ARS,0.0,4.7,1.0,1.0,MID,ARS,0.0,4.7,73.0,2.0,MID,ARS,0.0,4.7,28.0,1.0,MID,ARS,0.0,4.7,0.0,0.0,MID,ARS,0.0,4.7,0.0,0.0,MID,ARS,0.0,4.7,2.0,1.0,MID,ARS,0.0,4.7,63.0,2.0,MID,ARS,0.0,4.7,0.0,0.0,MID,ARS,0.0,0.0,4.7,0.0,MID,ARS,0.0,4.7,0.0,0.0,MID,ARS,0.0,4.7,0.0,0.0,MID,ARS,0.0,4.7,15.0,0.0,MID,ARS,0.0,4.7,0.0,0.0,MID,ARS,0.0,4.7,69.0,3.0,MID,ARS,0.0,4.7,0.0,0.0,MID,ARS,0.0,4.7,0.0,0.0,MID,ARS,0.0,4.7,0.0,0.0,MID,ARS,0.0,4.6,70.0,1.0,MID,ARS,0.0,90.0,4.6,2.0,MID,ARS,0.75,4.6,0.0,0.0,MID,ARS,0.0,0.0,0.0,0.0,MID,ARS,0.0,4.6,0.0,0.0,700.0,19.0
8,Kiwior,DEF,ARS,0.0,5.0,0.0,0.0,DEF,ARS,0.0,4.9,0.0,0.0,DEF,ARS,0.0,4.9,0.0,0.0,DEF,ARS,0.0,4.9,0.0,0.0,DEF,ARS,0.0,4.8,16.0,1.0,DEF,ARS,0.0,4.8,0.0,0.0,DEF,ARS,0.0,4.8,1.0,1.0,DEF,ARS,0.0,4.8,43.0,0.0,DEF,ARS,0.0,4.8,36.0,1.0,DEF,ARS,0.0,4.8,0.0,0.0,DEF,ARS,0.0,4.8,0.0,0.0,DEF,ARS,0.0,4.8,2.0,1.0,DEF,ARS,0.0,4.8,45.0,1.0,DEF,ARS,0.0,4.8,90.0,6.0,DEF,ARS,0.0,4.8,90.0,2.0,DEF,ARS,0.0,4.8,0.0,0.0,DEF,ARS,0.0,4.8,0.0,0.0,DEF,ARS,0.0,4.8,0.0,0.0,DEF,ARS,0.0,4.8,0.0,0.0,DEF,ARS,0.0,4.8,0.0,0.0,DEF,ARS,0.0,4.8,0.0,0.0,DEF,ARS,0.0,0.0,4.8,0.0,DEF,ARS,0.0,4.8,0.0,0.0,DEF,ARS,0.0,4.8,0.0,0.0,DEF,ARS,0.0,4.8,0.0,0.0,DEF,ARS,0.0,4.8,0.0,0.0,DEF,ARS,0.0,4.8,0.0,0.0,DEF,ARS,0.0,4.8,0.0,0.0,DEF,ARS,0.0,4.8,0.0,0.0,DEF,ARS,0.0,4.8,74.0,2.0,DEF,ARS,0.0,4.8,90.0,2.0,DEF,ARS,0.0,90.0,4.8,2.0,DEF,ARS,0.0,4.8,180.0,13.0,DEF,ARS,0.0,0.0,0.0,0.0,DEF,ARS,0.0,4.8,0.0,0.0,757.0,32.0
9,Martinelli,MID,ARS,0.0,7.0,90.0,3.0,MID,ARS,0.0,7.0,64.0,3.0,MID,ARS,0.0,6.9,16.0,1.0,MID,ARS,0.0,6.9,79.0,3.0,MID,ARS,0.0,6.9,86.0,5.0,MID,ARS,0.0,6.9,73.0,13.0,MID,ARS,0.0,7.0,30.0,6.0,MID,ARS,0.0,7.0,26.0,1.0,MID,ARS,0.0,7.0,84.0,2.0,MID,ARS,0.0,6.9,60.0,2.0,MID,ARS,0.0,6.9,70.0,8.0,MID,ARS,0.0,6.9,0.0,0.0,MID,ARS,0.0,6.9,0.0,0.0,MID,ARS,0.0,6.8,70.0,3.0,MID,ARS,0.0,6.8,30.0,0.0,MID,ARS,0.0,6.7,73.0,3.0,MID,ARS,0.0,6.7,90.0,7.0,MID,ARS,0.0,6.8,90.0,3.0,MID,ARS,0.0,6.8,90.0,9.0,MID,ARS,0.0,6.8,45.0,1.0,MID,ARS,0.0,6.7,29.0,1.0,MID,ARS,0.0,81.0,6.7,7.0,MID,ARS,0.0,6.7,86.0,3.0,MID,ARS,0.75,6.7,90.0,5.0,MID,ARS,1.0,6.6,0.0,0.0,MID,ARS,1.0,6.6,0.0,0.0,MID,ARS,1.0,6.5,0.0,0.0,MID,ARS,0.0,6.5,32.0,1.0,MID,ARS,0.0,6.5,78.0,3.0,MID,ARS,0.0,6.5,90.0,5.0,MID,ARS,0.0,6.5,45.0,1.0,MID,ARS,0.0,90.0,6.5,2.0,MID,ARS,0.0,6.5,162.0,10.0,MID,ARS,0.0,0.0,0.0,0.0,MID,ARS,0.0,6.5,0.0,0.0,1949.0,111.0
10,R. Nelson,MID,ARS,0.0,5.0,0.0,0.0,MID,ARS,0.0,5.0,2.0,1.0,MID,FUL,0.0,5.0,0.0,0.0,MID,FUL,0.0,5.0,24.0,0.0,MID,FUL,0.0,5.0,16.0,7.0,MID,FUL,0.0,5.0,21.0,1.0,MID,FUL,0.0,5.0,13.0,4.0,MID,FUL,0.0,5.0,22.0,1.0,MID,FUL,0.0,5.0,22.0,1.0,MID,FUL,0.0,5.0,81.0,2.0,MID,FUL,0.0,5.0,81.0,3.0,MID,FUL,0.0,5.0,70.0,2.0,MID,FUL,0.0,5.0,61.0,3.0,MID,FUL,1.0,5.0,70.0,2.0,MID,FUL,0.75,5.0,0.0,0.0,MID,FUL,1.0,5.0,0.0,0.0,MID,FUL,1.0,5.0,0.0,0.0,MID,FUL,1.0,5.0,0.0,0.0,MID,FUL,1.0,5.0,0.0,0.0,MID,FUL,1.0,5.0,0.0,0.0,MID,FUL,1.0,5.0,0.0,0.0,MID,FUL,1.0,0.0,5.0,0.0,MID,FUL,0.5,5.0,0.0,0.0,MID,FUL,1.0,5.0,0.0,0.0,MID,FUL,1.0,5.0,0.0,0.0,MID,FUL,1.0,5.0,0.0,0.0,MID,FUL,1.0,5.0,0.0,0.0,MID,FUL,1.0,5.0,0.0,0.0,MID,FUL,1.0,5.0,0.0,0.0,MID,FUL,1.0,5.0,0.0,0.0,MID,FUL,1.0,5.0,0.0,0.0,MID,FUL,1.0,0.0,5.0,0.0,MID,FUL,1.0,5.0,0.0,0.0,MID,FUL,1.0,0.0,5.0,0.0,MID,FUL,1.0,5.0,0.0,0.0,483.0,27.0
11,Nketiah,FWD,ARS,0.0,6.0,0.0,0.0,FWD,ARS,0.0,5.9,0.0,0.0,FWD,CRY,0.0,5.9,0.0,0.0,FWD,CRY,0.0,5.9,90.0,2.0,FWD,CRY,0.0,5.9,65.0,2.0,FWD,CRY,0.0,5.9,72.0,2.0,FWD,CRY,0.0,5.9,90.0,1.0,FWD,CRY,0.0,5.9,65.0,2.0,FWD,CRY,0.0,5.9,23.0,1.0,FWD,CRY,1.0,5.9,83.0,2.0,FWD,CRY,1.0,5.9,0.0,0.0,FWD,CRY,1.0,5.9,0.0,0.0,FWD,CRY,0.0,5.9,13.0,1.0,FWD,CRY,0.0,5.9,1.0,1.0,FWD,CRY,0.0,5.9,13.0,0.0,FWD,CRY,0.0,5.9,30.0,4.0,FWD,CRY,0.0,5.9,29.0,1.0,FWD,CRY,0.0,5.9,0.0,0.0,FWD,CRY,0.0,5.9,1.0,0.0,FWD,CRY,0.0,5.9,3.0,1.0,FWD,CRY,0.0,5.9,11.0,1.0,FWD,CRY,0.0,12.0,5.9,4.0,FWD,CRY,0.0,5.9,18.0,1.0,FWD,CRY,0.25,5.9,0.0,0.0,FWD,CRY,0.0,5.9,4.0,1.0,FWD,CRY,0.0,5.9,0.0,0.0,FWD,CRY,0.0,5.9,4.0,6.0,FWD,CRY,0.0,5.9,71.0,2.0,FWD,CRY,0.0,5.9,0.0,0.0,FWD,CRY,0.0,5.9,31.0,1.0,FWD,CRY,1.0,5.9,9.0,-2.0,FWD,CRY,0.0,0.0,5.9,0.0,FWD,CRY,0.0,5.9,128.0,4.0,FWD,CRY,0.0,0.0,0.0,0.0,FWD,CRY,0.0,5.9,0.0,0.0,866.0,38.0
11,Nketiah,FWD,ARS,0.0,6.0,0.0,0.0,FWD,ARS,0.0,5.9,0.0,0.0,FWD,CRY,0.0,5.9,0.0,0.0,FWD,CRY,0.0,5.9,90.0,2.0,FWD,CRY,0.0,5.9,65.0,2.0,FWD,CRY,0.0,5.9,72.0,2.0,FWD,CRY,0.0,5.9,90.0,1.0,FWD,CRY,0.0,5.9,65.0,2.0,FWD,CRY,0.0,5.9,23.0,1.0,FWD,CRY,1.0,5.9,83.0,2.0,FWD,CRY,1.0,5.9,0.0,0.0,FWD,CRY,1.0,5.9,0.0,0.0,FWD,CRY,0.0,5.9,13.0,1.0,FWD,CRY,0.0,5.9,1.0,1.0,FWD,CRY,0.0,5.9,13.0,0.0,FWD,CRY,0.0,5.9,30.0,4.0,FWD,CRY,0.0,5.9,29.0,1.0,FWD,CRY,0.0,5.9,0.0,0.0,FWD,CRY,0.0,5.9,1.0,0.0,FWD,CRY,0.0,5.9,3.0,1.0,FWD,CRY,0.0,5.9,11.0,1.0,FWD,CRY,0.0,12.0,5.9,4.0,FWD,CRY,0.0,5.9,18.0,1.0,FWD,CRY,0.25,5.9,0.0,0.0,FWD,CRY,0.0,5.9,4.0,1.0,FWD,CRY,0.0,5.9,0.0,0.0,FWD,CRY,0.0,5.9,4.0,6.0,FWD,CRY,0.0,5.9,71.0,2.0,FWD,CRY,0.0,5.9,0.0,0.0,FWD,CRY,0.0,5.9,31.0,1.0,FWD,CRY,1.0,5.9,9.0,-2.0,FWD,CRY,0.0,34.0,5.9,1.0,FWD,CRY,0.0,5.9,94.0,3.0,FWD,CRY,0.0,0.0,0.0,0.0,FWD,CRY,0.0,5.9,0.0,0.0,866.0,38.0
12,Nwaneri,MID,ARS,0.0,4.5,0.0,0.0,MID,ARS,0.0,4.5,0.0,0.0,MID,ARS,0.0,4.5,0.0,0.0,MID,ARS,0.0,4.5,4.0,1.0,MID,ARS,0.0,4.5,0.0,0.0,MID,ARS,0.0,4.5,5.0,1.0,MID,ARS,0.0,4.5,0.0,0.0,MID,ARS,0.0,4.5,9.0,1.0,MID,ARS,0.0,4.5,5.0,1.0,MID,ARS,0.0,4.5,29.0,1.0,MID,ARS,0.0,4.5,0.0,0.0,MID,ARS,0.0,4.5,8.0,6.0,MID,ARS,0.0,4.5,5.0,1.0,MID,ARS,0.0,4.5,0.0,0.0,MID,ARS,0.0,4.5,11.0,1.0,MID,ARS,0.0,4.5,28.0,1.0,MID,ARS,0.0,4.5,4.0,1.0,MID,ARS,0.0,4.5,0.0,0.0,MID,ARS,0.0,4.5,77.0,2.0,MID,ARS,1.0,4.5,45.0,6.0,MID,ARS,1.0,4.5,0.0,0.0,MID,ARS,1.0,0.0,4.5,0.0,MID,ARS,0.0,4.5,45.0,1.0,MID,ARS,0.0,4.5,6.0,6.0,MID,ARS,0.0,4.6,90.0,9.0,MID,ARS,0.0,4.6,80.0,2.0,MID,ARS,0.0,4.6,76.0,3.0,MID,ARS,0.0,4.6,57.0,1.0,MID,ARS,0.0,4.6,11.0,1.0,MID,ARS,0.0,4.6,65.0,6.0,MID,ARS,0.0,4.5,45.0,1.0,MID,ARS,1.0,62.0,4.5,3.0,MID,ARS,0.0,4.5,37.0,7.0,MID,ARS,1.0,0.0,0.0,0.0,MID,ARS,0.0,4.4,0.0,0.0,804.0,63.0
13,Ødegaard,MID,ARS,0.0,8.5,90.0,3.0,MID,ARS,0.0,8.5,90.0,2.0,MID,ARS,0.0,8.4,73.0,2.0,MID,ARS,0.5,8.3,0.0,0.0,MID,ARS,1.0,8.2,0.0,0.0,MID,ARS,1.0,8.2,0.0,0.0,MID,ARS,1.0,8.2,0.0,0.0,MID,ARS,1.0,8.2,0.0,0.0,MID,ARS,1.0,8.2,0.0,0.0,MID,ARS,0.0,8.2,0.0,0.0,MID,ARS,0.0,8.2,90.0,7.0,MID,ARS,0.0,8.2,81.0,6.0,MID,ARS,0.0,8.3,73.0,8.0,MID,ARS,0.0,8.3,89.0,3.0,MID,ARS,0.0,8.3,78.0,2.0,MID,ARS,0.0,8.3,61.0,3.0,MID,ARS,0.0,8.3,90.0,2.0,MID,ARS,0.0,8.4,90.0,3.0,MID,ARS,0.0,8.4,87.0,2.0,MID,ARS,0.0,8.4,26.0,1.0,MID,ARS,0.0,8.3,90.0,8.0,MID,ARS,0.0,90.0,8.3,2.0,MID,ARS,0.0,8.2,0.0,0.0,MID,ARS,0.0,8.2,83.0,6.0,MID,ARS,0.0,8.2,90.0,3.0,MID,ARS,0.0,8.2,90.0,2.0,MID,ARS,0.0,8.2,84.0,3.0,MID,ARS,0.0,8.2,90.0,3.0,MID,ARS,0.0,8.2,89.0,5.0,MID,ARS,0.0,8.2,90.0,2.0,MID,ARS,0.0,8.2,19.0,1.0,MID,ARS,0.0,28.0,8.2,0.0,MID,ARS,0.0,8.2,175.0,11.0,MID,ARS,0.0,0.0,0.0,0.0,MID,ARS,0.0,8.2,0.0,0.0,2036.0,90.0
14,Ramsdale,GKP,ARS,0.0,4.5,0.0,0.0,GKP,ARS,0.0,4.5,0.0,0.0,GKP,SOU,0.0,4.4,90.0,2.0,GKP,SOU,0.0,4.4,90.0,3.0,GKP,SOU,0.0,4.4,90.0,3.0,GKP,SOU,0.0,4.4,90.0,2.0,GKP,SOU,0.0,4.4,90.0,2.0,GKP,SOU,0.0,4.4,90.0,1.0,GKP,SOU,0.0,4.4,90.0,4.0,GKP,SOU,0.0,4.4,90.0,9.0,GKP,SOU,0.25,4.4,90.0,0.0,GKP,SOU,1.0,4.4,0.0,0.0,GKP,SOU,1.0,4.4,0.0,0.0,GKP,SOU,1.0,4.4,0.0,0.0,GKP,SOU,1.0,4.4,0.0,0.0,GKP,SOU,0.5,4.4,0.0,0.0,GKP,SOU,0.5,4.4,90.0,10.0,GKP,SOU,0.0,4.4,90.0,2.0,GKP,SOU,0.0,4.4,90.0,3.0,GKP,SOU,0.0,4.4,90.0,1.0,GKP,SOU,0.0,4.4,90.0,3.0,GKP,SOU,0.0,90.0,4.4,1.0,GKP,SOU,0.25,4.4,0.0,0.0,GKP,SOU,0.0,4.4,90.0,3.0,GKP,SOU,0.0,4.4,90.0,2.0,GKP,SOU,0.0,4.4,90.0,1.0,GKP,SOU,0.0,4.4,90.0,2.0,GKP,SOU,0.0,4.4,90.0,2.0,GKP,SOU,0.0,4.4,90.0,1.0,GKP,SOU,0.0,4.4,90.0,2.0,GKP,SOU,0.0,4.4,90.0,2.0,GKP,SOU,0.0,90.0,4.4,16.0,GKP,SOU,0.0,4.4,90.0,3.0,GKP,SOU,0.0,90.0,4.4,2.0,GKP,SOU,0.0,4.4,90.0,1.0,2430.0,83.0
15,Raya,GKP,ARS,0.0,5.5,90.0,8.0,GKP,ARS,0.0,5.5,90.0,10.0,GKP,ARS,0.0,5.5,90.0,2.0,GKP,ARS,0.0,5.5,90.0,9.0,GKP,ARS,0.0,5.6,90.0,4.0,GKP,ARS,0.0,5.6,90.0,1.0,GKP,ARS,0.0,5.6,90.0,2.0,GKP,ARS,0.0,5.7,90.0,1.0,GKP,ARS,0.0,5.6,90.0,0.0,GKP,ARS,0.0,5.6,90.0,3.0,GKP,ARS,0.0,5.6,90.0,2.0,GKP,ARS,0.0,5.5,90.0,6.0,GKP,ARS,0.0,5.5,90.0,2.0,GKP,ARS,0.0,5.5,90.0,6.0,GKP,ARS,0.0,5.6,90.0,2.0,GKP,ARS,0.0,5.6,90.0,6.0,GKP,ARS,0.0,5.6,90.0,3.0,GKP,ARS,0.0,5.6,90.0,6.0,GKP,ARS,0.0,5.6,90.0,2.0,GKP,ARS,0.0,5.6,90.0,3.0,GKP,ARS,0.0,5.6,90.0,2.0,GKP,ARS,0.0,90.0,5.6,1.0,GKP,ARS,0.0,5.5,90.0,9.0,GKP,ARS,0.0,5.5,90.0,3.0,GKP,ARS,0.0,5.5,90.0,7.0,GKP,ARS,0.0,5.5,90.0,2.0,GKP,ARS,0.0,5.5,90.0,6.0,GKP,ARS,0.0,5.5,90.0,3.0,GKP,ARS,0.0,5.5,90.0,6.0,GKP,ARS,0.0,5.5,90.0,2.0,GKP,ARS,0.0,5.5,90.0,2.0,GKP,ARS,0.0,90.0,5.5,2.0,GKP,ARS,0.0,5.6,180.0,7.0,GKP,ARS,0.0,0.0,0.0,0.0,GKP,ARS,0.0,5.6,0.0,0.0,3060.0,130.0
16,Rice,MID,ARS,0.0,6.5,84.0,3.0,MID,ARS,0.0,6.5,90.0,2.0,MID,ARS,1.0,6.4,48.0,-2.0,MID,ARS,0.0,6.3,0.0,0.0,MID,ARS,0.0,6.3,90.0,1.0,MID,ARS,0.0,6.3,90.0,2.0,MID,ARS,0.0,6.3,90.0,2.0,MID,ARS,0.0,6.3,90.0,2.0,MID,ARS,0.0,6.3,90.0,5.0,MID,ARS,0.25,6.3,90.0,2.0,MID,ARS,0.25,6.3,70.0,2.0,MID,ARS,0.0,6.2,0.0,0.0,MID,ARS,0.0,6.2,90.0,2.0,MID,ARS,0.0,6.2,90.0,7.0,MID,ARS,0.0,6.2,90.0,2.0,MID,ARS,0.0,6.2,61.0,3.0,MID,ARS,0.0,6.2,32.0,11.0,MID,ARS,0.0,6.2,86.0,3.0,MID,ARS,0.0,6.2,12.0,1.0,MID,ARS,0.0,6.2,90.0,4.0,MID,ARS,0.0,6.2,86.0,2.0,MID,ARS,0.0,90.0,6.2,2.0,MID,ARS,0.0,6.2,90.0,3.0,MID,ARS,0.0,6.2,90.0,10.0,MID,ARS,0.0,6.2,90.0,3.0,MID,ARS,0.0,6.2,55.0,1.0,MID,ARS,0.0,6.2,90.0,3.0,MID,ARS,0.0,6.2,90.0,10.0,MID,ARS,0.0,6.2,90.0,3.0,MID,ARS,0.0,6.2,90.0,1.0,MID,ARS,0.25,6.2,90.0,2.0,MID,ARS,0.0,74.0,6.2,5.0,MID,ARS,0.0,6.2,162.0,8.0,MID,ARS,0.0,0.0,0.0,0.0,MID,ARS,0.0,6.2,0.0,0.0,2570.0,105.0
17,Saka,MID,ARS,0.0,10.0,79.0,12.0,MID,ARS,0.0,10.0,87.0,6.0,MID,ARS,0.0,10.1,90.0,6.0,MID,ARS,0.25,10.0,85.0,7.0,MID,ARS,0.0,10.0,45.0,4.0,MID,ARS,0.0,10.1,90.0,3.0,MID,ARS,0.0,10.1,90.0,16.0,MID,ARS,0.75,10.0,0.0,0.0,MID,ARS,0.0,10.0,84.0,9.0,MID,ARS,0.0,10.1,90.0,2.0,MID,ARS,0.25,10.1,80.0,2.0,MID,ARS,0.0,10.2,82.0,13.0,MID,ARS,0.0,10.3,73.0,18.0,MID,ARS,0.0,10.5,90.0,3.0,MID,ARS,0.0,10.6,90.0,2.0,MID,ARS,0.0,10.6,90.0,3.0,MID,ARS,0.25,10.5,23.0,1.0,MID,ARS,1.0,10.3,0.0,0.0,MID,ARS,1.0,10.3,0.0,0.0,MID,ARS,1.0,10.2,0.0,0.0,MID,ARS,1.0,10.2,0.0,0.0,MID,ARS,1.0,0.0,10.2,0.0,MID,ARS,1.0,10.2,0.0,0.0,MID,ARS,1.0,10.2,0.0,0.0,MID,ARS,1.0,10.2,0.0,0.0,MID,ARS,1.0,10.2,0.0,0.0,MID,ARS,1.0,10.2,0.0,0.0,MID,ARS,1.0,10.2,0.0,0.0,MID,ARS,0.5,10.2,0.0,0.0,MID,ARS,0.0,10.4,24.0,8.0,MID,ARS,0.25,10.4,45.0,1.0,MID,ARS,1.0,27.0,10.4,1.0,MID,ARS,0.0,10.5,86.0,2.0,MID,ARS,1.0,0.0,0.0,0.0,MID,ARS,0.0,10.3,0.0,0.0,1450.0,119.0
18,Saliba,DEF,ARS,0.0,6.0,90.0,6.0,DEF,ARS,0.0,6.0,90.0,6.0,DEF,ARS,0.0,6.0,90.0,2.0,DEF,ARS,0.0,6.0,90.0,5.0,DEF,ARS,0.0,6.0,90.0,1.0,DEF,ARS,0.0,6.0,90.0,0.0,DEF,ARS,0.0,6.0,90.0,2.0,DEF,ARS,1.0,6.0,29.0,-3.0,DEF,ARS,0.0,6.0,0.0,0.0,DEF,ARS,0.0,6.0,90.0,2.0,DEF,ARS,0.0,6.0,90.0,2.0,DEF,ARS,0.0,6.0,90.0,7.0,DEF,ARS,0.0,6.0,90.0,1.0,DEF,ARS,0.0,6.0,90.0,15.0,DEF,ARS,0.0,6.2,90.0,9.0,DEF,ARS,0.0,6.3,90.0,6.0,DEF,ARS,0.0,6.3,90.0,2.0,DEF,ARS,0.0,6.3,90.0,7.0,DEF,ARS,0.0,6.3,90.0,2.0,DEF,ARS,0.0,6.3,90.0,2.0,DEF,ARS,0.0,6.3,90.0,2.0,DEF,ARS,0.0,0.0,6.3,0.0,DEF,ARS,0.0,6.2,90.0,9.0,DEF,ARS,0.0,6.2,90.0,2.0,DEF,ARS,0.0,6.2,90.0,6.0,DEF,ARS,0.0,6.2,85.0,2.0,DEF,ARS,0.0,6.2,90.0,8.0,DEF,ARS,0.0,6.2,90.0,2.0,DEF,ARS,0.0,6.2,90.0,9.0,DEF,ARS,0.0,6.4,90.0,2.0,DEF,ARS,0.0,6.5,90.0,2.0,DEF,ARS,0.0,90.0,6.5,2.0,DEF,ARS,0.0,6.6,180.0,7.0,DEF,ARS,0.0,0.0,0.0,0.0,DEF,ARS,0.0,6.6,0.0,0.0,2814.0,127.0
19,Smith Rowe,MID,FUL,0.0,5.5,63.0,3.0,MID,FUL,0.0,5.6,68.0,10.0,MID,FUL,0.0,5.6,71.0,2.0,MID,FUL,0.0,5.7,72.0,7.0,MID,FUL,0.0,5.8,83.0,8.0,MID,FUL,0.0,5.8,87.0,3.0,MID,FUL,0.0,5.8,25.0,1.0,MID,FUL,0.0,5.7,79.0,1.0,MID,FUL,0.0,5.7,78.0,6.0,MID,FUL,0.0,5.7,81.0,2.0,MID,FUL,0.0,5.7,88.0,11.0,MID,FUL,0.0,5.8,58.0,1.0,MID,FUL,0.0,5.7,85.0,2.0,MID,FUL,0.0,5.6,70.0,2.0,MID,FUL,0.0,5.5,59.0,1.0,MID,FUL,0.0,5.5,21.0,1.0,MID,FUL,0.0,5.4,0.0,0.0,MID,FUL,0.5,5.4,0.0,0.0,MID,FUL,0.0,5.3,1.0,1.0,MID,FUL,0.0,5.3,45.0,1.0,MID,FUL,0.0,5.2,67.0,2.0,MID,FUL,0.0,79.0,5.2,11.0,MID,FUL,0.0,5.2,81.0,2.0,MID,FUL,0.0,5.2,71.0,2.0,MID,FUL,0.0,5.2,81.0,9.0,MID,FUL,0.25,5.2,57.0,1.0,MID,FUL,0.0,5.2,0.0,0.0,MID,FUL,0.0,5.1,81.0,2.0,MID,FUL,0.0,5.1,71.0,3.0,MID,FUL,0.0,5.1,66.0,2.0,MID,FUL,0.0,5.1,14.0,0.0,MID,FUL,0.0,21.0,5.1,1.0,MID,FUL,0.25,5.1,0.0,0.0,MID,FUL,0.0,24.0,5.1,8.0,MID,FUL,0.0,5.1,33.0,1.0,1880.0,107.0
20,Partey,MID,ARS,0.0,5.0,90.0,3.0,MID,ARS,0.0,5.0,90.0,11.0,MID,ARS,0.0,5.0,90.0,1.0,MID,ARS,0.0,5.0,90.0,3.0,MID,ARS,0.0,5.0,90.0,1.0,MID,ARS,0.0,5.0,84.0,2.0,MID,ARS,0.0,5.0,83.0,2.0,MID,ARS,0.0,5.0,90.0,2.0,MID,ARS,0.0,5.0,90.0,2.0,MID,ARS,0.0,5.0,85.0,2.0,MID,ARS,0.0,5.0,90.0,2.0,MID,ARS,0.0,5.0,45.0,8.0,MID,ARS,0.25,5.0,0.0,0.0,MID,ARS,0.0,5.0,90.0,6.0,MID,ARS,0.0,5.0,90.0,2.0,MID,ARS,0.0,5.0,21.0,1.0,MID,ARS,0.0,5.0,90.0,5.0,MID,ARS,0.0,5.0,3.0,1.0,MID,ARS,0.0,5.0,90.0,5.0,MID,ARS,0.0,5.0,90.0,2.0,MID,ARS,0.0,5.0,90.0,2.0,MID,ARS,0.0,90.0,5.0,2.0,MID,ARS,0.0,5.0,90.0,3.0,MID,ARS,0.0,4.9,90.0,8.0,MID,ARS,0.0,4.9,74.0,3.0,MID,ARS,0.0,4.9,90.0,1.0,MID,ARS,0.0,4.9,5.0,1.0,MID,ARS,0.0,4.9,75.0,2.0,MID,ARS,0.0,4.9,90.0,2.0,MID,ARS,0.0,4.9,90.0,2.0,MID,ARS,0.0,4.9,0.0,0.0,MID,ARS,0.0,68.0,4.9,10.0,MID,ARS,0.0,4.9,90.0,2.0,MID,ARS,0.0,0.0,0.0,0.0,MID,ARS,0.0,4.9,0.0,0.0,2433.0,99.0
21,Tierney,DEF,ARS,1.0,4.5,0.0,0.0,DEF,ARS,1.0,4.4,0.0,0.0,DEF,ARS,1.0,4.4,0.0,0.0,DEF,ARS,1.0,4.4,0.0,0.0,DEF,ARS,1.0,4.4,0.0,0.0,DEF,ARS,1.0,4.4,0.0,0.0,DEF,ARS,1.0,4.4,0.0,0.0,DEF,ARS,1.0,4.3,0.0,0.0,DEF,ARS,1.0,4.3,0.0,0.0,DEF,ARS,1.0,4.3,0.0,0.0,DEF,ARS,1.0,4.3,0.0,0.0,DEF,ARS,0.0,4.3,0.0,0.0,DEF,ARS,0.0,4.3,0.0,0.0,DEF,ARS,0.0,4.3,0.0,0.0,DEF,ARS,0.0,4.3,0.0,0.0,DEF,ARS,0.0,4.3,0.0,0.0,DEF,ARS,0.0,4.3,0.0,0.0,DEF,ARS,0.0,4.3,0.0,0.0,DEF,ARS,0.0,4.3,0.0,0.0,DEF,ARS,0.0,4.3,0.0,0.0,DEF,ARS,0.0,4.3,13.0,1.0,DEF,ARS,0.0,0.0,4.3,0.0,DEF,ARS,0.0,4.3,3.0,1.0,DEF,ARS,0.0,4.3,0.0,0.0,DEF,ARS,0.0,4.3,1.0,1.0,DEF,ARS,0.0,4.3,0.0,0.0,DEF,ARS,0.0,4.3,45.0,1.0,DEF,ARS,0.0,4.3,14.0,1.0,DEF,ARS,0.0,4.3,1.0,1.0,DEF,ARS,0.0,4.3,0.0,0.0,DEF,ARS,0.0,4.3,15.0,1.0,DEF,ARS,0.0,61.0,4.3,6.0,DEF,ARS,0.0,4.3,21.0,2.0,DEF,ARS,0.0,0.0,0.0,0.0,DEF,ARS,0.0,4.3,0.0,0.0,174.0,15.0
22,Tomiyasu,DEF,ARS,1.0,5.0,0.0,0.0,DEF,ARS,1.0,4.9,0.0,0.0,DEF,ARS,1.0,4.9,0.0,0.0,DEF,ARS,1.0,4.9,0.0,0.0,DEF,ARS,1.0,4.8,0.0,0.0,DEF,ARS,1.0,4.8,0.0,0.0,DEF,ARS,0.0,4.8,6.0,1.0,DEF,ARS,1.0,4.8,0.0,0.0,DEF,ARS,1.0,4.8,0.0,0.0,DEF,ARS,1.0,4.8,0.0,0.0,DEF,ARS,1.0,4.8,0.0,0.0,DEF,ARS,1.0,4.8,0.0,0.0,DEF,ARS,1.0,4.8,0.0,0.0,DEF,ARS,1.0,4.8,0.0,0.0,DEF,ARS,1.0,4.8,0.0,0.0,DEF,ARS,1.0,4.8,0.0,0.0,DEF,ARS,1.0,4.8,0.0,0.0,DEF,ARS,1.0,4.8,0.0,0.0,DEF,ARS,1.0,4.8,0.0,0.0,DEF,ARS,1.0,4.8,0.0,0.0,DEF,ARS,1.0,4.8,0.0,0.0,DEF,ARS,1.0,0.0,4.8,0.0,DEF,ARS,1.0,4.8,0.0,0.0,DEF,ARS,1.0,4.8,0.0,0.0,DEF,ARS,1.0,4.8,0.0,0.0,DEF,ARS,1.0,4.8,0.0,0.0,DEF,ARS,1.0,4.8,0.0,0.0,DEF,ARS,1.0,4.8,0.0,0.0,DEF,ARS,1.0,4.8,0.0,0.0,DEF,ARS,1.0,4.8,0.0,0.0,DEF,ARS,1.0,4.8,0.0,0.0,DEF,ARS,1.0,0.0,4.8,0.0,DEF,ARS,1.0,4.8,0.0,0.0,DEF,ARS,1.0,0.0,0.0,0.0,DEF,ARS,1.0,4.8,0.0,0.0,6.0,1.0
23,Trossard,MID,ARS,0.0,7.0,10.0,1.0,MID,ARS,0.0,6.9,25.0,7.0,MID,ARS,0.0,6.9,58.0,1.0,MID,ARS,0.0,6.9,79.0,3.0,MID,ARS,0.0,6.9,52.0,-2.0,MID,ARS,0.0,6.9,90.0,12.0,MID,ARS,0.0,6.9,30.0,1.0,MID,ARS,0.0,6.9,63.0,3.0,MID,ARS,0.0,6.9,90.0,2.0,MID,ARS,0.0,6.9,70.0,2.0,MID,ARS,0.0,6.9,19.0,1.0,MID,ARS,0.0,6.8,90.0,3.0,MID,ARS,0.0,6.8,84.0,12.0,MID,ARS,0.0,6.8,19.0,1.0,MID,ARS,0.0,6.8,59.0,1.0,MID,ARS,0.0,6.8,16.0,1.0,MID,ARS,0.0,6.8,66.0,3.0,MID,ARS,0.0,6.8,90.0,6.0,MID,ARS,0.0,6.8,12.0,1.0,MID,ARS,0.0,6.8,90.0,2.0,MID,ARS,0.0,6.8,76.0,9.0,MID,ARS,0.0,90.0,6.8,10.0,MID,ARS,0.0,6.8,90.0,3.0,MID,ARS,0.0,6.8,83.0,2.0,MID,ARS,0.0,6.9,88.0,6.0,MID,ARS,0.0,6.9,90.0,2.0,MID,ARS,0.0,6.8,90.0,3.0,MID,ARS,0.0,6.8,90.0,1.0,MID,ARS,0.0,6.8,90.0,3.0,MID,ARS,0.0,6.8,13.0,1.0,MID,ARS,0.0,6.7,90.0,9.0,MID,ARS,0.0,90.0,6.7,2.0,MID,ARS,0.0,6.7,173.0,24.0,MID,ARS,0.0,0.0,0.0,0.0,MID,ARS,0.0,6.8,0.0,0.0,2265.0,136.0
24,B. White,DEF,ARS,0.0,6.5,90.0,6.0,DEF,ARS,0.0,6.5,90.0,6.0,DEF,ARS,0.0,6.5,90.0,2.0,DEF,ARS,0.0,6.5,90.0,6.0,DEF,ARS,0.0,6.5,45.0,1.0,DEF,ARS,0.0,6.4,0.0,0.0,DEF,ARS,0.25,6.3,0.0,0.0,DEF,ARS,0.0,6.3,90.0,0.0,DEF,ARS,0.0,6.3,90.0,4.0,DEF,ARS,0.0,6.2,19.0,1.0,DEF,ARS,0.5,6.2,90.0,1.0,DEF,ARS,1.0,6.2,0.0,0.0,DEF,ARS,1.0,6.2,0.0,0.0,DEF,ARS,1.0,6.1,0.0,0.0,DEF,ARS,1.0,6.1,0.0,0.0,DEF,ARS,1.0,6.1,0.0,0.0,DEF,ARS,1.0,6.1,0.0,0.0,DEF,ARS,1.0,6.1,0.0,0.0,DEF,ARS,1.0,6.1,0.0,0.0,DEF,ARS,1.0,6.1,0.0,0.0,DEF,ARS,1.0,6.1,0.0,0.0,DEF,ARS,1.0,0.0,6.1,0.0,DEF,ARS,1.0,6.1,0.0,0.0,DEF,ARS,1.0,6.1,0.0,0.0,DEF,ARS,0.0,6.1,0.0,0.0,DEF,ARS,0.0,6.1,4.0,1.0,DEF,ARS,0.0,6.1,5.0,1.0,DEF,ARS,0.0,6.1,0.0,0.0,DEF,ARS,0.0,6.1,0.0,0.0,DEF,ARS,0.25,6.1,0.0,0.0,DEF,ARS,0.0,6.1,60.0,2.0,DEF,ARS,1.0,0.0,6.1,0.0,DEF,ARS,0.0,6.1,90.0,6.0,DEF,ARS,1.0,0.0,0.0,0.0,DEF,ARS,0.0,6.1,0.0,0.0,853.0,37.0
25,Zinchenko,DEF,ARS,0.0,5.0,68.0,6.0,DEF,ARS,0.0,5.0,0.0,0.0,DEF,ARS,0.0,5.0,10.0,1.0,DEF,ARS,0.25,4.9,0.0,0.0,DEF,ARS,0.5,4.8,0.0,0.0,DEF,ARS,1.0,4.8,0.0,0.0,DEF,ARS,0.5,4.8,0.0,0.0,DEF,ARS,0.0,4.8,0.0,0.0,DEF,ARS,0.0,4.8,0.0,0.0,DEF,ARS,0.0,4.8,29.0,1.0,DEF,ARS,0.0,4.8,0.0,0.0,DEF,ARS,0.0,4.8,23.0,1.0,DEF,ARS,0.0,4.8,34.0,1.0,DEF,ARS,0.0,4.8,70.0,5.0,DEF,ARS,0.25,4.8,0.0,0.0,DEF,ARS,0.75,4.8,0.0,0.0,DEF,ARS,0.25,4.8,0.0,0.0,DEF,ARS,0.0,4.8,0.0,0.0,DEF,ARS,0.0,4.8,1.0,1.0,DEF,ARS,0.0,4.8,0.0,0.0,DEF,ARS,0.0,4.8,3.0,1.0,DEF,ARS,0.0,0.0,4.8,0.0,DEF,ARS,0.0,4.8,0.0,0.0,DEF,ARS,0.0,4.8,0.0,0.0,DEF,ARS,0.0,4.8,0.0,0.0,DEF,ARS,0.0,4.8,34.0,1.0,DEF,ARS,0.0,4.8,20.0,1.0,DEF,ARS,0.0,4.8,0.0,0.0,DEF,ARS,0.0,4.8,0.0,0.0,DEF,ARS,0.0,4.8,0.0,0.0,DEF,ARS,0.0,4.8,0.0,0.0,DEF,ARS,0.0,61.0,4.8,6.0,DEF,ARS,0.0,4.8,90.0,11.0,DEF,ARS,0.0,0.0,0.0,0.0,DEF,ARS,0.0,4.8,0.0,0.0,443.0,36.0
26,Alex Moreno,DEF,AST,0.0,4.5,0.0,0.0,DEF,NOT,0.0,4.5,0.0,0.0,DEF,NOT,0.0,4.4,0.0,0.0,DEF,NOT,0.0,4.4,79.0,6.0,DEF,NOT,0.0,4.4,45.0,0.0,DEF,NOT,0.0,4.4,83.0,2.0,DEF,NOT,0.0,4.4,81.0,2.0,DEF,NOT,0.0,4.4,77.0,6.0,DEF,NOT,0.0,4.4,71.0,1.0,DEF,NOT,0.0,4.4,90.0,9.0,DEF,NOT,0.0,4.4,87.0,1.0,DEF,NOT,0.0,4.4,71.0,1.0,DEF,NOT,0.0,4.4,13.0,1.0,DEF,NOT,0.0,4.4,90.0,1.0,DEF,NOT,1.0,4.4,0.0,0.0,DEF,NOT,0.0,4.4,0.0,0.0,DEF,NOT,0.0,4.4,0.0,0.0,DEF,NOT,0.0,4.4,0.0,0.0,DEF,NOT,0.0,4.3,0.0,0.0,DEF,NOT,0.0,4.3,0.0,0.0,DEF,NOT,0.0,4.3,1.0,1.0,DEF,NOT,0.0,0.0,4.3,0.0,DEF,NOT,0.0,4.3,24.0,0.0,DEF,NOT,0.0,4.2,0.0,0.0,DEF,NOT,0.0,4.2,0.0,0.0,DEF,NOT,0.0,4.2,0.0,0.0,DEF,NOT,0.0,4.2,0.0,0.0,DEF,NOT,0.0,4.2,0.0,0.0,DEF,NOT,0.0,4.2,0.0,0.0,DEF,NOT,1.0,4.2,50.0,1.0,DEF,NOT,0.0,4.2,0.0,0.0,DEF,NOT,0.0,90.0,4.2,2.0,DEF,NOT,0.0,4.2,0.0,0.0,DEF,NOT,0.0,0.0,4.2,0.0,DEF,NOT,0.0,4.2,0.0,0.0,952.0,34.0
27,Archer,FWD,SOU,0.0,5.0,19.0,1.0,FWD,SOU,0.0,5.0,18.0,1.0,FWD,SOU,0.0,5.0,45.0,1.0,FWD,SOU,0.0,5.0,61.0,0.0,FWD,SOU,0.0,5.0,58.0,1.0,FWD,SOU,0.0,5.0,14.0,1.0,FWD,SOU,0.0,5.0,63.0,7.0,FWD,SOU,0.0,5.0,67.0,9.0,FWD,SOU,0.0,5.0,86.0,2.0,FWD,SOU,0.0,5.0,90.0,2.0,FWD,SOU,0.0,5.0,72.0,2.0,FWD,SOU,0.0,5.0,13.0,1.0,FWD,SOU,0.0,5.0,87.0,2.0,FWD,SOU,0.0,5.0,71.0,2.0,FWD,SOU,0.0,5.0,72.0,2.0,FWD,SOU,0.0,5.0,8.0,1.0,FWD,SOU,0.0,5.0,45.0,1.0,FWD,SOU,0.0,5.0,0.0,0.0,FWD,SOU,0.0,5.0,25.0,1.0,FWD,SOU,0.0,5.0,35.0,1.0,FWD,SOU,0.0,5.0,0.0,0.0,FWD,SOU,0.0,57.0,5.0,1.0,FWD,SOU,0.0,5.0,30.0,1.0,FWD,SOU,0.0,5.0,0.0,0.0,FWD,SOU,0.0,5.0,5.0,1.0,FWD,SOU,0.0,4.9,71.0,2.0,FWD,SOU,0.0,4.9,7.0,1.0,FWD,SOU,0.0,4.9,26.0,1.0,FWD,SOU,0.0,4.9,21.0,1.0,FWD,SOU,0.0,4.9,1.0,1.0,FWD,SOU,0.0,4.9,72.0,2.0,FWD,SOU,0.0,60.0,4.9,2.0,FWD,SOU,0.0,4.9,21.0,1.0,FWD,SOU,0.0,24.0,4.9,1.0,FWD,SOU,0.0,4.8,11.0,1.0,1355.0,54.0
28,Bailey,MID,AST,0.0,6.5,73.0,1.0,MID,AST,0.0,6.5,90.0,2.0,MID,AST,0.5,6.4,15.0,1.0,MID,AST,0.5,6.4,0.0,0.0,MID,AST,0.0,6.4,45.0,1.0,MID,AST,0.0,6.4,63.0,5.0,MID,AST,0.0,6.3,62.0,3.0,MID,AST,0.0,6.3,60.0,1.0,MID,AST,0.0,6.3,19.0,4.0,MID,AST,0.0,6.3,9.0,1.0,MID,AST,0.0,6.3,64.0,2.0,MID,AST,0.0,6.3,81.0,2.0,MID,AST,0.0,6.3,24.0,1.0,MID,AST,0.0,6.2,64.0,2.0,MID,AST,0.75,6.2,58.0,1.0,MID,AST,0.75,6.2,0.0,0.0,MID,AST,0.0,6.2,0.0,0.0,MID,AST,0.0,6.2,21.0,1.0,MID,AST,0.0,6.2,76.0,2.0,MID,AST,0.0,6.2,90.0,9.0,MID,AST,0.0,6.2,0.0,0.0,MID,AST,0.0,5.0,6.2,1.0,MID,AST,0.0,6.2,64.0,3.0,MID,AST,0.0,6.2,45.0,1.0,MID,AST,0.0,6.2,0.0,0.0,MID,AST,0.0,6.2,13.0,1.0,MID,AST,0.0,6.2,45.0,0.0,MID,AST,0.0,6.2,45.0,1.0,MID,AST,0.0,6.2,0.0,0.0,MID,AST,0.25,6.2,0.0,0.0,MID,AST,0.25,6.2,0.0,0.0,MID,AST,0.0,0.0,6.2,0.0,MID,AST,0.0,6.2,0.0,0.0,MID,AST,0.0,0.0,0.0,0.0,MID,AST,0.0,6.2,0.0,0.0,1131.0,46.0
29,Barkley,MID,AST,0.0,5.5,0.0,0.0,MID,AST,0.0,5.4,14.0,1.0,MID,AST,0.0,5.3,28.0,1.0,MID,AST,0.0,5.3,45.0,4.0,MID,AST,0.0,5.3,28.0,0.0,MID,AST,0.0,5.2,6.0,1.0,MID,AST,0.0,5.2,90.0,2.0,MID,AST,0.0,5.2,15.0,1.0,MID,AST,0.0,5.2,45.0,5.0,MID,AST,1.0,5.2,0.0,0.0,MID,AST,0.5,5.2,0.0,0.0,MID,AST,0.0,5.2,90.0,9.0,MID,AST,0.0,5.2,28.0,1.0,MID,AST,0.0,5.2,20.0,1.0,MID,AST,0.0,5.2,31.0,1.0,MID,AST,0.0,5.2,1.0,1.0,MID,AST,0.0,5.2,0.0,0.0,MID,AST,0.0,5.2,21.0,1.0,MID,AST,0.0,5.2,7.0,1.0,MID,AST,0.0,5.2,75.0,10.0,MID,AST,1.0,5.2,0.0,0.0,MID,AST,1.0,0.0,5.2,0.0,MID,AST,0.5,5.2,0.0,0.0,MID,AST,0.5,5.2,0.0,0.0,MID,AST,0.75,5.2,0.0,0.0,MID,AST,0.75,5.2,0.0,0.0,MID,AST,0.5,5.2,0.0,0.0,MID,AST,0.5,5.2,0.0,0.0,MID,AST,0.5,5.2,0.0,0.0,MID,AST,0.25,5.2,0.0,0.0,MID,AST,0.25,5.2,0.0,0.0,MID,AST,1.0,0.0,5.2,0.0,MID,AST,0.0,5.2,8.0,1.0,MID,AST,1.0,0.0,0.0,0.0,MID,AST,0.0,5.2,0.0,0.0,552.0,41.0
30,Barrenechea,MID,AST,0.0,5.0,0.0,0.0,MID,AST,0.0,5.0,0.0,0.0,MID,AST,1.0,4.9,0.0,0.0,MID,AST,1.0,4.9,0.0,0.0,MID,AST,1.0,4.9,0.0,0.0,MID,AST,1.0,4.9,0.0,0.0,MID,AST,1.0,4.9,0.0,0.0,MID,AST,1.0,4.9,0.0,0.0,MID,AST,1.0,4.9,0.0,0.0,MID,AST,1.0,4.9,0.0,0.0,MID,AST,1.0,4.9,0.0,0.0,MID,AST,1.0,4.9,0.0,0.0,MID,AST,1.0,4.9,0.0,0.0,MID,AST,1.0,4.9,0.0,0.0,MID,AST,1.0,4.9,0.0,0.0,MID,AST,1.0,4.9,0.0,0.0,MID,AST,1.0,4.9,0.0,0.0,MID,AST,1.0,4.9,0.0,0.0,MID,AST,1.0,4.9,0.0,0.0,MID,AST,1.0,4.9,0.0,0.0,MID,AST,1.0,4.9,0.0,0.0,MID,AST,1.0,0.0,4.9,0.0,MID,AST,1.0,4.9,0.0,0.0,MID,AST,1.0,4.9,0.0,0.0,MID,AST,1.0,4.9,0.0,0.0,MID,AST,1.0,4.9,0.0,0.0,MID,AST,1.0,4.9,0.0,0.0,MID,AST,1.0,4.9,0.0,0.0,MID,AST,1.0,4.9,0.0,0.0,MID,AST,1.0,4.9,0.0,0.0,MID,AST,1.0,4.9,0.0,0.0,MID,AST,1.0,0.0,4.9,0.0,MID,AST,1.0,4.9,0.0,0.0,MID,AST,1.0,0.0,0.0,0.0,MID,AST,1.0,4.9,0.0,0.0,0.0,0.0
31,Buendia,MID,AST,0.0,5.5,0.0,0.0,MID,AST,0.0,5.4,0.0,0.0,MID,AST,0.0,5.4,0.0,0.0,MID,AST,0.0,5.4,6.0,1.0,MID,AST,0.0,5.3,1.0,1.0,MID,AST,0.0,5.3,6.0,1.0,MID,AST,0.0,5.3,0.0,0.0,MID,AST,0.0,5.3,7.0,1.0,MID,AST,0.0,5.3,0.0,0.0,MID,AST,0.0,5.3,0.0,0.0,MID,AST,0.0,5.2,0.0,0.0,MID,AST,0.0,5.2,8.0,0.0,MID,AST,0.0,5.2,6.0,1.0,MID,AST,0.0,5.2,3.0,1.0,MID,AST,0.0,5.2,0.0,0.0,MID,AST,0.0,5.2,0.0,0.0,MID,AST,0.0,5.1,1.0,1.0,MID,AST,0.0,5.1,10.0,1.0,MID,AST,0.0,5.1,0.0,0.0,MID,AST,0.0,5.1,14.0,1.0,MID,AST,0.0,5.1,9.0,1.0,MID,AST,0.0,0.0,5.1,0.0,MID,AST,0.0,5.1,18.0,1.0,MID,AST,1.0,5.1,0.0,0.0,MID,AST,1.0,5.1,0.0,0.0,MID,AST,1.0,5.1,0.0,0.0,MID,AST,1.0,5.1,0.0,0.0,MID,AST,1.0,5.1,0.0,0.0,MID,AST,1.0,5.1,0.0,0.0,MID,AST,1.0,5.1,0.0,0.0,MID,AST,1.0,5.1,0.0,0.0,MID,AST,0.0,0.0,5.1,0.0,MID,AST,1.0,5.1,0.0,0.0,MID,AST,0.0,0.0,0.0,0.0,MID,AST,1.0,5.1,0.0,0.0,89.0,11.0
32,Cash,DEF,AST,0.0,4.5,81.0,2.0,DEF,AST,0.25,4.5,15.0,1.0,DEF,AST,1.0,4.4,0.0,0.0,DEF,AST,1.0,4.4,0.0,0.0,DEF,AST,0.5,4.4,0.0,0.0,DEF,AST,0.5,4.4,0.0,0.0,DEF,AST,0.0,4.4,90.0,6.0,DEF,AST,0.0,4.4,90.0,2.0,DEF,AST,0.0,4.4,90.0,1.0,DEF,AST,0.75,4.4,59.0,1.0,DEF,AST,0.5,4.4,0.0,0.0,DEF,AST,0.0,4.4,45.0,1.0,DEF,AST,0.0,4.4,90.0,0.0,DEF,AST,0.0,4.4,90.0,7.0,DEF,AST,0.0,4.4,0.0,0.0,DEF,AST,0.0,4.4,90.0,1.0,DEF,AST,0.0,4.4,90.0,1.0,DEF,AST,1.0,4.4,68.0,0.0,DEF,AST,0.0,4.4,0.0,0.0,DEF,AST,0.0,4.4,90.0,3.0,DEF,AST,0.0,4.4,90.0,6.0,DEF,AST,0.0,90.0,4.4,4.0,DEF,AST,0.0,4.4,90.0,2.0,DEF,AST,1.0,4.4,0.0,0.0,DEF,AST,0.0,4.4,23.0,1.0,DEF,AST,0.0,4.4,69.0,2.0,DEF,AST,0.0,4.4,0.0,0.0,DEF,AST,0.0,4.4,45.0,0.0,DEF,AST,0.0,4.4,0.0,0.0,DEF,AST,0.0,4.4,80.0,6.0,DEF,AST,0.0,4.4,0.0,0.0,DEF,AST,0.0,84.0,4.4,6.0,DEF,AST,0.0,4.4,150.0,4.0,DEF,AST,0.0,0.0,0.0,0.0,DEF,AST,0.0,4.4,0.0,0.0,1709.0,57.0
33,Dendoncker,MID,AST,0.0,4.5,0.0,0.0,MID,AST,0.0,4.5,0.0,0.0,MID,AST,1.0,4.5,0.0,0.0,MID,AST,1.0,4.5,0.0,0.0,MID,AST,1.0,4.5,0.0,0.0,MID,AST,1.0,4.5,0.0,0.0,MID,AST,1.0,4.5,0.0,0.0,MID,AST,1.0,4.5,0.0,0.0,MID,AST,1.0,4.5,0.0,0.0,MID,AST,1.0,4.5,0.0,0.0,MID,AST,1.0,4.5,0.0,0.0,MID,AST,1.0,4.5,0.0,0.0,MID,AST,1.0,4.5,0.0,0.0,MID,AST,1.0,4.5,0.0,0.0,MID,AST,1.0,4.5,0.0,0.0,MID,AST,1.0,4.5,0.0,0.0,MID,AST,1.0,4.5,0.0,0.0,MID,AST,1.0,4.5,0.0,0.0,MID,AST,1.0,4.5,0.0,0.0,MID,AST,1.0,4.5,0.0,0.0,MID,AST,1.0,4.5,0.0,0.0,MID,AST,1.0,0.0,4.5,0.0,MID,AST,1.0,4.5,0.0,0.0,MID,AST,1.0,4.5,0.0,0.0,MID,AST,1.0,4.5,0.0,0.0,MID,AST,1.0,4.5,0.0,0.0,MID,AST,1.0,4.5,0.0,0.0,MID,AST,1.0,4.5,0.0,0.0,MID,AST,1.0,4.5,0.0,0.0,MID,AST,1.0,4.5,0.0,0.0,MID,AST,1.0,4.5,0.0,0.0,MID,AST,1.0,0.0,4.5,0.0,MID,AST,1.0,4.5,0.0,0.0,MID,AST,1.0,0.0,0.0,0.0,MID,AST,1.0,4.5,0.0,0.0,0.0,0.0
34,Diaby,MID,AST,1.0,6.5,0.0,0.0,MID,AST,1.0,6.5,0.0,0.0,MID,AST,1.0,6.5,0.0,0.0,MID,AST,1.0,6.5,0.0,0.0,MID,AST,1.0,6.5,0.0,0.0,MID,AST,1.0,6.5,0.0,0.0,MID,AST,1.0,6.5,0.0,0.0,MID,AST,1.0,6.5,0.0,0.0,MID,AST,1.0,6.5,0.0,0.0,MID,AST,1.0,6.5,0.0,0.0,MID,AST,1.0,6.5,0.0,0.0,MID,AST,1.0,6.5,0.0,0.0,MID,AST,1.0,6.5,0.0,0.0,MID,AST,1.0,6.5,0.0,0.0,MID,AST,1.0,6.5,0.0,0.0,MID,AST,1.0,6.5,0.0,0.0,MID,AST,1.0,6.5,0.0,0.0,MID,AST,1.0,6.5,0.0,0.0,MID,AST,1.0,6.5,0.0,0.0,MID,AST,1.0,6.5,0.0,0.0,MID,AST,1.0,6.5,0.0,0.0,MID,AST,1.0,0.0,6.5,0.0,MID,AST,1.0,6.5,0.0,0.0,MID,AST,1.0,6.5,0.0,0.0,MID,AST,1.0,6.5,0.0,0.0,MID,AST,1.0,6.5,0.0,0.0,MID,AST,1.0,6.5,0.0,0.0,MID,AST,1.0,6.5,0.0,0.0,MID,AST,1.0,6.5,0.0,0.0,MID,AST,1.0,6.5,0.0,0.0,MID,AST,1.0,6.5,0.0,0.0,MID,AST,1.0,0.0,6.5,0.0,MID,AST,1.0,6.5,0.0,0.0,MID,AST,1.0,0.0,0.0,0.0,MID,AST,1.0,6.5,0.0,0.0,0.0,0.0
35,Diego Carlos,DEF,AST,0.0,4.5,0.0,0.0,DEF,AST,0.0,4.5,0.0,0.0,DEF,AST,0.5,4.5,0.0,0.0,DEF,AST,0.0,4.5,0.0,0.0,DEF,AST,0.0,4.5,90.0,2.0,DEF,AST,0.0,4.5,90.0,1.0,DEF,AST,0.0,4.5,78.0,6.0,DEF,AST,0.0,4.5,90.0,2.0,DEF,AST,0.0,4.5,0.0,0.0,DEF,AST,0.0,4.5,30.0,0.0,DEF,AST,0.0,4.5,90.0,1.0,DEF,AST,0.0,4.5,90.0,0.0,DEF,AST,0.0,4.5,0.0,0.0,DEF,AST,0.0,4.5,0.0,0.0,DEF,AST,0.0,4.5,90.0,7.0,DEF,AST,0.0,4.5,90.0,1.0,DEF,AST,0.0,4.5,0.0,0.0,DEF,AST,0.0,4.5,0.0,0.0,DEF,AST,0.0,4.5,90.0,1.0,DEF,AST,0.5,4.5,0.0,0.0,DEF,AST,1.0,4.5,0.0,0.0,DEF,AST,1.0,0.0,4.5,0.0,DEF,AST,1.0,4.5,0.0,0.0,DEF,AST,1.0,4.5,0.0,0.0,DEF,AST,1.0,4.5,0.0,0.0,DEF,AST,1.0,4.5,0.0,0.0,DEF,AST,1.0,4.5,0.0,0.0,DEF,AST,1.0,4.5,0.0,0.0,DEF,AST,1.0,4.5,0.0,0.0,DEF,AST,1.0,4.5,0.0,0.0,DEF,AST,1.0,4.5,0.0,0.0,DEF,AST,1.0,0.0,4.5,0.0,DEF,AST,1.0,4.5,0.0,0.0,DEF,AST,1.0,0.0,0.0,0.0,DEF,AST,1.0,4.5,0.0,0.0,828.0,21.0
36,Digne,DEF,AST,0.0,4.5,73.0,2.0,DEF,AST,0.0,4.5,75.0,2.0,DEF,AST,0.0,4.5,90.0,7.0,DEF,AST,0.0,4.6,68.0,4.0,DEF,AST,0.0,4.6,45.0,1.0,DEF,AST,0.0,4.6,83.0,0.0,DEF,AST,0.0,4.6,84.0,8.0,DEF,AST,0.0,4.6,90.0,4.0,DEF,AST,0.0,4.7,70.0,7.0,DEF,AST,0.0,4.7,90.0,0.0,DEF,AST,0.0,4.7,73.0,2.0,DEF,AST,0.0,4.7,21.0,1.0,DEF,AST,0.0,4.7,90.0,1.0,DEF,AST,0.0,4.7,90.0,2.0,DEF,AST,0.0,4.7,31.0,1.0,DEF,AST,0.0,4.7,90.0,2.0,DEF,AST,0.0,4.7,90.0,2.0,DEF,AST,0.0,4.6,90.0,1.0,DEF,AST,0.0,4.6,82.0,1.0,DEF,AST,0.0,4.6,75.0,2.0,DEF,AST,0.0,4.6,90.0,6.0,DEF,AST,0.0,45.0,4.6,4.0,DEF,AST,0.0,4.6,90.0,2.0,DEF,AST,0.0,4.6,45.0,1.0,DEF,AST,0.0,4.6,122.0,5.0,DEF,AST,0.0,4.6,0.0,0.0,DEF,AST,0.0,4.6,77.0,1.0,DEF,AST,0.0,4.5,90.0,6.0,DEF,AST,0.0,4.5,0.0,0.0,DEF,AST,0.0,4.5,90.0,6.0,DEF,AST,0.0,4.5,0.0,0.0,DEF,AST,0.0,0.0,4.5,0.0,DEF,AST,0.0,4.5,90.0,0.0,DEF,AST,0.0,0.0,0.0,0.0,DEF,AST,0.0,4.5,0.0,0.0,2239.0,81.0
37,Dobbin,MID,AST,1.0,5.0,0.0,0.0,MID,AST,1.0,5.0,0.0,0.0,MID,AST,1.0,5.0,0.0,0.0,MID,AST,1.0,5.0,0.0,0.0,MID,AST,1.0,5.0,0.0,0.0,MID,AST,1.0,5.0,0.0,0.0,MID,AST,1.0,5.0,0.0,0.0,MID,AST,1.0,5.0,0.0,0.0,MID,AST,1.0,5.0,0.0,0.0,MID,AST,1.0,5.0,0.0,0.0,MID,AST,1.0,5.0,0.0,0.0,MID,AST,1.0,5.0,0.0,0.0,MID,AST,1.0,5.0,0.0,0.0,MID,AST,1.0,5.0,0.0,0.0,MID,AST,1.0,5.0,0.0,0.0,MID,AST,1.0,5.0,0.0,0.0,MID,AST,1.0,5.0,0.0,0.0,MID,AST,1.0,5.0,0.0,0.0,MID,AST,1.0,5.0,0.0,0.0,MID,AST,1.0,5.0,0.0,0.0,MID,AST,1.0,5.0,0.0,0.0,MID,AST,1.0,0.0,5.0,0.0,MID,AST,1.0,5.0,0.0,0.0,MID,AST,1.0,5.0,0.0,0.0,MID,AST,1.0,5.0,0.0,0.0,MID,AST,1.0,5.0,0.0,0.0,MID,AST,1.0,5.0,0.0,0.0,MID,AST,1.0,5.0,0.0,0.0,MID,AST,1.0,5.0,0.0,0.0,MID,AST,1.0,5.0,0.0,0.0,MID,AST,1.0,5.0,0.0,0.0,MID,AST,1.0,0.0,5.0,0.0,MID,AST,1.0,5.0,0.0,0.0,MID,AST,1.0,0.0,0.0,0.0,MID,AST,1.0,5.0,0.0,0.0,0.0,0.0
38,Duran,FWD,AST,0.0,6.0,28.0,6.0,FWD,AST,0.0,6.0,25.0,1.0,FWD,AST,0.0,6.0,29.0,7.0,FWD,AST,0.0,6.0,21.0,6.0,FWD,AST,0.0,6.1,28.0,5.0,FWD,AST,0.0,6.2,26.0,1.0,FWD,AST,0.0,6.2,27.0,1.0,FWD,AST,0.0,6.2,15.0,1.0,FWD,AST,0.0,6.2,33.0,1.0,FWD,AST,0.0,6.0,21.0,1.0,FWD,AST,0.0,6.0,25.0,1.0,FWD,AST,0.0,5.9,21.0,1.0,FWD,AST,0.0,5.8,24.0,1.0,FWD,AST,0.0,5.8,25.0,0.0,FWD,AST,0.0,5.8,57.0,8.0,FWD,AST,0.0,5.8,73.0,5.0,FWD,AST,0.0,5.8,79.0,7.0,FWD,AST,1.0,5.9,31.0,-2.0,FWD,AST,1.0,5.8,0.0,0.0,FWD,AST,0.0,5.8,0.0,0.0,FWD,AST,0.0,5.8,0.0,0.0,FWD,AST,0.0,10.0,5.8,1.0,FWD,AST,0.0,5.8,24.0,1.0,FWD,AST,1.0,5.7,0.0,0.0,FWD,AST,1.0,5.7,0.0,0.0,FWD,AST,1.0,5.7,0.0,0.0,FWD,AST,1.0,5.7,0.0,0.0,FWD,AST,1.0,5.7,0.0,0.0,FWD,AST,1.0,5.7,0.0,0.0,FWD,AST,1.0,5.7,0.0,0.0,FWD,AST,1.0,5.7,0.0,0.0,FWD,AST,0.0,0.0,5.7,0.0,FWD,AST,1.0,5.7,0.0,0.0,FWD,AST,0.0,0.0,0.0,0.0,FWD,AST,1.0,5.7,0.0,0.0,622.0,53.0
39,Gauci,GKP,AST,0.0,4.0,0.0,0.0,GKP,AST,0.0,4.0,0.0,0.0,GKP,AST,0.0,4.0,0.0,0.0,GKP,AST,0.0,4.0,0.0,0.0,GKP,AST,0.0,4.0,0.0,0.0,GKP,AST,0.0,4.0,0.0,0.0,GKP,AST,0.0,4.0,0.0,0.0,GKP,AST,0.0,4.0,0.0,0.0,GKP,AST,0.0,4.0,0.0,0.0,GKP,AST,0.0,4.0,0.0,0.0,GKP,AST,0.0,4.0,0.0,0.0,GKP,AST,0.0,4.0,0.0,0.0,GKP,AST,0.0,4.0,0.0,0.0,GKP,AST,0.0,4.0,0.0,0.0,GKP,AST,0.0,4.0,0.0,0.0,GKP,AST,0.0,4.0,0.0,0.0,GKP,AST,0.0,4.0,0.0,0.0,GKP,AST,0.0,4.0,0.0,0.0,GKP,AST,0.0,4.0,0.0,0.0,GKP,AST,0.0,4.0,0.0,0.0,GKP,AST,0.0,4.0,0.0,0.0,GKP,AST,0.0,0.0,4.0,0.0,GKP,AST,0.0,4.0,0.0,0.0,GKP,AST,1.0,4.0,0.0,0.0,GKP,AST,1.0,4.0,0.0,0.0,GKP,AST,1.0,4.0,0.0,0.0,GKP,AST,1.0,4.0,0.0,0.0,GKP,AST,1.0,4.0,0.0,0.0,GKP,AST,1.0,4.0,0.0,0.0,GKP,AST,1.0,4.0,0.0,0.0,GKP,AST,1.0,4.0,0.0,0.0,GKP,AST,0.0,0.0,4.0,0.0,GKP,AST,1.0,4.0,0.0,0.0,GKP,AST,0.0,0.0,0.0,0.0,GKP,AST,1.0,4.0,0.0,0.0,0.0,0.0
40,Hause,DEF,AST,0.0,4.0,0.0,0.0,DEF,AST,0.0,4.0,0.0,0.0,DEF,AST,0.0,4.0,0.0,0.0,DEF,AST,0.0,4.0,0.0,0.0,DEF,AST,0.0,4.0,0.0,0.0,DEF,AST,0.0,4.0,0.0,0.0,DEF,AST,0.0,4.0,0.0,0.0,DEF,AST,0.0,4.0,0.0,0.0,DEF,AST,0.0,4.0,0.0,0.0,DEF,AST,0.0,4.0,0.0,0.0,DEF,AST,0.0,4.0,0.0,0.0,DEF,AST,0.0,4.0,0.0,0.0,DEF,AST,0.0,4.0,0.0,0.0,DEF,AST,0.0,4.0,0.0,0.0,DEF,AST,0.0,4.0,0.0,0.0,DEF,AST,0.0,3.9,0.0,0.0,DEF,AST,0.0,3.9,0.0,0.0,DEF,AST,0.0,3.9,0.0,0.0,DEF,AST,0.0,3.9,0.0,0.0,DEF,AST,0.0,3.9,0.0,0.0,DEF,AST,0.0,3.9,0.0,0.0,DEF,AST,0.0,0.0,3.9,0.0,DEF,AST,0.0,3.9,0.0,0.0,DEF,AST,0.0,3.9,0.0,0.0,DEF,AST,0.0,3.9,0.0,0.0,DEF,AST,0.0,3.9,0.0,0.0,DEF,AST,0.0,3.9,0.0,0.0,DEF,AST,0.0,3.9,0.0,0.0,DEF,AST,0.0,3.9,0.0,0.0,DEF,AST,0.0,3.9,0.0,0.0,DEF,AST,0.0,3.9,0.0,0.0,DEF,AST,0.0,0.0,3.9,0.0,DEF,AST,0.0,3.9,0.0,0.0,DEF,AST,0.0,0.0,0.0,0.0,DEF,AST,0.0,3.9,0.0,0.0,0.0,0.0
41,Iling Jr,MID,AST,0.0,5.5,0.0,0.0,MID,AST,0.0,5.4,0.0,0.0,MID,AST,1.0,5.4,0.0,0.0,MID,AST,1.0,5.4,0.0,0.0,MID,AST,1.0,5.4,0.0,0.0,MID,AST,1.0,5.4,0.0,0.0,MID,AST,1.0,5.4,0.0,0.0,MID,AST,1.0,5.4,0.0,0.0,MID,AST,1.0,5.4,0.0,0.0,MID,AST,1.0,5.4,0.0,0.0,MID,AST,1.0,5.4,0.0,0.0,MID,AST,1.0,5.4,0.0,0.0,MID,AST,1.0,5.4,0.0,0.0,MID,AST,1.0,5.4,0.0,0.0,MID,AST,1.0,5.4,0.0,0.0,MID,AST,1.0,5.4,0.0,0.0,MID,AST,1.0,5.4,0.0,0.0,MID,AST,1.0,5.4,0.0,0.0,MID,AST,1.0,5.4,0.0,0.0,MID,AST,1.0,5.4,0.0,0.0,MID,AST,1.0,5.4,0.0,0.0,MID,AST,1.0,0.0,5.4,0.0,MID,AST,1.0,5.4,0.0,0.0,MID,AST,1.0,5.4,0.0,0.0,MID,AST,1.0,5.4,0.0,0.0,MID,AST,1.0,5.4,0.0,0.0,MID,AST,1.0,5.4,0.0,0.0,MID,AST,1.0,5.4,0.0,0.0,MID,AST,1.0,5.4,0.0,0.0,MID,AST,1.0,5.4,0.0,0.0,MID,AST,1.0,5.4,0.0,0.0,MID,AST,1.0,0.0,5.4,0.0,MID,AST,1.0,5.4,0.0,0.0,MID,AST,1.0,0.0,0.0,0.0,MID,AST,1.0,5.4,0.0,0.0,0.0,0.0
42,Kamara,MID,AST,1.0,5.0,0.0,0.0,MID,AST,1.0,5.0,0.0,0.0,MID,AST,0.5,5.0,0.0,0.0,MID,AST,0.5,5.0,0.0,0.0,MID,AST,0.75,5.0,0.0,0.0,MID,AST,1.0,5.0,0.0,0.0,MID,AST,0.5,5.0,0.0,0.0,MID,AST,0.0,5.0,0.0,0.0,MID,AST,0.0,5.0,8.0,1.0,MID,AST,0.0,5.0,9.0,1.0,MID,AST,0.5,5.0,16.0,0.0,MID,AST,0.0,5.0,0.0,0.0,MID,AST,0.0,5.0,61.0,2.0,MID,AST,0.0,5.0,69.0,2.0,MID,AST,0.0,5.0,90.0,3.0,MID,AST,0.0,5.0,90.0,2.0,MID,AST,0.0,5.0,90.0,2.0,MID,AST,0.0,5.0,68.0,2.0,MID,AST,0.0,5.0,82.0,2.0,MID,AST,0.0,5.0,90.0,2.0,MID,AST,0.0,5.0,90.0,3.0,MID,AST,0.0,90.0,5.0,1.0,MID,AST,0.0,5.0,90.0,3.0,MID,AST,0.0,5.0,90.0,2.0,MID,AST,0.75,5.0,15.0,1.0,MID,AST,1.0,5.0,0.0,0.0,MID,AST,0.0,5.0,0.0,0.0,MID,AST,0.0,5.0,29.0,1.0,MID,AST,0.0,5.0,0.0,0.0,MID,AST,0.0,5.0,90.0,3.0,MID,AST,0.0,5.0,28.0,1.0,MID,AST,0.0,1.0,5.0,1.0,MID,AST,0.0,5.0,171.0,4.0,MID,AST,0.0,0.0,0.0,0.0,MID,AST,0.0,5.0,0.0,0.0,1367.0,39.0
43,Kesler-Hayden,DEF,AST,1.0,4.0,0.0,0.0,DEF,AST,1.0,4.0,0.0,0.0,DEF,AST,1.0,4.0,0.0,0.0,DEF,AST,1.0,4.0,0.0,0.0,DEF,AST,1.0,4.0,0.0,0.0,DEF,AST,1.0,4.0,0.0,0.0,DEF,AST,1.0,4.0,0.0,0.0,DEF,AST,1.0,4.0,0.0,0.0,DEF,AST,1.0,4.0,0.0,0.0,DEF,AST,1.0,4.0,0.0,0.0,DEF,AST,1.0,4.0,0.0,0.0,DEF,AST,1.0,4.0,0.0,0.0,DEF,AST,1.0,4.0,0.0,0.0,DEF,AST,1.0,4.0,0.0,0.0,DEF,AST,1.0,4.0,0.0,0.0,DEF,AST,1.0,4.0,0.0,0.0,DEF,AST,1.0,4.0,0.0,0.0,DEF,AST,1.0,4.0,0.0,0.0,DEF,AST,1.0,4.0,0.0,0.0,DEF,AST,1.0,4.0,0.0,0.0,DEF,AST,1.0,4.0,0.0,0.0,DEF,AST,1.0,0.0,4.0,0.0,DEF,AST,1.0,4.0,0.0,0.0,DEF,AST,1.0,4.0,0.0,0.0,DEF,AST,1.0,4.0,0.0,0.0,DEF,AST,1.0,4.0,0.0,0.0,DEF,AST,1.0,4.0,0.0,0.0,DEF,AST,1.0,4.0,0.0,0.0,DEF,AST,1.0,4.0,0.0,0.0,DEF,AST,1.0,4.0,0.0,0.0,DEF,AST,1.0,4.0,0.0,0.0,DEF,AST,1.0,0.0,4.0,0.0,DEF,AST,1.0,4.0,0.0,0.0,DEF,AST,1.0,0.0,0.0,0.0,DEF,AST,1.0,4.0,0.0,0.0,0.0,0.0
44,Konsa,DEF,AST,0.0,4.5,90.0,2.0,DEF,AST,0.0,4.5,90.0,1.0,DEF,AST,0.0,4.5,90.0,2.0,DEF,AST,0.0,4.5,90.0,1.0,DEF,AST,0.0,4.5,90.0,9.0,DEF,AST,0.0,4.5,90.0,1.0,DEF,AST,0.25,4.5,11.0,1.0,DEF,AST,0.0,4.5,0.0,0.0,DEF,AST,0.0,4.5,90.0,2.0,DEF,AST,0.0,4.5,90.0,0.0,DEF,AST,0.0,4.4,90.0,1.0,DEF,AST,0.0,4.4,0.0,0.0,DEF,AST,0.0,4.4,90.0,1.0,DEF,AST,0.0,4.4,90.0,2.0,DEF,AST,0.0,4.4,90.0,8.0,DEF,AST,0.0,4.4,90.0,1.0,DEF,AST,0.0,4.4,90.0,2.0,DEF,AST,0.0,4.4,90.0,1.0,DEF,AST,0.0,4.4,90.0,1.0,DEF,AST,0.0,4.4,90.0,2.0,DEF,AST,0.0,4.4,90.0,8.0,DEF,AST,0.0,90.0,4.4,1.0,DEF,AST,0.0,4.4,90.0,2.0,DEF,AST,0.25,4.4,90.0,1.0,DEF,AST,0.25,4.4,0.0,0.0,DEF,AST,0.0,4.4,90.0,2.0,DEF,AST,0.0,4.4,90.0,0.0,DEF,AST,0.0,4.4,90.0,7.0,DEF,AST,0.0,4.4,0.0,0.0,DEF,AST,0.0,4.4,90.0,6.0,DEF,AST,0.0,4.4,45.0,1.0,DEF,AST,0.0,90.0,4.4,7.0,DEF,AST,0.0,4.4,180.0,3.0,DEF,AST,0.0,0.0,0.0,0.0,DEF,AST,0.0,4.4,0.0,0.0,2576.0,76.0
45,Maatsen,DEF,AST,0.0,5.0,16.0,1.0,DEF,AST,0.0,5.0,14.0,1.0,DEF,AST,0.0,4.9,11.0,1.0,DEF,AST,0.0,4.9,21.0,1.0,DEF,AST,0.0,4.9,45.0,1.0,DEF,AST,0.0,4.8,6.0,1.0,DEF,AST,0.0,4.8,5.0,1.0,DEF,AST,0.0,4.8,0.0,0.0,DEF,AST,0.0,4.8,19.0,1.0,DEF,AST,0.0,4.7,0.0,0.0,DEF,AST,0.25,4.7,16.0,1.0,DEF,AST,0.0,4.6,68.0,0.0,DEF,AST,0.0,4.6,0.0,0.0,DEF,AST,0.0,4.6,2.0,1.0,DEF,AST,0.0,4.6,58.0,1.0,DEF,AST,0.0,4.6,1.0,1.0,DEF,AST,0.0,4.6,0.0,0.0,DEF,AST,0.0,4.6,0.0,0.0,DEF,AST,0.0,4.6,7.0,1.0,DEF,AST,0.0,4.5,14.0,4.0,DEF,AST,0.0,4.5,0.0,0.0,DEF,AST,0.0,45.0,4.5,0.0,DEF,AST,0.0,4.5,52.0,1.0,DEF,AST,0.0,4.5,45.0,1.0,DEF,AST,0.0,4.5,57.0,2.0,DEF,AST,0.0,4.5,90.0,2.0,DEF,AST,0.0,4.5,12.0,1.0,DEF,AST,0.0,4.5,0.0,0.0,DEF,AST,0.0,4.5,0.0,0.0,DEF,AST,0.0,4.5,0.0,0.0,DEF,AST,0.0,4.5,90.0,5.0,DEF,AST,0.0,90.0,4.5,6.0,DEF,AST,0.0,4.5,90.0,8.0,DEF,AST,0.0,0.0,0.0,0.0,DEF,AST,0.0,4.5,0.0,0.0,874.0,43.0
46,Marschall,GKP,AST,1.0,4.0,0.0,0.0,GKP,AST,1.0,4.0,0.0,0.0,GKP,AST,1.0,4.0,0.0,0.0,GKP,AST,1.0,4.0,0.0,0.0,GKP,AST,1.0,4.0,0.0,0.0,GKP,AST,1.0,4.0,0.0,0.0,GKP,AST,1.0,4.0,0.0,0.0,GKP,AST,1.0,4.0,0.0,0.0,GKP,AST,1.0,4.0,0.0,0.0,GKP,AST,1.0,4.0,0.0,0.0,GKP,AST,1.0,4.0,0.0,0.0,GKP,AST,1.0,4.0,0.0,0.0,GKP,AST,1.0,4.0,0.0,0.0,GKP,AST,1.0,4.0,0.0,0.0,GKP,AST,1.0,4.0,0.0,0.0,GKP,AST,1.0,4.0,0.0,0.0,GKP,AST,1.0,4.0,0.0,0.0,GKP,AST,1.0,4.0,0.0,0.0,GKP,AST,1.0,4.0,0.0,0.0,GKP,AST,1.0,4.0,0.0,0.0,GKP,AST,1.0,4.0,0.0,0.0,GKP,AST,1.0,0.0,4.0,0.0,GKP,AST,1.0,4.0,0.0,0.0,GKP,AST,1.0,4.0,0.0,0.0,GKP,AST,1.0,4.0,0.0,0.0,GKP,AST,1.0,4.0,0.0,0.0,GKP,AST,1.0,4.0,0.0,0.0,GKP,AST,1.0,4.0,0.0,0.0,GKP,AST,1.0,4.0,0.0,0.0,GKP,AST,1.0,4.0,0.0,0.0,GKP,AST,1.0,4.0,0.0,0.0,GKP,AST,1.0,0.0,4.0,0.0,GKP,AST,1.0,4.0,0.0,0.0,GKP,AST,1.0,0.0,0.0,0.0,GKP,AST,1.0,4.0,0.0,0.0,0.0,0.0
47,E. Martinez,GKP,AST,0.0,5.0,90.0,3.0,GKP,AST,0.0,5.0,90.0,1.0,GKP,AST,0.0,5.0,90.0,2.0,GKP,AST,0.0,5.0,90.0,0.0,GKP,AST,0.0,5.0,90.0,3.0,GKP,AST,0.0,5.0,90.0,2.0,GKP,AST,0.0,5.0,90.0,9.0,GKP,AST,0.0,5.0,90.0,8.0,GKP,AST,0.0,5.0,90.0,2.0,GKP,AST,0.0,5.0,90.0,0.0,GKP,AST,0.0,5.0,90.0,2.0,GKP,AST,0.0,5.0,90.0,2.0,GKP,AST,0.25,5.0,45.0,1.0,GKP,AST,0.0,5.0,90.0,2.0,GKP,AST,0.0,5.0,90.0,6.0,GKP,AST,0.0,5.0,90.0,2.0,GKP,AST,0.0,5.0,90.0,2.0,GKP,AST,0.0,5.0,90.0,2.0,GKP,AST,0.0,5.0,90.0,2.0,GKP,AST,0.0,5.0,90.0,2.0,GKP,AST,0.0,5.0,90.0,6.0,GKP,AST,0.0,90.0,5.0,2.0,GKP,AST,0.0,5.0,90.0,2.0,GKP,AST,0.0,5.0,90.0,2.0,GKP,AST,0.0,5.0,180.0,4.0,GKP,AST,0.0,5.0,90.0,3.0,GKP,AST,0.0,5.0,45.0,1.0,GKP,AST,0.0,5.0,0.0,0.0,GKP,AST,0.0,5.0,0.0,0.0,GKP,AST,0.0,5.0,90.0,6.0,GKP,AST,0.0,5.0,90.0,1.0,GKP,AST,0.0,90.0,5.0,6.0,GKP,AST,0.0,5.0,180.0,4.0,GKP,AST,0.0,0.0,0.0,0.0,GKP,AST,0.0,5.0,0.0,0.0,2880.0,90.0
48,McGinn,MID,AST,0.0,5.5,61.0,2.0,MID,AST,0.0,5.5,64.0,3.0,MID,AST,0.0,5.5,90.0,1.0,MID,AST,0.0,5.4,89.0,2.0,MID,AST,0.75,5.4,45.0,1.0,MID,AST,1.0,5.3,0.0,0.0,MID,AST,1.0,5.3,0.0,0.0,MID,AST,0.0,5.2,7.0,1.0,MID,AST,0.0,5.2,70.0,2.0,MID,AST,0.0,5.2,80.0,2.0,MID,AST,0.0,5.2,45.0,1.0,MID,AST,0.0,5.2,68.0,5.0,MID,AST,0.0,5.2,90.0,2.0,MID,AST,0.0,5.2,87.0,2.0,MID,AST,0.0,5.2,90.0,3.0,MID,AST,0.0,5.2,90.0,6.0,MID,AST,0.0,5.2,90.0,4.0,MID,AST,0.0,5.2,79.0,2.0,MID,AST,0.0,5.2,90.0,2.0,MID,AST,0.75,5.2,18.0,1.0,MID,AST,1.0,5.2,0.0,0.0,MID,AST,1.0,0.0,5.2,0.0,MID,AST,0.0,5.2,17.0,1.0,MID,AST,0.0,5.2,90.0,1.0,MID,AST,0.0,5.2,175.0,4.0,MID,AST,0.0,5.2,90.0,1.0,MID,AST,0.0,5.2,90.0,2.0,MID,AST,0.0,5.2,60.0,2.0,MID,AST,0.0,5.2,0.0,0.0,MID,AST,0.0,5.2,90.0,3.0,MID,AST,0.0,5.2,17.0,1.0,MID,AST,1.0,5.0,5.2,5.0,MID,AST,0.0,5.2,100.0,3.0,MID,AST,1.0,0.0,0.0,0.0,MID,AST,0.0,5.2,0.0,0.0,1987.0,65.0
49,Mings,DEF,AST,1.0,4.5,0.0,0.0,DEF,AST,1.0,4.5,0.0,0.0,DEF,AST,0.5,4.4,0.0,0.0,DEF,AST,0.5,4.4,0.0,0.0,DEF,AST,0.75,4.4,0.0,0.0,DEF,AST,1.0,4.4,0.0,0.0,DEF,AST,0.5,4.4,0.0,0.0,DEF,AST,0.0,4.4,0.0,0.0,DEF,AST,0.0,4.4,0.0,0.0,DEF,AST,0.0,4.4,0.0,0.0,DEF,AST,0.0,4.4,0.0,0.0,DEF,AST,0.0,4.4,0.0,0.0,DEF,AST,0.0,4.4,0.0,0.0,DEF,AST,0.0,4.4,90.0,2.0,DEF,AST,0.0,4.4,0.0,0.0,DEF,AST,0.0,4.4,0.0,0.0,DEF,AST,0.0,4.4,0.0,0.0,DEF,AST,0.0,4.4,0.0,0.0,DEF,AST,0.0,4.4,70.0,1.0,DEF,AST,0.0,4.4,90.0,2.0,DEF,AST,0.0,4.4,90.0,9.0,DEF,AST,0.0,90.0,4.4,1.0,DEF,AST,0.25,4.4,37.0,1.0,DEF,AST,0.5,4.4,0.0,0.0,DEF,AST,0.0,4.4,164.0,6.0,DEF,AST,0.25,4.4,59.0,1.0,DEF,AST,0.0,4.4,0.0,0.0,DEF,AST,0.0,4.4,90.0,8.0,DEF,AST,0.0,4.4,0.0,0.0,DEF,AST,0.0,4.4,0.0,0.0,DEF,AST,0.0,4.4,90.0,2.0,DEF,AST,0.0,90.0,4.4,6.0,DEF,AST,0.0,4.4,90.0,2.0,DEF,AST,0.0,0.0,0.0,0.0,DEF,AST,0.0,4.4,0.0,0.0,1050.0,41.0
50,Nedeljkovic,DEF,AST,0.0,4.0,8.0,1.0,DEF,AST,0.0,4.0,74.0,1.0,DEF,AST,0.0,4.0,11.0,1.0,DEF,AST,0.0,4.0,0.0,0.0,DEF,AST,0.0,4.0,0.0,0.0,DEF,AST,0.0,4.0,0.0,0.0,DEF,AST,0.0,4.0,0.0,0.0,DEF,AST,0.0,4.0,0.0,0.0,DEF,AST,0.0,4.0,0.0,0.0,DEF,AST,0.0,4.0,0.0,0.0,DEF,AST,0.0,4.0,0.0,0.0,DEF,AST,0.0,4.0,0.0,0.0,DEF,AST,0.0,4.0,0.0,0.0,DEF,AST,0.0,4.0,0.0,0.0,DEF,AST,0.0,4.0,0.0,0.0,DEF,AST,0.0,3.9,0.0,0.0,DEF,AST,0.0,3.9,0.0,0.0,DEF,AST,0.0,3.9,21.0,1.0,DEF,AST,0.0,3.9,0.0,0.0,DEF,AST,0.0,3.9,0.0,0.0,DEF,AST,0.0,3.9,0.0,0.0,DEF,AST,0.0,0.0,3.9,0.0,DEF,AST,0.0,3.9,0.0,0.0,DEF,AST,1.0,3.9,7.0,1.0,DEF,AST,1.0,3.9,0.0,0.0,DEF,AST,1.0,3.9,0.0,0.0,DEF,AST,1.0,3.9,0.0,0.0,DEF,AST,1.0,3.9,0.0,0.0,DEF,AST,1.0,3.9,0.0,0.0,DEF,AST,1.0,3.9,0.0,0.0,DEF,AST,1.0,3.9,0.0,0.0,DEF,AST,0.0,0.0,3.9,0.0,DEF,AST,1.0,3.9,0.0,0.0,DEF,AST,0.0,0.0,0.0,0.0,DEF,AST,1.0,3.9,0.0,0.0,121.0,5.0
51,Olsen,GKP,AST,0.5,4.5,0.0,0.0,GKP,AST,0.5,4.5,0.0,0.0,GKP,AST,0.0,4.5,0.0,0.0,GKP,AST,0.0,4.5,0.0,0.0,GKP,AST,0.0,4.5,0.0,0.0,GKP,AST,0.0,4.5,0.0,0.0,GKP,AST,0.0,4.5,0.0,0.0,GKP,AST,0.0,4.5,0.0,0.0,GKP,AST,0.0,4.5,0.0,0.0,GKP,AST,0.0,4.5,0.0,0.0,GKP,AST,0.0,4.5,0.0,0.0,GKP,AST,0.0,4.5,0.0,0.0,GKP,AST,0.0,4.5,45.0,1.0,GKP,AST,0.0,4.5,0.0,0.0,GKP,AST,0.0,4.5,0.0,0.0,GKP,AST,0.0,4.5,0.0,0.0,GKP,AST,0.0,4.5,0.0,0.0,GKP,AST,0.0,4.5,0.0,0.0,GKP,AST,0.0,4.5,0.0,0.0,GKP,AST,0.0,4.5,0.0,0.0,GKP,AST,0.0,4.5,0.0,0.0,GKP,AST,0.0,0.0,4.5,0.0,GKP,AST,0.0,4.5,0.0,0.0,GKP,AST,0.0,4.5,0.0,0.0,GKP,AST,0.0,4.5,0.0,0.0,GKP,AST,0.0,4.5,0.0,0.0,GKP,AST,0.0,4.5,45.0,0.0,GKP,AST,0.0,4.5,90.0,7.0,GKP,AST,0.0,4.5,0.0,0.0,GKP,AST,0.0,4.5,0.0,0.0,GKP,AST,0.0,4.5,0.0,0.0,GKP,AST,0.0,0.0,4.5,0.0,GKP,AST,0.0,4.5,0.0,0.0,GKP,AST,0.0,0.0,0.0,0.0,GKP,AST,0.0,4.5,0.0,0.0,180.0,8.0
52,Pau,DEF,AST,0.0,4.5,90.0,2.0,DEF,AST,0.0,4.5,90.0,1.0,DEF,AST,0.0,4.5,90.0,2.0,DEF,AST,0.0,4.5,90.0,1.0,DEF,AST,0.0,4.5,90.0,1.0,DEF,AST,0.0,4.5,90.0,1.0,DEF,AST,0.0,4.5,90.0,6.0,DEF,AST,0.0,4.5,90.0,2.0,DEF,AST,0.0,4.5,90.0,2.0,DEF,AST,0.0,4.5,90.0,0.0,DEF,AST,0.25,4.5,90.0,1.0,DEF,AST,0.0,4.4,90.0,1.0,DEF,AST,0.0,4.4,90.0,1.0,DEF,AST,0.0,4.4,0.0,0.0,DEF,AST,0.0,4.4,90.0,6.0,DEF,AST,0.0,4.4,90.0,1.0,DEF,AST,0.0,4.4,90.0,2.0,DEF,AST,0.0,4.3,90.0,1.0,DEF,AST,0.25,4.3,19.0,1.0,DEF,AST,1.0,4.3,0.0,0.0,DEF,AST,1.0,4.2,0.0,0.0,DEF,AST,1.0,0.0,4.2,0.0,DEF,AST,1.0,4.2,0.0,0.0,DEF,AST,1.0,4.2,0.0,0.0,DEF,AST,1.0,4.2,0.0,0.0,DEF,AST,1.0,4.2,0.0,0.0,DEF,AST,0.0,4.2,0.0,0.0,DEF,AST,0.0,4.2,0.0,0.0,DEF,AST,0.0,4.2,0.0,0.0,DEF,AST,0.0,4.2,90.0,8.0,DEF,AST,0.0,4.2,0.0,0.0,DEF,AST,1.0,0.0,4.2,0.0,DEF,AST,0.0,4.2,90.0,1.0,DEF,AST,1.0,0.0,0.0,0.0,DEF,AST,0.0,4.2,0.0,0.0,1729.0,41.0
53,Ramsey,MID,AST,0.0,5.5,28.0,4.0,MID,AST,0.0,5.5,25.0,1.0,MID,AST,0.0,5.5,63.0,2.0,MID,AST,0.0,5.5,68.0,2.0,MID,AST,0.0,5.5,61.0,2.0,MID,AST,0.0,5.5,90.0,2.0,MID,AST,0.25,5.5,0.0,0.0,MID,AST,0.0,5.4,82.0,5.0,MID,AST,0.0,5.4,90.0,1.0,MID,AST,0.0,5.4,80.0,2.0,MID,AST,0.5,5.4,45.0,1.0,MID,AST,0.5,5.4,0.0,0.0,MID,AST,1.0,5.4,0.0,0.0,MID,AST,1.0,5.4,0.0,0.0,MID,AST,1.0,5.4,0.0,0.0,MID,AST,1.0,5.4,0.0,0.0,MID,AST,1.0,5.4,0.0,0.0,MID,AST,0.25,5.4,0.0,0.0,MID,AST,0.0,5.4,13.0,1.0,MID,AST,0.0,5.4,71.0,2.0,MID,AST,0.0,5.4,81.0,3.0,MID,AST,0.0,84.0,5.4,2.0,MID,AST,0.0,5.4,72.0,10.0,MID,AST,0.0,5.4,45.0,1.0,MID,AST,0.0,5.4,68.0,2.0,MID,AST,0.0,5.4,45.0,1.0,MID,AST,0.0,5.4,67.0,2.0,MID,AST,0.0,5.4,67.0,6.0,MID,AST,0.0,5.4,0.0,0.0,MID,AST,0.0,5.4,64.0,3.0,MID,AST,0.0,5.4,28.0,1.0,MID,AST,0.0,65.0,5.4,3.0,MID,AST,0.0,5.4,78.0,5.0,MID,AST,0.0,0.0,0.0,0.0,MID,AST,0.0,5.4,0.0,0.0,1480.0,64.0
54,Rogers,MID,AST,0.0,5.0,90.0,2.0,MID,AST,0.0,5.0,90.0,2.0,MID,AST,0.0,5.1,90.0,2.0,MID,AST,0.0,5.1,90.0,2.0,MID,AST,0.0,5.2,90.0,10.0,MID,AST,0.0,5.2,63.0,7.0,MID,AST,0.0,5.3,90.0,3.0,MID,AST,0.0,5.4,82.0,6.0,MID,AST,0.0,5.4,56.0,1.0,MID,AST,0.0,5.4,68.0,9.0,MID,AST,0.0,5.4,90.0,1.0,MID,AST,0.0,5.4,81.0,2.0,MID,AST,0.0,5.3,65.0,2.0,MID,AST,0.0,5.3,86.0,8.0,MID,AST,0.0,5.4,90.0,2.0,MID,AST,0.0,5.3,90.0,2.0,MID,AST,0.0,5.3,90.0,14.0,MID,AST,0.0,5.4,68.0,2.0,MID,AST,1.0,5.5,90.0,11.0,MID,AST,0.0,5.5,0.0,0.0,MID,AST,0.0,5.5,90.0,6.0,MID,AST,0.0,90.0,5.5,1.0,MID,AST,0.0,5.6,71.0,1.0,MID,AST,0.0,5.6,90.0,1.0,MID,AST,0.0,5.7,180.0,4.0,MID,AST,0.25,5.7,77.0,2.0,MID,AST,0.0,5.6,90.0,7.0,MID,AST,0.0,5.5,90.0,3.0,MID,AST,0.0,5.5,0.0,0.0,MID,AST,0.0,5.5,87.0,10.0,MID,AST,0.0,5.6,90.0,9.0,MID,AST,0.0,84.0,5.6,6.0,MID,AST,0.0,5.7,166.0,7.0,MID,AST,0.0,0.0,0.0,0.0,MID,AST,0.0,5.7,0.0,0.0,2764.0,145.0
55,Sinisalo,GKP,AST,1.0,4.0,0.0,0.0,GKP,AST,1.0,4.0,0.0,0.0,GKP,AST,1.0,4.0,0.0,0.0,GKP,AST,1.0,4.0,0.0,0.0,GKP,AST,1.0,4.0,0.0,0.0,GKP,AST,1.0,4.0,0.0,0.0,GKP,AST,1.0,4.0,0.0,0.0,GKP,AST,1.0,4.0,0.0,0.0,GKP,AST,1.0,4.0,0.0,0.0,GKP,AST,1.0,4.0,0.0,0.0,GKP,AST,1.0,4.0,0.0,0.0,GKP,AST,1.0,4.0,0.0,0.0,GKP,AST,1.0,4.0,0.0,0.0,GKP,AST,1.0,4.0,0.0,0.0,GKP,AST,1.0,4.0,0.0,0.0,GKP,AST,1.0,4.0,0.0,0.0,GKP,AST,1.0,4.0,0.0,0.0,GKP,AST,1.0,4.0,0.0,0.0,GKP,AST,1.0,4.0,0.0,0.0,GKP,AST,1.0,4.0,0.0,0.0,GKP,AST,1.0,4.0,0.0,0.0,GKP,AST,1.0,0.0,4.0,0.0,GKP,AST,1.0,4.0,0.0,0.0,GKP,AST,1.0,4.0,0.0,0.0,GKP,AST,1.0,4.0,0.0,0.0,GKP,AST,1.0,4.0,0.0,0.0,GKP,AST,1.0,4.0,0.0,0.0,GKP,AST,1.0,4.0,0.0,0.0,GKP,AST,1.0,4.0,0.0,0.0,GKP,AST,1.0,4.0,0.0,0.0,GKP,AST,1.0,4.0,0.0,0.0,GKP,AST,1.0,0.0,4.0,0.0,GKP,AST,1.0,4.0,0.0,0.0,GKP,AST,1.0,0.0,0.0,0.0,GKP,AST,1.0,4.0,0.0,0.0,0.0,0.0
56,Sousa,DEF,AST,1.0,4.0,0.0,0.0,DEF,AST,1.0,4.0,0.0,0.0,DEF,AST,1.0,4.0,0.0,0.0,DEF,AST,1.0,4.0,0.0,0.0,DEF,AST,1.0,4.0,0.0,0.0,DEF,AST,1.0,4.0,0.0,0.0,DEF,AST,1.0,4.0,0.0,0.0,DEF,AST,1.0,4.0,0.0,0.0,DEF,AST,1.0,4.0,0.0,0.0,DEF,AST,1.0,4.0,0.0,0.0,DEF,AST,1.0,4.0,0.0,0.0,DEF,AST,1.0,4.0,0.0,0.0,DEF,AST,1.0,4.0,0.0,0.0,DEF,AST,1.0,4.0,0.0,0.0,DEF,AST,1.0,4.0,0.0,0.0,DEF,AST,1.0,4.0,0.0,0.0,DEF,AST,1.0,4.0,0.0,0.0,DEF,AST,1.0,4.0,0.0,0.0,DEF,AST,1.0,4.0,0.0,0.0,DEF,AST,1.0,4.0,0.0,0.0,DEF,AST,1.0,4.0,0.0,0.0,DEF,AST,1.0,0.0,4.0,0.0,DEF,AST,1.0,4.0,0.0,0.0,DEF,AST,1.0,4.0,0.0,0.0,DEF,AST,1.0,4.0,0.0,0.0,DEF,AST,1.0,4.0,0.0,0.0,DEF,AST,1.0,4.0,0.0,0.0,DEF,AST,1.0,4.0,0.0,0.0,DEF,AST,1.0,4.0,0.0,0.0,DEF,AST,1.0,4.0,0.0,0.0,DEF,AST,1.0,4.0,0.0,0.0,DEF,AST,1.0,0.0,4.0,0.0,DEF,AST,1.0,4.0,0.0,0.0,DEF,AST,1.0,0.0,0.0,0.0,DEF,AST,1.0,4.0,0.0,0.0,0.0,0.0
57,Tielemans,MID,AST,0.0,5.5,90.0,7.0,MID,AST,0.0,5.5,90.0,2.0,MID,AST,0.0,5.5,90.0,1.0,MID,AST,0.0,5.5,90.0,2.0,MID,AST,0.0,5.5,90.0,5.0,MID,AST,0.0,5.5,83.0,2.0,MID,AST,0.0,5.5,90.0,3.0,MID,AST,0.0,5.5,90.0,8.0,MID,AST,0.0,5.5,90.0,1.0,MID,AST,0.0,5.5,80.0,2.0,MID,AST,0.0,5.5,90.0,1.0,MID,AST,0.0,5.5,90.0,3.0,MID,AST,0.0,5.5,90.0,2.0,MID,AST,0.0,5.5,90.0,2.0,MID,AST,0.0,5.5,58.0,1.0,MID,AST,0.0,5.5,73.0,3.0,MID,AST,0.0,5.5,90.0,2.0,MID,AST,0.0,5.5,45.0,1.0,MID,AST,0.0,5.5,82.0,2.0,MID,AST,0.0,5.5,90.0,2.0,MID,AST,0.0,5.5,90.0,3.0,MID,AST,0.0,90.0,5.5,8.0,MID,AST,0.0,5.5,90.0,1.0,MID,AST,0.0,5.5,90.0,2.0,MID,AST,0.0,5.5,180.0,12.0,MID,AST,0.0,5.5,90.0,2.0,MID,AST,0.0,5.5,90.0,2.0,MID,AST,0.0,5.5,90.0,3.0,MID,AST,0.0,5.5,0.0,0.0,MID,AST,0.0,5.5,64.0,3.0,MID,AST,0.0,5.5,90.0,6.0,MID,AST,0.0,90.0,5.5,6.0,MID,AST,0.0,5.5,180.0,9.0,MID,AST,0.0,0.0,0.0,0.0,MID,AST,1.0,5.5,0.0,0.0,2915.0,109.0
58,Watkins,FWD,AST,0.0,9.0,61.0,2.0,FWD,AST,0.0,9.0,64.0,2.0,FWD,AST,0.25,8.9,60.0,5.0,FWD,AST,0.0,8.9,83.0,13.0,FWD,AST,0.0,9.0,90.0,6.0,FWD,AST,0.0,9.1,83.0,11.0,FWD,AST,0.0,9.1,90.0,2.0,FWD,AST,0.0,9.1,74.0,8.0,FWD,AST,0.0,9.1,81.0,2.0,FWD,AST,0.0,9.0,90.0,2.0,FWD,AST,0.0,9.0,64.0,2.0,FWD,AST,0.0,9.0,90.0,7.0,FWD,AST,0.0,9.0,83.0,2.0,FWD,AST,0.0,9.0,64.0,12.0,FWD,AST,0.25,9.0,32.0,1.0,FWD,AST,0.0,8.9,16.0,1.0,FWD,AST,0.0,8.9,10.0,1.0,FWD,AST,0.0,8.8,45.0,1.0,FWD,AST,0.0,8.8,90.0,12.0,FWD,AST,0.0,8.9,90.0,2.0,FWD,AST,0.0,8.9,90.0,8.0,FWD,AST,0.0,79.0,8.9,8.0,FWD,AST,0.0,8.9,65.0,5.0,FWD,AST,0.25,8.9,45.0,1.0,FWD,AST,0.0,8.9,180.0,15.0,FWD,AST,0.0,8.9,76.0,2.0,FWD,AST,0.0,8.9,67.0,5.0,FWD,AST,0.0,8.9,90.0,9.0,FWD,AST,0.25,8.9,0.0,0.0,FWD,AST,0.0,8.9,25.0,0.0,FWD,AST,0.0,8.9,61.0,2.0,FWD,AST,0.0,24.0,8.9,7.0,FWD,AST,0.0,8.9,96.0,12.0,FWD,AST,0.0,0.0,0.0,0.0,FWD,AST,0.0,8.9,0.0,0.0,2258.0,168.0
59,Aarons,DEF,BOU,0.0,4.5,0.0,0.0,DEF,BOU,0.0,4.5,0.0,0.0,DEF,BOU,0.0,4.5,0.0,0.0,DEF,BOU,0.0,4.4,0.0,0.0,DEF,BOU,0.0,4.4,0.0,0.0,DEF,BOU,0.0,4.4,0.0,0.0,DEF,BOU,0.0,4.4,0.0,0.0,DEF,BOU,0.0,4.3,0.0,0.0,DEF,BOU,0.0,4.3,0.0,0.0,DEF,BOU,0.0,4.3,0.0,0.0,DEF,BOU,0.0,4.3,0.0,0.0,DEF,BOU,0.0,4.3,15.0,1.0,DEF,BOU,0.0,4.3,0.0,0.0,DEF,BOU,0.0,4.3,0.0,0.0,DEF,BOU,0.0,4.3,0.0,0.0,DEF,BOU,0.0,4.3,0.0,0.0,DEF,BOU,0.0,4.3,0.0,0.0,DEF,BOU,0.0,4.3,61.0,6.0,DEF,BOU,0.0,4.3,8.0,1.0,DEF,BOU,0.0,4.3,0.0,0.0,DEF,BOU,1.0,4.3,0.0,0.0,DEF,BOU,1.0,0.0,4.3,0.0,DEF,BOU,1.0,4.3,0.0,0.0,DEF,BOU,1.0,4.3,0.0,0.0,DEF,BOU,1.0,4.3,0.0,0.0,DEF,BOU,1.0,4.3,0.0,0.0,DEF,BOU,1.0,4.3,0.0,0.0,DEF,BOU,1.0,4.3,0.0,0.0,DEF,BOU,1.0,4.3,0.0,0.0,DEF,BOU,1.0,4.3,0.0,0.0,DEF,BOU,1.0,4.3,0.0,0.0,DEF,BOU,1.0,0.0,4.3,0.0,DEF,BOU,1.0,4.3,0.0,0.0,DEF,BOU,1.0,0.0,4.3,0.0,DEF,BOU,1.0,4.3,0.0,0.0,84.0,8.0
60,Adams,MID,BOU,1.0,5.0,0.0,0.0,MID,BOU,1.0,5.0,0.0,0.0,MID,BOU,1.0,5.0,0.0,0.0,MID,BOU,1.0,5.0,0.0,0.0,MID,BOU,1.0,4.9,0.0,0.0,MID,BOU,1.0,4.9,0.0,0.0,MID,BOU,0.5,4.9,0.0,0.0,MID,BOU,0.0,4.9,0.0,0.0,MID,BOU,0.0,4.9,9.0,1.0,MID,BOU,0.0,4.9,24.0,0.0,MID,BOU,0.0,4.9,66.0,2.0,MID,BOU,0.0,4.9,64.0,2.0,MID,BOU,0.0,4.9,90.0,2.0,MID,BOU,0.0,4.9,90.0,2.0,MID,BOU,0.0,4.9,0.0,0.0,MID,BOU,0.0,4.9,22.0,1.0,MID,BOU,0.0,4.9,88.0,3.0,MID,BOU,0.0,4.9,28.0,1.0,MID,BOU,0.25,4.9,0.0,0.0,MID,BOU,0.0,4.9,20.0,0.0,MID,BOU,0.0,4.9,90.0,2.0,MID,BOU,0.0,90.0,4.9,5.0,MID,BOU,0.0,4.9,90.0,9.0,MID,BOU,0.0,4.9,90.0,2.0,MID,BOU,0.0,4.9,90.0,2.0,MID,BOU,0.0,4.9,30.0,1.0,MID,BOU,0.0,4.9,90.0,2.0,MID,BOU,0.0,4.9,90.0,2.0,MID,BOU,0.0,4.9,78.0,2.0,MID,BOU,0.0,4.9,45.0,1.0,MID,BOU,0.0,4.9,90.0,2.0,MID,BOU,0.0,90.0,4.9,2.0,MID,BOU,0.0,4.9,60.0,2.0,MID,BOU,0.0,90.0,4.9,1.0,MID,BOU,0.0,4.9,90.0,2.0,1704.0,51.0
61,Anthony,MID,BOU,0.0,4.5,0.0,0.0,MID,BOU,0.0,4.5,0.0,0.0,MID,BOU,1.0,4.5,0.0,0.0,MID,BOU,1.0,4.5,0.0,0.0,MID,BOU,1.0,4.5,0.0,0.0,MID,BOU,1.0,4.5,0.0,0.0,MID,BOU,1.0,4.5,0.0,0.0,MID,BOU,1.0,4.5,0.0,0.0,MID,BOU,1.0,4.5,0.0,0.0,MID,BOU,1.0,4.5,0.0,0.0,MID,BOU,1.0,4.5,0.0,0.0,MID,BOU,1.0,4.5,0.0,0.0,MID,BOU,1.0,4.5,0.0,0.0,MID,BOU,1.0,4.5,0.0,0.0,MID,BOU,1.0,4.5,0.0,0.0,MID,BOU,1.0,4.5,0.0,0.0,MID,BOU,1.0,4.5,0.0,0.0,MID,BOU,1.0,4.5,0.0,0.0,MID,BOU,1.0,4.5,0.0,0.0,MID,BOU,1.0,4.5,0.0,0.0,MID,BOU,1.0,4.5,0.0,0.0,MID,BOU,1.0,0.0,4.5,0.0,MID,BOU,1.0,4.5,0.0,0.0,MID,BOU,1.0,4.5,0.0,0.0,MID,BOU,1.0,4.5,0.0,0.0,MID,BOU,1.0,4.5,0.0,0.0,MID,BOU,1.0,4.5,0.0,0.0,MID,BOU,1.0,4.5,0.0,0.0,MID,BOU,1.0,4.5,0.0,0.0,MID,BOU,1.0,4.5,0.0,0.0,MID,BOU,1.0,4.5,0.0,0.0,MID,BOU,1.0,0.0,4.5,0.0,MID,BOU,1.0,4.5,0.0,0.0,MID,BOU,1.0,0.0,4.5,0.0,MID,BOU,1.0,4.5,0.0,0.0,0.0,0.0
62,Brooks,MID,BOU,1.0,5.0,0.0,0.0,MID,BOU,1.0,5.0,0.0,0.0,MID,BOU,0.5,4.9,0.0,0.0,MID,BOU,0.0,4.9,0.0,0.0,MID,BOU,0.0,4.9,0.0,0.0,MID,BOU,0.0,4.9,0.0,0.0,MID,BOU,0.0,4.9,9.0,1.0,MID,BOU,0.0,4.9,0.0,0.0,MID,BOU,0.0,4.9,9.0,1.0,MID,BOU,0.0,4.9,12.0,1.0,MID,BOU,0.0,4.9,14.0,1.0,MID,BOU,0.0,4.9,15.0,7.0,MID,BOU,0.0,4.9,63.0,2.0,MID,BOU,0.0,4.9,5.0,1.0,MID,BOU,0.0,4.9,16.0,3.0,MID,BOU,0.0,4.9,22.0,1.0,MID,BOU,0.0,4.9,1.0,1.0,MID,BOU,0.0,4.9,5.0,1.0,MID,BOU,0.0,4.9,63.0,2.0,MID,BOU,0.0,4.9,20.0,5.0,MID,BOU,0.0,4.9,82.0,1.0,MID,BOU,0.0,81.0,4.9,3.0,MID,BOU,0.0,4.9,79.0,3.0,MID,BOU,0.0,4.9,65.0,2.0,MID,BOU,0.0,4.9,66.0,3.0,MID,BOU,0.0,4.9,30.0,1.0,MID,BOU,0.0,4.9,45.0,1.0,MID,BOU,0.0,4.9,9.0,1.0,MID,BOU,0.0,4.9,11.0,1.0,MID,BOU,0.0,4.9,32.0,1.0,MID,BOU,0.0,4.9,23.0,1.0,MID,BOU,0.0,0.0,4.9,0.0,MID,BOU,0.0,4.9,21.0,1.0,MID,BOU,0.0,0.0,4.9,0.0,MID,BOU,0.0,4.9,16.0,1.0,814.0,47.0
63,Christie,MID,BOU,0.0,5.0,27.0,1.0,MID,BOU,0.0,5.0,63.0,2.0,MID,BOU,0.0,4.9,65.0,2.0,MID,BOU,0.0,4.9,67.0,2.0,MID,BOU,0.0,4.9,68.0,1.0,MID,BOU,0.0,4.9,90.0,2.0,MID,BOU,0.0,4.9,73.0,2.0,MID,BOU,0.0,4.9,27.0,6.0,MID,BOU,0.0,4.9,80.0,2.0,MID,BOU,0.0,4.9,65.0,2.0,MID,BOU,1.0,4.9,75.0,1.0,MID,BOU,0.0,4.9,0.0,0.0,MID,BOU,0.0,4.9,90.0,2.0,MID,BOU,0.0,4.9,76.0,3.0,MID,BOU,0.0,4.9,85.0,2.0,MID,BOU,0.0,4.9,90.0,3.0,MID,BOU,0.0,4.9,90.0,7.0,MID,BOU,0.0,4.9,90.0,3.0,MID,BOU,0.0,4.9,90.0,1.0,MID,BOU,0.0,4.9,90.0,3.0,MID,BOU,0.0,4.9,90.0,4.0,MID,BOU,0.0,90.0,4.9,1.0,MID,BOU,0.0,4.9,90.0,3.0,MID,BOU,0.0,4.9,79.0,1.0,MID,BOU,0.0,4.9,87.0,13.0,MID,BOU,0.0,4.9,59.0,1.0,MID,BOU,0.25,4.9,25.0,1.0,MID,BOU,0.0,4.9,70.0,2.0,MID,BOU,0.0,4.9,66.0,2.0,MID,BOU,1.0,4.9,57.0,1.0,MID,BOU,1.0,4.9,0.0,0.0,MID,BOU,0.0,0.0,4.9,0.0,MID,BOU,1.0,4.9,0.0,0.0,MID,BOU,0.0,0.0,4.9,0.0,MID,BOU,1.0,4.9,0.0,0.0,2114.0,76.0
64,Cook,MID,BOU,0.0,5.0,83.0,1.0,MID,BOU,0.0,5.0,90.0,2.0,MID,BOU,0.0,5.0,90.0,7.0,MID,BOU,0.0,5.0,90.0,1.0,MID,BOU,0.0,5.0,90.0,1.0,MID,BOU,0.0,5.0,90.0,10.0,MID,BOU,0.0,5.0,90.0,2.0,MID,BOU,0.0,5.0,90.0,3.0,MID,BOU,0.0,5.0,90.0,2.0,MID,BOU,0.0,5.0,90.0,2.0,MID,BOU,0.0,5.0,90.0,5.0,MID,BOU,0.0,5.0,90.0,1.0,MID,BOU,0.25,5.0,0.0,0.0,MID,BOU,0.0,5.0,13.0,1.0,MID,BOU,0.0,5.0,90.0,2.0,MID,BOU,0.0,5.0,90.0,2.0,MID,BOU,0.0,5.0,45.0,1.0,MID,BOU,0.0,5.0,90.0,3.0,MID,BOU,0.0,5.0,90.0,2.0,MID,BOU,0.0,5.0,90.0,3.0,MID,BOU,0.0,5.0,90.0,2.0,MID,BOU,0.0,90.0,5.0,2.0,MID,BOU,0.0,5.0,90.0,2.0,MID,BOU,0.0,5.0,90.0,2.0,MID,BOU,0.0,5.0,90.0,1.0,MID,BOU,0.0,5.0,90.0,2.0,MID,BOU,0.0,5.0,90.0,2.0,MID,BOU,0.0,5.0,90.0,2.0,MID,BOU,0.0,5.0,90.0,2.0,MID,BOU,0.0,5.0,90.0,6.0,MID,BOU,0.0,5.0,90.0,1.0,MID,BOU,0.0,90.0,5.0,2.0,MID,BOU,0.25,5.0,45.0,1.0,MID,BOU,0.0,18.0,5.0,1.0,MID,BOU,0.0,5.0,90.0,2.0,2814.0,81.0
65,Enes Ünal,FWD,BOU,1.0,5.5,0.0,0.0,FWD,BOU,1.0,5.4,0.0,0.0,FWD,BOU,0.5,5.4,0.0,0.0,FWD,BOU,0.0,5.4,7.0,1.0,FWD,BOU,0.0,5.4,14.0,1.0,FWD,BOU,0.0,5.4,14.0,1.0,FWD,BOU,0.0,5.4,16.0,1.0,FWD,BOU,0.0,5.4,8.0,1.0,FWD,BOU,0.0,5.4,63.0,1.0,FWD,BOU,0.0,5.4,12.0,1.0,FWD,BOU,0.0,5.4,14.0,1.0,FWD,BOU,0.0,5.4,10.0,4.0,FWD,BOU,0.0,5.4,13.0,1.0,FWD,BOU,0.0,5.4,5.0,1.0,FWD,BOU,0.0,5.4,27.0,6.0,FWD,BOU,0.0,5.4,10.0,8.0,FWD,BOU,0.0,5.4,19.0,1.0,FWD,BOU,0.0,5.4,61.0,2.0,FWD,BOU,0.0,5.4,17.0,0.0,FWD,BOU,0.0,5.4,20.0,1.0,FWD,BOU,1.0,5.4,0.0,0.0,FWD,BOU,1.0,0.0,5.4,0.0,FWD,BOU,1.0,5.4,0.0,0.0,FWD,BOU,1.0,5.4,0.0,0.0,FWD,BOU,1.0,5.4,0.0,0.0,FWD,BOU,1.0,5.4,0.0,0.0,FWD,BOU,1.0,5.4,0.0,0.0,FWD,BOU,1.0,5.4,0.0,0.0,FWD,BOU,1.0,5.4,0.0,0.0,FWD,BOU,1.0,5.4,0.0,0.0,FWD,BOU,1.0,5.4,0.0,0.0,FWD,BOU,1.0,0.0,5.4,0.0,FWD,BOU,1.0,5.4,0.0,0.0,FWD,BOU,1.0,0.0,5.4,0.0,FWD,BOU,1.0,5.4,0.0,0.0,330.0,32.0
66,Faivre,MID,BOU,0.0,5.0,0.0,0.0,MID,BOU,1.0,5.0,0.0,0.0,MID,BOU,1.0,5.0,0.0,0.0,MID,BOU,1.0,5.0,0.0,0.0,MID,BOU,1.0,5.0,0.0,0.0,MID,BOU,1.0,5.0,0.0,0.0,MID,BOU,1.0,5.0,0.0,0.0,MID,BOU,1.0,5.0,0.0,0.0,MID,BOU,1.0,5.0,0.0,0.0,MID,BOU,1.0,5.0,0.0,0.0,MID,BOU,1.0,5.0,0.0,0.0,MID,BOU,1.0,5.0,0.0,0.0,MID,BOU,1.0,5.0,0.0,0.0,MID,BOU,1.0,5.0,0.0,0.0,MID,BOU,1.0,5.0,0.0,0.0,MID,BOU,1.0,5.0,0.0,0.0,MID,BOU,1.0,5.0,0.0,0.0,MID,BOU,1.0,5.0,0.0,0.0,MID,BOU,1.0,5.0,0.0,0.0,MID,BOU,1.0,5.0,0.0,0.0,MID,BOU,1.0,5.0,0.0,0.0,MID,BOU,1.0,0.0,5.0,0.0,MID,BOU,1.0,5.0,0.0,0.0,MID,BOU,1.0,5.0,0.0,0.0,MID,BOU,1.0,5.0,0.0,0.0,MID,BOU,1.0,5.0,0.0,0.0,MID,BOU,1.0,5.0,0.0,0.0,MID,BOU,1.0,5.0,0.0,0.0,MID,BOU,1.0,5.0,0.0,0.0,MID,BOU,1.0,5.0,0.0,0.0,MID,BOU,1.0,5.0,0.0,0.0,MID,BOU,1.0,0.0,5.0,0.0,MID,BOU,1.0,5.0,0.0,0.0,MID,BOU,1.0,0.0,5.0,0.0,MID,BOU,1.0,5.0,0.0,0.0,0.0,0.0
67,H.Traorè,MID,BOU,0.0,4.5,0.0,0.0,MID,BOU,0.0,4.5,0.0,0.0,MID,BOU,1.0,4.5,0.0,0.0,MID,BOU,1.0,4.5,0.0,0.0,MID,BOU,1.0,4.5,0.0,0.0,MID,BOU,1.0,4.5,0.0,0.0,MID,BOU,1.0,4.5,0.0,0.0,MID,BOU,1.0,4.5,0.0,0.0,MID,BOU,1.0,4.5,0.0,0.0,MID,BOU,1.0,4.5,0.0,0.0,MID,BOU,1.0,4.5,0.0,0.0,MID,BOU,1.0,4.5,0.0,0.0,MID,BOU,1.0,4.5,0.0,0.0,MID,BOU,1.0,4.5,0.0,0.0,MID,BOU,1.0,4.5,0.0,0.0,MID,BOU,1.0,4.5,0.0,0.0,MID,BOU,1.0,4.5,0.0,0.0,MID,BOU,1.0,4.5,0.0,0.0,MID,BOU,1.0,4.5,0.0,0.0,MID,BOU,1.0,4.5,0.0,0.0,MID,BOU,1.0,4.5,0.0,0.0,MID,BOU,1.0,0.0,4.5,0.0,MID,BOU,1.0,4.5,0.0,0.0,MID,BOU,1.0,4.5,0.0,0.0,MID,BOU,1.0,4.5,0.0,0.0,MID,BOU,1.0,4.5,0.0,0.0,MID,BOU,1.0,4.5,0.0,0.0,MID,BOU,1.0,4.5,0.0,0.0,MID,BOU,1.0,4.5,0.0,0.0,MID,BOU,1.0,4.5,0.0,0.0,MID,BOU,1.0,4.5,0.0,0.0,MID,BOU,1.0,0.0,4.5,0.0,MID,BOU,1.0,4.5,0.0,0.0,MID,BOU,1.0,0.0,4.5,0.0,MID,BOU,1.0,4.5,0.0,0.0,0.0,0.0
68,Hill,DEF,BOU,0.0,4.0,0.0,0.0,DEF,BOU,0.0,4.0,0.0,0.0,DEF,BOU,0.0,4.0,0.0,0.0,DEF,BOU,0.0,4.0,0.0,0.0,DEF,BOU,0.0,4.0,0.0,0.0,DEF,BOU,0.0,4.0,0.0,0.0,DEF,BOU,0.0,4.0,0.0,0.0,DEF,BOU,0.0,4.0,0.0,0.0,DEF,BOU,0.0,4.0,0.0,0.0,DEF,BOU,0.0,4.0,0.0,0.0,DEF,BOU,0.0,4.0,0.0,0.0,DEF,BOU,0.0,4.0,0.0,0.0,DEF,BOU,0.0,4.0,0.0,0.0,DEF,BOU,0.0,3.9,0.0,0.0,DEF,BOU,0.0,3.9,4.0,1.0,DEF,BOU,0.0,3.9,0.0,0.0,DEF,BOU,0.0,3.9,1.0,1.0,DEF,BOU,0.0,3.9,0.0,0.0,DEF,BOU,0.0,3.9,81.0,4.0,DEF,BOU,0.0,3.9,69.0,6.0,DEF,BOU,0.75,3.9,21.0,1.0,DEF,BOU,0.75,0.0,3.9,0.0,DEF,BOU,1.0,3.9,0.0,0.0,DEF,BOU,0.5,3.9,0.0,0.0,DEF,BOU,0.5,3.9,0.0,0.0,DEF,BOU,0.0,3.9,59.0,1.0,DEF,BOU,0.0,3.9,84.0,1.0,DEF,BOU,0.0,3.9,90.0,1.0,DEF,BOU,0.0,3.9,11.0,0.0,DEF,BOU,0.0,3.9,0.0,0.0,DEF,BOU,0.0,3.9,23.0,1.0,DEF,BOU,0.75,0.0,3.9,0.0,DEF,BOU,0.0,3.9,0.0,0.0,DEF,BOU,0.75,0.0,3.9,0.0,DEF,BOU,0.0,3.9,0.0,0.0,443.0,17.0
69,Jebbison,FWD,BOU,0.0,4.5,21.0,1.0,FWD,BOU,0.0,4.5,5.0,1.0,FWD,BOU,1.0,4.5,0.0,0.0,FWD,BOU,1.0,4.5,0.0,0.0,FWD,BOU,1.0,4.5,0.0,0.0,FWD,BOU,1.0,4.5,0.0,0.0,FWD,BOU,1.0,4.5,0.0,0.0,FWD,BOU,1.0,4.5,0.0,0.0,FWD,BOU,1.0,4.5,0.0,0.0,FWD,BOU,1.0,4.5,0.0,0.0,FWD,BOU,1.0,4.5,0.0,0.0,FWD,BOU,1.0,4.5,0.0,0.0,FWD,BOU,1.0,4.5,0.0,0.0,FWD,BOU,1.0,4.5,0.0,0.0,FWD,BOU,1.0,4.5,0.0,0.0,FWD,BOU,1.0,4.5,0.0,0.0,FWD,BOU,1.0,4.5,0.0,0.0,FWD,BOU,1.0,4.5,0.0,0.0,FWD,BOU,1.0,4.5,0.0,0.0,FWD,BOU,1.0,4.5,0.0,0.0,FWD,BOU,0.0,4.5,7.0,1.0,FWD,BOU,0.0,8.0,4.5,0.0,FWD,BOU,0.0,4.5,2.0,1.0,FWD,BOU,0.0,4.5,10.0,1.0,FWD,BOU,0.0,4.5,2.0,1.0,FWD,BOU,0.0,4.5,1.0,1.0,FWD,BOU,0.0,4.5,0.0,0.0,FWD,BOU,0.0,4.5,0.0,0.0,FWD,BOU,0.0,4.5,5.0,1.0,FWD,BOU,0.0,4.5,3.0,1.0,FWD,BOU,0.0,4.5,1.0,1.0,FWD,BOU,0.0,0.0,4.5,0.0,FWD,BOU,0.0,4.5,0.0,0.0,FWD,BOU,0.0,1.0,4.5,1.0,FWD,BOU,0.0,4.5,3.0,1.0,69.0,12.0
70,Kerkez,DEF,BOU,0.0,4.5,90.0,1.0,DEF,BOU,0.0,4.5,90.0,2.0,DEF,BOU,0.0,4.5,65.0,1.0,DEF,BOU,0.0,4.5,90.0,2.0,DEF,BOU,0.0,4.5,90.0,1.0,DEF,BOU,0.0,4.5,90.0,1.0,DEF,BOU,0.0,4.5,62.0,2.0,DEF,BOU,0.0,4.4,90.0,7.0,DEF,BOU,0.0,4.4,80.0,2.0,DEF,BOU,0.0,4.4,90.0,10.0,DEF,BOU,0.0,4.4,90.0,1.0,DEF,BOU,0.0,4.4,80.0,1.0,DEF,BOU,0.0,4.4,90.0,7.0,DEF,BOU,0.0,4.5,90.0,8.0,DEF,BOU,0.0,4.6,90.0,2.0,DEF,BOU,0.0,4.7,90.0,2.0,DEF,BOU,0.0,4.7,90.0,6.0,DEF,BOU,0.0,4.7,90.0,6.0,DEF,BOU,0.0,4.7,90.0,1.0,DEF,BOU,0.0,4.7,90.0,12.0,DEF,BOU,0.0,4.8,90.0,1.0,DEF,BOU,0.0,90.0,4.8,7.0,DEF,BOU,0.0,4.9,90.0,6.0,DEF,BOU,0.0,5.0,90.0,1.0,DEF,BOU,0.0,5.0,90.0,2.0,DEF,BOU,0.0,5.0,90.0,1.0,DEF,BOU,0.0,5.0,90.0,4.0,DEF,BOU,0.0,5.1,90.0,4.0,DEF,BOU,0.0,5.2,90.0,4.0,DEF,BOU,0.0,5.3,90.0,1.0,DEF,BOU,0.0,5.3,90.0,1.0,DEF,BOU,0.0,90.0,5.3,6.0,DEF,BOU,0.0,5.3,90.0,8.0,DEF,BOU,0.0,90.0,5.3,2.0,DEF,BOU,0.0,5.3,90.0,2.0,3077.0,125.0
71,Kluivert,MID,BOU,0.0,5.5,26.0,0.0,MID,BOU,0.0,5.4,71.0,3.0,MID,BOU,0.0,5.4,90.0,5.0,MID,BOU,0.0,5.4,74.0,2.0,MID,BOU,0.0,5.4,45.0,0.0,MID,BOU,0.0,5.4,29.0,1.0,MID,BOU,0.0,5.3,45.0,1.0,MID,BOU,0.0,5.3,27.0,11.0,MID,BOU,0.0,5.3,63.0,2.0,MID,BOU,0.0,5.3,77.0,3.0,MID,BOU,0.0,5.3,75.0,7.0,MID,BOU,0.0,5.3,74.0,2.0,MID,BOU,0.0,5.3,76.0,20.0,MID,BOU,0.0,5.4,63.0,3.0,MID,BOU,0.0,5.5,62.0,2.0,MID,BOU,0.0,5.5,79.0,3.0,MID,BOU,0.0,5.5,77.0,8.0,MID,BOU,1.0,5.5,71.0,2.0,MID,BOU,0.0,5.5,0.0,0.0,MID,BOU,0.0,5.5,69.0,3.0,MID,BOU,0.0,5.5,68.0,8.0,MID,BOU,0.0,90.0,5.5,22.0,MID,BOU,0.0,5.7,87.0,13.0,MID,BOU,0.0,5.9,90.0,2.0,MID,BOU,0.0,6.0,76.0,5.0,MID,BOU,0.0,6.0,72.0,2.0,MID,BOU,0.0,6.1,90.0,10.0,MID,BOU,0.0,6.2,90.0,5.0,MID,BOU,0.0,6.2,78.0,2.0,MID,BOU,0.5,6.2,0.0,0.0,MID,BOU,0.5,6.1,0.0,0.0,MID,BOU,0.0,0.0,6.1,0.0,MID,BOU,0.0,6.0,90.0,2.0,MID,BOU,0.0,71.0,6.0,2.0,MID,BOU,0.0,6.0,64.0,2.0,2159.0,153.0
72,Mepham,DEF,BOU,0.0,4.5,0.0,0.0,DEF,BOU,0.0,4.5,0.0,0.0,DEF,BOU,1.0,4.4,0.0,0.0,DEF,BOU,1.0,4.4,0.0,0.0,DEF,BOU,1.0,4.4,0.0,0.0,DEF,BOU,1.0,4.4,0.0,0.0,DEF,BOU,1.0,4.4,0.0,0.0,DEF,BOU,1.0,4.4,0.0,0.0,DEF,BOU,1.0,4.4,0.0,0.0,DEF,BOU,1.0,4.4,0.0,0.0,DEF,BOU,1.0,4.4,0.0,0.0,DEF,BOU,1.0,4.4,0.0,0.0,DEF,BOU,1.0,4.4,0.0,0.0,DEF,BOU,1.0,4.4,0.0,0.0,DEF,BOU,1.0,4.4,0.0,0.0,DEF,BOU,1.0,4.4,0.0,0.0,DEF,BOU,1.0,4.4,0.0,0.0,DEF,BOU,1.0,4.4,0.0,0.0,DEF,BOU,1.0,4.4,0.0,0.0,DEF,BOU,1.0,4.4,0.0,0.0,DEF,BOU,1.0,4.4,0.0,0.0,DEF,BOU,1.0,0.0,4.4,0.0,DEF,BOU,1.0,4.4,0.0,0.0,DEF,BOU,1.0,4.4,0.0,0.0,DEF,BOU,1.0,4.4,0.0,0.0,DEF,BOU,1.0,4.4,0.0,0.0,DEF,BOU,1.0,4.4,0.0,0.0,DEF,BOU,1.0,4.4,0.0,0.0,DEF,BOU,1.0,4.4,0.0,0.0,DEF,BOU,1.0,4.4,0.0,0.0,DEF,BOU,1.0,4.4,0.0,0.0,DEF,BOU,1.0,0.0,4.4,0.0,DEF,BOU,1.0,4.4,0.0,0.0,DEF,BOU,1.0,0.0,4.4,0.0,DEF,BOU,1.0,4.4,0.0,0.0,0.0,0.0
73,N. Neto,GKP,BOU,0.0,4.5,90.0,4.0,GKP,BOU,0.0,4.5,90.0,3.0,GKP,ARS,0.0,4.5,0.0,0.0,GKP,ARS,0.0,4.4,0.0,0.0,GKP,ARS,0.0,4.3,0.0,0.0,GKP,ARS,0.0,4.3,0.0,0.0,GKP,ARS,1.0,4.3,0.0,0.0,GKP,ARS,0.0,4.3,0.0,0.0,GKP,ARS,0.0,4.3,0.0,0.0,GKP,ARS,0.0,4.3,0.0,0.0,GKP,ARS,0.0,4.3,0.0,0.0,GKP,ARS,0.0,4.3,0.0,0.0,GKP,ARS,0.0,4.2,0.0,0.0,GKP,ARS,0.0,4.2,0.0,0.0,GKP,ARS,0.0,4.2,0.0,0.0,GKP,ARS,0.0,4.2,0.0,0.0,GKP,ARS,0.0,4.2,0.0,0.0,GKP,ARS,0.0,4.2,0.0,0.0,GKP,ARS,0.0,4.1,0.0,0.0,GKP,ARS,0.0,4.1,0.0,0.0,GKP,ARS,0.0,4.1,0.0,0.0,GKP,ARS,0.0,0.0,4.1,0.0,GKP,ARS,0.0,4.1,0.0,0.0,GKP,ARS,0.0,4.1,0.0,0.0,GKP,ARS,0.0,4.1,0.0,0.0,GKP,ARS,0.0,4.1,0.0,0.0,GKP,ARS,0.0,4.1,0.0,0.0,GKP,ARS,0.0,4.1,0.0,0.0,GKP,ARS,0.0,4.1,0.0,0.0,GKP,ARS,0.0,4.1,0.0,0.0,GKP,ARS,0.0,4.1,0.0,0.0,GKP,ARS,0.0,0.0,4.1,0.0,GKP,ARS,1.0,4.1,0.0,0.0,GKP,ARS,0.0,0.0,0.0,0.0,GKP,ARS,0.0,4.1,0.0,0.0,180.0,7.0
74,O.Dango,MID,BOU,0.0,5.0,68.0,2.0,MID,BOU,0.0,5.0,18.0,1.0,MID,BOU,0.0,5.0,24.0,4.0,MID,BOU,1.0,5.0,0.0,0.0,MID,BOU,0.0,5.0,45.0,1.0,MID,BOU,0.0,5.0,60.0,8.0,MID,BOU,0.0,5.0,45.0,1.0,MID,BOU,0.0,5.0,62.0,3.0,MID,BOU,0.0,5.0,90.0,2.0,MID,BOU,1.0,5.0,0.0,0.0,MID,BOU,0.25,5.0,0.0,0.0,MID,BOU,0.0,5.0,25.0,1.0,MID,BOU,0.0,5.0,26.0,1.0,MID,BOU,0.0,5.0,26.0,1.0,MID,BOU,0.0,5.0,27.0,12.0,MID,BOU,0.0,5.0,90.0,2.0,MID,BOU,0.0,5.0,90.0,6.0,MID,BOU,0.0,5.0,84.0,3.0,MID,BOU,0.0,5.0,26.0,6.0,MID,BOU,0.0,5.0,69.0,3.0,MID,BOU,0.0,5.0,90.0,2.0,MID,BOU,0.0,90.0,5.0,4.0,MID,BOU,0.0,5.0,90.0,21.0,MID,BOU,0.0,5.1,90.0,2.0,MID,BOU,0.0,5.1,87.0,7.0,MID,BOU,0.0,5.2,88.0,2.0,MID,BOU,0.0,5.2,76.0,2.0,MID,BOU,0.0,5.2,19.0,1.0,MID,BOU,0.0,5.1,5.0,1.0,MID,BOU,0.0,4.9,90.0,2.0,MID,BOU,0.0,4.9,77.0,2.0,MID,BOU,0.0,90.0,4.8,3.0,MID,BOU,0.0,4.7,68.0,2.0,MID,BOU,0.0,90.0,4.7,2.0,MID,BOU,1.0,4.6,73.0,1.0,1998.0,111.0
75,Paulsen,GKP,BOU,1.0,4.0,0.0,0.0,GKP,BOU,1.0,4.0,0.0,0.0,GKP,BOU,1.0,4.0,0.0,0.0,GKP,BOU,1.0,4.0,0.0,0.0,GKP,BOU,1.0,4.0,0.0,0.0,GKP,BOU,1.0,4.0,0.0,0.0,GKP,BOU,1.0,4.0,0.0,0.0,GKP,BOU,1.0,4.0,0.0,0.0,GKP,BOU,1.0,4.0,0.0,0.0,GKP,BOU,1.0,4.0,0.0,0.0,GKP,BOU,1.0,4.0,0.0,0.0,GKP,BOU,1.0,4.0,0.0,0.0,GKP,BOU,1.0,4.0,0.0,0.0,GKP,BOU,1.0,4.0,0.0,0.0,GKP,BOU,1.0,4.0,0.0,0.0,GKP,BOU,1.0,4.0,0.0,0.0,GKP,BOU,1.0,4.0,0.0,0.0,GKP,BOU,1.0,4.0,0.0,0.0,GKP,BOU,1.0,4.0,0.0,0.0,GKP,BOU,1.0,4.0,0.0,0.0,GKP,BOU,1.0,4.0,0.0,0.0,GKP,BOU,1.0,0.0,4.0,0.0,GKP,BOU,1.0,4.0,0.0,0.0,GKP,BOU,1.0,4.0,0.0,0.0,GKP,BOU,1.0,4.0,0.0,0.0,GKP,BOU,1.0,4.0,0.0,0.0,GKP,BOU,1.0,4.0,0.0,0.0,GKP,BOU,1.0,4.0,0.0,0.0,GKP,BOU,1.0,4.0,0.0,0.0,GKP,BOU,1.0,4.0,0.0,0.0,GKP,BOU,1.0,4.0,0.0,0.0,GKP,BOU,1.0,0.0,4.0,0.0,GKP,BOU,1.0,4.0,0.0,0.0,GKP,BOU,1.0,0.0,4.0,0.0,GKP,BOU,1.0,4.0,0.0,0.0,0.0,0.0
76,Philip,MID,BOU,0.0,5.0,6.0,1.0,MID,BOU,0.0,5.0,0.0,0.0,MID,BOU,0.25,4.9,0.0,0.0,MID,BOU,0.0,4.8,15.0,1.0,MID,BOU,0.0,4.8,0.0,0.0,MID,BOU,0.0,4.8,0.0,0.0,MID,BOU,0.0,4.8,0.0,0.0,MID,BOU,0.0,4.8,0.0,0.0,MID,BOU,0.0,4.8,0.0,0.0,MID,BOU,0.0,4.8,0.0,0.0,MID,BOU,0.0,4.8,0.0,0.0,MID,BOU,0.0,4.8,0.0,0.0,MID,BOU,0.0,4.8,13.0,1.0,MID,BOU,0.0,4.8,5.0,1.0,MID,BOU,0.0,4.8,16.0,1.0,MID,BOU,0.0,4.8,10.0,1.0,MID,BOU,0.0,4.8,12.0,1.0,MID,BOU,0.0,4.8,19.0,1.0,MID,BOU,0.0,4.8,72.0,1.0,MID,BOU,0.0,4.8,8.0,1.0,MID,BOU,1.0,4.8,0.0,0.0,MID,BOU,1.0,0.0,4.8,0.0,MID,BOU,1.0,4.8,0.0,0.0,MID,BOU,1.0,4.8,0.0,0.0,MID,BOU,1.0,4.8,0.0,0.0,MID,BOU,1.0,4.8,0.0,0.0,MID,BOU,1.0,4.8,0.0,0.0,MID,BOU,1.0,4.8,0.0,0.0,MID,BOU,1.0,4.8,0.0,0.0,MID,BOU,1.0,4.8,0.0,0.0,MID,BOU,1.0,4.8,0.0,0.0,MID,BOU,1.0,0.0,4.8,0.0,MID,BOU,1.0,4.8,0.0,0.0,MID,BOU,1.0,0.0,4.8,0.0,MID,BOU,1.0,4.8,0.0,0.0,176.0,10.0
77,Scott,MID,BOU,0.0,5.0,62.0,2.0,MID,BOU,0.0,5.0,26.0,1.0,MID,BOU,0.0,5.0,24.0,1.0,MID,BOU,0.0,4.9,22.0,1.0,MID,BOU,0.0,4.9,21.0,1.0,MID,BOU,0.0,4.9,14.0,1.0,MID,BOU,0.0,4.9,27.0,1.0,MID,BOU,0.0,4.8,62.0,3.0,MID,BOU,1.0,4.8,0.0,0.0,MID,BOU,1.0,4.8,0.0,0.0,MID,BOU,1.0,4.8,0.0,0.0,MID,BOU,1.0,4.8,0.0,0.0,MID,BOU,1.0,4.7,0.0,0.0,MID,BOU,1.0,4.7,0.0,0.0,MID,BOU,1.0,4.7,0.0,0.0,MID,BOU,1.0,4.7,0.0,0.0,MID,BOU,1.0,4.7,0.0,0.0,MID,BOU,1.0,4.7,0.0,0.0,MID,BOU,1.0,4.7,0.0,0.0,MID,BOU,1.0,4.7,0.0,0.0,MID,BOU,1.0,4.7,0.0,0.0,MID,BOU,1.0,0.0,4.7,0.0,MID,BOU,1.0,4.7,0.0,0.0,MID,BOU,0.5,4.7,0.0,0.0,MID,BOU,0.0,4.7,13.0,1.0,MID,BOU,0.0,4.7,17.0,0.0,MID,BOU,0.0,4.7,64.0,2.0,MID,BOU,0.0,4.7,19.0,1.0,MID,BOU,0.0,4.7,0.0,0.0,MID,BOU,0.0,4.7,57.0,1.0,MID,BOU,0.0,4.7,66.0,2.0,MID,BOU,1.0,64.0,4.7,3.0,MID,BOU,0.0,4.7,45.0,0.0,MID,BOU,1.0,71.0,4.7,3.0,MID,BOU,0.0,4.7,25.0,1.0,699.0,25.0
78,Semenyo,MID,BOU,0.0,5.5,90.0,8.0,MID,BOU,0.0,5.5,90.0,5.0,MID,BOU,0.0,5.6,90.0,6.0,MID,BOU,0.0,5.6,90.0,1.0,MID,BOU,0.0,5.6,69.0,2.0,MID,BOU,0.0,5.7,88.0,7.0,MID,BOU,0.0,5.7,90.0,2.0,MID,BOU,0.0,5.6,90.0,2.0,MID,BOU,0.0,5.6,90.0,1.0,MID,BOU,0.0,5.6,90.0,10.0,MID,BOU,0.25,5.7,90.0,2.0,MID,BOU,1.0,5.7,90.0,1.0,MID,BOU,0.0,5.7,0.0,0.0,MID,BOU,0.0,5.7,84.0,3.0,MID,BOU,0.0,5.7,90.0,2.0,MID,BOU,0.0,5.6,67.0,3.0,MID,BOU,0.0,5.6,88.0,8.0,MID,BOU,0.0,5.6,90.0,3.0,MID,BOU,0.0,5.6,90.0,5.0,MID,BOU,0.0,5.6,90.0,3.0,MID,BOU,0.0,5.6,90.0,12.0,MID,BOU,0.0,90.0,5.6,5.0,MID,BOU,0.0,5.6,90.0,9.0,MID,BOU,0.0,5.7,90.0,2.0,MID,BOU,0.0,5.7,90.0,4.0,MID,BOU,0.0,5.7,90.0,2.0,MID,BOU,0.0,5.7,90.0,1.0,MID,BOU,0.0,5.7,89.0,1.0,MID,BOU,0.0,5.7,90.0,1.0,MID,BOU,0.0,5.7,90.0,2.0,MID,BOU,0.0,5.7,90.0,6.0,MID,BOU,0.0,88.0,5.7,10.0,MID,BOU,0.0,5.7,90.0,3.0,MID,BOU,0.0,84.0,5.7,9.0,MID,BOU,0.0,5.7,25.0,4.0,2932.0,145.0
79,Senesi,DEF,BOU,0.0,5.0,0.0,0.0,DEF,BOU,0.0,4.9,90.0,1.0,DEF,BOU,0.0,4.9,76.0,1.0,DEF,BOU,0.0,4.9,90.0,1.0,DEF,BOU,0.0,4.8,0.0,0.0,DEF,BOU,0.0,4.8,90.0,2.0,DEF,BOU,0.0,4.8,90.0,1.0,DEF,BOU,0.0,4.8,90.0,9.0,DEF,BOU,0.0,4.8,90.0,2.0,DEF,BOU,0.0,4.8,90.0,2.0,DEF,BOU,0.0,4.8,66.0,0.0,DEF,BOU,0.0,4.8,64.0,1.0,DEF,BOU,0.0,4.8,81.0,1.0,DEF,BOU,1.0,4.8,0.0,0.0,DEF,BOU,1.0,4.8,0.0,0.0,DEF,BOU,1.0,4.7,0.0,0.0,DEF,BOU,1.0,4.7,0.0,0.0,DEF,BOU,1.0,4.7,0.0,0.0,DEF,BOU,1.0,4.7,0.0,0.0,DEF,BOU,1.0,4.7,0.0,0.0,DEF,BOU,1.0,4.6,0.0,0.0,DEF,BOU,1.0,0.0,4.6,0.0,DEF,BOU,1.0,4.6,0.0,0.0,DEF,BOU,1.0,4.6,0.0,0.0,DEF,BOU,1.0,4.6,0.0,0.0,DEF,BOU,1.0,4.6,0.0,0.0,DEF,BOU,1.0,4.6,0.0,0.0,DEF,BOU,1.0,4.6,0.0,0.0,DEF,BOU,0.5,4.6,0.0,0.0,DEF,BOU,0.0,4.6,32.0,1.0,DEF,BOU,0.0,4.6,13.0,1.0,DEF,BOU,1.0,45.0,4.6,0.0,DEF,BOU,0.0,4.6,0.0,0.0,DEF,BOU,1.0,5.0,4.6,1.0,DEF,BOU,0.0,4.6,0.0,0.0,1012.0,24.0
80,Sinisterra,MID,BOU,0.0,5.0,63.0,2.0,MID,BOU,0.0,5.0,18.0,1.0,MID,BOU,0.0,5.0,25.0,11.0,MID,BOU,0.0,5.0,22.0,1.0,MID,BOU,0.0,5.0,20.0,1.0,MID,BOU,0.0,5.0,1.0,1.0,MID,BOU,0.0,5.0,27.0,1.0,MID,BOU,0.0,5.0,27.0,1.0,MID,BOU,0.5,5.0,0.0,0.0,MID,BOU,1.0,5.0,0.0,0.0,MID,BOU,1.0,5.0,0.0,0.0,MID,BOU,1.0,4.9,0.0,0.0,MID,BOU,1.0,4.9,0.0,0.0,MID,BOU,1.0,4.9,0.0,0.0,MID,BOU,1.0,4.9,0.0,0.0,MID,BOU,1.0,4.9,0.0,0.0,MID,BOU,1.0,4.8,0.0,0.0,MID,BOU,1.0,4.8,0.0,0.0,MID,BOU,1.0,4.8,0.0,0.0,MID,BOU,1.0,4.8,0.0,0.0,MID,BOU,1.0,4.8,0.0,0.0,MID,BOU,1.0,0.0,4.8,0.0,MID,BOU,1.0,4.8,0.0,0.0,MID,BOU,0.25,4.8,0.0,0.0,MID,BOU,0.0,4.8,2.0,1.0,MID,BOU,0.0,4.8,0.0,0.0,MID,BOU,0.0,4.8,5.0,1.0,MID,BOU,0.0,4.8,1.0,1.0,MID,BOU,0.25,4.8,18.0,1.0,MID,BOU,1.0,4.8,0.0,0.0,MID,BOU,0.5,4.8,0.0,0.0,MID,BOU,1.0,0.0,4.8,0.0,MID,BOU,1.0,4.8,0.0,0.0,MID,BOU,1.0,0.0,4.8,0.0,MID,BOU,1.0,4.8,0.0,0.0,229.0,23.0
81,Smith,DEF,BOU,0.0,4.5,62.0,2.0,DEF,BOU,0.0,4.5,4.0,1.0,DEF,BOU,0.0,4.5,13.0,1.0,DEF,BOU,0.0,4.5,74.0,5.0,DEF,BOU,0.0,4.5,21.0,1.0,DEF,BOU,0.0,4.5,90.0,2.0,DEF,BOU,0.0,4.5,62.0,2.0,DEF,BOU,0.0,4.5,45.0,1.0,DEF,BOU,0.0,4.5,60.0,1.0,DEF,BOU,0.0,4.5,90.0,2.0,DEF,BOU,0.0,4.5,83.0,0.0,DEF,BOU,0.0,4.5,74.0,1.0,DEF,BOU,0.0,4.5,90.0,1.0,DEF,BOU,0.0,4.5,90.0,6.0,DEF,BOU,0.0,4.5,62.0,2.0,DEF,BOU,0.0,4.5,67.0,6.0,DEF,BOU,0.0,4.5,45.0,0.0,DEF,BOU,1.0,4.5,0.0,0.0,DEF,BOU,1.0,4.5,0.0,0.0,DEF,BOU,1.0,4.4,0.0,0.0,DEF,BOU,1.0,4.4,0.0,0.0,DEF,BOU,1.0,0.0,4.4,0.0,DEF,BOU,1.0,4.4,0.0,0.0,DEF,BOU,0.5,4.4,0.0,0.0,DEF,BOU,1.0,4.4,0.0,0.0,DEF,BOU,1.0,4.4,0.0,0.0,DEF,BOU,1.0,4.4,0.0,0.0,DEF,BOU,1.0,4.4,0.0,0.0,DEF,BOU,1.0,4.4,0.0,0.0,DEF,BOU,0.0,4.4,45.0,1.0,DEF,BOU,0.0,4.4,66.0,1.0,DEF,BOU,1.0,90.0,4.4,6.0,DEF,BOU,0.0,4.4,83.0,6.0,DEF,BOU,1.0,90.0,4.4,1.0,DEF,BOU,0.0,4.4,0.0,0.0,1406.0,49.0
82,Solanke,FWD,TOT,0.0,7.5,90.0,2.0,FWD,TOT,0.5,7.5,0.0,0.0,FWD,TOT,0.75,7.5,0.0,0.0,FWD,TOT,0.0,7.5,90.0,2.0,FWD,TOT,0.0,7.5,87.0,6.0,FWD,TOT,0.0,7.6,90.0,6.0,FWD,TOT,0.0,7.6,90.0,5.0,FWD,TOT,0.0,7.7,80.0,2.0,FWD,TOT,0.0,7.7,90.0,2.0,FWD,TOT,0.0,7.7,90.0,16.0,FWD,TOT,0.0,7.7,90.0,2.0,FWD,TOT,0.0,7.6,90.0,5.0,FWD,TOT,0.25,7.6,0.0,0.0,FWD,TOT,0.0,7.5,90.0,2.0,FWD,TOT,0.0,7.5,90.0,6.0,FWD,TOT,0.0,7.5,81.0,5.0,FWD,TOT,0.0,7.5,90.0,9.0,FWD,TOT,0.0,7.5,90.0,2.0,FWD,TOT,0.0,7.5,90.0,2.0,FWD,TOT,0.0,7.5,90.0,9.0,FWD,TOT,0.0,7.5,90.0,0.0,FWD,TOT,0.0,0.0,7.5,0.0,FWD,TOT,1.0,7.4,0.0,0.0,FWD,TOT,1.0,7.4,0.0,0.0,FWD,TOT,1.0,7.3,0.0,0.0,FWD,TOT,1.0,7.3,0.0,0.0,FWD,TOT,0.5,7.3,0.0,0.0,FWD,TOT,0.0,7.3,90.0,2.0,FWD,TOT,0.0,7.3,90.0,2.0,FWD,TOT,0.0,7.3,90.0,2.0,FWD,TOT,0.0,7.3,86.0,2.0,FWD,TOT,0.0,74.0,7.3,2.0,FWD,TOT,0.0,7.3,23.0,1.0,FWD,TOT,0.0,67.0,7.3,6.0,FWD,TOT,0.0,7.3,0.0,0.0,2118.0,100.0
83,Tavernier,MID,BOU,0.0,5.5,90.0,2.0,MID,BOU,0.0,5.5,84.0,9.0,MID,BOU,0.0,5.5,90.0,2.0,MID,BOU,0.0,5.5,82.0,3.0,MID,BOU,0.0,5.5,90.0,2.0,MID,BOU,0.0,5.5,75.0,4.0,MID,BOU,0.0,5.5,90.0,2.0,MID,BOU,0.0,5.5,62.0,3.0,MID,BOU,0.0,5.5,26.0,3.0,MID,BOU,0.0,5.5,89.0,2.0,MID,BOU,0.0,5.5,23.0,1.0,MID,BOU,0.0,5.5,90.0,2.0,MID,BOU,0.0,5.5,90.0,5.0,MID,BOU,0.0,5.5,84.0,6.0,MID,BOU,1.0,5.5,73.0,2.0,MID,BOU,1.0,5.5,0.0,0.0,MID,BOU,1.0,5.5,0.0,0.0,MID,BOU,1.0,5.4,0.0,0.0,MID,BOU,1.0,5.4,0.0,0.0,MID,BOU,1.0,5.4,0.0,0.0,MID,BOU,1.0,5.4,0.0,0.0,MID,BOU,1.0,0.0,5.4,0.0,MID,BOU,0.0,5.4,10.0,7.0,MID,BOU,0.0,5.4,24.0,1.0,MID,BOU,0.0,5.4,23.0,5.0,MID,BOU,0.0,5.4,90.0,2.0,MID,BOU,0.0,5.4,45.0,1.0,MID,BOU,0.0,5.4,80.0,7.0,MID,BOU,0.0,5.4,90.0,1.0,MID,BOU,1.0,5.4,0.0,0.0,MID,BOU,0.5,5.4,0.0,0.0,MID,BOU,1.0,25.0,5.4,1.0,MID,BOU,0.0,5.4,29.0,1.0,MID,BOU,1.0,18.0,5.4,1.0,MID,BOU,0.0,5.4,90.0,5.0,1662.0,80.0
84,Travers,GKP,BOU,0.0,4.5,0.0,0.0,GKP,BOU,0.0,4.5,0.0,0.0,GKP,BOU,0.0,4.5,0.0,0.0,GKP,BOU,0.0,4.4,90.0,2.0,GKP,BOU,0.0,4.4,0.0,0.0,GKP,BOU,0.0,4.4,0.0,0.0,GKP,BOU,0.0,4.4,0.0,0.0,GKP,BOU,0.0,4.4,0.0,0.0,GKP,BOU,0.0,4.4,90.0,5.0,GKP,BOU,0.0,4.4,90.0,3.0,GKP,BOU,0.0,4.4,0.0,0.0,GKP,BOU,0.0,4.4,0.0,0.0,GKP,BOU,0.0,4.4,0.0,0.0,GKP,BOU,0.0,4.4,0.0,0.0,GKP,BOU,0.0,4.4,0.0,0.0,GKP,BOU,0.0,4.4,0.0,0.0,GKP,BOU,0.0,4.4,0.0,0.0,GKP,BOU,0.0,4.4,0.0,0.0,GKP,BOU,0.0,4.4,0.0,0.0,GKP,BOU,0.0,4.4,90.0,6.0,GKP,BOU,0.0,4.4,90.0,3.0,GKP,BOU,0.0,0.0,4.4,0.0,GKP,BOU,0.0,4.4,0.0,0.0,GKP,BOU,1.0,4.4,0.0,0.0,GKP,BOU,1.0,4.4,0.0,0.0,GKP,BOU,1.0,4.4,0.0,0.0,GKP,BOU,1.0,4.4,0.0,0.0,GKP,BOU,1.0,4.4,0.0,0.0,GKP,BOU,1.0,4.4,0.0,0.0,GKP,BOU,1.0,4.4,0.0,0.0,GKP,BOU,1.0,4.4,0.0,0.0,GKP,BOU,0.0,0.0,4.4,0.0,GKP,BOU,1.0,4.4,0.0,0.0,GKP,BOU,0.0,0.0,4.4,0.0,GKP,BOU,1.0,4.4,0.0,0.0,450.0,19.0
85,Zabarnyi,DEF,BOU,0.0,4.5,90.0,2.0,DEF,BOU,0.0,4.5,90.0,2.0,DEF,BOU,0.0,4.5,90.0,1.0,DEF,BOU,0.0,4.5,90.0,2.0,DEF,BOU,0.0,4.5,90.0,1.0,DEF,BOU,0.0,4.5,90.0,2.0,DEF,BOU,0.0,4.5,90.0,2.0,DEF,BOU,0.0,4.4,90.0,6.0,DEF,BOU,0.0,4.4,90.0,2.0,DEF,BOU,0.0,4.4,90.0,2.0,DEF,BOU,0.0,4.4,90.0,0.0,DEF,BOU,0.0,4.4,90.0,1.0,DEF,BOU,0.0,4.4,90.0,0.0,DEF,BOU,0.0,4.4,90.0,6.0,DEF,BOU,0.0,4.4,90.0,4.0,DEF,BOU,0.0,4.4,90.0,2.0,DEF,BOU,0.0,4.4,90.0,6.0,DEF,BOU,0.0,4.4,90.0,6.0,DEF,BOU,0.0,4.4,90.0,1.0,DEF,BOU,0.0,4.4,90.0,7.0,DEF,BOU,0.0,4.4,90.0,1.0,DEF,BOU,0.0,90.0,4.4,2.0,DEF,BOU,0.0,4.4,90.0,5.0,DEF,BOU,0.0,4.4,90.0,1.0,DEF,BOU,0.0,4.4,90.0,2.0,DEF,BOU,1.0,4.4,30.0,-2.0,DEF,BOU,1.0,4.4,0.0,0.0,DEF,BOU,0.0,4.4,0.0,0.0,DEF,BOU,0.0,4.4,84.0,1.0,DEF,BOU,0.0,4.4,86.0,1.0,DEF,BOU,0.0,4.4,77.0,1.0,DEF,BOU,0.0,45.0,4.4,1.0,DEF,BOU,0.0,4.4,90.0,9.0,DEF,BOU,0.0,90.0,4.4,2.0,DEF,BOU,0.0,4.4,90.0,2.0,2842.0,81.0
86,Ajer,DEF,BRE,0.0,4.5,90.0,2.0,DEF,BRE,0.0,4.5,90.0,1.0,DEF,BRE,0.25,4.5,38.0,1.0,DEF,BRE,0.0,4.5,71.0,1.0,DEF,BRE,0.0,4.5,78.0,0.0,DEF,BRE,0.0,4.5,90.0,2.0,DEF,BRE,0.0,4.5,90.0,0.0,DEF,BRE,0.0,4.5,90.0,0.0,DEF,BRE,0.25,4.5,0.0,0.0,DEF,BRE,1.0,4.4,0.0,0.0,DEF,BRE,0.5,4.4,0.0,0.0,DEF,BRE,1.0,4.4,0.0,0.0,DEF,BRE,1.0,4.4,0.0,0.0,DEF,BRE,0.5,4.4,0.0,0.0,DEF,BRE,0.0,4.4,0.0,0.0,DEF,BRE,0.0,4.4,14.0,1.0,DEF,BRE,0.25,4.4,66.0,1.0,DEF,BRE,1.0,4.4,0.0,0.0,DEF,BRE,1.0,4.4,0.0,0.0,DEF,BRE,1.0,4.4,0.0,0.0,DEF,BRE,1.0,4.4,0.0,0.0,DEF,BRE,1.0,0.0,4.4,0.0,DEF,BRE,0.0,4.4,0.0,0.0,DEF,BRE,0.0,4.4,75.0,2.0,DEF,BRE,0.0,4.4,90.0,6.0,DEF,BRE,0.0,4.4,83.0,6.0,DEF,BRE,0.0,4.4,80.0,2.0,DEF,BRE,0.0,4.4,90.0,1.0,DEF,BRE,0.0,4.4,71.0,2.0,DEF,BRE,0.0,4.4,7.0,1.0,DEF,BRE,0.0,4.4,82.0,6.0,DEF,BRE,1.0,68.0,4.4,2.0,DEF,BRE,0.0,4.4,24.0,1.0,DEF,BRE,1.0,6.0,4.4,0.0,DEF,BRE,0.0,4.4,9.0,0.0,1402.0,38.0
87,Brierley,MID,BRE,0.0,4.5,0.0,0.0,MID,BRE,0.0,4.5,0.0,0.0,MID,BRE,0.0,4.5,0.0,0.0,MID,BRE,0.0,4.5,0.0,0.0,MID,BRE,0.0,4.5,0.0,0.0,MID,BRE,0.0,4.5,0.0,0.0,MID,BRE,0.0,4.5,0.0,0.0,MID,BRE,0.0,4.5,0.0,0.0,MID,BRE,0.0,4.5,0.0,0.0,MID,BRE,0.0,4.5,0.0,0.0,MID,BRE,0.0,4.5,0.0,0.0,MID,BRE,0.0,4.5,0.0,0.0,MID,BRE,0.0,4.5,0.0,0.0,MID,BRE,0.0,4.5,0.0,0.0,MID,BRE,0.0,4.5,0.0,0.0,MID,BRE,0.0,4.4,0.0,0.0,MID,BRE,0.0,4.4,0.0,0.0,MID,BRE,0.0,4.4,0.0,0.0,MID,BRE,0.0,4.4,0.0,0.0,MID,BRE,0.0,4.4,0.0,0.0,MID,BRE,0.0,4.4,0.0,0.0,MID,BRE,0.0,0.0,4.4,0.0,MID,BRE,0.0,4.4,0.0,0.0,MID,BRE,0.0,4.4,0.0,0.0,MID,BRE,0.0,4.4,0.0,0.0,MID,BRE,0.0,4.4,0.0,0.0,MID,BRE,0.0,4.4,0.0,0.0,MID,BRE,0.0,4.4,0.0,0.0,MID,BRE,0.0,4.4,0.0,0.0,MID,BRE,0.0,4.4,0.0,0.0,MID,BRE,0.0,4.4,0.0,0.0,MID,BRE,0.0,0.0,4.4,0.0,MID,BRE,0.0,4.4,0.0,0.0,MID,BRE,0.0,0.0,4.4,0.0,MID,BRE,0.0,4.4,0.0,0.0,0.0,0.0
88,Collins,DEF,BRE,0.0,4.5,90.0,6.0,DEF,BRE,0.0,4.5,90.0,1.0,DEF,BRE,0.0,4.5,90.0,5.0,DEF,BRE,0.0,4.5,90.0,0.0,DEF,BRE,0.0,4.5,90.0,1.0,DEF,BRE,0.0,4.5,90.0,2.0,DEF,BRE,0.0,4.5,90.0,10.0,DEF,BRE,0.0,4.5,90.0,1.0,DEF,BRE,0.0,4.5,90.0,1.0,DEF,BRE,0.0,4.5,90.0,1.0,DEF,BRE,0.0,4.5,90.0,1.0,DEF,BRE,0.0,4.5,90.0,6.0,DEF,BRE,0.0,4.5,90.0,5.0,DEF,BRE,0.0,4.5,90.0,0.0,DEF,BRE,0.0,4.5,90.0,7.0,DEF,BRE,0.0,4.5,90.0,1.0,DEF,BRE,0.0,4.6,90.0,1.0,DEF,BRE,0.0,4.6,90.0,6.0,DEF,BRE,0.0,4.6,90.0,1.0,DEF,BRE,0.0,4.6,90.0,6.0,DEF,BRE,0.0,4.6,90.0,1.0,DEF,BRE,0.0,90.0,4.6,1.0,DEF,BRE,0.0,4.5,90.0,7.0,DEF,BRE,0.0,4.5,90.0,1.0,DEF,BRE,0.0,4.5,90.0,8.0,DEF,BRE,0.0,4.5,90.0,6.0,DEF,BRE,0.0,4.5,90.0,1.0,DEF,BRE,0.0,4.5,90.0,1.0,DEF,BRE,0.0,4.5,90.0,2.0,DEF,BRE,0.0,4.5,90.0,1.0,DEF,BRE,0.0,4.5,90.0,7.0,DEF,BRE,0.0,90.0,4.5,6.0,DEF,BRE,0.0,4.5,90.0,0.0,DEF,BRE,0.0,90.0,4.5,11.0,DEF,BRE,0.0,4.6,90.0,1.0,3150.0,116.0
89,Damsgaard,MID,BRE,0.0,5.0,16.0,1.0,MID,BRE,0.0,5.0,24.0,1.0,MID,BRE,0.0,5.0,81.0,3.0,MID,BRE,0.0,5.0,83.0,2.0,MID,BRE,0.0,5.0,78.0,2.0,MID,BRE,0.0,5.0,90.0,3.0,MID,BRE,0.0,5.0,90.0,10.0,MID,BRE,0.0,5.0,90.0,5.0,MID,BRE,0.0,5.0,76.0,2.0,MID,BRE,0.0,5.0,71.0,3.0,MID,BRE,0.0,5.0,90.0,8.0,MID,BRE,0.0,5.0,71.0,3.0,MID,BRE,0.0,5.0,69.0,5.0,MID,BRE,0.0,5.0,90.0,9.0,MID,BRE,0.0,5.0,17.0,1.0,MID,BRE,0.0,5.0,62.0,2.0,MID,BRE,0.0,5.0,90.0,1.0,MID,BRE,0.0,5.0,90.0,3.0,MID,BRE,0.0,5.0,74.0,5.0,MID,BRE,0.0,5.0,90.0,6.0,MID,BRE,0.0,5.0,90.0,2.0,MID,BRE,0.0,80.0,5.0,3.0,MID,BRE,0.0,5.0,90.0,7.0,MID,BRE,0.0,5.0,90.0,3.0,MID,BRE,0.0,5.0,90.0,2.0,MID,BRE,0.0,5.1,71.0,10.0,MID,BRE,0.0,5.1,90.0,2.0,MID,BRE,0.0,5.1,90.0,2.0,MID,BRE,0.0,5.1,84.0,2.0,MID,BRE,0.0,5.1,31.0,1.0,MID,BRE,0.0,5.0,82.0,3.0,MID,BRE,0.0,79.0,5.0,2.0,MID,BRE,0.0,5.0,86.0,2.0,MID,BRE,0.0,83.0,4.9,3.0,MID,BRE,0.0,4.9,80.0,5.0,2658.0,124.0
90,Dasilva,MID,BRE,1.0,5.0,0.0,0.0,MID,BRE,1.0,4.9,0.0,0.0,MID,BRE,1.0,4.9,0.0,0.0,MID,BRE,1.0,4.9,0.0,0.0,MID,BRE,1.0,4.9,0.0,0.0,MID,BRE,1.0,4.9,0.0,0.0,MID,BRE,1.0,4.9,0.0,0.0,MID,BRE,1.0,4.8,0.0,0.0,MID,BRE,1.0,4.8,0.0,0.0,MID,BRE,1.0,4.8,0.0,0.0,MID,BRE,1.0,4.8,0.0,0.0,MID,BRE,1.0,4.8,0.0,0.0,MID,BRE,1.0,4.8,0.0,0.0,MID,BRE,1.0,4.8,0.0,0.0,MID,BRE,1.0,4.8,0.0,0.0,MID,BRE,1.0,4.8,0.0,0.0,MID,BRE,1.0,4.8,0.0,0.0,MID,BRE,1.0,4.8,0.0,0.0,MID,BRE,1.0,4.8,0.0,0.0,MID,BRE,1.0,4.8,0.0,0.0,MID,BRE,1.0,4.8,0.0,0.0,MID,BRE,1.0,0.0,4.8,0.0,MID,BRE,1.0,4.8,0.0,0.0,MID,BRE,1.0,4.8,0.0,0.0,MID,BRE,1.0,4.8,0.0,0.0,MID,BRE,1.0,4.8,0.0,0.0,MID,BRE,1.0,4.8,0.0,0.0,MID,BRE,1.0,4.8,0.0,0.0,MID,BRE,1.0,4.8,0.0,0.0,MID,BRE,1.0,4.8,0.0,0.0,MID,BRE,1.0,4.8,0.0,0.0,MID,BRE,1.0,0.0,4.8,0.0,MID,BRE,1.0,4.8,0.0,0.0,MID,BRE,1.0,0.0,4.8,0.0,MID,BRE,1.0,4.8,0.0,0.0,0.0,0.0
91,Flekken,GKP,BRE,0.0,4.5,90.0,4.0,GKP,BRE,0.0,4.5,90.0,3.0,GKP,BRE,0.0,4.5,90.0,3.0,GKP,BRE,0.0,4.5,90.0,2.0,GKP,BRE,0.0,4.5,90.0,3.0,GKP,BRE,0.0,4.5,90.0,2.0,GKP,BRE,0.0,4.5,90.0,2.0,GKP,BRE,0.0,4.5,90.0,4.0,GKP,BRE,0.0,4.5,90.0,1.0,GKP,BRE,0.0,4.5,90.0,4.0,GKP,BRE,0.0,4.5,90.0,1.0,GKP,BRE,0.0,4.5,90.0,9.0,GKP,BRE,0.0,4.5,90.0,2.0,GKP,BRE,0.0,4.5,90.0,3.0,GKP,BRE,0.0,4.5,90.0,3.0,GKP,BRE,0.0,4.5,90.0,3.0,GKP,BRE,0.0,4.5,90.0,2.0,GKP,BRE,0.25,4.5,35.0,3.0,GKP,BRE,0.0,4.5,90.0,1.0,GKP,BRE,0.0,4.4,90.0,6.0,GKP,BRE,0.0,4.4,90.0,3.0,GKP,BRE,0.0,90.0,4.4,3.0,GKP,BRE,0.0,4.4,90.0,3.0,GKP,BRE,0.25,4.4,0.0,0.0,GKP,BRE,0.0,4.4,90.0,10.0,GKP,BRE,0.0,4.4,90.0,7.0,GKP,BRE,0.0,4.4,90.0,3.0,GKP,BRE,0.0,4.4,90.0,3.0,GKP,BRE,0.0,4.4,90.0,3.0,GKP,BRE,0.0,4.4,90.0,1.0,GKP,BRE,0.0,4.4,90.0,10.0,GKP,BRE,0.0,90.0,4.4,2.0,GKP,BRE,0.0,4.4,90.0,1.0,GKP,BRE,0.0,90.0,4.4,13.0,GKP,BRE,0.0,4.4,90.0,1.0,3005.0,124.0
92,Henry,DEF,BRE,0.75,4.5,0.0,0.0,DEF,BRE,0.75,4.4,0.0,0.0,DEF,BRE,0.75,4.4,0.0,0.0,DEF,BRE,1.0,4.4,0.0,0.0,DEF,BRE,1.0,4.4,0.0,0.0,DEF,BRE,1.0,4.4,0.0,0.0,DEF,BRE,0.5,4.3,0.0,0.0,DEF,BRE,1.0,4.3,0.0,0.0,DEF,BRE,0.5,4.3,0.0,0.0,DEF,BRE,1.0,4.3,0.0,0.0,DEF,BRE,0.5,4.3,0.0,0.0,DEF,BRE,1.0,4.3,0.0,0.0,DEF,BRE,1.0,4.3,0.0,0.0,DEF,BRE,1.0,4.3,0.0,0.0,DEF,BRE,1.0,4.3,0.0,0.0,DEF,BRE,1.0,4.3,0.0,0.0,DEF,BRE,1.0,4.3,0.0,0.0,DEF,BRE,1.0,4.3,0.0,0.0,DEF,BRE,1.0,4.3,0.0,0.0,DEF,BRE,1.0,4.3,0.0,0.0,DEF,BRE,0.0,4.3,3.0,1.0,DEF,BRE,0.0,0.0,4.3,0.0,DEF,BRE,0.25,4.3,0.0,0.0,DEF,BRE,1.0,4.3,0.0,0.0,DEF,BRE,1.0,4.3,0.0,0.0,DEF,BRE,1.0,4.3,0.0,0.0,DEF,BRE,1.0,4.3,0.0,0.0,DEF,BRE,0.75,4.3,0.0,0.0,DEF,BRE,0.75,4.3,0.0,0.0,DEF,BRE,0.25,4.3,0.0,0.0,DEF,BRE,0.0,4.3,0.0,0.0,DEF,BRE,0.0,0.0,4.3,0.0,DEF,BRE,0.0,4.3,14.0,1.0,DEF,BRE,0.0,45.0,4.3,1.0,DEF,BRE,0.0,4.3,18.0,0.0,80.0,3.0
93,Hickey,DEF,BRE,1.0,4.5,0.0,0.0,DEF,BRE,1.0,4.5,0.0,0.0,DEF,BRE,1.0,4.4,0.0,0.0,DEF,BRE,1.0,4.4,0.0,0.0,DEF,BRE,1.0,4.4,0.0,0.0,DEF,BRE,1.0,4.4,0.0,0.0,DEF,BRE,1.0,4.4,0.0,0.0,DEF,BRE,1.0,4.4,0.0,0.0,DEF,BRE,1.0,4.4,0.0,0.0,DEF,BRE,1.0,4.3,0.0,0.0,DEF,BRE,1.0,4.3,0.0,0.0,DEF,BRE,1.0,4.3,0.0,0.0,DEF,BRE,1.0,4.3,0.0,0.0,DEF,BRE,1.0,4.3,0.0,0.0,DEF,BRE,1.0,4.3,0.0,0.0,DEF,BRE,1.0,4.3,0.0,0.0,DEF,BRE,1.0,4.3,0.0,0.0,DEF,BRE,1.0,4.3,0.0,0.0,DEF,BRE,1.0,4.3,0.0,0.0,DEF,BRE,1.0,4.3,0.0,0.0,DEF,BRE,1.0,4.3,0.0,0.0,DEF,BRE,1.0,0.0,4.3,0.0,DEF,BRE,1.0,4.3,0.0,0.0,DEF,BRE,1.0,4.3,0.0,0.0,DEF,BRE,1.0,4.3,0.0,0.0,DEF,BRE,1.0,4.3,0.0,0.0,DEF,BRE,1.0,4.3,0.0,0.0,DEF,BRE,1.0,4.3,0.0,0.0,DEF,BRE,0.75,4.3,0.0,0.0,DEF,BRE,1.0,4.3,0.0,0.0,DEF,BRE,0.5,4.3,0.0,0.0,DEF,BRE,1.0,0.0,4.3,0.0,DEF,BRE,0.5,4.3,0.0,0.0,DEF,BRE,1.0,0.0,4.3,0.0,DEF,BRE,1.0,4.3,0.0,0.0,0.0,0.0
94,Janelt,MID,BRE,0.0,5.0,73.0,2.0,MID,BRE,0.0,5.0,72.0,2.0,MID,BRE,0.0,4.9,74.0,3.0,MID,BRE,0.0,4.9,71.0,2.0,MID,BRE,0.0,4.9,90.0,2.0,MID,BRE,0.0,4.9,90.0,2.0,MID,BRE,0.0,4.9,90.0,4.0,MID,BRE,0.0,4.9,74.0,2.0,MID,BRE,0.0,4.9,90.0,5.0,MID,BRE,0.0,4.9,90.0,9.0,MID,BRE,0.0,4.9,90.0,5.0,MID,BRE,0.0,4.9,85.0,3.0,MID,BRE,0.0,4.9,48.0,1.0,MID,BRE,0.0,4.9,90.0,2.0,MID,BRE,0.25,4.9,0.0,0.0,MID,BRE,0.0,4.9,27.0,0.0,MID,BRE,0.0,4.9,66.0,2.0,MID,BRE,0.0,4.9,90.0,3.0,MID,BRE,0.0,4.9,90.0,2.0,MID,BRE,0.0,4.9,19.0,1.0,MID,BRE,0.0,4.9,78.0,2.0,MID,BRE,0.0,65.0,4.9,3.0,MID,BRE,0.0,4.9,90.0,1.0,MID,BRE,0.0,4.9,65.0,0.0,MID,BRE,0.0,4.9,74.0,3.0,MID,BRE,0.0,4.9,72.0,3.0,MID,BRE,0.0,4.9,90.0,2.0,MID,BRE,0.0,4.9,74.0,2.0,MID,BRE,0.0,4.9,71.0,0.0,MID,BRE,0.0,4.8,58.0,1.0,MID,BRE,0.0,4.8,24.0,1.0,MID,BRE,0.0,68.0,4.8,2.0,MID,BRE,0.0,4.8,3.0,1.0,MID,BRE,0.0,0.0,4.8,0.0,MID,BRE,1.0,4.8,0.0,0.0,2251.0,73.0
95,Jensen,MID,BRE,0.0,5.5,83.0,2.0,MID,BRE,0.0,5.5,65.0,1.0,MID,BRE,0.0,5.5,90.0,6.0,MID,BRE,1.0,5.5,0.0,0.0,MID,BRE,1.0,5.4,0.0,0.0,MID,BRE,1.0,5.4,0.0,0.0,MID,BRE,0.5,5.3,0.0,0.0,MID,BRE,0.5,5.3,0.0,0.0,MID,BRE,0.0,5.3,12.0,1.0,MID,BRE,0.0,5.3,18.0,1.0,MID,BRE,0.0,5.3,78.0,2.0,MID,BRE,0.0,5.3,90.0,3.0,MID,BRE,0.25,5.3,41.0,1.0,MID,BRE,1.0,5.3,0.0,0.0,MID,BRE,0.5,5.3,0.0,0.0,MID,BRE,1.0,5.3,0.0,0.0,MID,BRE,1.0,5.3,0.0,0.0,MID,BRE,1.0,5.3,0.0,0.0,MID,BRE,0.0,5.3,15.0,1.0,MID,BRE,0.0,5.3,70.0,3.0,MID,BRE,0.0,5.3,67.0,2.0,MID,BRE,0.0,9.0,5.3,1.0,MID,BRE,0.0,5.3,36.0,1.0,MID,BRE,0.0,5.3,24.0,1.0,MID,BRE,0.0,5.3,15.0,1.0,MID,BRE,1.0,5.3,0.0,0.0,MID,BRE,0.5,5.3,0.0,0.0,MID,BRE,0.0,5.3,15.0,1.0,MID,BRE,0.0,5.3,0.0,0.0,MID,BRE,0.25,5.3,0.0,0.0,MID,BRE,0.0,5.3,7.0,1.0,MID,BRE,0.0,10.0,5.3,1.0,MID,BRE,0.0,5.3,14.0,3.0,MID,BRE,0.0,22.0,5.3,1.0,MID,BRE,0.0,5.3,22.0,1.0,803.0,35.0
96,Ji-soo,DEF,BRE,0.0,4.0,0.0,0.0,DEF,BRE,0.0,4.0,0.0,0.0,DEF,BRE,0.0,4.0,0.0,0.0,DEF,BRE,0.0,4.0,0.0,0.0,DEF,BRE,0.0,4.0,0.0,0.0,DEF,BRE,0.0,4.0,0.0,0.0,DEF,BRE,0.0,4.0,0.0,0.0,DEF,BRE,0.0,3.9,0.0,0.0,DEF,BRE,0.0,3.9,0.0,0.0,DEF,BRE,0.0,3.9,0.0,0.0,DEF,BRE,0.0,3.9,0.0,0.0,DEF,BRE,0.0,3.9,0.0,0.0,DEF,BRE,0.0,3.9,0.0,0.0,DEF,BRE,0.0,3.9,0.0,0.0,DEF,BRE,0.0,3.9,0.0,0.0,DEF,BRE,0.0,3.9,0.0,0.0,DEF,BRE,0.0,3.9,0.0,0.0,DEF,BRE,0.0,3.9,12.0,1.0,DEF,BRE,0.0,3.9,15.0,1.0,DEF,BRE,0.0,3.9,0.0,0.0,DEF,BRE,0.0,3.9,0.0,0.0,DEF,BRE,0.0,0.0,3.9,0.0,DEF,BRE,0.0,3.9,0.0,0.0,DEF,BRE,0.0,3.9,0.0,0.0,DEF,BRE,0.0,3.9,0.0,0.0,DEF,BRE,0.0,3.9,0.0,0.0,DEF,BRE,0.0,3.9,0.0,0.0,DEF,BRE,0.0,3.9,1.0,1.0,DEF,BRE,0.0,3.9,0.0,0.0,DEF,BRE,0.0,3.9,0.0,0.0,DEF,BRE,0.0,3.9,0.0,0.0,DEF,BRE,0.0,0.0,3.9,0.0,DEF,BRE,0.0,3.9,0.0,0.0,DEF,BRE,0.0,0.0,3.9,0.0,DEF,BRE,0.0,3.9,0.0,0.0,28.0,3.0
97,Konak,MID,BRE,0.0,4.5,0.0,0.0,MID,BRE,0.0,4.5,0.0,0.0,MID,BRE,0.0,4.5,0.0,0.0,MID,BRE,0.0,4.5,0.0,0.0,MID,BRE,0.0,4.5,11.0,1.0,MID,BRE,0.0,4.5,5.0,1.0,MID,BRE,0.0,4.5,1.0,1.0,MID,BRE,0.0,4.5,0.0,0.0,MID,BRE,0.0,4.5,0.0,0.0,MID,BRE,0.0,4.5,0.0,0.0,MID,BRE,0.0,4.5,1.0,1.0,MID,BRE,0.0,4.5,0.0,0.0,MID,BRE,0.0,4.5,0.0,0.0,MID,BRE,0.0,4.5,0.0,0.0,MID,BRE,0.0,4.5,0.0,0.0,MID,BRE,0.0,4.5,0.0,0.0,MID,BRE,0.0,4.5,1.0,1.0,MID,BRE,0.0,4.5,0.0,0.0,MID,BRE,0.0,4.5,0.0,0.0,MID,BRE,0.0,4.5,0.0,0.0,MID,BRE,0.0,4.5,0.0,0.0,MID,BRE,0.0,0.0,4.5,0.0,MID,BRE,0.0,4.4,0.0,0.0,MID,BRE,0.0,4.4,0.0,0.0,MID,BRE,0.0,4.4,0.0,0.0,MID,BRE,0.0,4.4,3.0,1.0,MID,BRE,0.0,4.4,0.0,0.0,MID,BRE,0.0,4.4,0.0,0.0,MID,BRE,0.0,4.4,5.0,1.0,MID,BRE,0.0,4.4,0.0,0.0,MID,BRE,0.0,4.4,0.0,0.0,MID,BRE,0.0,0.0,4.4,0.0,MID,BRE,0.0,4.4,19.0,1.0,MID,BRE,0.0,6.0,4.4,1.0,MID,BRE,0.0,4.4,0.0,0.0,52.0,9.0
98,Lewis-Potter,MID,BRE,0.0,5.0,16.0,1.0,MID,BRE,0.0,5.0,65.0,2.0,MID,BRE,0.0,5.0,15.0,1.0,MID,BRE,0.0,5.0,90.0,2.0,MID,BRE,0.0,5.0,90.0,5.0,MID,BRE,0.0,5.0,90.0,1.0,MID,BRE,0.0,5.0,90.0,5.0,MID,BRE,0.0,5.0,65.0,2.0,MID,BRE,0.0,5.0,80.0,5.0,MID,BRE,0.0,5.0,72.0,3.0,MID,BRE,0.0,5.0,90.0,2.0,MID,BRE,0.0,5.0,90.0,3.0,MID,BRE,0.0,5.0,90.0,1.0,MID,BRE,0.0,5.0,79.0,2.0,MID,BRE,0.0,5.0,90.0,1.0,MID,BRE,0.0,5.0,85.0,2.0,MID,BRE,0.0,5.0,90.0,2.0,MID,BRE,0.0,5.0,90.0,3.0,MID,BRE,0.0,5.0,90.0,2.0,MID,BRE,0.0,5.0,90.0,8.0,MID,BRE,0.0,5.0,90.0,5.0,MID,BRE,0.0,90.0,5.0,2.0,MID,BRE,0.0,5.0,90.0,1.0,MID,BRE,0.0,5.0,90.0,2.0,MID,BRE,0.0,5.0,90.0,3.0,MID,BRE,0.0,5.0,90.0,3.0,MID,BRE,0.0,5.0,90.0,2.0,MID,BRE,0.0,5.0,90.0,2.0,MID,BRE,0.0,5.0,90.0,2.0,MID,BRE,0.0,5.0,90.0,1.0,MID,BRE,0.0,5.0,90.0,3.0,MID,BRE,0.0,90.0,5.0,2.0,MID,BRE,0.0,5.0,75.0,5.0,MID,BRE,0.0,45.0,5.0,0.0,MID,BRE,0.0,5.0,80.0,2.0,2837.0,88.0
99,Mbeumo,MID,BRE,0.0,7.0,89.0,9.0,MID,BRE,0.0,7.0,90.0,1.0,MID,BRE,0.0,7.1,90.0,14.0,MID,BRE,0.0,7.1,90.0,2.0,MID,BRE,0.0,7.2,90.0,8.0,MID,BRE,0.0,7.4,90.0,9.0,MID,BRE,0.0,7.5,90.0,8.0,MID,BRE,0.0,7.6,90.0,2.0,MID,BRE,0.0,7.7,90.0,15.0,MID,BRE,0.0,7.9,86.0,3.0,MID,BRE,0.25,7.9,90.0,5.0,MID,BRE,0.0,7.9,90.0,3.0,MID,BRE,0.0,7.8,90.0,2.0,MID,BRE,0.0,7.7,90.0,2.0,MID,BRE,0.0,7.6,90.0,13.0,MID,BRE,0.0,7.6,90.0,9.0,MID,BRE,0.0,7.6,90.0,2.0,MID,BRE,0.0,7.6,90.0,3.0,MID,BRE,0.0,7.7,90.0,7.0,MID,BRE,0.0,7.8,90.0,19.0,MID,BRE,0.0,7.8,90.0,2.0,MID,BRE,0.0,90.0,7.8,2.0,MID,BRE,0.0,7.8,90.0,7.0,MID,BRE,0.0,7.9,90.0,2.0,MID,BRE,0.0,7.9,90.0,3.0,MID,BRE,0.0,8.0,90.0,14.0,MID,BRE,0.0,8.0,90.0,5.0,MID,BRE,0.0,8.1,90.0,2.0,MID,BRE,0.0,8.1,90.0,6.0,MID,BRE,0.0,8.1,90.0,8.0,MID,BRE,0.0,8.0,90.0,3.0,MID,BRE,0.0,90.0,8.0,2.0,MID,BRE,0.0,8.0,90.0,18.0,MID,BRE,0.0,90.0,8.0,2.0,MID,BRE,0.0,8.2,90.0,5.0,3145.0,217.0
100,Mee,DEF,BRE,0.0,4.5,1.0,1.0,DEF,BRE,0.0,4.5,0.0,0.0,DEF,BRE,0.0,4.4,0.0,0.0,DEF,BRE,0.0,4.4,0.0,0.0,DEF,BRE,0.0,4.4,0.0,0.0,DEF,BRE,0.0,4.3,0.0,0.0,DEF,BRE,0.0,4.3,0.0,0.0,DEF,BRE,0.0,4.3,0.0,0.0,DEF,BRE,0.0,4.3,0.0,0.0,DEF,BRE,0.0,4.2,3.0,0.0,DEF,BRE,0.0,4.2,0.0,0.0,DEF,BRE,0.0,4.2,0.0,0.0,DEF,BRE,0.0,4.2,0.0,0.0,DEF,BRE,0.0,4.2,0.0,0.0,DEF,BRE,0.0,4.2,3.0,1.0,DEF,BRE,0.0,4.2,0.0,0.0,DEF,BRE,0.0,4.2,90.0,0.0,DEF,BRE,0.0,4.2,77.0,5.0,DEF,BRE,0.25,4.2,0.0,0.0,DEF,BRE,1.0,4.2,0.0,0.0,DEF,BRE,0.0,4.2,0.0,0.0,DEF,BRE,0.0,0.0,4.2,0.0,DEF,BRE,0.0,4.2,1.0,1.0,DEF,BRE,0.0,4.2,0.0,0.0,DEF,BRE,0.0,4.2,0.0,0.0,DEF,BRE,0.0,4.2,0.0,0.0,DEF,BRE,0.0,4.2,0.0,0.0,DEF,BRE,0.0,4.2,0.0,0.0,DEF,BRE,0.0,4.2,5.0,1.0,DEF,BRE,0.0,4.2,0.0,0.0,DEF,BRE,0.0,4.2,0.0,0.0,DEF,BRE,0.0,0.0,4.2,0.0,DEF,BRE,0.0,4.2,0.0,0.0,DEF,BRE,0.0,0.0,4.2,0.0,DEF,BRE,0.0,4.2,0.0,0.0,180.0,9.0
101,Nørgaard,MID,BRE,0.0,5.0,90.0,2.0,MID,BRE,0.0,5.0,90.0,1.0,MID,BRE,0.0,5.0,90.0,2.0,MID,BRE,0.0,5.0,90.0,2.0,MID,BRE,0.25,4.9,0.0,0.0,MID,BRE,0.25,4.9,0.0,0.0,MID,BRE,0.0,4.8,76.0,7.0,MID,BRE,0.0,4.8,90.0,1.0,MID,BRE,0.0,4.8,77.0,2.0,MID,BRE,0.0,4.8,90.0,5.0,MID,BRE,0.0,4.8,82.0,2.0,MID,BRE,0.0,4.8,40.0,-2.0,MID,BRE,0.0,4.8,69.0,2.0,MID,BRE,0.25,4.8,0.0,0.0,MID,BRE,0.0,4.8,90.0,5.0,MID,BRE,0.0,4.8,90.0,2.0,MID,BRE,0.0,4.8,90.0,2.0,MID,BRE,0.0,4.8,71.0,3.0,MID,BRE,0.0,4.8,74.0,1.0,MID,BRE,0.0,4.8,80.0,3.0,MID,BRE,0.0,4.8,90.0,8.0,MID,BRE,0.0,90.0,4.8,1.0,MID,BRE,0.25,4.8,53.0,1.0,MID,BRE,0.0,4.8,83.0,2.0,MID,BRE,0.0,4.8,90.0,3.0,MID,BRE,0.25,4.8,45.0,6.0,MID,BRE,0.25,4.8,0.0,0.0,MID,BRE,0.0,4.8,90.0,2.0,MID,BRE,0.0,4.8,90.0,10.0,MID,BRE,0.0,4.8,90.0,2.0,MID,BRE,0.0,4.8,90.0,3.0,MID,BRE,0.0,90.0,4.8,1.0,MID,BRE,0.0,4.8,90.0,7.0,MID,BRE,0.0,90.0,4.8,2.0,MID,BRE,0.0,4.8,90.0,5.0,2550.0,93.0
102,Onyeka,MID,BRE,0.0,5.0,6.0,1.0,MID,BRE,0.0,5.0,17.0,1.0,MID,BRE,1.0,4.9,0.0,0.0,MID,BRE,1.0,4.9,0.0,0.0,MID,BRE,1.0,4.9,0.0,0.0,MID,BRE,1.0,4.9,0.0,0.0,MID,BRE,1.0,4.9,0.0,0.0,MID,BRE,1.0,4.9,0.0,0.0,MID,BRE,1.0,4.9,0.0,0.0,MID,BRE,1.0,4.9,0.0,0.0,MID,BRE,1.0,4.9,0.0,0.0,MID,BRE,1.0,4.9,0.0,0.0,MID,BRE,1.0,4.9,0.0,0.0,MID,BRE,1.0,4.9,0.0,0.0,MID,BRE,1.0,4.9,0.0,0.0,MID,BRE,1.0,4.9,0.0,0.0,MID,BRE,1.0,4.9,0.0,0.0,MID,BRE,1.0,4.9,0.0,0.0,MID,BRE,1.0,4.9,0.0,0.0,MID,BRE,1.0,4.9,0.0,0.0,MID,BRE,1.0,4.9,0.0,0.0,MID,BRE,1.0,0.0,4.9,0.0,MID,BRE,1.0,4.9,0.0,0.0,MID,BRE,1.0,4.9,0.0,0.0,MID,BRE,1.0,4.9,0.0,0.0,MID,BRE,1.0,4.9,0.0,0.0,MID,BRE,1.0,4.9,0.0,0.0,MID,BRE,1.0,4.9,0.0,0.0,MID,BRE,1.0,4.9,0.0,0.0,MID,BRE,1.0,4.9,0.0,0.0,MID,BRE,1.0,4.9,0.0,0.0,MID,BRE,1.0,0.0,4.9,0.0,MID,BRE,1.0,4.9,0.0,0.0,MID,BRE,1.0,0.0,4.9,0.0,MID,BRE,1.0,4.9,0.0,0.0,23.0,2.0
103,Peart-Harris,MID,BRE,0.0,4.5,0.0,0.0,MID,BRE,0.0,4.5,0.0,0.0,MID,BRE,1.0,4.5,0.0,0.0,MID,BRE,1.0,4.5,0.0,0.0,MID,BRE,1.0,4.5,0.0,0.0,MID,BRE,1.0,4.5,0.0,0.0,MID,BRE,1.0,4.5,0.0,0.0,MID,BRE,1.0,4.5,0.0,0.0,MID,BRE,1.0,4.5,0.0,0.0,MID,BRE,1.0,4.5,0.0,0.0,MID,BRE,1.0,4.5,0.0,0.0,MID,BRE,1.0,4.5,0.0,0.0,MID,BRE,1.0,4.5,0.0,0.0,MID,BRE,1.0,4.5,0.0,0.0,MID,BRE,1.0,4.5,0.0,0.0,MID,BRE,1.0,4.5,0.0,0.0,MID,BRE,1.0,4.5,0.0,0.0,MID,BRE,1.0,4.5,0.0,0.0,MID,BRE,1.0,4.5,0.0,0.0,MID,BRE,1.0,4.5,0.0,0.0,MID,BRE,1.0,4.5,0.0,0.0,MID,BRE,1.0,0.0,4.5,0.0,MID,BRE,1.0,4.5,0.0,0.0,MID,BRE,1.0,4.5,0.0,0.0,MID,BRE,1.0,4.5,0.0,0.0,MID,BRE,1.0,4.5,0.0,0.0,MID,BRE,1.0,4.5,0.0,0.0,MID,BRE,1.0,4.5,0.0,0.0,MID,BRE,1.0,4.5,0.0,0.0,MID,BRE,1.0,4.5,0.0,0.0,MID,BRE,1.0,4.5,0.0,0.0,MID,BRE,1.0,0.0,4.5,0.0,MID,BRE,1.0,4.5,0.0,0.0,MID,BRE,1.0,0.0,4.5,0.0,MID,BRE,1.0,4.5,0.0,0.0,0.0,0.0
104,Pinnock,DEF,BRE,0.0,4.5,90.0,0.0,DEF,BRE,0.0,4.5,90.0,1.0,DEF,BRE,0.0,4.5,90.0,1.0,DEF,BRE,0.0,4.5,90.0,1.0,DEF,BRE,0.0,4.5,90.0,1.0,DEF,BRE,0.0,4.5,90.0,2.0,DEF,BRE,0.0,4.5,90.0,7.0,DEF,BRE,0.0,4.5,90.0,7.0,DEF,BRE,0.0,4.5,90.0,1.0,DEF,BRE,0.0,4.5,90.0,1.0,DEF,BRE,0.0,4.5,90.0,1.0,DEF,BRE,0.0,4.5,90.0,6.0,DEF,BRE,0.0,4.5,90.0,2.0,DEF,BRE,0.0,4.5,90.0,0.0,DEF,BRE,0.0,4.5,90.0,1.0,DEF,BRE,0.25,4.5,90.0,1.0,DEF,BRE,0.75,4.5,0.0,0.0,DEF,BRE,1.0,4.5,0.0,0.0,DEF,BRE,1.0,4.5,0.0,0.0,DEF,BRE,1.0,4.4,0.0,0.0,DEF,BRE,1.0,4.4,0.0,0.0,DEF,BRE,1.0,0.0,4.4,0.0,DEF,BRE,1.0,4.4,0.0,0.0,DEF,BRE,0.0,4.4,0.0,0.0,DEF,BRE,0.0,4.4,30.0,1.0,DEF,BRE,0.0,4.4,90.0,6.0,DEF,BRE,0.0,4.4,90.0,2.0,DEF,BRE,0.0,4.4,90.0,2.0,DEF,BRE,0.0,4.4,90.0,2.0,DEF,BRE,0.0,4.4,82.0,1.0,DEF,BRE,0.0,4.4,0.0,0.0,DEF,BRE,1.0,0.0,4.4,0.0,DEF,BRE,0.0,4.4,0.0,0.0,DEF,BRE,1.0,0.0,4.4,0.0,DEF,BRE,0.0,4.4,0.0,0.0,1912.0,47.0
105,Roerslev,DEF,BRE,0.0,4.5,90.0,2.0,DEF,BRE,0.0,4.5,90.0,1.0,DEF,BRE,0.0,4.5,51.0,1.0,DEF,BRE,0.0,4.5,18.0,1.0,DEF,BRE,0.0,4.5,11.0,1.0,DEF,BRE,0.0,4.4,0.0,0.0,DEF,BRE,0.0,4.4,1.0,1.0,DEF,BRE,0.0,4.4,3.0,1.0,DEF,BRE,0.0,4.4,90.0,4.0,DEF,BRE,0.0,4.4,90.0,0.0,DEF,BRE,0.0,4.4,0.0,0.0,DEF,BRE,0.0,4.4,0.0,0.0,DEF,BRE,0.0,4.4,7.0,1.0,DEF,BRE,0.0,4.3,10.0,1.0,DEF,BRE,0.0,4.3,0.0,0.0,DEF,BRE,0.0,4.3,75.0,2.0,DEF,BRE,0.25,4.3,28.0,1.0,DEF,BRE,0.0,4.3,90.0,6.0,DEF,BRE,0.0,4.3,90.0,1.0,DEF,BRE,0.0,4.3,90.0,6.0,DEF,BRE,0.0,4.3,86.0,4.0,DEF,BRE,0.0,90.0,4.3,0.0,DEF,BRE,0.0,4.3,90.0,2.0,DEF,BRE,1.0,4.3,0.0,0.0,DEF,BRE,1.0,4.3,0.0,0.0,DEF,BRE,1.0,4.3,0.0,0.0,DEF,BRE,1.0,4.3,0.0,0.0,DEF,BRE,1.0,4.3,0.0,0.0,DEF,BRE,1.0,4.3,0.0,0.0,DEF,BRE,1.0,4.3,0.0,0.0,DEF,BRE,1.0,4.3,0.0,0.0,DEF,BRE,0.0,0.0,4.3,0.0,DEF,BRE,1.0,4.3,0.0,0.0,DEF,BRE,0.0,0.0,4.3,0.0,DEF,BRE,1.0,4.3,0.0,0.0,1100.0,36.0
106,Schade,MID,BRE,0.0,5.5,73.0,2.0,MID,BRE,0.0,5.5,17.0,1.0,MID,BRE,0.0,5.5,74.0,6.0,MID,BRE,0.0,5.4,45.0,1.0,MID,BRE,0.0,5.4,27.0,1.0,MID,BRE,0.0,5.4,59.0,1.0,MID,BRE,0.0,5.3,76.0,2.0,MID,BRE,0.0,5.3,73.0,2.0,MID,BRE,0.0,5.3,13.0,1.0,MID,BRE,0.0,5.2,18.0,1.0,MID,BRE,0.0,5.1,7.0,0.0,MID,BRE,0.0,5.1,18.0,1.0,MID,BRE,0.0,5.1,69.0,23.0,MID,BRE,0.0,5.1,69.0,5.0,MID,BRE,0.0,5.1,17.0,6.0,MID,BRE,0.0,5.1,14.0,3.0,MID,BRE,0.0,5.1,80.0,2.0,MID,BRE,0.0,5.1,90.0,3.0,MID,BRE,0.0,5.1,15.0,1.0,MID,BRE,0.0,5.1,80.0,8.0,MID,BRE,0.0,5.1,22.0,1.0,MID,BRE,0.0,24.0,5.1,1.0,MID,BRE,0.25,5.1,83.0,11.0,MID,BRE,0.0,5.1,90.0,2.0,MID,BRE,0.0,5.1,74.0,9.0,MID,BRE,0.0,5.1,86.0,3.0,MID,BRE,0.0,5.1,75.0,3.0,MID,BRE,0.0,5.1,90.0,2.0,MID,BRE,0.0,5.1,84.0,2.0,MID,BRE,0.0,5.1,90.0,2.0,MID,BRE,0.0,5.1,90.0,3.0,MID,BRE,0.0,90.0,5.1,1.0,MID,BRE,0.0,5.1,86.0,2.0,MID,BRE,0.0,67.0,5.1,8.0,MID,BRE,0.0,5.2,71.0,14.0,2056.0,134.0
107,Thiago,FWD,BRE,1.0,6.0,0.0,0.0,FWD,BRE,1.0,6.0,0.0,0.0,FWD,BRE,1.0,5.9,0.0,0.0,FWD,BRE,1.0,5.9,0.0,0.0,FWD,BRE,1.0,5.9,0.0,0.0,FWD,BRE,1.0,5.9,0.0,0.0,FWD,BRE,1.0,5.9,0.0,0.0,FWD,BRE,1.0,5.9,0.0,0.0,FWD,BRE,1.0,5.9,0.0,0.0,FWD,BRE,1.0,5.9,0.0,0.0,FWD,BRE,0.5,5.9,0.0,0.0,FWD,BRE,0.0,5.9,18.0,1.0,FWD,BRE,0.0,5.9,20.0,1.0,FWD,BRE,0.0,5.9,19.0,1.0,FWD,BRE,0.0,5.9,72.0,2.0,FWD,BRE,0.25,5.9,0.0,0.0,FWD,BRE,0.75,5.9,0.0,0.0,FWD,BRE,1.0,5.9,0.0,0.0,FWD,BRE,1.0,5.9,0.0,0.0,FWD,BRE,1.0,5.9,0.0,0.0,FWD,BRE,1.0,5.9,0.0,0.0,FWD,BRE,1.0,0.0,5.9,0.0,FWD,BRE,1.0,5.9,0.0,0.0,FWD,BRE,1.0,5.9,0.0,0.0,FWD,BRE,1.0,5.9,0.0,0.0,FWD,BRE,1.0,5.9,0.0,0.0,FWD,BRE,1.0,5.9,0.0,0.0,FWD,BRE,1.0,5.9,0.0,0.0,FWD,BRE,1.0,5.9,0.0,0.0,FWD,BRE,1.0,5.9,0.0,0.0,FWD,BRE,1.0,5.9,0.0,0.0,FWD,BRE,1.0,0.0,5.9,0.0,FWD,BRE,0.5,5.9,0.0,0.0,FWD,BRE,1.0,0.0,5.9,0.0,FWD,BRE,0.0,5.9,9.0,1.0,138.0,6.0
108,Toney,FWD,BRE,0.0,7.5,0.0,0.0,FWD,BRE,0.0,7.4,0.0,0.0,FWD,BRE,1.0,7.3,0.0,0.0,FWD,BRE,1.0,7.3,0.0,0.0,FWD,BRE,1.0,7.3,0.0,0.0,FWD,BRE,1.0,7.3,0.0,0.0,FWD,BRE,1.0,7.3,0.0,0.0,FWD,BRE,1.0,7.3,0.0,0.0,FWD,BRE,1.0,7.3,0.0,0.0,FWD,BRE,1.0,7.3,0.0,0.0,FWD,BRE,1.0,7.3,0.0,0.0,FWD,BRE,1.0,7.3,0.0,0.0,FWD,BRE,1.0,7.3,0.0,0.0,FWD,BRE,1.0,7.3,0.0,0.0,FWD,BRE,1.0,7.3,0.0,0.0,FWD,BRE,1.0,7.3,0.0,0.0,FWD,BRE,1.0,7.3,0.0,0.0,FWD,BRE,1.0,7.3,0.0,0.0,FWD,BRE,1.0,7.3,0.0,0.0,FWD,BRE,1.0,7.3,0.0,0.0,FWD,BRE,1.0,7.3,0.0,0.0,FWD,BRE,1.0,0.0,7.3,0.0,FWD,BRE,1.0,7.3,0.0,0.0,FWD,BRE,1.0,7.3,0.0,0.0,FWD,BRE,1.0,7.3,0.0,0.0,FWD,BRE,1.0,7.3,0.0,0.0,FWD,BRE,1.0,7.3,0.0,0.0,FWD,BRE,1.0,7.3,0.0,0.0,FWD,BRE,1.0,7.3,0.0,0.0,FWD,BRE,1.0,7.3,0.0,0.0,FWD,BRE,1.0,7.3,0.0,0.0,FWD,BRE,1.0,0.0,7.3,0.0,FWD,BRE,1.0,7.3,0.0,0.0,FWD,BRE,1.0,0.0,7.3,0.0,FWD,BRE,1.0,7.3,0.0,0.0,0.0,0.0
109,Valdimarsson,GKP,BRE,0.0,4.0,0.0,0.0,GKP,BRE,0.0,4.0,0.0,0.0,GKP,BRE,0.0,4.0,0.0,0.0,GKP,BRE,0.0,4.0,0.0,0.0,GKP,BRE,0.0,4.0,0.0,0.0,GKP,BRE,0.0,4.0,0.0,0.0,GKP,BRE,0.0,4.0,0.0,0.0,GKP,BRE,0.0,4.0,0.0,0.0,GKP,BRE,0.0,4.0,0.0,0.0,GKP,BRE,0.0,4.0,0.0,0.0,GKP,BRE,0.0,4.0,0.0,0.0,GKP,BRE,0.0,4.0,0.0,0.0,GKP,BRE,0.0,4.0,0.0,0.0,GKP,BRE,0.0,4.0,0.0,0.0,GKP,BRE,0.0,4.0,0.0,0.0,GKP,BRE,0.0,3.9,0.0,0.0,GKP,BRE,0.0,3.9,0.0,0.0,GKP,BRE,0.0,3.9,54.0,1.0,GKP,BRE,0.0,3.9,0.0,0.0,GKP,BRE,0.0,3.9,0.0,0.0,GKP,BRE,0.0,3.9,0.0,0.0,GKP,BRE,0.0,0.0,3.9,0.0,GKP,BRE,0.0,3.9,0.0,0.0,GKP,BRE,0.0,3.9,90.0,1.0,GKP,BRE,0.0,3.9,0.0,0.0,GKP,BRE,0.0,3.9,0.0,0.0,GKP,BRE,0.0,3.9,0.0,0.0,GKP,BRE,0.0,3.9,0.0,0.0,GKP,BRE,0.0,3.9,0.0,0.0,GKP,BRE,0.0,3.9,0.0,0.0,GKP,BRE,0.0,3.9,0.0,0.0,GKP,BRE,0.0,0.0,3.9,0.0,GKP,BRE,0.0,3.9,0.0,0.0,GKP,BRE,0.0,0.0,3.9,0.0,GKP,BRE,0.0,3.9,0.0,0.0,144.0,2.0
110,Wissa,FWD,BRE,0.0,6.0,83.0,11.0,FWD,BRE,0.0,6.0,72.0,2.0,FWD,BRE,0.0,6.1,90.0,8.0,FWD,BRE,0.25,6.1,45.0,7.0,FWD,BRE,1.0,6.0,0.0,0.0,FWD,BRE,1.0,6.0,0.0,0.0,FWD,BRE,1.0,5.9,0.0,0.0,FWD,BRE,0.0,5.9,24.0,1.0,FWD,BRE,0.0,5.9,90.0,10.0,FWD,BRE,0.0,6.0,71.0,2.0,FWD,BRE,0.25,6.1,90.0,13.0,FWD,BRE,0.0,6.1,71.0,2.0,FWD,BRE,0.0,6.1,90.0,8.0,FWD,BRE,0.0,6.2,70.0,2.0,FWD,BRE,0.0,6.2,86.0,7.0,FWD,BRE,0.0,6.2,75.0,2.0,FWD,BRE,0.0,6.3,90.0,1.0,FWD,BRE,0.0,6.2,90.0,2.0,FWD,BRE,0.0,6.2,74.0,2.0,FWD,BRE,0.0,6.2,90.0,11.0,FWD,BRE,0.0,6.2,90.0,6.0,FWD,BRE,0.0,90.0,6.2,2.0,FWD,BRE,0.0,6.3,90.0,2.0,FWD,BRE,0.0,6.3,90.0,2.0,FWD,BRE,0.0,6.3,90.0,2.0,FWD,BRE,0.0,6.4,90.0,8.0,FWD,BRE,0.0,6.4,90.0,9.0,FWD,BRE,0.0,6.5,90.0,2.0,FWD,BRE,0.0,6.5,90.0,8.0,FWD,BRE,0.0,6.6,90.0,5.0,FWD,BRE,0.0,6.6,90.0,2.0,FWD,BRE,0.0,90.0,6.5,9.0,FWD,BRE,0.0,6.5,90.0,11.0,FWD,BRE,0.0,90.0,6.6,7.0,FWD,BRE,0.0,6.7,90.0,7.0,2651.0,173.0
111,Yarmoliuk,MID,BRE,0.0,4.5,0.0,0.0,MID,BRE,0.0,4.5,0.0,0.0,MID,BRE,0.0,4.5,0.0,0.0,MID,BRE,0.0,4.5,6.0,1.0,MID,BRE,0.0,4.5,62.0,2.0,MID,BRE,0.0,4.4,30.0,0.0,MID,BRE,0.0,4.4,13.0,1.0,MID,BRE,0.0,4.4,15.0,1.0,MID,BRE,0.0,4.4,0.0,0.0,MID,BRE,0.0,4.4,1.0,1.0,MID,BRE,0.0,4.4,11.0,1.0,MID,BRE,0.0,4.4,4.0,1.0,MID,BRE,0.0,4.4,20.0,1.0,MID,BRE,0.0,4.4,63.0,2.0,MID,BRE,0.0,4.4,90.0,2.0,MID,BRE,0.0,4.4,74.0,2.0,MID,BRE,0.0,4.4,0.0,0.0,MID,BRE,0.0,4.4,18.0,0.0,MID,BRE,0.0,4.4,90.0,2.0,MID,BRE,0.0,4.4,9.0,1.0,MID,BRE,0.0,4.4,11.0,1.0,MID,BRE,0.0,90.0,4.4,2.0,MID,BRE,0.0,4.4,6.0,1.0,MID,BRE,0.0,4.4,0.0,0.0,MID,BRE,0.0,4.4,15.0,1.0,MID,BRE,0.0,4.4,45.0,1.0,MID,BRE,0.0,4.4,90.0,1.0,MID,BRE,0.0,4.4,0.0,0.0,MID,BRE,0.0,4.4,18.0,1.0,MID,BRE,0.0,4.4,82.0,2.0,MID,BRE,0.0,4.3,65.0,3.0,MID,BRE,0.0,21.0,4.3,0.0,MID,BRE,0.0,4.3,75.0,2.0,MID,BRE,0.0,90.0,4.3,2.0,MID,BRE,0.0,4.3,67.0,2.0,1181.0,37.0
112,Zanka,DEF,BRE,1.0,4.5,0.0,0.0,DEF,BRE,1.0,4.5,0.0,0.0,DEF,BRE,1.0,4.5,0.0,0.0,DEF,BRE,1.0,4.5,0.0,0.0,DEF,BRE,1.0,4.5,0.0,0.0,DEF,BRE,1.0,4.5,0.0,0.0,DEF,BRE,1.0,4.5,0.0,0.0,DEF,BRE,1.0,4.5,0.0,0.0,DEF,BRE,1.0,4.5,0.0,0.0,DEF,BRE,1.0,4.5,0.0,0.0,DEF,BRE,1.0,4.5,0.0,0.0,DEF,BRE,1.0,4.5,0.0,0.0,DEF,BRE,1.0,4.5,0.0,0.0,DEF,BRE,1.0,4.5,0.0,0.0,DEF,BRE,1.0,4.5,0.0,0.0,DEF,BRE,1.0,4.5,0.0,0.0,DEF,BRE,1.0,4.5,0.0,0.0,DEF,BRE,1.0,4.5,0.0,0.0,DEF,BRE,1.0,4.5,0.0,0.0,DEF,BRE,1.0,4.5,0.0,0.0,DEF,BRE,1.0,4.5,0.0,0.0,DEF,BRE,1.0,0.0,4.5,0.0,DEF,BRE,1.0,4.5,0.0,0.0,DEF,BRE,1.0,4.5,0.0,0.0,DEF,BRE,1.0,4.5,0.0,0.0,DEF,BRE,1.0,4.5,0.0,0.0,DEF,BRE,1.0,4.5,0.0,0.0,DEF,BRE,1.0,4.5,0.0,0.0,DEF,BRE,1.0,4.5,0.0,0.0,DEF,BRE,1.0,4.5,0.0,0.0,DEF,BRE,1.0,4.5,0.0,0.0,DEF,BRE,1.0,0.0,4.5,0.0,DEF,BRE,1.0,4.5,0.0,0.0,DEF,BRE,1.0,0.0,4.5,0.0,DEF,BRE,1.0,4.5,0.0,0.0,0.0,0.0
113,Adingra,MID,BRI,0.0,5.5,45.0,6.0,MID,BRI,0.0,5.5,1.0,4.0,MID,BRI,0.0,5.5,5.0,1.0,MID,BRI,0.0,5.5,22.0,1.0,MID,BRI,0.0,5.5,61.0,2.0,MID,BRI,0.25,5.5,0.0,0.0,MID,BRI,0.5,5.5,0.0,0.0,MID,BRI,0.0,5.4,0.0,0.0,MID,BRI,0.0,5.4,0.0,0.0,MID,BRI,0.0,5.3,3.0,1.0,MID,BRI,0.0,5.3,64.0,2.0,MID,BRI,0.0,5.3,26.0,1.0,MID,BRI,0.0,5.3,18.0,1.0,MID,BRI,0.0,5.3,79.0,2.0,MID,BRI,0.0,5.3,0.0,0.0,MID,BRI,0.0,5.2,18.0,1.0,MID,BRI,0.0,5.2,0.0,0.0,MID,BRI,0.0,5.2,23.0,1.0,MID,BRI,0.0,5.2,57.0,6.0,MID,BRI,0.0,5.2,61.0,2.0,MID,BRI,0.0,5.2,62.0,3.0,MID,BRI,0.0,0.0,5.2,0.0,MID,BRI,0.0,5.2,0.0,0.0,MID,BRI,0.0,5.1,45.0,1.0,MID,BRI,0.0,5.1,1.0,1.0,MID,BRI,0.0,5.1,11.0,1.0,MID,BRI,0.0,5.1,0.0,0.0,MID,BRI,0.0,5.1,4.0,1.0,MID,BRI,0.0,5.1,7.0,1.0,MID,BRI,0.0,5.1,90.0,2.0,MID,BRI,0.0,5.1,27.0,1.0,MID,BRI,0.0,81.0,5.1,5.0,MID,BRI,0.0,5.1,1.0,1.0,MID,BRI,0.0,61.0,5.1,2.0,MID,BRI,0.0,5.1,68.0,3.0,941.0,53.0
114,Baker-Boaitey,MID,BRI,1.0,4.5,0.0,0.0,MID,BRI,1.0,4.5,0.0,0.0,MID,BRI,1.0,4.5,0.0,0.0,MID,BRI,1.0,4.5,0.0,0.0,MID,BRI,1.0,4.5,0.0,0.0,MID,BRI,1.0,4.5,0.0,0.0,MID,BRI,1.0,4.5,0.0,0.0,MID,BRI,1.0,4.5,0.0,0.0,MID,BRI,1.0,4.5,0.0,0.0,MID,BRI,1.0,4.5,0.0,0.0,MID,BRI,1.0,4.5,0.0,0.0,MID,BRI,1.0,4.5,0.0,0.0,MID,BRI,1.0,4.5,0.0,0.0,MID,BRI,1.0,4.5,0.0,0.0,MID,BRI,1.0,4.5,0.0,0.0,MID,BRI,1.0,4.5,0.0,0.0,MID,BRI,1.0,4.5,0.0,0.0,MID,BRI,1.0,4.5,0.0,0.0,MID,BRI,1.0,4.5,0.0,0.0,MID,BRI,1.0,4.5,0.0,0.0,MID,BRI,1.0,4.5,0.0,0.0,MID,BRI,1.0,0.0,4.5,0.0,MID,BRI,1.0,4.5,0.0,0.0,MID,BRI,1.0,4.5,0.0,0.0,MID,BRI,1.0,4.5,0.0,0.0,MID,BRI,1.0,4.5,0.0,0.0,MID,BRI,1.0,4.5,0.0,0.0,MID,BRI,1.0,4.5,0.0,0.0,MID,BRI,1.0,4.5,0.0,0.0,MID,BRI,1.0,4.5,0.0,0.0,MID,BRI,1.0,4.5,0.0,0.0,MID,BRI,1.0,0.0,4.5,0.0,MID,BRI,1.0,4.5,0.0,0.0,MID,BRI,1.0,0.0,4.5,0.0,MID,BRI,1.0,4.5,0.0,0.0,0.0,0.0
115,Baleba,MID,BRI,0.0,5.0,0.0,0.0,MID,BRI,0.0,5.0,17.0,1.0,MID,BRI,0.0,5.0,90.0,2.0,MID,BRI,0.0,5.0,90.0,3.0,MID,BRI,0.0,5.0,61.0,1.0,MID,BRI,0.0,5.0,90.0,12.0,MID,BRI,0.0,5.0,73.0,2.0,MID,BRI,0.0,5.0,70.0,3.0,MID,BRI,0.0,5.0,79.0,3.0,MID,BRI,0.0,5.0,0.0,0.0,MID,BRI,0.25,5.0,45.0,1.0,MID,BRI,1.0,5.0,58.0,-2.0,MID,BRI,0.0,5.0,0.0,0.0,MID,BRI,0.0,5.0,90.0,9.0,MID,BRI,0.0,5.0,45.0,0.0,MID,BRI,0.0,5.0,87.0,2.0,MID,BRI,0.0,5.0,90.0,2.0,MID,BRI,0.0,5.0,90.0,3.0,MID,BRI,0.0,5.0,85.0,1.0,MID,BRI,0.0,5.0,90.0,2.0,MID,BRI,0.0,5.0,90.0,3.0,MID,BRI,0.0,90.0,5.0,1.0,MID,BRI,0.0,5.0,90.0,1.0,MID,BRI,0.0,5.0,0.0,0.0,MID,BRI,0.0,5.0,83.0,3.0,MID,BRI,0.0,5.0,90.0,3.0,MID,BRI,0.0,5.0,84.0,2.0,MID,BRI,0.0,5.0,85.0,2.0,MID,BRI,0.0,5.0,86.0,1.0,MID,BRI,0.0,5.0,18.0,1.0,MID,BRI,0.0,5.0,90.0,2.0,MID,BRI,0.0,90.0,5.0,2.0,MID,BRI,0.0,5.0,76.0,2.0,MID,BRI,0.0,90.0,5.0,10.0,MID,BRI,0.0,5.0,90.0,2.0,2402.0,80.0
116,Barco,DEF,BRI,0.0,4.0,0.0,0.0,DEF,BRI,1.0,4.0,0.0,0.0,DEF,BRI,1.0,4.0,0.0,0.0,DEF,BRI,1.0,4.0,0.0,0.0,DEF,BRI,1.0,4.0,0.0,0.0,DEF,BRI,1.0,4.0,0.0,0.0,DEF,BRI,1.0,4.0,0.0,0.0,DEF,BRI,1.0,4.0,0.0,0.0,DEF,BRI,1.0,4.0,0.0,0.0,DEF,BRI,1.0,4.0,0.0,0.0,DEF,BRI,1.0,4.0,0.0,0.0,DEF,BRI,1.0,4.0,0.0,0.0,DEF,BRI,1.0,4.0,0.0,0.0,DEF,BRI,1.0,4.0,0.0,0.0,DEF,BRI,1.0,4.0,0.0,0.0,DEF,BRI,1.0,4.0,0.0,0.0,DEF,BRI,1.0,4.0,0.0,0.0,DEF,BRI,1.0,4.0,0.0,0.0,DEF,BRI,1.0,4.0,0.0,0.0,DEF,BRI,1.0,4.0,0.0,0.0,DEF,BRI,1.0,4.0,0.0,0.0,DEF,BRI,1.0,0.0,4.0,0.0,DEF,BRI,1.0,4.0,0.0,0.0,DEF,BRI,1.0,4.0,0.0,0.0,DEF,BRI,1.0,4.0,0.0,0.0,DEF,BRI,1.0,4.0,0.0,0.0,DEF,BRI,1.0,4.0,0.0,0.0,DEF,BRI,1.0,4.0,0.0,0.0,DEF,BRI,1.0,4.0,0.0,0.0,DEF,BRI,1.0,4.0,0.0,0.0,DEF,BRI,1.0,4.0,0.0,0.0,DEF,BRI,1.0,0.0,4.0,0.0,DEF,BRI,1.0,4.0,0.0,0.0,DEF,BRI,1.0,0.0,4.0,0.0,DEF,BRI,1.0,4.0,0.0,0.0,0.0,0.0
117,Buonanotte,MID,LEI,0.0,5.0,78.0,2.0,MID,LEI,0.0,5.0,70.0,5.0,MID,LEI,0.0,5.0,22.0,6.0,MID,LEI,0.0,5.0,0.0,0.0,MID,LEI,0.0,5.0,34.0,0.0,MID,LEI,0.0,5.0,84.0,4.0,MID,LEI,0.0,5.0,81.0,11.0,MID,LEI,0.0,5.0,90.0,6.0,MID,LEI,0.0,5.1,90.0,2.0,MID,LEI,0.0,5.1,90.0,1.0,MID,LEI,1.0,5.0,90.0,1.0,MID,LEI,0.0,5.0,0.0,0.0,MID,LEI,0.0,5.0,63.0,8.0,MID,LEI,1.0,5.0,90.0,3.0,MID,LEI,0.0,5.0,0.0,0.0,MID,LEI,0.0,5.0,31.0,1.0,MID,LEI,0.0,4.9,6.0,1.0,MID,LEI,0.0,4.9,26.0,1.0,MID,LEI,0.0,4.8,90.0,2.0,MID,LEI,0.0,4.8,7.0,1.0,MID,LEI,0.0,4.8,65.0,2.0,MID,LEI,0.0,19.0,4.8,1.0,MID,LEI,0.0,4.7,13.0,0.0,MID,LEI,0.0,4.7,0.0,0.0,MID,LEI,0.0,4.7,5.0,1.0,MID,LEI,0.0,4.6,35.0,0.0,MID,LEI,0.0,4.6,90.0,2.0,MID,LEI,0.0,4.6,17.0,1.0,MID,LEI,0.0,4.6,26.0,1.0,MID,LEI,0.0,4.5,30.0,1.0,MID,LEI,1.0,4.5,45.0,1.0,MID,LEI,0.0,0.0,4.5,0.0,MID,LEI,0.0,4.5,29.0,1.0,MID,LEI,0.0,45.0,4.5,1.0,MID,LEI,0.0,4.5,0.0,0.0,1461.0,67.0
118,Cozier-Duberry,MID,BRI,0.0,4.5,0.0,0.0,MID,BRI,0.0,4.5,0.0,0.0,MID,BRI,1.0,4.5,0.0,0.0,MID,BRI,1.0,4.5,0.0,0.0,MID,BRI,1.0,4.5,0.0,0.0,MID,BRI,1.0,4.5,0.0,0.0,MID,BRI,1.0,4.5,0.0,0.0,MID,BRI,1.0,4.5,0.0,0.0,MID,BRI,1.0,4.5,0.0,0.0,MID,BRI,1.0,4.5,0.0,0.0,MID,BRI,1.0,4.5,0.0,0.0,MID,BRI,1.0,4.5,0.0,0.0,MID,BRI,1.0,4.5,0.0,0.0,MID,BRI,1.0,4.5,0.0,0.0,MID,BRI,1.0,4.5,0.0,0.0,MID,BRI,1.0,4.5,0.0,0.0,MID,BRI,1.0,4.5,0.0,0.0,MID,BRI,1.0,4.5,0.0,0.0,MID,BRI,1.0,4.5,0.0,0.0,MID,BRI,1.0,4.5,0.0,0.0,MID,BRI,1.0,4.5,0.0,0.0,MID,BRI,1.0,0.0,4.5,0.0,MID,BRI,1.0,4.5,0.0,0.0,MID,BRI,1.0,4.5,0.0,0.0,MID,BRI,1.0,4.5,0.0,0.0,MID,BRI,1.0,4.5,0.0,0.0,MID,BRI,1.0,4.5,0.0,0.0,MID,BRI,1.0,4.5,0.0,0.0,MID,BRI,1.0,4.5,0.0,0.0,MID,BRI,1.0,4.5,0.0,0.0,MID,BRI,1.0,4.5,0.0,0.0,MID,BRI,1.0,0.0,4.5,0.0,MID,BRI,1.0,4.5,0.0,0.0,MID,BRI,1.0,0.0,4.5,0.0,MID,BRI,1.0,4.5,0.0,0.0,0.0,0.0
119,Dahoud,MID,BRI,0.0,5.0,0.0,0.0,MID,BRI,0.0,4.9,0.0,0.0,MID,BRI,1.0,4.9,0.0,0.0,MID,BRI,1.0,4.9,0.0,0.0,MID,BRI,1.0,4.9,0.0,0.0,MID,BRI,1.0,4.9,0.0,0.0,MID,BRI,1.0,4.9,0.0,0.0,MID,BRI,1.0,4.9,0.0,0.0,MID,BRI,1.0,4.9,0.0,0.0,MID,BRI,1.0,4.9,0.0,0.0,MID,BRI,1.0,4.9,0.0,0.0,MID,BRI,1.0,4.9,0.0,0.0,MID,BRI,1.0,4.9,0.0,0.0,MID,BRI,1.0,4.9,0.0,0.0,MID,BRI,1.0,4.9,0.0,0.0,MID,BRI,1.0,4.9,0.0,0.0,MID,BRI,1.0,4.9,0.0,0.0,MID,BRI,1.0,4.9,0.0,0.0,MID,BRI,1.0,4.9,0.0,0.0,MID,BRI,1.0,4.9,0.0,0.0,MID,BRI,1.0,4.9,0.0,0.0,MID,BRI,1.0,0.0,4.9,0.0,MID,BRI,1.0,4.9,0.0,0.0,MID,BRI,1.0,4.9,0.0,0.0,MID,BRI,1.0,4.9,0.0,0.0,MID,BRI,1.0,4.9,0.0,0.0,MID,BRI,1.0,4.9,0.0,0.0,MID,BRI,1.0,4.9,0.0,0.0,MID,BRI,1.0,4.9,0.0,0.0,MID,BRI,1.0,4.9,0.0,0.0,MID,BRI,1.0,4.9,0.0,0.0,MID,BRI,1.0,0.0,4.9,0.0,MID,BRI,1.0,4.9,0.0,0.0,MID,BRI,1.0,0.0,4.9,0.0,MID,BRI,1.0,4.9,0.0,0.0,0.0,0.0
120,Dunk,DEF,BRI,0.0,4.5,75.0,6.0,DEF,BRI,0.0,4.5,90.0,2.0,DEF,BRI,0.0,4.5,90.0,2.0,DEF,BRI,0.0,4.6,90.0,6.0,DEF,BRI,0.0,4.6,90.0,0.0,DEF,BRI,0.0,4.6,90.0,-1.0,DEF,BRI,0.0,4.5,90.0,1.0,DEF,BRI,0.0,4.5,90.0,6.0,DEF,BRI,0.25,4.5,0.0,0.0,DEF,BRI,0.5,4.4,0.0,0.0,DEF,BRI,0.5,4.4,0.0,0.0,DEF,BRI,0.25,4.4,0.0,0.0,DEF,BRI,0.0,4.4,18.0,1.0,DEF,BRI,0.0,4.4,90.0,0.0,DEF,BRI,0.0,4.4,90.0,1.0,DEF,BRI,0.0,4.4,90.0,0.0,DEF,BRI,0.0,4.4,90.0,5.0,DEF,BRI,0.0,4.4,90.0,6.0,DEF,BRI,0.0,4.4,90.0,1.0,DEF,BRI,0.25,4.3,0.0,0.0,DEF,BRI,0.0,4.3,27.0,1.0,DEF,BRI,0.0,90.0,4.3,2.0,DEF,BRI,0.0,4.3,90.0,2.0,DEF,BRI,0.5,4.2,90.0,-3.0,DEF,BRI,0.5,4.2,0.0,0.0,DEF,BRI,0.5,4.2,0.0,0.0,DEF,BRI,1.0,4.2,0.0,0.0,DEF,BRI,1.0,4.2,0.0,0.0,DEF,BRI,0.5,4.2,0.0,0.0,DEF,BRI,0.0,4.2,71.0,2.0,DEF,BRI,0.0,4.2,90.0,1.0,DEF,BRI,0.0,90.0,4.2,0.0,DEF,BRI,0.0,4.2,90.0,0.0,DEF,BRI,0.0,90.0,4.2,1.0,DEF,BRI,0.0,4.2,90.0,2.0,2081.0,44.0
121,Enciso,MID,BRI,0.75,5.5,0.0,0.0,MID,BRI,0.0,5.4,11.0,1.0,MID,BRI,0.0,5.4,5.0,1.0,MID,BRI,0.0,5.4,23.0,1.0,MID,BRI,0.0,5.4,0.0,0.0,MID,BRI,0.0,5.4,19.0,1.0,MID,BRI,0.0,5.4,17.0,1.0,MID,BRI,0.0,5.4,8.0,1.0,MID,BRI,0.0,5.4,1.0,1.0,MID,BRI,0.0,5.4,0.0,0.0,MID,BRI,0.0,5.4,0.0,0.0,MID,BRI,0.0,5.4,0.0,0.0,MID,BRI,0.0,5.4,0.0,0.0,MID,BRI,0.0,5.4,0.0,0.0,MID,BRI,0.0,5.4,0.0,0.0,MID,BRI,0.0,5.4,45.0,1.0,MID,BRI,0.0,5.4,22.0,1.0,MID,BRI,0.0,5.4,77.0,3.0,MID,BRI,0.0,5.4,57.0,1.0,MID,BRI,0.0,5.4,0.0,0.0,MID,BRI,0.0,5.4,0.0,0.0,MID,BRI,0.0,1.0,5.4,1.0,MID,IPS,0.0,5.4,11.0,3.0,MID,IPS,0.0,5.4,88.0,2.0,MID,IPS,0.25,5.4,16.0,1.0,MID,IPS,1.0,5.4,0.0,0.0,MID,IPS,1.0,5.4,0.0,0.0,MID,IPS,0.0,5.4,74.0,2.0,MID,IPS,0.0,5.4,79.0,2.0,MID,IPS,0.0,5.4,71.0,5.0,MID,IPS,0.0,5.4,90.0,1.0,MID,IPS,0.0,75.0,5.4,13.0,MID,IPS,0.0,5.4,45.0,1.0,MID,IPS,0.0,70.0,5.4,2.0,MID,IPS,0.0,5.4,90.0,9.0,995.0,55.0
122,Estupiñan,DEF,BRI,0.5,5.0,0.0,0.0,DEF,BRI,0.5,5.0,0.0,0.0,DEF,BRI,0.0,5.0,18.0,1.0,DEF,BRI,0.0,5.0,0.0,0.0,DEF,BRI,0.0,5.0,81.0,1.0,DEF,BRI,0.0,5.0,90.0,-1.0,DEF,BRI,0.0,5.0,45.0,1.0,DEF,BRI,0.0,5.0,18.0,1.0,DEF,BRI,0.0,5.0,90.0,0.0,DEF,BRI,0.0,5.0,90.0,1.0,DEF,BRI,0.0,5.0,90.0,2.0,DEF,BRI,0.0,5.0,90.0,2.0,DEF,BRI,0.0,5.0,90.0,4.0,DEF,BRI,0.0,5.0,90.0,1.0,DEF,BRI,0.0,5.1,90.0,5.0,DEF,BRI,0.0,5.1,90.0,1.0,DEF,BRI,0.0,5.1,90.0,1.0,DEF,BRI,0.0,5.1,90.0,6.0,DEF,BRI,0.25,5.1,0.0,0.0,DEF,BRI,0.0,5.0,90.0,2.0,DEF,BRI,0.0,5.0,90.0,9.0,DEF,BRI,0.0,83.0,5.0,2.0,DEF,BRI,0.25,5.0,0.0,0.0,DEF,BRI,1.0,4.9,0.0,0.0,DEF,BRI,1.0,4.9,0.0,0.0,DEF,BRI,0.0,4.9,23.0,1.0,DEF,BRI,0.0,4.9,71.0,2.0,DEF,BRI,0.0,4.9,90.0,2.0,DEF,BRI,0.0,4.9,90.0,7.0,DEF,BRI,0.0,4.9,90.0,1.0,DEF,BRI,0.0,4.9,80.0,1.0,DEF,BRI,0.0,90.0,4.9,0.0,DEF,BRI,0.0,4.9,90.0,-1.0,DEF,BRI,0.0,90.0,4.9,1.0,DEF,BRI,0.0,4.9,90.0,2.0,2219.0,55.0
123,Ferguson,FWD,BRI,0.5,5.5,0.0,0.0,FWD,BRI,0.5,5.5,0.0,0.0,FWD,BRI,0.0,5.5,0.0,0.0,FWD,BRI,0.0,5.5,5.0,1.0,FWD,BRI,0.0,5.5,8.0,1.0,FWD,BRI,0.0,5.5,9.0,1.0,FWD,BRI,0.0,5.5,0.0,0.0,FWD,BRI,0.0,5.5,59.0,1.0,FWD,BRI,0.0,5.5,17.0,7.0,FWD,BRI,0.0,5.5,2.0,1.0,FWD,BRI,0.0,5.5,0.0,0.0,FWD,BRI,0.0,5.5,4.0,1.0,FWD,BRI,0.0,5.5,11.0,1.0,FWD,BRI,0.0,5.5,10.0,1.0,FWD,BRI,0.0,5.5,69.0,2.0,FWD,BRI,0.0,5.5,18.0,1.0,FWD,BRI,0.0,5.5,5.0,1.0,FWD,BRI,0.0,5.5,0.0,0.0,FWD,BRI,0.25,5.5,0.0,0.0,FWD,BRI,1.0,5.5,0.0,0.0,FWD,BRI,0.5,5.5,0.0,0.0,FWD,BRI,0.5,0.0,5.5,0.0,FWD,BRI,1.0,5.5,0.0,0.0,FWD,WHM,0.0,5.5,0.0,0.0,FWD,WHM,0.0,5.5,45.0,1.0,FWD,WHM,0.0,5.5,8.0,1.0,FWD,WHM,0.0,5.5,34.0,2.0,FWD,WHM,0.0,5.5,21.0,1.0,FWD,WHM,0.0,5.5,1.0,1.0,FWD,WHM,0.0,5.5,45.0,1.0,FWD,WHM,0.0,5.5,0.0,0.0,FWD,WHM,0.5,0.0,5.5,0.0,FWD,WHM,1.0,5.5,4.0,1.0,FWD,WHM,0.5,0.0,5.5,0.0,FWD,WHM,0.0,5.5,10.0,1.0,385.0,28.0
124,Gilmour,MID,BRI,0.0,5.0,8.0,1.0,MID,BRI,0.0,5.0,89.0,2.0,MID,BRI,1.0,5.0,0.0,0.0,MID,BRI,1.0,5.0,0.0,0.0,MID,BRI,1.0,5.0,0.0,0.0,MID,BRI,1.0,5.0,0.0,0.0,MID,BRI,1.0,5.0,0.0,0.0,MID,BRI,1.0,5.0,0.0,0.0,MID,BRI,1.0,5.0,0.0,0.0,MID,BRI,1.0,5.0,0.0,0.0,MID,BRI,1.0,5.0,0.0,0.0,MID,BRI,1.0,5.0,0.0,0.0,MID,BRI,1.0,5.0,0.0,0.0,MID,BRI,1.0,5.0,0.0,0.0,MID,BRI,1.0,5.0,0.0,0.0,MID,BRI,1.0,5.0,0.0,0.0,MID,BRI,1.0,5.0,0.0,0.0,MID,BRI,1.0,5.0,0.0,0.0,MID,BRI,1.0,5.0,0.0,0.0,MID,BRI,1.0,5.0,0.0,0.0,MID,BRI,1.0,5.0,0.0,0.0,MID,BRI,1.0,0.0,5.0,0.0,MID,BRI,1.0,5.0,0.0,0.0,MID,BRI,1.0,5.0,0.0,0.0,MID,BRI,1.0,5.0,0.0,0.0,MID,BRI,1.0,5.0,0.0,0.0,MID,BRI,1.0,5.0,0.0,0.0,MID,BRI,1.0,5.0,0.0,0.0,MID,BRI,1.0,5.0,0.0,0.0,MID,BRI,1.0,5.0,0.0,0.0,MID,BRI,1.0,5.0,0.0,0.0,MID,BRI,1.0,0.0,5.0,0.0,MID,BRI,1.0,5.0,0.0,0.0,MID,BRI,1.0,0.0,5.0,0.0,MID,BRI,1.0,5.0,0.0,0.0,97.0,3.0
125,Gross,MID,BRI,1.0,6.5,0.0,0.0,MID,BRI,1.0,6.5,0.0,0.0,MID,BRI,1.0,6.5,0.0,0.0,MID,BRI,1.0,6.5,0.0,0.0,MID,BRI,1.0,6.5,0.0,0.0,MID,BRI,1.0,6.5,0.0,0.0,MID,BRI,1.0,6.5,0.0,0.0,MID,BRI,1.0,6.5,0.0,0.0,MID,BRI,1.0,6.5,0.0,0.0,MID,BRI,1.0,6.5,0.0,0.0,MID,BRI,1.0,6.5,0.0,0.0,MID,BRI,1.0,6.5,0.0,0.0,MID,BRI,1.0,6.5,0.0,0.0,MID,BRI,1.0,6.5,0.0,0.0,MID,BRI,1.0,6.5,0.0,0.0,MID,BRI,1.0,6.5,0.0,0.0,MID,BRI,1.0,6.5,0.0,0.0,MID,BRI,1.0,6.5,0.0,0.0,MID,BRI,1.0,6.5,0.0,0.0,MID,BRI,1.0,6.5,0.0,0.0,MID,BRI,1.0,6.5,0.0,0.0,MID,BRI,1.0,0.0,6.5,0.0,MID,BRI,1.0,6.5,0.0,0.0,MID,BRI,1.0,6.5,0.0,0.0,MID,BRI,1.0,6.5,0.0,0.0,MID,BRI,1.0,6.5,0.0,0.0,MID,BRI,1.0,6.5,0.0,0.0,MID,BRI,1.0,6.5,0.0,0.0,MID,BRI,1.0,6.5,0.0,0.0,MID,BRI,1.0,6.5,0.0,0.0,MID,BRI,1.0,6.5,0.0,0.0,MID,BRI,1.0,0.0,6.5,0.0,MID,BRI,1.0,6.5,0.0,0.0,MID,BRI,1.0,0.0,6.5,0.0,MID,BRI,1.0,6.5,0.0,0.0,0.0,0.0
126,Hinshelwood,MID,BRI,0.0,5.0,90.0,3.0,MID,BRI,0.0,5.0,90.0,2.0,MID,BRI,0.0,5.0,90.0,2.0,MID,BRI,0.0,5.0,66.0,2.0,MID,BRI,0.0,5.0,90.0,10.0,MID,BRI,0.0,5.0,90.0,2.0,MID,BRI,0.0,5.0,90.0,2.0,MID,BRI,0.0,5.0,90.0,2.0,MID,BRI,0.25,5.0,0.0,0.0,MID,BRI,0.0,5.0,87.0,2.0,MID,BRI,0.25,5.0,56.0,1.0,MID,BRI,0.25,5.0,0.0,0.0,MID,BRI,0.75,5.0,0.0,0.0,MID,BRI,0.75,5.0,0.0,0.0,MID,BRI,0.75,5.0,0.0,0.0,MID,BRI,0.5,4.9,0.0,0.0,MID,BRI,1.0,4.9,0.0,0.0,MID,BRI,0.75,4.9,0.0,0.0,MID,BRI,0.75,4.9,0.0,0.0,MID,BRI,0.25,4.9,0.0,0.0,MID,BRI,0.5,4.9,0.0,0.0,MID,BRI,0.5,0.0,4.9,0.0,MID,BRI,0.0,4.9,15.0,1.0,MID,BRI,0.0,4.9,45.0,0.0,MID,BRI,0.0,4.9,73.0,3.0,MID,BRI,0.0,4.9,82.0,10.0,MID,BRI,0.0,4.9,18.0,1.0,MID,BRI,0.0,4.9,90.0,2.0,MID,BRI,0.0,4.9,90.0,5.0,MID,BRI,0.0,4.9,71.0,1.0,MID,BRI,0.0,4.9,90.0,2.0,MID,BRI,0.5,90.0,4.9,2.0,MID,BRI,0.0,4.9,90.0,5.0,MID,BRI,0.5,81.0,4.9,4.0,MID,BRI,0.0,4.9,68.0,3.0,1742.0,67.0
127,I.Osman,MID,BRI,1.0,5.0,0.0,0.0,MID,BRI,1.0,5.0,0.0,0.0,MID,BRI,1.0,5.0,0.0,0.0,MID,BRI,1.0,5.0,0.0,0.0,MID,BRI,1.0,5.0,0.0,0.0,MID,BRI,1.0,5.0,0.0,0.0,MID,BRI,1.0,5.0,0.0,0.0,MID,BRI,1.0,5.0,0.0,0.0,MID,BRI,1.0,5.0,0.0,0.0,MID,BRI,1.0,5.0,0.0,0.0,MID,BRI,1.0,5.0,0.0,0.0,MID,BRI,1.0,5.0,0.0,0.0,MID,BRI,1.0,5.0,0.0,0.0,MID,BRI,1.0,5.0,0.0,0.0,MID,BRI,1.0,5.0,0.0,0.0,MID,BRI,1.0,5.0,0.0,0.0,MID,BRI,1.0,5.0,0.0,0.0,MID,BRI,1.0,5.0,0.0,0.0,MID,BRI,1.0,5.0,0.0,0.0,MID,BRI,1.0,5.0,0.0,0.0,MID,BRI,1.0,5.0,0.0,0.0,MID,BRI,1.0,0.0,5.0,0.0,MID,BRI,1.0,5.0,0.0,0.0,MID,BRI,1.0,5.0,0.0,0.0,MID,BRI,1.0,5.0,0.0,0.0,MID,BRI,1.0,5.0,0.0,0.0,MID,BRI,1.0,5.0,0.0,0.0,MID,BRI,1.0,5.0,0.0,0.0,MID,BRI,1.0,5.0,0.0,0.0,MID,BRI,1.0,5.0,0.0,0.0,MID,BRI,1.0,5.0,0.0,0.0,MID,BRI,1.0,0.0,5.0,0.0,MID,BRI,1.0,5.0,0.0,0.0,MID,BRI,1.0,0.0,5.0,0.0,MID,BRI,1.0,5.0,0.0,0.0,0.0,0.0
128,Igor,DEF,BRI,0.0,4.5,0.0,0.0,DEF,BRI,0.0,4.5,0.0,0.0,DEF,BRI,0.0,4.4,0.0,0.0,DEF,BRI,0.0,4.4,0.0,0.0,DEF,BRI,0.0,4.4,0.0,0.0,DEF,BRI,0.0,4.4,33.0,1.0,DEF,BRI,0.0,4.4,81.0,0.0,DEF,BRI,0.0,4.4,90.0,6.0,DEF,BRI,0.0,4.4,90.0,0.0,DEF,BRI,0.0,4.4,90.0,1.0,DEF,BRI,0.0,4.4,90.0,1.0,DEF,BRI,0.0,4.4,90.0,2.0,DEF,BRI,0.0,4.4,90.0,2.0,DEF,BRI,0.0,4.4,90.0,1.0,DEF,BRI,0.0,4.4,1.0,1.0,DEF,BRI,0.0,4.4,0.0,0.0,DEF,BRI,0.0,4.4,0.0,0.0,DEF,BRI,0.0,4.4,0.0,0.0,DEF,BRI,0.0,4.4,90.0,0.0,DEF,BRI,1.0,4.4,65.0,2.0,DEF,BRI,1.0,4.4,0.0,0.0,DEF,BRI,1.0,0.0,4.4,0.0,DEF,BRI,1.0,4.3,0.0,0.0,DEF,BRI,1.0,4.3,0.0,0.0,DEF,BRI,1.0,4.3,0.0,0.0,DEF,BRI,1.0,4.3,0.0,0.0,DEF,BRI,1.0,4.3,0.0,0.0,DEF,BRI,1.0,4.3,0.0,0.0,DEF,BRI,1.0,4.3,0.0,0.0,DEF,BRI,1.0,4.3,0.0,0.0,DEF,BRI,1.0,4.3,0.0,0.0,DEF,BRI,1.0,0.0,4.3,0.0,DEF,BRI,0.5,4.3,0.0,0.0,DEF,BRI,1.0,0.0,4.3,0.0,DEF,BRI,0.0,4.3,0.0,0.0,900.0,17.0
129,João Pedro,FWD,BRI,0.0,5.5,81.0,2.0,FWD,BRI,0.0,5.5,90.0,8.0,FWD,BRI,0.0,5.7,90.0,8.0,FWD,BRI,0.25,5.7,0.0,0.0,FWD,BRI,0.0,5.6,19.0,1.0,FWD,BRI,1.0,5.5,0.0,0.0,FWD,BRI,1.0,5.5,0.0,0.0,FWD,BRI,1.0,5.4,0.0,0.0,FWD,BRI,1.0,5.4,0.0,0.0,FWD,BRI,0.25,5.4,0.0,0.0,FWD,BRI,0.0,5.4,25.0,11.0,FWD,BRI,0.0,5.7,63.0,12.0,FWD,BRI,0.0,5.7,71.0,2.0,FWD,BRI,0.0,5.8,79.0,5.0,FWD,BRI,0.0,5.9,70.0,2.0,FWD,BRI,0.0,5.9,90.0,2.0,FWD,BRI,0.0,5.9,90.0,2.0,FWD,BRI,0.0,5.8,90.0,2.0,FWD,BRI,0.0,5.7,90.0,9.0,FWD,BRI,0.0,5.7,90.0,9.0,FWD,BRI,0.0,5.6,77.0,1.0,FWD,BRI,0.0,90.0,5.6,2.0,FWD,BRI,0.0,5.5,90.0,1.0,FWD,BRI,0.0,5.5,45.0,1.0,FWD,BRI,0.0,5.5,17.0,1.0,FWD,BRI,0.0,5.4,90.0,12.0,FWD,BRI,0.0,5.4,71.0,8.0,FWD,BRI,0.0,5.5,90.0,9.0,FWD,BRI,0.0,5.6,90.0,1.0,FWD,BRI,0.0,5.6,71.0,2.0,FWD,BRI,0.0,5.6,27.0,1.0,FWD,BRI,0.0,90.0,5.6,13.0,FWD,BRI,1.0,5.6,60.0,-1.0,FWD,BRI,0.0,0.0,5.6,0.0,FWD,BRI,1.0,5.5,0.0,0.0,1946.0,126.0
130,Kozlowski,MID,BRI,1.0,4.5,0.0,0.0,MID,BRI,1.0,4.5,0.0,0.0,MID,BRI,1.0,4.5,0.0,0.0,MID,BRI,1.0,4.5,0.0,0.0,MID,BRI,1.0,4.5,0.0,0.0,MID,BRI,1.0,4.5,0.0,0.0,MID,BRI,1.0,4.5,0.0,0.0,MID,BRI,1.0,4.5,0.0,0.0,MID,BRI,1.0,4.5,0.0,0.0,MID,BRI,1.0,4.5,0.0,0.0,MID,BRI,1.0,4.5,0.0,0.0,MID,BRI,1.0,4.5,0.0,0.0,MID,BRI,1.0,4.5,0.0,0.0,MID,BRI,1.0,4.5,0.0,0.0,MID,BRI,1.0,4.5,0.0,0.0,MID,BRI,1.0,4.5,0.0,0.0,MID,BRI,1.0,4.5,0.0,0.0,MID,BRI,1.0,4.5,0.0,0.0,MID,BRI,1.0,4.5,0.0,0.0,MID,BRI,1.0,4.5,0.0,0.0,MID,BRI,1.0,4.5,0.0,0.0,MID,BRI,1.0,0.0,4.5,0.0,MID,BRI,1.0,4.5,0.0,0.0,MID,BRI,1.0,4.5,0.0,0.0,MID,BRI,1.0,4.5,0.0,0.0,MID,BRI,1.0,4.5,0.0,0.0,MID,BRI,1.0,4.5,0.0,0.0,MID,BRI,1.0,4.5,0.0,0.0,MID,BRI,1.0,4.5,0.0,0.0,MID,BRI,1.0,4.5,0.0,0.0,MID,BRI,1.0,4.5,0.0,0.0,MID,BRI,1.0,0.0,4.5,0.0,MID,BRI,1.0,4.5,0.0,0.0,MID,BRI,1.0,0.0,4.5,0.0,MID,BRI,1.0,4.5,0.0,0.0,0.0,0.0
131,Lamptey,DEF,BRI,0.5,4.5,0.0,0.0,DEF,BRI,0.0,4.5,0.0,0.0,DEF,BRI,0.0,4.5,0.0,0.0,DEF,BRI,0.0,4.5,0.0,0.0,DEF,BRI,0.0,4.5,0.0,0.0,DEF,BRI,0.0,4.5,0.0,0.0,DEF,BRI,0.0,4.5,0.0,0.0,DEF,BRI,0.0,4.4,0.0,0.0,DEF,BRI,0.0,4.4,10.0,3.0,DEF,BRI,0.0,4.4,0.0,0.0,DEF,BRI,0.25,4.4,0.0,0.0,DEF,BRI,0.25,4.4,0.0,0.0,DEF,BRI,0.0,4.4,71.0,5.0,DEF,BRI,0.0,4.4,18.0,0.0,DEF,BRI,0.0,4.4,90.0,8.0,DEF,BRI,0.0,4.4,45.0,0.0,DEF,BRI,0.0,4.4,23.0,1.0,DEF,BRI,0.0,4.4,0.0,0.0,DEF,BRI,0.0,4.4,90.0,7.0,DEF,BRI,0.0,4.4,0.0,0.0,DEF,BRI,0.0,4.4,0.0,0.0,DEF,BRI,0.0,6.0,4.4,1.0,DEF,BRI,0.0,4.4,73.0,2.0,DEF,BRI,0.0,4.4,90.0,-1.0,DEF,BRI,0.0,4.4,90.0,6.0,DEF,BRI,0.0,4.4,66.0,6.0,DEF,BRI,1.0,4.4,90.0,2.0,DEF,BRI,0.0,4.4,0.0,0.0,DEF,BRI,0.0,4.4,0.0,0.0,DEF,BRI,1.0,4.4,0.0,0.0,DEF,BRI,1.0,4.4,0.0,0.0,DEF,BRI,0.0,0.0,4.4,0.0,DEF,BRI,0.0,4.4,0.0,0.0,DEF,BRI,0.0,0.0,4.4,0.0,DEF,BRI,0.0,4.4,36.0,1.0,798.0,41.0
132,March,MID,BRI,1.0,6.5,0.0,0.0,MID,BRI,1.0,6.5,0.0,0.0,MID,BRI,0.5,6.5,0.0,0.0,MID,BRI,1.0,6.5,0.0,0.0,MID,BRI,1.0,6.5,0.0,0.0,MID,BRI,1.0,6.5,0.0,0.0,MID,BRI,0.25,6.5,0.0,0.0,MID,BRI,0.25,6.5,0.0,0.0,MID,BRI,0.25,6.5,0.0,0.0,MID,BRI,1.0,6.5,0.0,0.0,MID,BRI,0.5,6.5,0.0,0.0,MID,BRI,0.5,6.5,0.0,0.0,MID,BRI,0.75,6.5,0.0,0.0,MID,BRI,0.75,6.5,0.0,0.0,MID,BRI,0.75,6.5,0.0,0.0,MID,BRI,0.25,6.5,0.0,0.0,MID,BRI,0.25,6.5,0.0,0.0,MID,BRI,0.0,6.5,2.0,1.0,MID,BRI,0.0,6.5,0.0,0.0,MID,BRI,0.0,6.5,0.0,0.0,MID,BRI,0.0,6.5,0.0,0.0,MID,BRI,0.0,21.0,6.5,0.0,MID,BRI,0.25,6.5,0.0,0.0,MID,BRI,0.75,6.5,0.0,0.0,MID,BRI,0.75,6.5,0.0,0.0,MID,BRI,0.0,6.5,0.0,0.0,MID,BRI,0.0,6.5,1.0,1.0,MID,BRI,0.0,6.5,13.0,1.0,MID,BRI,0.0,6.5,0.0,0.0,MID,BRI,0.0,6.5,0.0,0.0,MID,BRI,0.0,6.5,18.0,0.0,MID,BRI,0.0,20.0,6.5,1.0,MID,BRI,0.0,6.5,25.0,1.0,MID,BRI,0.0,61.0,6.5,2.0,MID,BRI,1.0,6.5,0.0,0.0,161.0,7.0
133,Mazilu,MID,BRI,0.0,4.5,0.0,0.0,MID,BRI,0.0,4.5,0.0,0.0,MID,BRI,1.0,4.5,0.0,0.0,MID,BRI,1.0,4.5,0.0,0.0,MID,BRI,1.0,4.5,0.0,0.0,MID,BRI,1.0,4.5,0.0,0.0,MID,BRI,1.0,4.5,0.0,0.0,MID,BRI,1.0,4.5,0.0,0.0,MID,BRI,1.0,4.5,0.0,0.0,MID,BRI,1.0,4.5,0.0,0.0,MID,BRI,1.0,4.5,0.0,0.0,MID,BRI,1.0,4.5,0.0,0.0,MID,BRI,1.0,4.5,0.0,0.0,MID,BRI,1.0,4.5,0.0,0.0,MID,BRI,1.0,4.5,0.0,0.0,MID,BRI,1.0,4.5,0.0,0.0,MID,BRI,1.0,4.5,0.0,0.0,MID,BRI,1.0,4.5,0.0,0.0,MID,BRI,1.0,4.5,0.0,0.0,MID,BRI,1.0,4.5,0.0,0.0,MID,BRI,1.0,4.5,0.0,0.0,MID,BRI,1.0,0.0,4.5,0.0,MID,BRI,1.0,4.5,0.0,0.0,MID,BRI,1.0,4.5,0.0,0.0,MID,BRI,1.0,4.5,0.0,0.0,MID,BRI,1.0,4.5,0.0,0.0,MID,BRI,1.0,4.5,0.0,0.0,MID,BRI,1.0,4.5,0.0,0.0,MID,BRI,1.0,4.5,0.0,0.0,MID,BRI,1.0,4.5,0.0,0.0,MID,BRI,1.0,4.5,0.0,0.0,MID,BRI,1.0,0.0,4.5,0.0,MID,BRI,1.0,4.5,0.0,0.0,MID,BRI,1.0,0.0,4.5,0.0,MID,BRI,1.0,4.5,0.0,0.0,0.0,0.0
134,Milner,MID,BRI,0.0,5.0,81.0,2.0,MID,BRI,0.0,5.0,72.0,2.0,MID,BRI,0.25,5.0,16.0,1.0,MID,BRI,1.0,5.0,0.0,0.0,MID,BRI,1.0,5.0,0.0,0.0,MID,BRI,0.5,5.0,0.0,0.0,MID,BRI,0.25,5.0,0.0,0.0,MID,BRI,1.0,5.0,0.0,0.0,MID,BRI,1.0,5.0,0.0,0.0,MID,BRI,1.0,5.0,0.0,0.0,MID,BRI,1.0,5.0,0.0,0.0,MID,BRI,1.0,5.0,0.0,0.0,MID,BRI,1.0,5.0,0.0,0.0,MID,BRI,1.0,5.0,0.0,0.0,MID,BRI,1.0,5.0,0.0,0.0,MID,BRI,0.75,5.0,0.0,0.0,MID,BRI,1.0,5.0,0.0,0.0,MID,BRI,0.75,5.0,0.0,0.0,MID,BRI,0.75,5.0,0.0,0.0,MID,BRI,0.75,5.0,0.0,0.0,MID,BRI,1.0,5.0,0.0,0.0,MID,BRI,1.0,0.0,5.0,0.0,MID,BRI,1.0,5.0,0.0,0.0,MID,BRI,1.0,5.0,0.0,0.0,MID,BRI,1.0,5.0,0.0,0.0,MID,BRI,1.0,5.0,0.0,0.0,MID,BRI,1.0,5.0,0.0,0.0,MID,BRI,1.0,5.0,0.0,0.0,MID,BRI,1.0,5.0,0.0,0.0,MID,BRI,1.0,5.0,0.0,0.0,MID,BRI,1.0,5.0,0.0,0.0,MID,BRI,1.0,0.0,5.0,0.0,MID,BRI,1.0,5.0,0.0,0.0,MID,BRI,1.0,0.0,5.0,0.0,MID,BRI,1.0,5.0,0.0,0.0,169.0,5.0
135,Minteh,MID,BRI,0.25,5.5,45.0,4.0,MID,BRI,0.0,5.5,89.0,2.0,MID,BRI,0.0,5.5,71.0,4.0,MID,BRI,0.0,5.5,67.0,2.0,MID,BRI,0.0,5.5,28.0,1.0,MID,BRI,0.0,5.5,19.0,1.0,MID,BRI,0.0,5.4,86.0,7.0,MID,BRI,0.25,5.4,0.0,0.0,MID,BRI,0.25,5.3,0.0,0.0,MID,BRI,0.5,5.3,0.0,0.0,MID,BRI,0.5,5.2,0.0,0.0,MID,BRI,0.0,5.2,0.0,0.0,MID,BRI,0.0,5.2,2.0,1.0,MID,BRI,0.0,5.1,10.0,1.0,MID,BRI,0.0,5.1,20.0,6.0,MID,BRI,0.0,5.1,71.0,2.0,MID,BRI,0.0,5.1,22.0,1.0,MID,BRI,0.0,5.1,23.0,1.0,MID,BRI,0.0,5.1,32.0,1.0,MID,BRI,0.0,5.0,45.0,0.0,MID,BRI,0.0,5.0,27.0,1.0,MID,BRI,0.0,68.0,5.0,12.0,MID,BRI,0.0,5.0,16.0,0.0,MID,BRI,0.0,5.0,90.0,2.0,MID,BRI,0.0,5.0,88.0,15.0,MID,BRI,0.0,5.0,90.0,6.0,MID,BRI,0.0,5.0,90.0,2.0,MID,BRI,0.0,5.0,76.0,2.0,MID,BRI,0.0,5.0,82.0,2.0,MID,BRI,0.0,5.1,0.0,0.0,MID,BRI,0.0,5.0,71.0,5.0,MID,BRI,0.0,69.0,5.0,2.0,MID,BRI,0.0,4.9,64.0,2.0,MID,BRI,0.0,28.0,4.9,1.0,MID,BRI,0.0,4.8,90.0,9.0,1579.0,95.0
136,Mitoma,MID,BRI,0.0,6.5,88.0,8.0,MID,BRI,0.0,6.6,89.0,6.0,MID,BRI,0.0,6.6,84.0,2.0,MID,BRI,0.0,6.7,90.0,3.0,MID,BRI,0.0,6.7,90.0,5.0,MID,BRI,0.0,6.6,90.0,2.0,MID,BRI,0.0,6.6,90.0,5.0,MID,BRI,0.0,6.6,30.0,1.0,MID,BRI,0.0,6.5,88.0,2.0,MID,BRI,0.0,6.5,86.0,2.0,MID,BRI,0.0,6.4,89.0,2.0,MID,BRI,0.0,6.4,90.0,9.0,MID,BRI,0.0,6.5,90.0,10.0,MID,BRI,0.0,6.5,90.0,2.0,MID,BRI,0.0,6.6,88.0,2.0,MID,BRI,0.0,6.6,90.0,2.0,MID,BRI,0.0,6.5,84.0,2.0,MID,BRI,0.0,6.5,66.0,3.0,MID,BRI,0.0,6.4,32.0,1.0,MID,BRI,0.0,6.4,28.0,1.0,MID,BRI,0.0,6.3,90.0,10.0,MID,BRI,0.0,90.0,6.3,12.0,MID,BRI,0.0,6.3,90.0,2.0,MID,BRI,0.0,6.3,45.0,1.0,MID,BRI,0.0,6.3,90.0,10.0,MID,BRI,0.0,6.4,78.0,8.0,MID,BRI,0.25,6.5,90.0,2.0,MID,BRI,0.0,6.5,85.0,2.0,MID,BRI,0.0,6.5,82.0,1.0,MID,BRI,0.0,6.5,90.0,2.0,MID,BRI,0.25,6.5,62.0,2.0,MID,BRI,0.0,0.0,6.5,0.0,MID,BRI,0.0,6.4,25.0,6.0,MID,BRI,0.0,28.0,6.4,6.0,MID,BRI,0.0,6.4,0.0,0.0,2517.0,134.0
137,Moder,MID,BRI,0.0,4.5,0.0,0.0,MID,BRI,0.0,4.5,0.0,0.0,MID,BRI,0.0,4.5,0.0,0.0,MID,BRI,0.0,4.5,0.0,0.0,MID,BRI,0.0,4.4,0.0,0.0,MID,BRI,0.0,4.4,0.0,0.0,MID,BRI,0.0,4.4,0.0,0.0,MID,BRI,0.0,4.4,0.0,0.0,MID,BRI,0.0,4.4,0.0,0.0,MID,BRI,0.0,4.4,3.0,1.0,MID,BRI,0.0,4.4,1.0,1.0,MID,BRI,0.0,4.4,0.0,0.0,MID,BRI,0.0,4.4,0.0,0.0,MID,BRI,0.0,4.4,0.0,0.0,MID,BRI,0.0,4.4,0.0,0.0,MID,BRI,0.0,4.4,0.0,0.0,MID,BRI,0.0,4.4,0.0,0.0,MID,BRI,0.0,4.4,0.0,0.0,MID,BRI,0.0,4.4,4.0,1.0,MID,BRI,0.0,4.4,0.0,0.0,MID,BRI,0.0,4.4,1.0,1.0,MID,BRI,0.0,0.0,4.4,0.0,MID,BRI,1.0,4.4,0.0,0.0,MID,BRI,1.0,4.4,0.0,0.0,MID,BRI,1.0,4.4,0.0,0.0,MID,BRI,1.0,4.4,0.0,0.0,MID,BRI,1.0,4.4,0.0,0.0,MID,BRI,1.0,4.4,0.0,0.0,MID,BRI,1.0,4.4,0.0,0.0,MID,BRI,1.0,4.4,0.0,0.0,MID,BRI,1.0,4.4,0.0,0.0,MID,BRI,0.0,0.0,4.4,0.0,MID,BRI,1.0,4.4,0.0,0.0,MID,BRI,0.0,0.0,4.4,0.0,MID,BRI,1.0,4.4,0.0,0.0,9.0,4.0
138,O'Mahony,FWD,BRI,0.0,4.5,0.0,0.0,FWD,BRI,0.0,4.5,0.0,0.0,FWD,BRI,1.0,4.5,0.0,0.0,FWD,BRI,1.0,4.5,0.0,0.0,FWD,BRI,1.0,4.5,0.0,0.0,FWD,BRI,1.0,4.5,0.0,0.0,FWD,BRI,1.0,4.5,0.0,0.0,FWD,BRI,1.0,4.5,0.0,0.0,FWD,BRI,1.0,4.5,0.0,0.0,FWD,BRI,1.0,4.5,0.0,0.0,FWD,BRI,1.0,4.5,0.0,0.0,FWD,BRI,1.0,4.5,0.0,0.0,FWD,BRI,1.0,4.5,0.0,0.0,FWD,BRI,1.0,4.5,0.0,0.0,FWD,BRI,1.0,4.5,0.0,0.0,FWD,BRI,1.0,4.5,0.0,0.0,FWD,BRI,1.0,4.5,0.0,0.0,FWD,BRI,1.0,4.5,0.0,0.0,FWD,BRI,1.0,4.5,0.0,0.0,FWD,BRI,1.0,4.5,0.0,0.0,FWD,BRI,1.0,4.5,0.0,0.0,FWD,BRI,1.0,0.0,4.5,0.0,FWD,BRI,1.0,4.5,0.0,0.0,FWD,BRI,1.0,4.5,0.0,0.0,FWD,BRI,1.0,4.5,0.0,0.0,FWD,BRI,1.0,4.5,0.0,0.0,FWD,BRI,1.0,4.5,0.0,0.0,FWD,BRI,1.0,4.5,0.0,0.0,FWD,BRI,1.0,4.5,0.0,0.0,FWD,BRI,1.0,4.5,0.0,0.0,FWD,BRI,1.0,4.5,0.0,0.0,FWD,BRI,1.0,0.0,4.5,0.0,FWD,BRI,1.0,4.5,0.0,0.0,FWD,BRI,1.0,0.0,4.5,0.0,FWD,BRI,1.0,4.5,0.0,0.0,0.0,0.0
139,Offiah,DEF,BRI,0.0,4.0,0.0,0.0,DEF,BRI,0.0,4.0,0.0,0.0,DEF,BRI,1.0,4.0,0.0,0.0,DEF,BRI,1.0,4.0,0.0,0.0,DEF,BRI,1.0,4.0,0.0,0.0,DEF,BRI,1.0,4.0,0.0,0.0,DEF,BRI,1.0,4.0,0.0,0.0,DEF,BRI,1.0,4.0,0.0,0.0,DEF,BRI,1.0,4.0,0.0,0.0,DEF,BRI,1.0,4.0,0.0,0.0,DEF,BRI,1.0,4.0,0.0,0.0,DEF,BRI,1.0,4.0,0.0,0.0,DEF,BRI,1.0,4.0,0.0,0.0,DEF,BRI,1.0,4.0,0.0,0.0,DEF,BRI,1.0,4.0,0.0,0.0,DEF,BRI,1.0,4.0,0.0,0.0,DEF,BRI,1.0,4.0,0.0,0.0,DEF,BRI,1.0,4.0,0.0,0.0,DEF,BRI,1.0,4.0,0.0,0.0,DEF,BRI,1.0,4.0,0.0,0.0,DEF,BRI,1.0,4.0,0.0,0.0,DEF,BRI,1.0,0.0,4.0,0.0,DEF,BRI,1.0,4.0,0.0,0.0,DEF,BRI,1.0,4.0,0.0,0.0,DEF,BRI,1.0,4.0,0.0,0.0,DEF,BRI,1.0,4.0,0.0,0.0,DEF,BRI,1.0,4.0,0.0,0.0,DEF,BRI,1.0,4.0,0.0,0.0,DEF,BRI,1.0,4.0,0.0,0.0,DEF,BRI,1.0,4.0,0.0,0.0,DEF,BRI,1.0,4.0,0.0,0.0,DEF,BRI,1.0,0.0,4.0,0.0,DEF,BRI,1.0,4.0,0.0,0.0,DEF,BRI,1.0,0.0,4.0,0.0,DEF,BRI,1.0,4.0,0.0,0.0,0.0,0.0
140,Peupion,MID,BRI,0.0,4.5,0.0,0.0,MID,BRI,0.0,4.5,0.0,0.0,MID,BRI,0.0,4.5,0.0,0.0,MID,BRI,0.0,4.5,0.0,0.0,MID,BRI,0.0,4.5,0.0,0.0,MID,BRI,0.0,4.5,0.0,0.0,MID,BRI,0.0,4.5,0.0,0.0,MID,BRI,0.0,4.5,0.0,0.0,MID,BRI,0.0,4.5,0.0,0.0,MID,BRI,0.0,4.5,0.0,0.0,MID,BRI,0.0,4.5,0.0,0.0,MID,BRI,0.0,4.5,0.0,0.0,MID,BRI,0.0,4.5,0.0,0.0,MID,BRI,0.0,4.4,0.0,0.0,MID,BRI,0.0,4.4,0.0,0.0,MID,BRI,0.0,4.4,0.0,0.0,MID,BRI,0.0,4.4,0.0,0.0,MID,BRI,0.0,4.4,0.0,0.0,MID,BRI,0.0,4.4,0.0,0.0,MID,BRI,0.0,4.4,0.0,0.0,MID,BRI,0.0,4.4,0.0,0.0,MID,BRI,0.0,0.0,4.4,0.0,MID,BRI,0.0,4.4,0.0,0.0,MID,BRI,1.0,4.4,0.0,0.0,MID,BRI,1.0,4.4,0.0,0.0,MID,BRI,1.0,4.4,0.0,0.0,MID,BRI,1.0,4.4,0.0,0.0,MID,BRI,1.0,4.4,0.0,0.0,MID,BRI,1.0,4.4,0.0,0.0,MID,BRI,1.0,4.4,0.0,0.0,MID,BRI,1.0,4.4,0.0,0.0,MID,BRI,0.0,0.0,4.4,0.0,MID,BRI,1.0,4.4,0.0,0.0,MID,BRI,0.0,0.0,4.4,0.0,MID,BRI,1.0,4.4,0.0,0.0,0.0,0.0
141,Sarmiento,MID,BRI,0.0,5.0,8.0,1.0,MID,BRI,0.0,5.0,0.0,0.0,MID,BRI,1.0,4.9,0.0,0.0,MID,BRI,1.0,4.9,0.0,0.0,MID,BRI,1.0,4.9,0.0,0.0,MID,BRI,1.0,4.9,0.0,0.0,MID,BRI,1.0,4.9,0.0,0.0,MID,BRI,1.0,4.9,0.0,0.0,MID,BRI,1.0,4.9,0.0,0.0,MID,BRI,1.0,4.9,0.0,0.0,MID,BRI,1.0,4.9,0.0,0.0,MID,BRI,1.0,4.9,0.0,0.0,MID,BRI,1.0,4.9,0.0,0.0,MID,BRI,1.0,4.9,0.0,0.0,MID,BRI,1.0,4.9,0.0,0.0,MID,BRI,1.0,4.9,0.0,0.0,MID,BRI,1.0,4.9,0.0,0.0,MID,BRI,1.0,4.9,0.0,0.0,MID,BRI,1.0,4.9,0.0,0.0,MID,BRI,1.0,4.9,0.0,0.0,MID,BRI,1.0,4.9,0.0,0.0,MID,BRI,1.0,0.0,4.9,0.0,MID,BRI,1.0,4.9,0.0,0.0,MID,BRI,1.0,4.9,0.0,0.0,MID,BRI,1.0,4.9,0.0,0.0,MID,BRI,1.0,4.9,0.0,0.0,MID,BRI,1.0,4.9,0.0,0.0,MID,BRI,1.0,4.9,0.0,0.0,MID,BRI,1.0,4.9,0.0,0.0,MID,BRI,1.0,4.9,0.0,0.0,MID,BRI,1.0,4.9,0.0,0.0,MID,BRI,1.0,0.0,4.9,0.0,MID,BRI,1.0,4.9,0.0,0.0,MID,BRI,1.0,0.0,4.9,0.0,MID,BRI,1.0,4.9,0.0,0.0,8.0,1.0
142,Steele,GKP,BRI,0.0,4.5,90.0,7.0,GKP,BRI,0.0,4.5,90.0,2.0,GKP,BRI,0.0,4.5,0.0,0.0,GKP,BRI,0.0,4.5,0.0,0.0,GKP,BRI,0.0,4.5,0.0,0.0,GKP,BRI,0.0,4.4,0.0,0.0,GKP,BRI,0.0,4.4,0.0,0.0,GKP,BRI,0.0,4.4,0.0,0.0,GKP,BRI,0.0,4.3,0.0,0.0,GKP,BRI,0.0,4.3,0.0,0.0,GKP,BRI,0.0,4.3,0.0,0.0,GKP,BRI,0.0,4.3,0.0,0.0,GKP,BRI,0.0,4.3,0.0,0.0,GKP,BRI,0.0,4.2,0.0,0.0,GKP,BRI,0.0,4.2,0.0,0.0,GKP,BRI,0.0,4.2,0.0,0.0,GKP,BRI,0.0,4.2,0.0,0.0,GKP,BRI,0.0,4.2,0.0,0.0,GKP,BRI,0.0,4.1,0.0,0.0,GKP,BRI,0.0,4.1,0.0,0.0,GKP,BRI,0.0,4.1,0.0,0.0,GKP,BRI,0.0,0.0,4.1,0.0,GKP,BRI,1.0,4.1,0.0,0.0,GKP,BRI,1.0,4.1,0.0,0.0,GKP,BRI,1.0,4.1,0.0,0.0,GKP,BRI,1.0,4.1,0.0,0.0,GKP,BRI,1.0,4.1,0.0,0.0,GKP,BRI,1.0,4.1,0.0,0.0,GKP,BRI,1.0,4.1,0.0,0.0,GKP,BRI,1.0,4.1,0.0,0.0,GKP,BRI,1.0,4.0,0.0,0.0,GKP,BRI,0.0,0.0,4.0,0.0,GKP,BRI,0.0,4.0,0.0,0.0,GKP,BRI,0.0,0.0,4.0,0.0,GKP,BRI,0.0,4.0,0.0,0.0,180.0,9.0
143,Undav,FWD,BRI,1.0,5.5,0.0,0.0,FWD,BRI,1.0,5.5,0.0,0.0,FWD,BRI,1.0,5.5,0.0,0.0,FWD,BRI,1.0,5.5,0.0,0.0,FWD,BRI,1.0,5.5,0.0,0.0,FWD,BRI,1.0,5.5,0.0,0.0,FWD,BRI,1.0,5.5,0.0,0.0,FWD,BRI,1.0,5.5,0.0,0.0,FWD,BRI,1.0,5.5,0.0,0.0,FWD,BRI,1.0,5.5,0.0,0.0,FWD,BRI,1.0,5.5,0.0,0.0,FWD,BRI,1.0,5.5,0.0,0.0,FWD,BRI,1.0,5.5,0.0,0.0,FWD,BRI,1.0,5.5,0.0,0.0,FWD,BRI,1.0,5.5,0.0,0.0,FWD,BRI,1.0,5.5,0.0,0.0,FWD,BRI,1.0,5.5,0.0,0.0,FWD,BRI,1.0,5.5,0.0,0.0,FWD,BRI,1.0,5.5,0.0,0.0,FWD,BRI,1.0,5.5,0.0,0.0,FWD,BRI,1.0,5.5,0.0,0.0,FWD,BRI,1.0,0.0,5.5,0.0,FWD,BRI,1.0,5.5,0.0,0.0,FWD,BRI,1.0,5.5,0.0,0.0,FWD,BRI,1.0,5.5,0.0,0.0,FWD,BRI,1.0,5.5,0.0,0.0,FWD,BRI,1.0,5.5,0.0,0.0,FWD,BRI,1.0,5.5,0.0,0.0,FWD,BRI,1.0,5.5,0.0,0.0,FWD,BRI,1.0,5.5,0.0,0.0,FWD,BRI,1.0,5.5,0.0,0.0,FWD,BRI,1.0,0.0,5.5,0.0,FWD,BRI,1.0,5.5,0.0,0.0,FWD,BRI,1.0,0.0,5.5,0.0,FWD,BRI,1.0,5.5,0.0,0.0,0.0,0.0
144,Van Hecke,DEF,BRI,0.0,4.5,90.0,6.0,DEF,BRI,0.0,4.5,90.0,1.0,DEF,BRI,0.0,4.5,90.0,2.0,DEF,BRI,0.0,4.5,90.0,6.0,DEF,BRI,0.0,4.5,90.0,4.0,DEF,BRI,0.25,4.5,0.0,0.0,DEF,BRI,1.0,4.5,0.0,0.0,DEF,BRI,0.0,4.5,9.0,1.0,DEF,BRI,0.0,4.5,90.0,1.0,DEF,BRI,0.0,4.5,90.0,1.0,DEF,BRI,0.0,4.5,90.0,1.0,DEF,BRI,0.0,4.5,90.0,1.0,DEF,BRI,0.0,4.5,90.0,2.0,DEF,BRI,0.0,4.5,71.0,1.0,DEF,BRI,0.0,4.5,90.0,1.0,DEF,BRI,0.0,4.5,90.0,1.0,DEF,BRI,0.0,4.5,90.0,2.0,DEF,BRI,0.0,4.5,90.0,9.0,DEF,BRI,0.0,4.5,90.0,1.0,DEF,BRI,0.0,4.5,90.0,2.0,DEF,BRI,0.0,4.5,90.0,7.0,DEF,BRI,0.0,90.0,4.5,2.0,DEF,BRI,0.0,4.5,90.0,2.0,DEF,BRI,0.0,4.5,90.0,-1.0,DEF,BRI,0.0,4.5,90.0,6.0,DEF,BRI,0.0,4.5,90.0,7.0,DEF,BRI,0.0,4.5,90.0,1.0,DEF,BRI,0.0,4.5,90.0,9.0,DEF,BRI,0.0,4.5,90.0,1.0,DEF,BRI,0.0,4.5,90.0,1.0,DEF,BRI,1.0,4.5,90.0,-2.0,DEF,BRI,0.0,0.0,4.5,0.0,DEF,BRI,1.0,4.5,90.0,-1.0,DEF,BRI,0.0,0.0,4.5,0.0,DEF,BRI,0.0,4.5,90.0,2.0,2690.0,77.0
145,Veltman,DEF,BRI,0.0,4.5,90.0,8.0,DEF,BRI,0.0,4.5,90.0,2.0,DEF,BRI,0.25,4.5,71.0,2.0,DEF,BRI,0.0,4.5,90.0,7.0,DEF,BRI,0.0,4.5,90.0,1.0,DEF,BRI,0.0,4.5,0.0,0.0,DEF,BRI,0.0,4.5,90.0,1.0,DEF,BRI,0.0,4.5,90.0,7.0,DEF,BRI,0.0,4.5,90.0,1.0,DEF,BRI,0.0,4.5,75.0,1.0,DEF,BRI,0.0,4.5,90.0,2.0,DEF,BRI,0.0,4.6,90.0,2.0,DEF,BRI,0.25,4.6,0.0,0.0,DEF,BRI,0.25,4.6,0.0,0.0,DEF,BRI,0.25,4.5,0.0,0.0,DEF,BRI,0.5,4.5,0.0,0.0,DEF,BRI,0.0,4.5,66.0,1.0,DEF,BRI,0.0,4.5,87.0,8.0,DEF,BRI,0.0,4.5,0.0,0.0,DEF,BRI,0.0,4.4,90.0,1.0,DEF,BRI,0.0,4.4,90.0,5.0,DEF,BRI,0.0,90.0,4.4,2.0,DEF,BRI,0.0,4.4,83.0,2.0,DEF,BRI,0.0,4.4,90.0,-1.0,DEF,BRI,0.0,4.4,90.0,6.0,DEF,BRI,0.25,4.4,0.0,0.0,DEF,BRI,0.5,4.4,0.0,0.0,DEF,BRI,1.0,4.4,0.0,0.0,DEF,BRI,0.5,4.3,0.0,0.0,DEF,BRI,1.0,4.3,0.0,0.0,DEF,BRI,1.0,4.3,0.0,0.0,DEF,BRI,0.0,0.0,4.3,0.0,DEF,BRI,0.0,4.3,0.0,0.0,DEF,BRI,0.0,0.0,4.3,0.0,DEF,BRI,0.0,4.3,21.0,1.0,1663.0,59.0
146,Verbruggen,GKP,BRI,0.75,4.5,0.0,0.0,GKP,BRI,0.75,4.5,0.0,0.0,GKP,BRI,0.0,4.5,90.0,4.0,GKP,BRI,0.0,4.5,90.0,5.0,GKP,BRI,0.0,4.5,90.0,1.0,GKP,BRI,0.0,4.5,90.0,0.0,GKP,BRI,0.0,4.5,90.0,0.0,GKP,BRI,0.0,4.5,90.0,10.0,GKP,BRI,0.0,4.5,90.0,2.0,GKP,BRI,0.0,4.5,90.0,3.0,GKP,BRI,0.0,4.5,90.0,3.0,GKP,BRI,0.0,4.5,90.0,3.0,GKP,BRI,0.0,4.5,90.0,2.0,GKP,BRI,0.0,4.5,90.0,1.0,GKP,BRI,0.0,4.5,90.0,1.0,GKP,BRI,0.0,4.5,90.0,1.0,GKP,BRI,0.0,4.5,90.0,3.0,GKP,BRI,0.0,4.5,90.0,9.0,GKP,BRI,0.0,4.5,90.0,2.0,GKP,BRI,0.0,4.5,90.0,2.0,GKP,BRI,0.0,4.5,90.0,7.0,GKP,BRI,0.0,90.0,4.5,2.0,GKP,BRI,0.0,4.5,90.0,1.0,GKP,BRI,0.0,4.5,90.0,-1.0,GKP,BRI,0.0,4.5,90.0,10.0,GKP,BRI,0.0,4.5,90.0,6.0,GKP,BRI,0.0,4.5,90.0,3.0,GKP,BRI,0.0,4.5,90.0,2.0,GKP,BRI,0.0,4.5,90.0,0.0,GKP,BRI,0.0,4.5,90.0,1.0,GKP,BRI,0.0,4.5,90.0,1.0,GKP,BRI,0.0,90.0,4.5,2.0,GKP,BRI,0.0,4.6,90.0,1.0,GKP,BRI,0.0,90.0,4.6,1.0,GKP,BRI,0.0,4.6,90.0,3.0,2970.0,91.0
147,Webster,DEF,BRI,0.0,4.5,14.0,1.0,DEF,BRI,0.0,4.5,0.0,0.0,DEF,BRI,0.0,4.5,0.0,0.0,DEF,BRI,0.0,4.4,0.0,0.0,DEF,BRI,0.0,4.4,0.0,0.0,DEF,BRI,0.0,4.4,56.0,-1.0,DEF,BRI,0.25,4.4,8.0,1.0,DEF,BRI,1.0,4.4,0.0,0.0,DEF,BRI,1.0,4.4,0.0,0.0,DEF,BRI,1.0,4.3,0.0,0.0,DEF,BRI,0.5,4.3,0.0,0.0,DEF,BRI,0.5,4.3,0.0,0.0,DEF,BRI,0.75,4.3,0.0,0.0,DEF,BRI,0.75,4.3,0.0,0.0,DEF,BRI,0.75,4.3,0.0,0.0,DEF,BRI,0.75,4.3,0.0,0.0,DEF,BRI,0.0,4.3,0.0,0.0,DEF,BRI,0.25,4.3,0.0,0.0,DEF,BRI,0.25,4.3,0.0,0.0,DEF,BRI,0.0,4.3,24.0,1.0,DEF,BRI,0.0,4.3,62.0,6.0,DEF,BRI,0.0,0.0,4.3,0.0,DEF,BRI,0.0,4.3,1.0,1.0,DEF,BRI,0.0,4.3,0.0,0.0,DEF,BRI,0.0,4.3,90.0,6.0,DEF,BRI,0.0,4.3,90.0,6.0,DEF,BRI,0.0,4.3,90.0,2.0,DEF,BRI,0.0,4.3,90.0,2.0,DEF,BRI,0.0,4.3,90.0,1.0,DEF,BRI,1.0,4.3,0.0,0.0,DEF,BRI,1.0,4.3,0.0,0.0,DEF,BRI,0.0,0.0,4.3,0.0,DEF,BRI,1.0,4.3,0.0,0.0,DEF,BRI,0.0,0.0,4.3,0.0,DEF,BRI,0.0,4.3,0.0,0.0,615.0,26.0
148,Welbeck,FWD,BRI,0.0,5.5,90.0,12.0,FWD,BRI,0.0,5.6,78.0,9.0,FWD,BRI,0.0,5.7,84.0,2.0,FWD,BRI,0.0,5.7,84.0,2.0,FWD,BRI,0.0,5.8,90.0,6.0,FWD,BRI,0.0,5.8,80.0,2.0,FWD,BRI,0.0,5.8,90.0,8.0,FWD,BRI,0.25,5.9,80.0,9.0,FWD,BRI,0.0,5.9,72.0,7.0,FWD,BRI,0.0,5.9,90.0,5.0,FWD,BRI,0.0,6.0,90.0,2.0,FWD,BRI,0.0,6.0,85.0,2.0,FWD,BRI,0.0,6.0,78.0,2.0,FWD,BRI,0.25,5.9,0.0,0.0,FWD,BRI,0.0,5.8,20.0,1.0,FWD,BRI,0.25,5.8,0.0,0.0,FWD,BRI,0.75,5.7,0.0,0.0,FWD,BRI,0.75,5.6,0.0,0.0,FWD,BRI,0.75,5.5,0.0,0.0,FWD,BRI,1.0,5.5,0.0,0.0,FWD,BRI,0.0,5.5,12.0,1.0,FWD,BRI,0.0,68.0,5.5,2.0,FWD,BRI,0.0,5.5,90.0,2.0,FWD,BRI,0.0,5.5,72.0,1.0,FWD,BRI,0.0,5.5,83.0,8.0,FWD,BRI,0.25,5.5,0.0,0.0,FWD,BRI,0.0,5.5,18.0,7.0,FWD,BRI,0.0,5.5,13.0,1.0,FWD,BRI,0.0,5.5,15.0,1.0,FWD,BRI,0.0,5.5,18.0,0.0,FWD,BRI,0.0,5.5,90.0,9.0,FWD,BRI,0.0,90.0,5.5,2.0,FWD,BRI,0.0,5.5,76.0,5.0,FWD,BRI,0.0,90.0,5.5,2.0,FWD,BRI,0.0,5.5,90.0,1.0,1936.0,111.0
149,Wieffer,MID,BRI,0.0,5.0,90.0,6.0,MID,BRI,0.0,5.0,0.0,0.0,MID,BRI,0.5,5.0,0.0,0.0,MID,BRI,0.25,5.0,0.0,0.0,MID,BRI,0.0,4.9,28.0,1.0,MID,BRI,0.0,4.9,56.0,1.0,MID,BRI,0.0,4.9,16.0,1.0,MID,BRI,0.0,4.8,19.0,1.0,MID,BRI,0.0,4.8,10.0,1.0,MID,BRI,0.0,4.8,14.0,1.0,MID,BRI,0.0,4.8,0.0,0.0,MID,BRI,0.0,4.8,26.0,1.0,MID,BRI,0.0,4.8,18.0,0.0,MID,BRI,0.0,4.7,85.0,2.0,MID,BRI,0.0,4.7,45.0,3.0,MID,BRI,0.0,4.7,2.0,1.0,MID,BRI,0.25,4.7,55.0,9.0,MID,BRI,0.25,4.7,0.0,0.0,MID,BRI,0.25,4.7,0.0,0.0,MID,BRI,0.75,4.7,0.0,0.0,MID,BRI,0.5,4.7,0.0,0.0,MID,BRI,0.5,0.0,4.7,0.0,MID,BRI,0.5,4.7,0.0,0.0,MID,BRI,0.5,4.7,0.0,0.0,MID,BRI,0.0,4.7,0.0,0.0,MID,BRI,0.0,4.7,7.0,1.0,MID,BRI,0.0,4.7,5.0,0.0,MID,BRI,0.0,4.7,4.0,1.0,MID,BRI,0.0,4.7,3.0,0.0,MID,BRI,0.0,4.7,18.0,1.0,MID,BRI,0.0,4.7,1.0,1.0,MID,BRI,0.5,0.0,4.7,0.0,MID,BRI,0.0,4.7,88.0,6.0,MID,BRI,0.5,90.0,4.7,2.0,MID,BRI,0.0,4.7,53.0,3.0,733.0,43.0
150,Andrey Santos,MID,CHE,1.0,4.5,0.0,0.0,MID,CHE,1.0,4.5,0.0,0.0,MID,CHE,1.0,4.5,0.0,0.0,MID,CHE,1.0,4.5,0.0,0.0,MID,CHE,1.0,4.5,0.0,0.0,MID,CHE,1.0,4.5,0.0,0.0,MID,CHE,1.0,4.5,0.0,0.0,MID,CHE,1.0,4.5,0.0,0.0,MID,CHE,1.0,4.5,0.0,0.0,MID,CHE,1.0,4.5,0.0,0.0,MID,CHE,1.0,4.5,0.0,0.0,MID,CHE,1.0,4.5,0.0,0.0,MID,CHE,1.0,4.5,0.0,0.0,MID,CHE,1.0,4.5,0.0,0.0,MID,CHE,1.0,4.5,0.0,0.0,MID,CHE,1.0,4.5,0.0,0.0,MID,CHE,1.0,4.5,0.0,0.0,MID,CHE,1.0,4.5,0.0,0.0,MID,CHE,1.0,4.5,0.0,0.0,MID,CHE,1.0,4.5,0.0,0.0,MID,CHE,1.0,4.5,0.0,0.0,MID,CHE,1.0,0.0,4.5,0.0,MID,CHE,1.0,4.5,0.0,0.0,MID,CHE,1.0,4.5,0.0,0.0,MID,CHE,1.0,4.5,0.0,0.0,MID,CHE,1.0,4.5,0.0,0.0,MID,CHE,1.0,4.5,0.0,0.0,MID,CHE,1.0,4.5,0.0,0.0,MID,CHE,1.0,4.5,0.0,0.0,MID,CHE,1.0,4.5,0.0,0.0,MID,CHE,1.0,4.5,0.0,0.0,MID,CHE,1.0,0.0,4.5,0.0,MID,CHE,1.0,4.5,0.0,0.0,MID,CHE,1.0,0.0,4.5,0.0,MID,CHE,1.0,4.5,0.0,0.0,0.0,0.0
151,Ângelo,MID,CHE,0.0,4.5,0.0,0.0,MID,CHE,0.0,4.5,0.0,0.0,MID,CHE,1.0,4.5,0.0,0.0,MID,CHE,1.0,4.5,0.0,0.0,MID,CHE,1.0,4.5,0.0,0.0,MID,CHE,1.0,4.5,0.0,0.0,MID,CHE,1.0,4.5,0.0,0.0,MID,CHE,1.0,4.5,0.0,0.0,MID,CHE,1.0,4.5,0.0,0.0,MID,CHE,1.0,4.5,0.0,0.0,MID,CHE,1.0,4.5,0.0,0.0,MID,CHE,1.0,4.5,0.0,0.0,MID,CHE,1.0,4.5,0.0,0.0,MID,CHE,1.0,4.5,0.0,0.0,MID,CHE,1.0,4.5,0.0,0.0,MID,CHE,1.0,4.5,0.0,0.0,MID,CHE,1.0,4.5,0.0,0.0,MID,CHE,1.0,4.5,0.0,0.0,MID,CHE,1.0,4.5,0.0,0.0,MID,CHE,1.0,4.5,0.0,0.0,MID,CHE,1.0,4.5,0.0,0.0,MID,CHE,1.0,0.0,4.5,0.0,MID,CHE,1.0,4.5,0.0,0.0,MID,CHE,1.0,4.5,0.0,0.0,MID,CHE,1.0,4.5,0.0,0.0,MID,CHE,1.0,4.5,0.0,0.0,MID,CHE,1.0,4.5,0.0,0.0,MID,CHE,1.0,4.5,0.0,0.0,MID,CHE,1.0,4.5,0.0,0.0,MID,CHE,1.0,4.5,0.0,0.0,MID,CHE,1.0,4.5,0.0,0.0,MID,CHE,1.0,0.0,4.5,0.0,MID,CHE,1.0,4.5,0.0,0.0,MID,CHE,1.0,0.0,4.5,0.0,MID,CHE,1.0,4.5,0.0,0.0,0.0,0.0
152,Arrizabalaga,GKP,CHE,0.0,4.5,0.0,0.0,GKP,CHE,0.0,4.5,0.0,0.0,GKP,BOU,1.0,4.5,90.0,3.0,GKP,BOU,0.0,4.5,0.0,0.0,GKP,BOU,0.0,4.5,90.0,4.0,GKP,BOU,0.0,4.5,90.0,2.0,GKP,BOU,0.0,4.5,90.0,2.0,GKP,BOU,0.0,4.5,90.0,6.0,GKP,BOU,0.25,4.5,0.0,0.0,GKP,BOU,0.25,4.5,0.0,0.0,GKP,BOU,0.0,4.5,90.0,2.0,GKP,BOU,0.0,4.5,90.0,1.0,GKP,BOU,0.0,4.5,90.0,1.0,GKP,BOU,0.0,4.5,90.0,7.0,GKP,BOU,0.0,4.5,90.0,3.0,GKP,BOU,0.0,4.5,90.0,2.0,GKP,BOU,0.0,4.5,90.0,9.0,GKP,BOU,0.0,4.5,90.0,8.0,GKP,BOU,0.0,4.5,90.0,2.0,GKP,BOU,1.0,4.5,0.0,0.0,GKP,BOU,0.0,4.5,0.0,0.0,GKP,BOU,0.0,90.0,4.5,3.0,GKP,BOU,0.0,4.5,90.0,7.0,GKP,BOU,0.0,4.5,90.0,2.0,GKP,BOU,0.0,4.6,90.0,3.0,GKP,BOU,0.0,4.6,90.0,2.0,GKP,BOU,0.0,4.6,90.0,1.0,GKP,BOU,0.0,4.6,90.0,1.0,GKP,BOU,0.0,4.6,90.0,1.0,GKP,BOU,0.0,4.6,90.0,1.0,GKP,BOU,0.0,4.6,90.0,1.0,GKP,BOU,0.0,90.0,4.6,11.0,GKP,BOU,0.0,4.6,90.0,6.0,GKP,BOU,0.0,90.0,4.6,3.0,GKP,BOU,0.0,4.6,90.0,3.0,2520.0,97.0
153,B.Badiashile,DEF,CHE,0.0,4.5,0.0,0.0,DEF,CHE,0.0,4.5,0.0,0.0,DEF,CHE,0.0,4.5,0.0,0.0,DEF,CHE,0.0,4.4,0.0,0.0,DEF,CHE,0.0,4.4,0.0,0.0,DEF,CHE,0.0,4.4,0.0,0.0,DEF,CHE,0.0,4.3,0.0,0.0,DEF,CHE,0.0,4.3,37.0,1.0,DEF,CHE,0.0,4.3,0.0,0.0,DEF,CHE,0.0,4.3,0.0,0.0,DEF,CHE,0.0,4.3,0.0,0.0,DEF,CHE,0.0,4.3,90.0,2.0,DEF,CHE,0.0,4.3,30.0,1.0,DEF,CHE,0.0,4.3,0.0,0.0,DEF,CHE,0.0,4.3,90.0,1.0,DEF,CHE,0.25,4.3,0.0,0.0,DEF,CHE,1.0,4.3,0.0,0.0,DEF,CHE,1.0,4.3,0.0,0.0,DEF,CHE,1.0,4.3,0.0,0.0,DEF,CHE,1.0,4.3,0.0,0.0,DEF,CHE,1.0,4.3,0.0,0.0,DEF,CHE,1.0,0.0,4.3,0.0,DEF,CHE,1.0,4.2,0.0,0.0,DEF,CHE,1.0,4.2,0.0,0.0,DEF,CHE,1.0,4.2,0.0,0.0,DEF,CHE,1.0,4.2,0.0,0.0,DEF,CHE,1.0,4.2,0.0,0.0,DEF,CHE,0.0,4.2,0.0,0.0,DEF,CHE,0.0,4.2,85.0,2.0,DEF,CHE,0.0,4.2,0.0,0.0,DEF,CHE,0.0,4.2,0.0,0.0,DEF,CHE,1.0,0.0,4.2,0.0,DEF,CHE,0.0,4.2,0.0,0.0,DEF,CHE,1.0,0.0,4.2,0.0,DEF,CHE,0.0,4.2,0.0,0.0,332.0,7.0
154,Bergström,GKP,CHE,0.0,4.0,0.0,0.0,GKP,CHE,0.0,4.0,0.0,0.0,GKP,CHE,0.0,4.0,0.0,0.0,GKP,CHE,0.0,4.0,0.0,0.0,GKP,CHE,0.0,4.0,0.0,0.0,GKP,CHE,0.0,4.0,0.0,0.0,GKP,CHE,0.0,4.0,0.0,0.0,GKP,CHE,0.0,4.0,0.0,0.0,GKP,CHE,0.0,4.0,0.0,0.0,GKP,CHE,0.0,4.0,0.0,0.0,GKP,CHE,0.0,4.0,0.0,0.0,GKP,CHE,0.0,4.0,0.0,0.0,GKP,CHE,0.0,4.0,0.0,0.0,GKP,CHE,0.0,4.0,0.0,0.0,GKP,CHE,0.0,4.0,0.0,0.0,GKP,CHE,0.0,3.9,0.0,0.0,GKP,CHE,0.0,3.9,0.0,0.0,GKP,CHE,0.0,3.9,0.0,0.0,GKP,CHE,0.0,3.9,0.0,0.0,GKP,CHE,0.0,3.9,0.0,0.0,GKP,CHE,0.0,3.9,0.0,0.0,GKP,CHE,0.0,0.0,3.9,0.0,GKP,CHE,0.0,3.9,0.0,0.0,GKP,CHE,0.0,3.9,0.0,0.0,GKP,CHE,0.0,3.9,0.0,0.0,GKP,CHE,0.0,3.9,0.0,0.0,GKP,CHE,0.0,3.9,0.0,0.0,GKP,CHE,0.0,3.9,0.0,0.0,GKP,CHE,0.0,3.9,0.0,0.0,GKP,CHE,0.0,3.9,0.0,0.0,GKP,CHE,0.0,3.9,0.0,0.0,GKP,CHE,0.0,0.0,3.9,0.0,GKP,CHE,0.0,3.9,0.0,0.0,GKP,CHE,0.0,0.0,3.9,0.0,GKP,CHE,0.0,3.9,0.0,0.0,0.0,0.0
155,Bettinelli,GKP,CHE,0.0,4.0,0.0,0.0,GKP,CHE,0.0,4.0,0.0,0.0,GKP,CHE,0.0,4.0,0.0,0.0,GKP,CHE,0.0,4.0,0.0,0.0,GKP,CHE,0.0,4.0,0.0,0.0,GKP,CHE,0.0,4.0,0.0,0.0,GKP,CHE,0.0,4.0,0.0,0.0,GKP,CHE,0.0,4.0,0.0,0.0,GKP,CHE,0.0,4.0,0.0,0.0,GKP,CHE,0.0,4.0,0.0,0.0,GKP,CHE,0.0,4.0,0.0,0.0,GKP,CHE,0.0,4.0,0.0,0.0,GKP,CHE,0.0,4.0,0.0,0.0,GKP,CHE,0.0,3.9,0.0,0.0,GKP,CHE,0.0,3.9,0.0,0.0,GKP,CHE,0.0,3.9,0.0,0.0,GKP,CHE,0.0,3.9,0.0,0.0,GKP,CHE,0.0,3.9,0.0,0.0,GKP,CHE,0.0,3.9,0.0,0.0,GKP,CHE,0.0,3.9,0.0,0.0,GKP,CHE,0.0,3.9,0.0,0.0,GKP,CHE,0.0,0.0,3.9,0.0,GKP,CHE,0.0,3.9,0.0,0.0,GKP,CHE,0.0,3.9,0.0,0.0,GKP,CHE,0.0,3.9,0.0,0.0,GKP,CHE,0.0,3.9,0.0,0.0,GKP,CHE,0.0,3.9,0.0,0.0,GKP,CHE,0.0,3.9,0.0,0.0,GKP,CHE,0.0,3.9,0.0,0.0,GKP,CHE,0.0,3.9,0.0,0.0,GKP,CHE,0.0,3.9,0.0,0.0,GKP,CHE,0.0,0.0,3.9,0.0,GKP,CHE,0.0,3.9,0.0,0.0,GKP,CHE,0.0,0.0,3.9,0.0,GKP,CHE,0.0,3.9,0.0,0.0,0.0,0.0
156,Broja,FWD,CHE,0.0,5.5,0.0,0.0,FWD,CHE,0.0,5.5,0.0,0.0,FWD,EVE,0.0,5.5,0.0,0.0,FWD,EVE,1.0,5.5,0.0,0.0,FWD,EVE,1.0,5.4,0.0,0.0,FWD,EVE,1.0,5.4,0.0,0.0,FWD,EVE,1.0,5.4,0.0,0.0,FWD,EVE,1.0,5.4,0.0,0.0,FWD,EVE,1.0,5.4,0.0,0.0,FWD,EVE,1.0,5.4,0.0,0.0,FWD,EVE,0.5,5.4,0.0,0.0,FWD,EVE,1.0,5.4,0.0,0.0,FWD,EVE,0.25,5.4,0.0,0.0,FWD,EVE,0.0,5.4,7.0,1.0,FWD,EVE,0.0,5.4,0.0,0.0,FWD,EVE,1.0,5.4,24.0,0.0,FWD,EVE,1.0,5.4,0.0,0.0,FWD,EVE,0.0,5.4,20.0,1.0,FWD,EVE,0.0,5.4,74.0,2.0,FWD,EVE,0.25,5.4,31.0,1.0,FWD,EVE,1.0,5.4,0.0,0.0,FWD,EVE,1.0,0.0,5.4,0.0,FWD,EVE,1.0,5.4,0.0,0.0,FWD,EVE,1.0,5.4,0.0,0.0,FWD,EVE,1.0,5.4,0.0,0.0,FWD,EVE,1.0,5.4,0.0,0.0,FWD,EVE,1.0,5.3,0.0,0.0,FWD,EVE,1.0,5.3,0.0,0.0,FWD,EVE,0.0,5.3,10.0,1.0,FWD,EVE,0.0,5.3,11.0,1.0,FWD,EVE,0.0,5.3,25.0,1.0,FWD,EVE,1.0,63.0,5.3,2.0,FWD,EVE,1.0,5.3,62.0,2.0,FWD,EVE,1.0,0.0,5.3,0.0,FWD,EVE,0.0,5.3,0.0,0.0,327.0,12.0
157,Caicedo,MID,CHE,0.0,5.0,90.0,1.0,MID,CHE,0.0,5.0,75.0,2.0,MID,CHE,0.0,5.0,90.0,2.0,MID,CHE,0.0,4.9,90.0,3.0,MID,CHE,0.0,4.9,90.0,6.0,MID,CHE,0.0,4.9,90.0,2.0,MID,CHE,0.0,4.9,90.0,1.0,MID,CHE,0.0,4.9,90.0,5.0,MID,CHE,0.0,4.9,90.0,2.0,MID,CHE,0.0,4.9,90.0,9.0,MID,CHE,0.0,4.9,90.0,2.0,MID,CHE,0.0,4.9,80.0,2.0,MID,CHE,0.0,4.9,90.0,3.0,MID,CHE,0.0,4.9,90.0,2.0,MID,CHE,0.0,4.9,90.0,5.0,MID,CHE,0.0,4.9,90.0,2.0,MID,CHE,0.0,4.9,90.0,3.0,MID,CHE,0.0,4.9,90.0,2.0,MID,CHE,0.0,4.9,90.0,1.0,MID,CHE,0.0,4.9,90.0,2.0,MID,CHE,0.0,4.9,80.0,2.0,MID,CHE,0.0,90.0,4.9,1.0,MID,CHE,0.0,4.9,90.0,1.0,MID,CHE,0.0,4.9,90.0,2.0,MID,CHE,0.0,4.9,64.0,1.0,MID,CHE,0.0,4.9,90.0,1.0,MID,CHE,0.0,4.9,82.0,2.0,MID,CHE,0.0,4.9,90.0,4.0,MID,CHE,0.0,4.9,90.0,2.0,MID,CHE,0.0,4.9,90.0,3.0,MID,CHE,0.0,4.9,90.0,3.0,MID,CHE,0.0,90.0,4.9,2.0,MID,CHE,0.0,4.9,90.0,1.0,MID,CHE,0.0,90.0,4.9,3.0,MID,CHE,0.0,4.9,90.0,6.0,3081.0,91.0
158,Casadei,MID,CHE,0.0,4.5,0.0,0.0,MID,CHE,0.0,4.5,0.0,0.0,MID,CHE,0.0,4.5,0.0,0.0,MID,CHE,0.0,4.5,0.0,0.0,MID,CHE,0.0,4.5,0.0,0.0,MID,CHE,0.0,4.5,0.0,0.0,MID,CHE,0.0,4.5,0.0,0.0,MID,CHE,0.0,4.5,0.0,0.0,MID,CHE,0.0,4.5,0.0,0.0,MID,CHE,0.0,4.4,0.0,0.0,MID,CHE,0.0,4.4,0.0,0.0,MID,CHE,0.0,4.4,0.0,0.0,MID,CHE,0.0,4.4,0.0,0.0,MID,CHE,0.0,4.4,0.0,0.0,MID,CHE,0.0,4.4,0.0,0.0,MID,CHE,0.0,4.4,0.0,0.0,MID,CHE,0.0,4.4,0.0,0.0,MID,CHE,0.0,4.4,0.0,0.0,MID,CHE,0.0,4.4,0.0,0.0,MID,CHE,0.0,4.4,0.0,0.0,MID,CHE,0.0,4.4,0.0,0.0,MID,CHE,0.0,0.0,4.4,0.0,MID,CHE,0.0,4.4,0.0,0.0,MID,CHE,1.0,4.4,0.0,0.0,MID,CHE,1.0,4.4,0.0,0.0,MID,CHE,1.0,4.4,0.0,0.0,MID,CHE,1.0,4.4,0.0,0.0,MID,CHE,1.0,4.4,0.0,0.0,MID,CHE,1.0,4.4,0.0,0.0,MID,CHE,1.0,4.4,0.0,0.0,MID,CHE,1.0,4.4,0.0,0.0,MID,CHE,0.0,0.0,4.4,0.0,MID,CHE,1.0,4.4,0.0,0.0,MID,CHE,0.0,0.0,4.4,0.0,MID,CHE,1.0,4.4,0.0,0.0,0.0,0.0
159,Chalobah,DEF,CHE,0.0,4.5,0.0,0.0,DEF,CHE,0.0,4.5,0.0,0.0,DEF,CRY,0.0,4.4,0.0,0.0,DEF,CRY,1.0,4.4,0.0,0.0,DEF,CRY,0.5,4.4,0.0,0.0,DEF,CRY,0.0,4.4,0.0,0.0,DEF,CRY,0.0,4.4,87.0,2.0,DEF,CRY,0.0,4.4,90.0,2.0,DEF,CRY,0.0,4.4,90.0,8.0,DEF,CRY,0.0,4.4,90.0,7.0,DEF,CRY,0.0,4.4,90.0,1.0,DEF,CRY,0.0,4.4,90.0,0.0,DEF,CRY,0.0,4.4,83.0,2.0,DEF,CRY,0.0,4.4,80.0,6.0,DEF,CRY,0.0,4.4,90.0,1.0,DEF,CRY,0.0,4.4,90.0,9.0,DEF,CRY,0.0,4.4,0.0,0.0,DEF,CRY,0.0,4.4,90.0,6.0,DEF,CRY,1.0,4.4,90.0,10.0,DEF,CRY,0.0,4.4,0.0,0.0,DEF,CHE,0.0,4.4,0.0,0.0,DEF,CHE,0.0,90.0,4.4,8.0,DEF,CHE,0.0,4.4,90.0,1.0,DEF,CHE,0.0,4.4,1.0,1.0,DEF,CHE,0.0,4.4,90.0,1.0,DEF,CHE,0.25,4.4,7.0,1.0,DEF,CHE,0.5,4.4,0.0,0.0,DEF,CHE,0.0,4.4,17.0,1.0,DEF,CHE,0.0,4.4,0.0,0.0,DEF,CHE,0.0,4.4,90.0,5.0,DEF,CHE,0.0,4.4,90.0,6.0,DEF,CHE,0.0,90.0,4.4,1.0,DEF,CHE,0.0,4.4,90.0,2.0,DEF,CHE,0.0,90.0,4.4,9.0,DEF,CHE,0.0,4.4,90.0,1.0,1895.0,91.0
160,Chilwell,DEF,CHE,0.0,5.0,0.0,0.0,DEF,CHE,0.0,4.9,0.0,0.0,DEF,CHE,0.0,4.9,0.0,0.0,DEF,CHE,0.0,4.9,0.0,0.0,DEF,CHE,0.0,4.8,0.0,0.0,DEF,CHE,0.0,4.8,0.0,0.0,DEF,CHE,0.0,4.8,0.0,0.0,DEF,CHE,0.0,4.7,0.0,0.0,DEF,CHE,0.0,4.7,0.0,0.0,DEF,CHE,0.0,4.7,0.0,0.0,DEF,CHE,0.0,4.7,0.0,0.0,DEF,CHE,0.0,4.7,0.0,0.0,DEF,CHE,0.0,4.7,0.0,0.0,DEF,CHE,0.0,4.7,0.0,0.0,DEF,CHE,0.0,4.7,0.0,0.0,DEF,CHE,0.0,4.7,0.0,0.0,DEF,CHE,0.0,4.7,0.0,0.0,DEF,CHE,0.0,4.7,0.0,0.0,DEF,CHE,0.0,4.7,0.0,0.0,DEF,CHE,0.0,4.7,0.0,0.0,DEF,CHE,0.0,4.6,0.0,0.0,DEF,CHE,0.0,0.0,4.6,0.0,DEF,CHE,0.0,4.6,0.0,0.0,DEF,CRY,0.0,4.6,0.0,0.0,DEF,CRY,0.0,4.6,30.0,1.0,DEF,CRY,0.0,4.6,1.0,1.0,DEF,CRY,0.0,4.6,0.0,0.0,DEF,CRY,0.0,4.6,18.0,0.0,DEF,CRY,0.0,4.6,0.0,0.0,DEF,CRY,0.0,4.6,32.0,1.0,DEF,CRY,0.0,4.6,27.0,1.0,DEF,CRY,0.0,27.0,4.6,1.0,DEF,CRY,0.0,4.6,0.0,0.0,DEF,CRY,0.0,0.0,0.0,0.0,DEF,CRY,0.0,4.6,0.0,0.0,135.0,5.0
160,Chilwell,DEF,CHE,0.0,5.0,0.0,0.0,DEF,CHE,0.0,4.9,0.0,0.0,DEF,CHE,0.0,4.9,0.0,0.0,DEF,CHE,0.0,4.9,0.0,0.0,DEF,CHE,0.0,4.8,0.0,0.0,DEF,CHE,0.0,4.8,0.0,0.0,DEF,CHE,0.0,4.8,0.0,0.0,DEF,CHE,0.0,4.7,0.0,0.0,DEF,CHE,0.0,4.7,0.0,0.0,DEF,CHE,0.0,4.7,0.0,0.0,DEF,CHE,0.0,4.7,0.0,0.0,DEF,CHE,0.0,4.7,0.0,0.0,DEF,CHE,0.0,4.7,0.0,0.0,DEF,CHE,0.0,4.7,0.0,0.0,DEF,CHE,0.0,4.7,0.0,0.0,DEF,CHE,0.0,4.7,0.0,0.0,DEF,CHE,0.0,4.7,0.0,0.0,DEF,CHE,0.0,4.7,0.0,0.0,DEF,CHE,0.0,4.7,0.0,0.0,DEF,CHE,0.0,4.7,0.0,0.0,DEF,CHE,0.0,4.6,0.0,0.0,DEF,CHE,0.0,0.0,4.6,0.0,DEF,CHE,0.0,4.6,0.0,0.0,DEF,CRY,0.0,4.6,0.0,0.0,DEF,CRY,0.0,4.6,30.0,1.0,DEF,CRY,0.0,4.6,1.0,1.0,DEF,CRY,0.0,4.6,0.0,0.0,DEF,CRY,0.0,4.6,18.0,0.0,DEF,CRY,0.0,4.6,0.0,0.0,DEF,CRY,0.0,4.6,32.0,1.0,DEF,CRY,0.0,4.6,27.0,1.0,DEF,CRY,0.0,0.0,4.6,0.0,DEF,CRY,0.0,4.6,27.0,1.0,DEF,CRY,0.0,0.0,0.0,0.0,DEF,CRY,0.0,4.6,0.0,0.0,135.0,5.0
161,Chukwuemeka,MID,CHE,0.0,5.0,0.0,0.0,MID,CHE,0.0,4.9,0.0,0.0,MID,CHE,0.0,4.9,0.0,0.0,MID,CHE,0.0,4.9,0.0,0.0,MID,CHE,0.0,4.9,0.0,0.0,MID,CHE,0.0,4.9,0.0,0.0,MID,CHE,0.25,4.9,0.0,0.0,MID,CHE,0.0,4.8,0.0,0.0,MID,CHE,0.0,4.8,0.0,0.0,MID,CHE,0.0,4.8,0.0,0.0,MID,CHE,0.0,4.8,0.0,0.0,MID,CHE,0.0,4.8,0.0,0.0,MID,CHE,0.0,4.8,0.0,0.0,MID,CHE,0.0,4.8,0.0,0.0,MID,CHE,0.0,4.8,0.0,0.0,MID,CHE,0.0,4.8,0.0,0.0,MID,CHE,0.0,4.8,0.0,0.0,MID,CHE,0.0,4.8,0.0,0.0,MID,CHE,0.0,4.8,0.0,0.0,MID,CHE,0.0,4.8,0.0,0.0,MID,CHE,0.0,4.8,0.0,0.0,MID,CHE,0.0,0.0,4.8,0.0,MID,CHE,0.0,4.7,0.0,0.0,MID,CHE,1.0,4.7,0.0,0.0,MID,CHE,1.0,4.7,0.0,0.0,MID,CHE,1.0,4.7,0.0,0.0,MID,CHE,1.0,4.7,0.0,0.0,MID,CHE,1.0,4.7,0.0,0.0,MID,CHE,1.0,4.7,0.0,0.0,MID,CHE,1.0,4.7,0.0,0.0,MID,CHE,1.0,4.7,0.0,0.0,MID,CHE,0.0,0.0,4.7,0.0,MID,CHE,1.0,4.7,0.0,0.0,MID,CHE,0.0,0.0,4.7,0.0,MID,CHE,1.0,4.7,0.0,0.0,0.0,0.0
162,Colwill,DEF,CHE,0.0,4.5,90.0,1.0,DEF,CHE,0.0,4.5,90.0,1.0,DEF,CHE,0.0,4.5,90.0,2.0,DEF,CHE,0.0,4.5,90.0,5.0,DEF,CHE,0.0,4.5,90.0,7.0,DEF,CHE,0.0,4.5,90.0,1.0,DEF,CHE,0.0,4.6,90.0,1.0,DEF,CHE,0.0,4.6,90.0,1.0,DEF,CHE,0.0,4.6,90.0,2.0,DEF,CHE,0.0,4.6,90.0,2.0,DEF,CHE,0.25,4.5,90.0,1.0,DEF,CHE,0.0,4.5,90.0,2.0,DEF,CHE,0.0,4.5,90.0,6.0,DEF,CHE,0.0,4.5,0.0,0.0,DEF,CHE,0.0,4.5,90.0,1.0,DEF,CHE,0.0,4.6,90.0,2.0,DEF,CHE,0.0,4.6,90.0,6.0,DEF,CHE,0.0,4.6,90.0,4.0,DEF,CHE,0.0,4.6,90.0,0.0,DEF,CHE,0.0,4.6,90.0,1.0,DEF,CHE,0.25,4.6,90.0,1.0,DEF,CHE,0.25,0.0,4.6,0.0,DEF,CHE,0.0,4.5,90.0,0.0,DEF,CHE,0.0,4.4,90.0,2.0,DEF,CHE,0.0,4.4,90.0,1.0,DEF,CHE,0.0,4.4,90.0,1.0,DEF,CHE,0.0,4.4,90.0,14.0,DEF,CHE,0.0,4.4,90.0,6.0,DEF,CHE,0.0,4.4,90.0,1.0,DEF,CHE,0.0,4.4,90.0,6.0,DEF,CHE,0.0,4.4,0.0,0.0,DEF,CHE,0.25,90.0,4.4,1.0,DEF,CHE,0.0,4.4,90.0,1.0,DEF,CHE,0.25,90.0,4.4,6.0,DEF,CHE,0.0,4.4,90.0,2.0,2880.0,88.0
163,Cucurella,DEF,CHE,0.0,5.0,79.0,2.0,DEF,CHE,0.0,5.0,82.0,0.0,DEF,CHE,0.0,5.0,90.0,2.0,DEF,CHE,0.0,5.0,90.0,5.0,DEF,CHE,0.0,5.0,90.0,5.0,DEF,CHE,0.0,5.0,69.0,0.0,DEF,CHE,1.0,5.0,90.0,1.0,DEF,CHE,0.0,5.0,0.0,0.0,DEF,CHE,0.0,5.0,12.0,1.0,DEF,CHE,0.0,5.0,45.0,1.0,DEF,CHE,0.0,5.0,90.0,1.0,DEF,CHE,0.0,5.0,90.0,2.0,DEF,CHE,0.0,5.0,90.0,11.0,DEF,CHE,0.0,5.1,78.0,2.0,DEF,CHE,0.0,5.1,90.0,4.0,DEF,CHE,1.0,5.2,90.0,5.0,DEF,CHE,0.0,5.2,0.0,0.0,DEF,CHE,0.0,5.2,90.0,1.0,DEF,CHE,0.0,5.2,90.0,1.0,DEF,CHE,0.0,5.2,90.0,2.0,DEF,CHE,0.0,5.2,90.0,1.0,DEF,CHE,0.0,90.0,5.2,9.0,DEF,CHE,0.0,5.1,90.0,1.0,DEF,CHE,0.0,5.1,90.0,2.0,DEF,CHE,0.0,5.1,90.0,1.0,DEF,CHE,0.0,5.1,90.0,1.0,DEF,CHE,0.0,5.1,90.0,15.0,DEF,CHE,0.0,5.2,90.0,15.0,DEF,CHE,0.0,5.2,90.0,2.0,DEF,CHE,0.0,5.3,90.0,5.0,DEF,CHE,0.0,5.4,13.0,1.0,DEF,CHE,0.0,90.0,5.4,1.0,DEF,CHE,0.0,5.4,90.0,1.0,DEF,CHE,0.0,90.0,5.4,6.0,DEF,CHE,0.0,5.4,90.0,2.0,2718.0,109.0
164,D.D.Fofana,FWD,CHE,0.0,5.5,0.0,0.0,FWD,CHE,0.0,5.5,0.0,0.0,FWD,CHE,0.0,5.4,0.0,0.0,FWD,CHE,1.0,5.4,0.0,0.0,FWD,CHE,1.0,5.4,0.0,0.0,FWD,CHE,1.0,5.4,0.0,0.0,FWD,CHE,1.0,5.4,0.0,0.0,FWD,CHE,1.0,5.4,0.0,0.0,FWD,CHE,1.0,5.4,0.0,0.0,FWD,CHE,1.0,5.4,0.0,0.0,FWD,CHE,1.0,5.4,0.0,0.0,FWD,CHE,1.0,5.4,0.0,0.0,FWD,CHE,1.0,5.4,0.0,0.0,FWD,CHE,1.0,5.4,0.0,0.0,FWD,CHE,1.0,5.4,0.0,0.0,FWD,CHE,1.0,5.4,0.0,0.0,FWD,CHE,1.0,5.4,0.0,0.0,FWD,CHE,1.0,5.4,0.0,0.0,FWD,CHE,1.0,5.4,0.0,0.0,FWD,CHE,1.0,5.4,0.0,0.0,FWD,CHE,1.0,5.4,0.0,0.0,FWD,CHE,1.0,0.0,5.4,0.0,FWD,CHE,1.0,5.4,0.0,0.0,FWD,CHE,1.0,5.4,0.0,0.0,FWD,CHE,1.0,5.4,0.0,0.0,FWD,CHE,1.0,5.4,0.0,0.0,FWD,CHE,1.0,5.4,0.0,0.0,FWD,CHE,1.0,5.4,0.0,0.0,FWD,CHE,1.0,5.4,0.0,0.0,FWD,CHE,1.0,5.4,0.0,0.0,FWD,CHE,1.0,5.4,0.0,0.0,FWD,CHE,1.0,0.0,5.4,0.0,FWD,CHE,1.0,5.4,0.0,0.0,FWD,CHE,1.0,0.0,5.4,0.0,FWD,CHE,1.0,5.4,0.0,0.0,0.0,0.0
165,Deivid,FWD,CHE,0.0,5.0,0.0,0.0,FWD,CHE,0.0,5.0,0.0,0.0,FWD,CHE,0.0,5.0,0.0,0.0,FWD,CHE,0.0,5.0,0.0,0.0,FWD,CHE,0.0,5.0,0.0,0.0,FWD,CHE,0.0,5.0,0.0,0.0,FWD,CHE,0.0,5.0,0.0,0.0,FWD,CHE,0.0,5.0,0.0,0.0,FWD,CHE,0.0,5.0,0.0,0.0,FWD,CHE,0.0,5.0,0.0,0.0,FWD,CHE,0.0,5.0,0.0,0.0,FWD,CHE,0.0,5.0,0.0,0.0,FWD,CHE,0.0,5.0,0.0,0.0,FWD,CHE,0.0,4.9,0.0,0.0,FWD,CHE,0.0,4.9,0.0,0.0,FWD,CHE,0.0,4.9,0.0,0.0,FWD,CHE,0.0,4.9,0.0,0.0,FWD,CHE,0.0,4.9,0.0,0.0,FWD,CHE,0.0,4.9,0.0,0.0,FWD,CHE,0.0,4.9,0.0,0.0,FWD,CHE,0.0,4.9,0.0,0.0,FWD,CHE,0.0,0.0,4.9,0.0,FWD,CHE,0.0,4.9,0.0,0.0,FWD,CHE,0.0,4.9,0.0,0.0,FWD,CHE,0.0,4.9,0.0,0.0,FWD,CHE,0.0,4.9,0.0,0.0,FWD,CHE,1.0,4.9,0.0,0.0,FWD,CHE,1.0,4.9,0.0,0.0,FWD,CHE,1.0,4.9,0.0,0.0,FWD,CHE,1.0,4.9,0.0,0.0,FWD,CHE,1.0,4.9,0.0,0.0,FWD,CHE,0.0,0.0,4.9,0.0,FWD,CHE,1.0,4.9,0.0,0.0,FWD,CHE,0.0,0.0,4.9,0.0,FWD,CHE,1.0,4.9,0.0,0.0,0.0,0.0
166,Dewsbury-Hall,MID,CHE,0.0,6.0,24.0,1.0,MID,CHE,0.0,5.9,14.0,1.0,MID,CHE,0.0,5.9,0.0,0.0,MID,CHE,0.0,5.8,0.0,0.0,MID,CHE,0.0,5.8,6.0,1.0,MID,CHE,0.0,5.7,0.0,0.0,MID,CHE,0.0,5.7,0.0,0.0,MID,CHE,0.0,5.6,0.0,0.0,MID,CHE,0.0,5.6,0.0,0.0,MID,CHE,0.0,5.6,0.0,0.0,MID,CHE,0.0,5.6,0.0,0.0,MID,CHE,0.0,5.6,1.0,1.0,MID,CHE,0.0,5.6,0.0,0.0,MID,CHE,0.0,5.6,11.0,1.0,MID,CHE,0.0,5.6,0.0,0.0,MID,CHE,0.0,5.5,0.0,0.0,MID,CHE,0.0,5.5,0.0,0.0,MID,CHE,0.0,5.5,0.0,0.0,MID,CHE,0.75,5.5,0.0,0.0,MID,CHE,1.0,5.5,0.0,0.0,MID,CHE,1.0,5.5,0.0,0.0,MID,CHE,1.0,76.0,5.5,6.0,MID,CHE,0.0,5.5,0.0,0.0,MID,CHE,0.0,5.5,0.0,0.0,MID,CHE,0.0,5.5,25.0,1.0,MID,CHE,0.0,5.5,0.0,0.0,MID,CHE,0.0,5.5,22.0,1.0,MID,CHE,0.0,5.5,0.0,0.0,MID,CHE,0.0,5.5,14.0,1.0,MID,CHE,0.0,5.5,1.0,1.0,MID,CHE,0.0,5.5,58.0,1.0,MID,CHE,1.0,0.0,5.5,0.0,MID,CHE,0.0,5.5,0.0,0.0,MID,CHE,1.0,1.0,5.5,1.0,MID,CHE,0.0,5.5,0.0,0.0,253.0,17.0
167,Disasi,DEF,CHE,0.0,4.5,0.0,0.0,DEF,CHE,0.0,4.4,0.0,0.0,DEF,CHE,0.0,4.4,0.0,0.0,DEF,CHE,0.0,4.4,61.0,6.0,DEF,CHE,0.0,4.4,33.0,1.0,DEF,CHE,0.0,4.4,0.0,0.0,DEF,CHE,0.0,4.4,0.0,0.0,DEF,CHE,0.0,4.3,0.0,0.0,DEF,CHE,0.0,4.3,0.0,0.0,DEF,CHE,0.0,4.3,0.0,0.0,DEF,CHE,0.0,4.3,0.0,0.0,DEF,CHE,0.0,4.3,0.0,0.0,DEF,CHE,0.0,4.3,0.0,0.0,DEF,CHE,0.0,4.2,90.0,8.0,DEF,CHE,0.0,4.2,0.0,0.0,DEF,CHE,0.0,4.2,0.0,0.0,DEF,CHE,0.0,4.2,90.0,5.0,DEF,CHE,0.0,4.2,0.0,0.0,DEF,CHE,0.0,4.2,76.0,1.0,DEF,CHE,0.0,4.2,0.0,0.0,DEF,CHE,0.0,4.2,0.0,0.0,DEF,CHE,0.0,13.0,4.2,1.0,DEF,CHE,0.0,4.2,0.0,0.0,DEF,AST,0.0,4.2,0.0,0.0,DEF,AST,1.0,4.2,180.0,2.0,DEF,AST,0.0,4.2,0.0,0.0,DEF,AST,0.0,4.2,90.0,0.0,DEF,AST,0.0,4.2,90.0,6.0,DEF,AST,0.0,4.2,0.0,0.0,DEF,AST,0.0,4.2,9.0,0.0,DEF,AST,0.0,4.2,90.0,2.0,DEF,AST,0.0,0.0,4.2,0.0,DEF,AST,0.0,4.2,29.0,1.0,DEF,AST,0.0,0.0,0.0,0.0,DEF,AST,0.0,4.2,0.0,0.0,851.0,33.0
168,Enzo,MID,CHE,0.0,5.0,90.0,2.0,MID,CHE,0.0,5.0,90.0,2.0,MID,CHE,0.0,5.0,90.0,2.0,MID,CHE,0.0,5.0,0.0,0.0,MID,CHE,0.0,5.0,83.0,3.0,MID,CHE,0.0,4.9,78.0,1.0,MID,CHE,0.0,4.9,80.0,2.0,MID,CHE,0.0,4.9,37.0,1.0,MID,CHE,0.0,4.9,18.0,1.0,MID,CHE,0.0,4.8,19.0,1.0,MID,CHE,0.0,4.8,22.0,4.0,MID,CHE,0.0,4.8,90.0,12.0,MID,CHE,0.0,4.8,90.0,9.0,MID,CHE,0.0,4.9,90.0,5.0,MID,CHE,0.0,5.0,90.0,9.0,MID,CHE,0.0,5.1,90.0,5.0,MID,CHE,0.0,5.1,90.0,3.0,MID,CHE,0.0,5.1,90.0,2.0,MID,CHE,0.0,5.1,90.0,1.0,MID,CHE,0.0,5.1,90.0,1.0,MID,CHE,0.25,5.0,90.0,2.0,MID,CHE,0.25,0.0,5.0,0.0,MID,CHE,0.0,4.8,90.0,2.0,MID,CHE,0.0,4.8,90.0,4.0,MID,CHE,0.0,4.7,90.0,1.0,MID,CHE,0.0,4.7,90.0,7.0,MID,CHE,0.0,4.7,89.0,3.0,MID,CHE,0.0,4.7,90.0,6.0,MID,CHE,0.0,4.7,90.0,2.0,MID,CHE,0.0,4.7,90.0,11.0,MID,CHE,0.0,4.7,90.0,2.0,MID,CHE,0.25,90.0,4.7,2.0,MID,CHE,0.0,4.7,90.0,5.0,MID,CHE,0.25,90.0,4.7,6.0,MID,CHE,0.0,4.7,87.0,9.0,2673.0,128.0
169,Gallagher,MID,CHE,0.0,6.0,0.0,0.0,MID,CHE,1.0,5.9,0.0,0.0,MID,CHE,1.0,5.9,0.0,0.0,MID,CHE,1.0,5.9,0.0,0.0,MID,CHE,1.0,5.9,0.0,0.0,MID,CHE,1.0,5.9,0.0,0.0,MID,CHE,1.0,5.9,0.0,0.0,MID,CHE,1.0,5.9,0.0,0.0,MID,CHE,1.0,5.9,0.0,0.0,MID,CHE,1.0,5.9,0.0,0.0,MID,CHE,1.0,5.9,0.0,0.0,MID,CHE,1.0,5.9,0.0,0.0,MID,CHE,1.0,5.9,0.0,0.0,MID,CHE,1.0,5.9,0.0,0.0,MID,CHE,1.0,5.9,0.0,0.0,MID,CHE,1.0,5.9,0.0,0.0,MID,CHE,1.0,5.9,0.0,0.0,MID,CHE,1.0,5.9,0.0,0.0,MID,CHE,1.0,5.9,0.0,0.0,MID,CHE,1.0,5.9,0.0,0.0,MID,CHE,1.0,5.9,0.0,0.0,MID,CHE,1.0,0.0,5.9,0.0,MID,CHE,1.0,5.9,0.0,0.0,MID,CHE,1.0,5.9,0.0,0.0,MID,CHE,1.0,5.9,0.0,0.0,MID,CHE,1.0,5.9,0.0,0.0,MID,CHE,1.0,5.9,0.0,0.0,MID,CHE,1.0,5.9,0.0,0.0,MID,CHE,1.0,5.9,0.0,0.0,MID,CHE,1.0,5.9,0.0,0.0,MID,CHE,1.0,5.9,0.0,0.0,MID,CHE,1.0,0.0,5.9,0.0,MID,CHE,1.0,5.9,0.0,0.0,MID,CHE,1.0,0.0,5.9,0.0,MID,CHE,1.0,5.9,0.0,0.0,0.0,0.0
170,Gilchrist,DEF,CHE,1.0,4.0,0.0,0.0,DEF,CHE,1.0,4.0,0.0,0.0,DEF,CHE,1.0,4.0,0.0,0.0,DEF,CHE,1.0,4.0,0.0,0.0,DEF,CHE,1.0,4.0,0.0,0.0,DEF,CHE,1.0,4.0,0.0,0.0,DEF,CHE,1.0,4.0,0.0,0.0,DEF,CHE,1.0,4.0,0.0,0.0,DEF,CHE,1.0,4.0,0.0,0.0,DEF,CHE,1.0,4.0,0.0,0.0,DEF,CHE,1.0,4.0,0.0,0.0,DEF,CHE,1.0,4.0,0.0,0.0,DEF,CHE,1.0,4.0,0.0,0.0,DEF,CHE,1.0,4.0,0.0,0.0,DEF,CHE,1.0,4.0,0.0,0.0,DEF,CHE,1.0,4.0,0.0,0.0,DEF,CHE,1.0,4.0,0.0,0.0,DEF,CHE,1.0,4.0,0.0,0.0,DEF,CHE,1.0,4.0,0.0,0.0,DEF,CHE,1.0,4.0,0.0,0.0,DEF,CHE,1.0,4.0,0.0,0.0,DEF,CHE,1.0,0.0,4.0,0.0,DEF,CHE,1.0,4.0,0.0,0.0,DEF,CHE,1.0,4.0,0.0,0.0,DEF,CHE,1.0,4.0,0.0,0.0,DEF,CHE,1.0,4.0,0.0,0.0,DEF,CHE,1.0,4.0,0.0,0.0,DEF,CHE,1.0,4.0,0.0,0.0,DEF,CHE,1.0,4.0,0.0,0.0,DEF,CHE,1.0,4.0,0.0,0.0,DEF,CHE,1.0,4.0,0.0,0.0,DEF,CHE,1.0,0.0,4.0,0.0,DEF,CHE,1.0,4.0,0.0,0.0,DEF,CHE,1.0,0.0,4.0,0.0,DEF,CHE,1.0,4.0,0.0,0.0,0.0,0.0
171,Gusto,DEF,CHE,0.0,5.0,90.0,1.0,DEF,CHE,0.0,5.0,90.0,0.0,DEF,CHE,0.25,5.0,73.0,2.0,DEF,CHE,1.0,5.0,0.0,0.0,DEF,CHE,0.5,4.9,0.0,0.0,DEF,CHE,0.0,4.9,90.0,1.0,DEF,CHE,0.0,4.9,90.0,2.0,DEF,CHE,0.0,4.9,90.0,1.0,DEF,CHE,0.0,4.9,77.0,2.0,DEF,CHE,0.0,4.9,45.0,0.0,DEF,CHE,0.25,4.9,81.0,2.0,DEF,CHE,0.0,4.9,0.0,0.0,DEF,CHE,0.0,4.9,4.0,1.0,DEF,CHE,0.0,4.9,90.0,5.0,DEF,CHE,0.0,4.9,45.0,1.0,DEF,CHE,0.0,4.9,90.0,2.0,DEF,CHE,0.0,4.9,90.0,6.0,DEF,CHE,0.0,4.9,90.0,1.0,DEF,CHE,0.0,4.9,13.0,0.0,DEF,CHE,0.0,4.9,90.0,2.0,DEF,CHE,0.0,4.9,0.0,0.0,DEF,CHE,0.0,13.0,4.9,1.0,DEF,CHE,0.0,4.9,17.0,1.0,DEF,CHE,0.0,4.9,29.0,1.0,DEF,CHE,0.0,4.9,64.0,1.0,DEF,CHE,0.0,4.9,90.0,1.0,DEF,CHE,0.0,4.9,90.0,6.0,DEF,CHE,0.25,4.9,0.0,0.0,DEF,CHE,0.0,4.9,4.0,1.0,DEF,CHE,0.0,4.9,90.0,8.0,DEF,CHE,0.0,4.9,90.0,5.0,DEF,CHE,0.0,45.0,4.9,1.0,DEF,CHE,1.0,4.9,43.0,1.0,DEF,CHE,0.0,0.0,4.9,0.0,DEF,CHE,0.0,4.9,12.0,1.0,1825.0,57.0
172,James,DEF,CHE,1.0,5.0,0.0,0.0,DEF,CHE,1.0,5.0,0.0,0.0,DEF,CHE,0.5,5.0,0.0,0.0,DEF,CHE,1.0,5.0,0.0,0.0,DEF,CHE,1.0,5.0,0.0,0.0,DEF,CHE,1.0,5.0,0.0,0.0,DEF,CHE,1.0,4.9,0.0,0.0,DEF,CHE,0.0,4.9,52.0,0.0,DEF,CHE,0.0,4.9,90.0,2.0,DEF,CHE,0.0,4.9,90.0,2.0,DEF,CHE,0.0,4.9,8.0,1.0,DEF,CHE,1.0,4.9,0.0,0.0,DEF,CHE,1.0,4.9,0.0,0.0,DEF,CHE,1.0,4.9,0.0,0.0,DEF,CHE,1.0,4.8,0.0,0.0,DEF,CHE,1.0,4.8,0.0,0.0,DEF,CHE,1.0,4.8,0.0,0.0,DEF,CHE,1.0,4.8,0.0,0.0,DEF,CHE,0.0,4.8,0.0,0.0,DEF,CHE,0.0,4.8,0.0,0.0,DEF,CHE,0.0,4.8,34.0,7.0,DEF,CHE,0.0,76.0,4.8,6.0,DEF,CHE,0.0,4.8,72.0,1.0,DEF,CHE,0.0,4.8,60.0,1.0,DEF,CHE,0.0,4.8,25.0,1.0,DEF,CHE,0.0,4.8,90.0,1.0,DEF,CHE,0.0,4.8,0.0,0.0,DEF,CHE,0.0,4.8,0.0,0.0,DEF,CHE,0.0,4.8,81.0,2.0,DEF,CHE,0.0,4.8,8.0,1.0,DEF,CHE,0.0,4.8,76.0,9.0,DEF,CHE,0.0,0.0,4.8,0.0,DEF,CHE,0.0,4.8,45.0,1.0,DEF,CHE,0.0,23.0,4.8,1.0,DEF,CHE,0.0,4.8,2.0,1.0,832.0,37.0
173,Kellyman,MID,CHE,0.0,4.5,0.0,0.0,MID,CHE,0.0,4.5,0.0,0.0,MID,CHE,0.0,4.5,0.0,0.0,MID,CHE,0.75,4.5,0.0,0.0,MID,CHE,1.0,4.5,0.0,0.0,MID,CHE,1.0,4.4,0.0,0.0,MID,CHE,1.0,4.4,0.0,0.0,MID,CHE,1.0,4.4,0.0,0.0,MID,CHE,1.0,4.4,0.0,0.0,MID,CHE,1.0,4.4,0.0,0.0,MID,CHE,1.0,4.4,0.0,0.0,MID,CHE,1.0,4.4,0.0,0.0,MID,CHE,1.0,4.4,0.0,0.0,MID,CHE,1.0,4.4,0.0,0.0,MID,CHE,1.0,4.4,0.0,0.0,MID,CHE,1.0,4.4,0.0,0.0,MID,CHE,1.0,4.4,0.0,0.0,MID,CHE,1.0,4.4,0.0,0.0,MID,CHE,1.0,4.4,0.0,0.0,MID,CHE,1.0,4.4,0.0,0.0,MID,CHE,1.0,4.4,0.0,0.0,MID,CHE,1.0,0.0,4.4,0.0,MID,CHE,1.0,4.3,0.0,0.0,MID,CHE,1.0,4.3,0.0,0.0,MID,CHE,1.0,4.3,0.0,0.0,MID,CHE,1.0,4.3,0.0,0.0,MID,CHE,1.0,4.3,0.0,0.0,MID,CHE,0.75,4.3,0.0,0.0,MID,CHE,1.0,4.3,0.0,0.0,MID,CHE,1.0,4.3,0.0,0.0,MID,CHE,1.0,4.3,0.0,0.0,MID,CHE,1.0,0.0,4.3,0.0,MID,CHE,1.0,4.3,0.0,0.0,MID,CHE,1.0,0.0,4.3,0.0,MID,CHE,1.0,4.3,0.0,0.0,0.0,0.0
174,Lavia,MID,CHE,0.0,4.5,65.0,2.0,MID,CHE,0.0,4.5,0.0,0.0,MID,CHE,0.5,4.5,0.0,0.0,MID,CHE,1.0,4.5,0.0,0.0,MID,CHE,0.5,4.5,0.0,0.0,MID,CHE,0.0,4.5,11.0,1.0,MID,CHE,0.0,4.5,0.0,0.0,MID,CHE,0.0,4.5,52.0,1.0,MID,CHE,0.0,4.5,71.0,4.0,MID,CHE,0.0,4.5,70.0,2.0,MID,CHE,0.25,4.5,67.0,2.0,MID,CHE,0.0,4.5,9.0,0.0,MID,CHE,0.0,4.5,85.0,3.0,MID,CHE,0.0,4.5,0.0,0.0,MID,CHE,0.0,4.5,45.0,0.0,MID,CHE,0.0,4.5,0.0,0.0,MID,CHE,0.5,4.5,0.0,0.0,MID,CHE,1.0,4.5,0.0,0.0,MID,CHE,0.5,4.5,0.0,0.0,MID,CHE,0.5,4.5,0.0,0.0,MID,CHE,0.25,4.5,55.0,0.0,MID,CHE,0.25,0.0,4.5,0.0,MID,CHE,1.0,4.5,0.0,0.0,MID,CHE,1.0,4.5,0.0,0.0,MID,CHE,1.0,4.5,0.0,0.0,MID,CHE,1.0,4.5,0.0,0.0,MID,CHE,1.0,4.5,0.0,0.0,MID,CHE,0.0,4.5,0.0,0.0,MID,CHE,0.0,4.5,8.0,1.0,MID,CHE,1.0,4.5,0.0,0.0,MID,CHE,1.0,4.5,0.0,0.0,MID,CHE,0.25,0.0,4.5,0.0,MID,CHE,0.0,4.5,0.0,0.0,MID,CHE,0.25,66.0,4.5,3.0,MID,CHE,0.0,4.5,77.0,3.0,681.0,22.0
175,Lukaku,FWD,CHE,0.0,6.5,0.0,0.0,FWD,CHE,0.0,6.4,0.0,0.0,FWD,CHE,1.0,6.3,0.0,0.0,FWD,CHE,1.0,6.3,0.0,0.0,FWD,CHE,1.0,6.3,0.0,0.0,FWD,CHE,1.0,6.3,0.0,0.0,FWD,CHE,1.0,6.3,0.0,0.0,FWD,CHE,1.0,6.3,0.0,0.0,FWD,CHE,1.0,6.3,0.0,0.0,FWD,CHE,1.0,6.3,0.0,0.0,FWD,CHE,1.0,6.3,0.0,0.0,FWD,CHE,1.0,6.3,0.0,0.0,FWD,CHE,1.0,6.3,0.0,0.0,FWD,CHE,1.0,6.3,0.0,0.0,FWD,CHE,1.0,6.3,0.0,0.0,FWD,CHE,1.0,6.3,0.0,0.0,FWD,CHE,1.0,6.3,0.0,0.0,FWD,CHE,1.0,6.3,0.0,0.0,FWD,CHE,1.0,6.3,0.0,0.0,FWD,CHE,1.0,6.3,0.0,0.0,FWD,CHE,1.0,6.3,0.0,0.0,FWD,CHE,1.0,0.0,6.3,0.0,FWD,CHE,1.0,6.3,0.0,0.0,FWD,CHE,1.0,6.3,0.0,0.0,FWD,CHE,1.0,6.3,0.0,0.0,FWD,CHE,1.0,6.3,0.0,0.0,FWD,CHE,1.0,6.3,0.0,0.0,FWD,CHE,1.0,6.3,0.0,0.0,FWD,CHE,1.0,6.3,0.0,0.0,FWD,CHE,1.0,6.3,0.0,0.0,FWD,CHE,1.0,6.3,0.0,0.0,FWD,CHE,1.0,0.0,6.3,0.0,FWD,CHE,1.0,6.3,0.0,0.0,FWD,CHE,1.0,0.0,6.3,0.0,FWD,CHE,1.0,6.3,0.0,0.0,0.0,0.0
176,M.Sarr,DEF,CHE,1.0,4.5,0.0,0.0,DEF,CHE,1.0,4.5,0.0,0.0,DEF,CHE,1.0,4.5,0.0,0.0,DEF,CHE,1.0,4.5,0.0,0.0,DEF,CHE,1.0,4.5,0.0,0.0,DEF,CHE,1.0,4.5,0.0,0.0,DEF,CHE,1.0,4.5,0.0,0.0,DEF,CHE,1.0,4.5,0.0,0.0,DEF,CHE,1.0,4.5,0.0,0.0,DEF,CHE,1.0,4.5,0.0,0.0,DEF,CHE,1.0,4.5,0.0,0.0,DEF,CHE,1.0,4.5,0.0,0.0,DEF,CHE,1.0,4.5,0.0,0.0,DEF,CHE,1.0,4.5,0.0,0.0,DEF,CHE,1.0,4.5,0.0,0.0,DEF,CHE,1.0,4.5,0.0,0.0,DEF,CHE,1.0,4.5,0.0,0.0,DEF,CHE,1.0,4.5,0.0,0.0,DEF,CHE,1.0,4.5,0.0,0.0,DEF,CHE,1.0,4.5,0.0,0.0,DEF,CHE,1.0,4.5,0.0,0.0,DEF,CHE,1.0,0.0,4.5,0.0,DEF,CHE,1.0,4.5,0.0,0.0,DEF,CHE,1.0,4.5,0.0,0.0,DEF,CHE,1.0,4.5,0.0,0.0,DEF,CHE,1.0,4.5,0.0,0.0,DEF,CHE,1.0,4.5,0.0,0.0,DEF,CHE,1.0,4.5,0.0,0.0,DEF,CHE,1.0,4.5,0.0,0.0,DEF,CHE,1.0,4.5,0.0,0.0,DEF,CHE,1.0,4.5,0.0,0.0,DEF,CHE,1.0,0.0,4.5,0.0,DEF,CHE,1.0,4.5,0.0,0.0,DEF,CHE,1.0,0.0,4.5,0.0,DEF,CHE,1.0,4.5,0.0,0.0,0.0,0.0
177,Madueke,MID,CHE,0.0,6.5,0.0,0.0,MID,CHE,0.0,6.5,90.0,20.0,MID,CHE,0.0,6.6,85.0,2.0,MID,CHE,0.0,6.6,60.0,3.0,MID,CHE,0.0,6.6,90.0,3.0,MID,CHE,0.0,6.6,62.0,5.0,MID,CHE,0.0,6.5,89.0,10.0,MID,CHE,0.0,6.5,75.0,2.0,MID,CHE,0.0,6.5,66.0,1.0,MID,CHE,0.0,6.4,70.0,2.0,MID,CHE,0.0,6.4,67.0,1.0,MID,CHE,0.0,6.4,84.0,3.0,MID,CHE,0.0,6.4,19.0,3.0,MID,CHE,0.0,6.3,71.0,13.0,MID,CHE,0.0,6.3,4.0,1.0,MID,CHE,0.0,6.3,90.0,6.0,MID,CHE,0.0,6.3,14.0,1.0,MID,CHE,0.0,6.3,0.0,0.0,MID,CHE,0.0,6.3,76.0,2.0,MID,CHE,0.0,6.2,4.0,1.0,MID,CHE,0.0,6.1,80.0,2.0,MID,CHE,0.0,83.0,6.1,7.0,MID,CHE,0.0,6.1,90.0,9.0,MID,CHE,0.0,6.1,60.0,2.0,MID,CHE,1.0,6.1,20.0,1.0,MID,CHE,1.0,6.1,0.0,0.0,MID,CHE,1.0,6.0,0.0,0.0,MID,CHE,1.0,6.0,0.0,0.0,MID,CHE,0.5,6.0,0.0,0.0,MID,CHE,0.0,6.0,22.0,1.0,MID,CHE,0.0,6.0,58.0,1.0,MID,CHE,0.0,67.0,6.0,5.0,MID,CHE,0.0,6.0,45.0,1.0,MID,CHE,0.0,77.0,6.0,3.0,MID,CHE,0.0,6.0,90.0,2.0,1808.0,113.0
178,Marc Guiu,FWD,CHE,0.0,5.0,24.0,1.0,FWD,CHE,0.0,5.0,0.0,0.0,FWD,CHE,0.0,5.0,0.0,0.0,FWD,CHE,0.0,5.0,0.0,0.0,FWD,CHE,0.0,4.9,0.0,0.0,FWD,CHE,0.0,4.9,0.0,0.0,FWD,CHE,0.0,4.9,0.0,0.0,FWD,CHE,0.0,4.9,0.0,0.0,FWD,CHE,0.0,4.8,0.0,0.0,FWD,CHE,0.0,4.8,0.0,0.0,FWD,CHE,0.0,4.8,0.0,0.0,FWD,CHE,0.0,4.8,0.0,0.0,FWD,CHE,0.0,4.8,0.0,0.0,FWD,CHE,0.0,4.8,0.0,0.0,FWD,CHE,0.0,4.7,0.0,0.0,FWD,CHE,0.0,4.7,0.0,0.0,FWD,CHE,0.0,4.7,0.0,0.0,FWD,CHE,0.0,4.7,0.0,0.0,FWD,CHE,0.0,4.7,0.0,0.0,FWD,CHE,0.0,4.7,9.0,1.0,FWD,CHE,0.0,4.7,0.0,0.0,FWD,CHE,0.0,0.0,4.7,0.0,FWD,CHE,0.0,4.7,0.0,0.0,FWD,CHE,1.0,4.7,38.0,1.0,FWD,CHE,1.0,4.7,0.0,0.0,FWD,CHE,1.0,4.7,0.0,0.0,FWD,CHE,1.0,4.7,0.0,0.0,FWD,CHE,1.0,4.7,0.0,0.0,FWD,CHE,0.5,4.7,0.0,0.0,FWD,CHE,0.75,4.7,0.0,0.0,FWD,CHE,0.75,4.7,0.0,0.0,FWD,CHE,0.0,0.0,4.7,0.0,FWD,CHE,1.0,4.7,0.0,0.0,FWD,CHE,0.0,0.0,4.7,0.0,FWD,CHE,0.25,4.7,0.0,0.0,71.0,3.0
179,Mudryk,MID,CHE,0.0,6.5,0.0,0.0,MID,CHE,0.0,6.5,45.0,1.0,MID,CHE,0.0,6.4,16.0,1.0,MID,CHE,0.0,6.4,0.0,0.0,MID,CHE,0.0,6.3,0.0,0.0,MID,CHE,0.0,6.3,19.0,1.0,MID,CHE,0.0,6.2,1.0,1.0,MID,CHE,0.0,6.2,0.0,0.0,MID,CHE,0.0,6.2,23.0,1.0,MID,CHE,0.0,6.2,19.0,1.0,MID,CHE,0.0,6.2,22.0,1.0,MID,CHE,0.0,6.2,0.0,0.0,MID,CHE,0.0,6.2,0.0,0.0,MID,CHE,0.5,6.2,0.0,0.0,MID,CHE,0.5,6.2,0.0,0.0,MID,CHE,1.0,6.2,0.0,0.0,MID,CHE,1.0,6.2,0.0,0.0,MID,CHE,1.0,6.2,0.0,0.0,MID,CHE,1.0,6.2,0.0,0.0,MID,CHE,1.0,6.2,0.0,0.0,MID,CHE,1.0,6.2,0.0,0.0,MID,CHE,1.0,0.0,6.2,0.0,MID,CHE,1.0,6.2,0.0,0.0,MID,CHE,1.0,6.1,0.0,0.0,MID,CHE,1.0,6.1,0.0,0.0,MID,CHE,1.0,6.1,0.0,0.0,MID,CHE,1.0,6.1,0.0,0.0,MID,CHE,1.0,6.1,0.0,0.0,MID,CHE,1.0,6.1,0.0,0.0,MID,CHE,1.0,6.1,0.0,0.0,MID,CHE,1.0,6.1,0.0,0.0,MID,CHE,1.0,0.0,6.1,0.0,MID,CHE,1.0,6.1,0.0,0.0,MID,CHE,1.0,0.0,6.1,0.0,MID,CHE,1.0,6.1,0.0,0.0,145.0,7.0
180,N.Jackson,FWD,CHE,0.0,7.5,65.0,2.0,FWD,CHE,0.0,7.5,67.0,10.0,FWD,CHE,0.0,7.6,90.0,6.0,FWD,CHE,0.0,7.6,78.0,1.0,FWD,CHE,0.0,7.7,63.0,16.0,FWD,CHE,0.0,7.9,78.0,5.0,FWD,CHE,0.0,7.9,80.0,2.0,FWD,CHE,0.0,7.9,90.0,6.0,FWD,CHE,0.0,7.9,77.0,9.0,FWD,CHE,0.0,7.9,90.0,1.0,FWD,CHE,0.0,7.9,87.0,2.0,FWD,CHE,0.0,8.0,90.0,12.0,FWD,CHE,0.0,8.0,70.0,6.0,FWD,CHE,0.0,8.2,0.0,0.0,FWD,CHE,0.0,8.2,75.0,2.0,FWD,CHE,0.0,8.2,82.0,9.0,FWD,CHE,0.0,8.3,75.0,2.0,FWD,CHE,0.0,8.3,72.0,2.0,FWD,CHE,0.0,8.2,35.0,1.0,FWD,CHE,0.0,8.1,80.0,2.0,FWD,CHE,0.0,8.0,90.0,4.0,FWD,CHE,0.0,90.0,8.0,2.0,FWD,CHE,0.0,7.8,60.0,5.0,FWD,CHE,1.0,7.8,51.0,1.0,FWD,CHE,1.0,7.7,0.0,0.0,FWD,CHE,1.0,7.7,0.0,0.0,FWD,CHE,1.0,7.7,0.0,0.0,FWD,CHE,1.0,7.7,0.0,0.0,FWD,CHE,0.5,7.7,0.0,0.0,FWD,CHE,0.0,7.7,81.0,1.0,FWD,CHE,0.0,7.7,45.0,1.0,FWD,CHE,0.0,86.0,7.7,1.0,FWD,CHE,0.0,7.7,77.0,2.0,FWD,CHE,0.0,90.0,7.7,8.0,FWD,CHE,0.0,7.7,71.0,2.0,2185.0,123.0
181,Nkunku,MID,CHE,0.0,6.5,57.0,1.0,MID,CHE,0.0,6.4,7.0,1.0,MID,CHE,0.0,6.2,4.0,1.0,MID,CHE,0.0,6.2,11.0,7.0,MID,CHE,0.0,6.2,26.0,1.0,MID,CHE,0.0,6.1,11.0,1.0,MID,CHE,0.0,6.0,9.0,1.0,MID,CHE,0.0,6.0,14.0,1.0,MID,CHE,0.0,6.0,12.0,0.0,MID,CHE,0.0,5.9,0.0,0.0,MID,CHE,0.0,5.9,2.0,1.0,MID,CHE,0.0,5.9,9.0,1.0,MID,CHE,0.0,5.9,19.0,1.0,MID,CHE,0.0,5.8,90.0,13.0,MID,CHE,0.0,5.8,14.0,1.0,MID,CHE,0.0,5.8,7.0,1.0,MID,CHE,0.0,5.8,15.0,1.0,MID,CHE,0.0,5.8,17.0,1.0,MID,CHE,0.0,5.8,64.0,2.0,MID,CHE,0.0,5.8,0.0,0.0,MID,CHE,0.0,5.8,0.0,0.0,MID,CHE,0.0,0.0,5.8,0.0,MID,CHE,0.0,5.7,29.0,1.0,MID,CHE,0.0,5.7,29.0,1.0,MID,CHE,0.0,5.7,90.0,2.0,MID,CHE,0.0,5.7,75.0,1.0,MID,CHE,0.0,5.7,82.0,12.0,MID,CHE,0.0,5.7,88.0,3.0,MID,CHE,0.0,5.7,75.0,2.0,MID,CHE,0.0,5.7,0.0,0.0,MID,CHE,0.0,5.7,45.0,1.0,MID,CHE,0.0,3.0,5.7,1.0,MID,CHE,0.0,5.7,0.0,0.0,MID,CHE,0.0,0.0,5.7,0.0,MID,CHE,0.75,5.7,0.0,0.0,904.0,60.0
182,C. Palmer,MID,CHE,0.0,10.5,90.0,2.0,MID,CHE,0.0,10.5,82.0,17.0,MID,CHE,0.25,10.6,90.0,6.0,MID,CHE,0.0,10.6,90.0,3.0,MID,CHE,0.0,10.6,63.0,8.0,MID,CHE,0.0,10.7,90.0,25.0,MID,CHE,0.0,10.8,90.0,6.0,MID,CHE,0.0,10.9,90.0,2.0,MID,CHE,0.0,10.9,90.0,10.0,MID,CHE,0.25,11.0,90.0,3.0,MID,CHE,0.25,10.9,90.0,2.0,MID,CHE,0.0,10.9,90.0,2.0,MID,CHE,0.0,10.9,85.0,14.0,MID,CHE,0.0,11.0,78.0,7.0,MID,CHE,0.0,11.1,90.0,18.0,MID,CHE,0.0,11.2,90.0,3.0,MID,CHE,0.0,11.2,90.0,3.0,MID,CHE,0.0,11.3,90.0,10.0,MID,CHE,0.0,11.4,90.0,2.0,MID,CHE,0.0,11.4,90.0,10.0,MID,CHE,0.25,11.4,90.0,10.0,MID,CHE,0.25,83.0,11.4,2.0,MID,CHE,0.0,11.3,90.0,2.0,MID,CHE,0.0,11.2,89.0,6.0,MID,CHE,0.0,11.2,90.0,2.0,MID,CHE,0.0,11.1,90.0,2.0,MID,CHE,0.0,11.1,90.0,3.0,MID,CHE,0.0,11.0,72.0,1.0,MID,CHE,0.25,10.8,0.0,0.0,MID,CHE,0.0,10.7,90.0,6.0,MID,CHE,0.0,10.7,31.0,1.0,MID,CHE,0.25,90.0,10.7,4.0,MID,CHE,0.0,10.6,90.0,2.0,MID,CHE,0.25,90.0,10.6,3.0,MID,CHE,0.0,10.5,90.0,10.0,2923.0,207.0
183,Petrović,GKP,CHE,0.0,4.5,0.0,0.0,GKP,CHE,0.0,4.4,0.0,0.0,GKP,CHE,1.0,4.4,0.0,0.0,GKP,CHE,1.0,4.4,0.0,0.0,GKP,CHE,1.0,4.4,0.0,0.0,GKP,CHE,1.0,4.4,0.0,0.0,GKP,CHE,1.0,4.4,0.0,0.0,GKP,CHE,1.0,4.4,0.0,0.0,GKP,CHE,1.0,4.4,0.0,0.0,GKP,CHE,1.0,4.4,0.0,0.0,GKP,CHE,1.0,4.4,0.0,0.0,GKP,CHE,1.0,4.4,0.0,0.0,GKP,CHE,1.0,4.4,0.0,0.0,GKP,CHE,1.0,4.4,0.0,0.0,GKP,CHE,1.0,4.4,0.0,0.0,GKP,CHE,1.0,4.4,0.0,0.0,GKP,CHE,1.0,4.4,0.0,0.0,GKP,CHE,1.0,4.4,0.0,0.0,GKP,CHE,1.0,4.4,0.0,0.0,GKP,CHE,1.0,4.4,0.0,0.0,GKP,CHE,1.0,4.4,0.0,0.0,GKP,CHE,1.0,0.0,4.4,0.0,GKP,CHE,1.0,4.4,0.0,0.0,GKP,CHE,1.0,4.4,0.0,0.0,GKP,CHE,1.0,4.4,0.0,0.0,GKP,CHE,1.0,4.4,0.0,0.0,GKP,CHE,1.0,4.4,0.0,0.0,GKP,CHE,1.0,4.4,0.0,0.0,GKP,CHE,1.0,4.4,0.0,0.0,GKP,CHE,1.0,4.4,0.0,0.0,GKP,CHE,1.0,4.4,0.0,0.0,GKP,CHE,1.0,0.0,4.4,0.0,GKP,CHE,1.0,4.4,0.0,0.0,GKP,CHE,1.0,0.0,4.4,0.0,GKP,CHE,1.0,4.4,0.0,0.0,0.0,0.0
184,Renato Veiga,MID,CHE,0.0,4.5,10.0,1.0,MID,CHE,0.0,4.5,7.0,1.0,MID,CHE,0.0,4.5,0.0,0.0,MID,CHE,0.0,4.5,90.0,2.0,MID,CHE,0.0,4.5,0.0,0.0,MID,CHE,0.0,4.5,20.0,1.0,MID,CHE,0.0,4.5,0.0,0.0,MID,CHE,0.0,4.5,37.0,0.0,MID,CHE,0.0,4.5,0.0,0.0,MID,CHE,0.0,4.5,0.0,0.0,MID,CHE,0.0,4.5,0.0,0.0,MID,CHE,0.0,4.5,0.0,0.0,MID,CHE,0.0,4.5,0.0,0.0,MID,CHE,0.0,4.5,11.0,1.0,MID,CHE,0.0,4.5,1.0,1.0,MID,CHE,0.0,4.5,0.0,0.0,MID,CHE,0.0,4.5,0.0,0.0,MID,CHE,0.0,4.5,0.0,0.0,MID,CHE,0.0,4.5,0.0,0.0,MID,CHE,0.0,4.5,0.0,0.0,MID,CHE,0.0,4.4,0.0,0.0,MID,CHE,0.0,0.0,4.4,0.0,MID,CHE,0.0,4.4,0.0,0.0,MID,CHE,1.0,4.4,0.0,0.0,MID,CHE,1.0,4.4,0.0,0.0,MID,CHE,1.0,4.4,0.0,0.0,MID,CHE,1.0,4.4,0.0,0.0,MID,CHE,1.0,4.4,0.0,0.0,MID,CHE,1.0,4.4,0.0,0.0,MID,CHE,1.0,4.4,0.0,0.0,MID,CHE,1.0,4.4,0.0,0.0,MID,CHE,0.0,0.0,4.4,0.0,MID,CHE,1.0,4.4,0.0,0.0,MID,CHE,0.0,0.0,4.4,0.0,MID,CHE,1.0,4.4,0.0,0.0,176.0,7.0
185,Sánchez,GKP,CHE,0.0,4.5,90.0,2.0,GKP,CHE,0.0,4.5,90.0,1.0,GKP,CHE,0.0,4.5,90.0,2.0,GKP,CHE,0.0,4.5,90.0,15.0,GKP,CHE,0.0,4.6,90.0,10.0,GKP,CHE,0.0,4.7,90.0,2.0,GKP,CHE,0.0,4.7,90.0,4.0,GKP,CHE,0.0,4.7,90.0,2.0,GKP,CHE,0.0,4.7,90.0,1.0,GKP,CHE,0.0,4.7,90.0,3.0,GKP,CHE,0.0,4.7,90.0,2.0,GKP,CHE,0.0,4.7,90.0,1.0,GKP,CHE,0.0,4.7,90.0,7.0,GKP,CHE,0.0,4.8,0.0,0.0,GKP,CHE,0.0,4.8,90.0,0.0,GKP,CHE,0.0,4.8,90.0,3.0,GKP,CHE,0.0,4.8,90.0,9.0,GKP,CHE,0.0,4.8,90.0,2.0,GKP,CHE,0.0,4.8,0.0,0.0,GKP,CHE,0.0,4.8,90.0,3.0,GKP,CHE,0.0,4.8,90.0,1.0,GKP,CHE,0.0,90.0,4.8,2.0,GKP,CHE,0.0,4.7,90.0,2.0,GKP,CHE,0.0,4.7,0.0,0.0,GKP,CHE,0.0,4.6,0.0,0.0,GKP,CHE,0.0,4.6,0.0,0.0,GKP,CHE,0.0,4.5,0.0,0.0,GKP,CHE,0.0,4.5,90.0,9.0,GKP,CHE,0.0,4.5,90.0,3.0,GKP,CHE,0.0,4.5,90.0,6.0,GKP,CHE,0.0,4.5,90.0,6.0,GKP,CHE,0.0,90.0,4.5,1.0,GKP,CHE,0.0,4.5,90.0,2.0,GKP,CHE,0.0,90.0,4.5,9.0,GKP,CHE,0.0,4.5,90.0,2.0,2610.0,112.0
186,Sterling,MID,CHE,0.0,7.0,0.0,0.0,MID,CHE,0.0,6.9,0.0,0.0,MID,ARS,0.0,6.8,0.0,0.0,MID,ARS,0.0,6.8,10.0,1.0,MID,ARS,0.0,6.8,0.0,0.0,MID,ARS,0.0,6.8,16.0,1.0,MID,ARS,0.0,6.7,59.0,1.0,MID,ARS,0.0,6.7,36.0,1.0,MID,ARS,0.0,6.7,0.0,0.0,MID,ARS,1.0,6.7,0.0,0.0,MID,ARS,0.0,6.7,0.0,0.0,MID,ARS,0.0,6.7,7.0,4.0,MID,ARS,0.0,6.7,16.0,1.0,MID,ARS,0.0,6.7,0.0,0.0,MID,ARS,0.0,6.7,0.0,0.0,MID,ARS,0.0,6.7,0.0,0.0,MID,ARS,0.25,6.7,0.0,0.0,MID,ARS,1.0,6.7,0.0,0.0,MID,ARS,0.5,6.7,0.0,0.0,MID,ARS,0.5,6.7,0.0,0.0,MID,ARS,0.0,6.7,60.0,2.0,MID,ARS,0.0,8.0,6.7,0.0,MID,ARS,0.0,6.7,0.0,0.0,MID,ARS,0.0,6.7,1.0,1.0,MID,ARS,0.0,6.7,68.0,3.0,MID,ARS,0.0,6.7,9.0,1.0,MID,ARS,0.0,6.7,13.0,1.0,MID,ARS,1.0,6.7,0.0,0.0,MID,ARS,0.0,6.7,0.0,0.0,MID,ARS,0.0,6.7,0.0,0.0,MID,ARS,0.0,6.7,45.0,4.0,MID,ARS,0.0,0.0,6.7,0.0,MID,ARS,0.0,6.7,76.0,2.0,MID,ARS,0.0,0.0,0.0,0.0,MID,ARS,0.0,6.7,0.0,0.0,424.0,23.0
187,Tosin,DEF,CHE,0.0,4.5,0.0,0.0,DEF,CHE,0.0,4.4,0.0,0.0,DEF,CHE,0.0,4.4,0.0,0.0,DEF,CHE,0.0,4.4,28.0,1.0,DEF,CHE,0.0,4.4,90.0,6.0,DEF,CHE,0.0,4.4,0.0,0.0,DEF,CHE,0.0,4.4,1.0,1.0,DEF,CHE,0.0,4.4,52.0,-1.0,DEF,CHE,0.0,4.4,0.0,0.0,DEF,CHE,0.0,4.3,0.0,0.0,DEF,CHE,0.0,4.3,0.0,0.0,DEF,CHE,0.0,4.2,0.0,0.0,DEF,CHE,0.0,4.2,0.0,0.0,DEF,CHE,0.0,4.2,90.0,2.0,DEF,CHE,0.0,4.2,0.0,0.0,DEF,CHE,0.0,4.2,90.0,2.0,DEF,CHE,0.0,4.2,90.0,9.0,DEF,CHE,0.0,4.2,90.0,1.0,DEF,CHE,0.0,4.2,90.0,1.0,DEF,CHE,0.0,4.2,0.0,0.0,DEF,CHE,0.0,4.2,19.0,1.0,DEF,CHE,0.0,90.0,4.2,7.0,DEF,CHE,0.0,4.2,0.0,0.0,DEF,CHE,0.0,4.2,90.0,2.0,DEF,CHE,0.0,4.2,0.0,0.0,DEF,CHE,0.0,4.2,82.0,1.0,DEF,CHE,0.0,4.2,90.0,9.0,DEF,CHE,0.0,4.2,90.0,7.0,DEF,CHE,0.0,4.2,4.0,1.0,DEF,CHE,0.0,4.2,1.0,1.0,DEF,CHE,0.0,4.2,90.0,5.0,DEF,CHE,0.0,45.0,4.2,0.0,DEF,CHE,0.0,4.2,1.0,1.0,DEF,CHE,0.0,0.0,4.2,0.0,DEF,CHE,0.0,4.2,0.0,0.0,1223.0,57.0
188,Ugochukwu,MID,SOU,0.0,4.5,0.0,0.0,MID,SOU,0.0,4.5,0.0,0.0,MID,SOU,0.0,4.5,0.0,0.0,MID,SOU,0.0,4.5,63.0,2.0,MID,SOU,0.0,4.5,31.0,1.0,MID,SOU,0.0,4.5,45.0,1.0,MID,SOU,0.0,4.5,0.0,0.0,MID,SOU,0.0,4.5,0.0,0.0,MID,SOU,0.0,4.5,0.0,0.0,MID,SOU,0.0,4.5,1.0,1.0,MID,SOU,0.0,4.5,30.0,0.0,MID,SOU,0.0,4.5,38.0,1.0,MID,SOU,1.0,4.5,0.0,0.0,MID,SOU,0.0,4.5,0.0,0.0,MID,SOU,0.0,4.5,0.0,0.0,MID,SOU,0.0,4.5,0.0,0.0,MID,SOU,0.0,4.5,33.0,0.0,MID,SOU,0.0,4.5,86.0,2.0,MID,SOU,0.0,4.5,39.0,1.0,MID,SOU,0.0,4.5,90.0,2.0,MID,SOU,0.0,4.4,82.0,2.0,MID,SOU,0.0,45.0,4.4,3.0,MID,SOU,0.0,4.4,78.0,2.0,MID,SOU,0.0,4.4,80.0,2.0,MID,SOU,0.0,4.4,45.0,1.0,MID,SOU,0.0,4.4,71.0,1.0,MID,SOU,0.0,4.4,0.0,0.0,MID,SOU,0.0,4.4,83.0,2.0,MID,SOU,0.0,4.4,82.0,2.0,MID,SOU,0.0,4.4,70.0,3.0,MID,SOU,0.0,4.4,82.0,1.0,MID,SOU,0.0,90.0,4.4,2.0,MID,SOU,0.0,4.4,90.0,10.0,MID,SOU,0.0,90.0,4.4,2.0,MID,SOU,0.0,4.4,78.0,1.0,1522.0,45.0
189,W.Fofana,DEF,CHE,0.0,4.5,90.0,1.0,DEF,CHE,0.0,4.5,90.0,1.0,DEF,CHE,0.0,4.5,90.0,1.0,DEF,CHE,0.0,4.5,90.0,7.0,DEF,CHE,0.0,4.5,56.0,0.0,DEF,CHE,0.0,4.5,90.0,0.0,DEF,CHE,1.0,4.5,90.0,1.0,DEF,CHE,0.0,4.5,0.0,0.0,DEF,CHE,0.0,4.5,90.0,1.0,DEF,CHE,0.0,4.5,90.0,2.0,DEF,CHE,0.25,4.5,90.0,2.0,DEF,CHE,0.0,4.5,90.0,2.0,DEF,CHE,1.0,4.5,59.0,1.0,DEF,CHE,1.0,4.5,0.0,0.0,DEF,CHE,1.0,4.4,0.0,0.0,DEF,CHE,1.0,4.4,0.0,0.0,DEF,CHE,1.0,4.4,0.0,0.0,DEF,CHE,1.0,4.4,0.0,0.0,DEF,CHE,1.0,4.4,0.0,0.0,DEF,CHE,1.0,4.4,0.0,0.0,DEF,CHE,1.0,4.4,0.0,0.0,DEF,CHE,1.0,0.0,4.4,0.0,DEF,CHE,1.0,4.4,0.0,0.0,DEF,CHE,1.0,4.3,0.0,0.0,DEF,CHE,1.0,4.3,0.0,0.0,DEF,CHE,1.0,4.3,0.0,0.0,DEF,CHE,0.0,4.3,0.0,0.0,DEF,CHE,0.0,4.3,72.0,6.0,DEF,CHE,0.0,4.3,85.0,1.0,DEF,CHE,1.0,4.3,0.0,0.0,DEF,CHE,1.0,4.3,0.0,0.0,DEF,CHE,1.0,0.0,4.3,0.0,DEF,CHE,1.0,4.3,0.0,0.0,DEF,CHE,1.0,0.0,4.3,0.0,DEF,CHE,1.0,4.3,0.0,0.0,1172.0,26.0
190,Ahamada,MID,CRY,0.0,4.5,0.0,0.0,MID,CRY,0.0,4.5,0.0,0.0,MID,CRY,1.0,4.5,0.0,0.0,MID,CRY,1.0,4.5,0.0,0.0,MID,CRY,1.0,4.5,0.0,0.0,MID,CRY,1.0,4.5,0.0,0.0,MID,CRY,1.0,4.5,0.0,0.0,MID,CRY,1.0,4.5,0.0,0.0,MID,CRY,1.0,4.5,0.0,0.0,MID,CRY,1.0,4.5,0.0,0.0,MID,CRY,1.0,4.5,0.0,0.0,MID,CRY,1.0,4.5,0.0,0.0,MID,CRY,1.0,4.5,0.0,0.0,MID,CRY,1.0,4.5,0.0,0.0,MID,CRY,1.0,4.5,0.0,0.0,MID,CRY,1.0,4.5,0.0,0.0,MID,CRY,1.0,4.5,0.0,0.0,MID,CRY,1.0,4.5,0.0,0.0,MID,CRY,1.0,4.5,0.0,0.0,MID,CRY,1.0,4.5,0.0,0.0,MID,CRY,1.0,4.5,0.0,0.0,MID,CRY,1.0,0.0,4.5,0.0,MID,CRY,1.0,4.5,0.0,0.0,MID,CRY,1.0,4.5,0.0,0.0,MID,CRY,1.0,4.5,0.0,0.0,MID,CRY,1.0,4.5,0.0,0.0,MID,CRY,1.0,4.5,0.0,0.0,MID,CRY,1.0,4.5,0.0,0.0,MID,CRY,1.0,4.5,0.0,0.0,MID,CRY,1.0,4.5,0.0,0.0,MID,CRY,1.0,4.5,0.0,0.0,MID,CRY,1.0,0.0,4.5,0.0,MID,CRY,1.0,4.5,0.0,0.0,MID,CRY,1.0,0.0,0.0,0.0,MID,CRY,1.0,4.5,0.0,0.0,0.0,0.0
190,Ahamada,MID,CRY,0.0,4.5,0.0,0.0,MID,CRY,0.0,4.5,0.0,0.0,MID,CRY,1.0,4.5,0.0,0.0,MID,CRY,1.0,4.5,0.0,0.0,MID,CRY,1.0,4.5,0.0,0.0,MID,CRY,1.0,4.5,0.0,0.0,MID,CRY,1.0,4.5,0.0,0.0,MID,CRY,1.0,4.5,0.0,0.0,MID,CRY,1.0,4.5,0.0,0.0,MID,CRY,1.0,4.5,0.0,0.0,MID,CRY,1.0,4.5,0.0,0.0,MID,CRY,1.0,4.5,0.0,0.0,MID,CRY,1.0,4.5,0.0,0.0,MID,CRY,1.0,4.5,0.0,0.0,MID,CRY,1.0,4.5,0.0,0.0,MID,CRY,1.0,4.5,0.0,0.0,MID,CRY,1.0,4.5,0.0,0.0,MID,CRY,1.0,4.5,0.0,0.0,MID,CRY,1.0,4.5,0.0,0.0,MID,CRY,1.0,4.5,0.0,0.0,MID,CRY,1.0,4.5,0.0,0.0,MID,CRY,1.0,0.0,4.5,0.0,MID,CRY,1.0,4.5,0.0,0.0,MID,CRY,1.0,4.5,0.0,0.0,MID,CRY,1.0,4.5,0.0,0.0,MID,CRY,1.0,4.5,0.0,0.0,MID,CRY,1.0,4.5,0.0,0.0,MID,CRY,1.0,4.5,0.0,0.0,MID,CRY,1.0,4.5,0.0,0.0,MID,CRY,1.0,4.5,0.0,0.0,MID,CRY,1.0,4.5,0.0,0.0,MID,CRY,1.0,0.0,4.5,0.0,MID,CRY,1.0,4.5,0.0,0.0,MID,CRY,1.0,0.0,0.0,0.0,MID,CRY,1.0,4.5,0.0,0.0,0.0,0.0
191,Andersen,DEF,CRY,0.0,4.5,90.0,0.0,DEF,FUL,0.0,4.5,0.0,0.0,DEF,FUL,0.0,4.4,0.0,0.0,DEF,FUL,0.0,4.4,90.0,2.0,DEF,FUL,0.0,4.4,90.0,2.0,DEF,FUL,0.0,4.4,90.0,8.0,DEF,FUL,0.0,4.4,90.0,1.0,DEF,FUL,1.0,4.3,63.0,-2.0,DEF,FUL,0.0,4.3,0.0,0.0,DEF,FUL,0.0,4.3,90.0,2.0,DEF,FUL,0.0,4.3,90.0,7.0,DEF,FUL,0.25,4.3,90.0,0.0,DEF,FUL,1.0,4.3,0.0,0.0,DEF,FUL,1.0,4.3,0.0,0.0,DEF,FUL,1.0,4.2,0.0,0.0,DEF,FUL,0.5,4.2,0.0,0.0,DEF,FUL,0.25,4.2,0.0,0.0,DEF,FUL,0.0,4.2,90.0,1.0,DEF,FUL,0.0,4.2,90.0,0.0,DEF,FUL,0.0,4.2,90.0,1.0,DEF,FUL,0.0,4.2,90.0,1.0,DEF,FUL,0.0,90.0,4.2,6.0,DEF,FUL,0.0,4.2,90.0,2.0,DEF,FUL,0.0,4.2,90.0,1.0,DEF,FUL,0.0,4.2,90.0,2.0,DEF,FUL,0.0,4.2,90.0,-1.0,DEF,FUL,0.0,4.2,90.0,2.0,DEF,FUL,0.0,4.2,90.0,0.0,DEF,FUL,0.0,4.2,90.0,6.0,DEF,FUL,0.0,4.2,90.0,0.0,DEF,FUL,0.0,4.2,90.0,1.0,DEF,FUL,0.0,90.0,4.2,2.0,DEF,FUL,0.0,4.2,90.0,1.0,DEF,FUL,0.0,90.0,4.2,2.0,DEF,FUL,0.0,4.2,90.0,2.0,2403.0,49.0
192,J.Ayew,MID,CRY,0.0,5.5,20.0,0.0,MID,LEI,0.0,5.4,27.0,1.0,MID,LEI,0.0,5.4,66.0,2.0,MID,LEI,0.0,5.4,82.0,1.0,MID,LEI,0.0,5.3,90.0,2.0,MID,LEI,0.0,5.2,5.0,1.0,MID,LEI,0.0,5.2,87.0,2.0,MID,LEI,0.0,5.2,22.0,6.0,MID,LEI,0.0,5.2,22.0,0.0,MID,LEI,0.0,5.2,4.0,7.0,MID,LEI,0.0,5.2,87.0,2.0,MID,LEI,0.0,5.2,19.0,7.0,MID,LEI,0.0,5.2,79.0,2.0,MID,LEI,0.0,5.2,1.0,1.0,MID,LEI,0.0,5.2,61.0,2.0,MID,LEI,0.0,5.2,0.0,0.0,MID,LEI,0.0,5.2,83.0,2.0,MID,LEI,1.0,5.2,90.0,7.0,MID,LEI,0.0,5.2,0.0,0.0,MID,LEI,0.0,5.2,82.0,2.0,MID,LEI,0.0,5.2,10.0,1.0,MID,LEI,0.0,70.0,5.2,2.0,MID,LEI,0.0,5.2,86.0,2.0,MID,LEI,0.0,5.2,90.0,2.0,MID,LEI,0.0,5.2,74.0,2.0,MID,LEI,0.0,5.2,54.0,1.0,MID,LEI,0.0,5.2,0.0,0.0,MID,LEI,0.0,5.2,0.0,0.0,MID,LEI,0.0,5.1,1.0,1.0,MID,LEI,0.0,5.1,10.0,1.0,MID,LEI,0.0,5.1,0.0,0.0,MID,LEI,0.0,0.0,5.1,0.0,MID,LEI,0.0,5.1,0.0,0.0,MID,LEI,0.0,45.0,5.1,1.0,MID,LEI,0.0,5.1,69.0,8.0,1436.0,68.0
193,C.Doucouré,MID,CRY,0.0,5.0,6.0,1.0,MID,CRY,0.0,5.0,0.0,0.0,MID,CRY,0.0,4.9,40.0,4.0,MID,CRY,0.25,4.9,45.0,1.0,MID,CRY,1.0,4.9,0.0,0.0,MID,CRY,1.0,4.9,0.0,0.0,MID,CRY,0.5,4.9,0.0,0.0,MID,CRY,0.5,4.9,0.0,0.0,MID,CRY,0.75,4.9,0.0,0.0,MID,CRY,0.0,4.9,10.0,1.0,MID,CRY,0.0,4.9,28.0,1.0,MID,CRY,0.0,4.9,63.0,2.0,MID,CRY,0.0,4.9,0.0,0.0,MID,CRY,0.0,4.9,45.0,0.0,MID,CRY,0.0,4.9,0.0,0.0,MID,CRY,0.0,4.9,5.0,1.0,MID,CRY,0.0,4.9,22.0,1.0,MID,CRY,0.0,4.9,37.0,1.0,MID,CRY,0.0,4.9,4.0,1.0,MID,CRY,0.0,4.9,68.0,2.0,MID,CRY,0.0,4.9,70.0,3.0,MID,CRY,0.0,0.0,4.9,0.0,MID,CRY,1.0,4.9,0.0,0.0,MID,CRY,1.0,4.9,0.0,0.0,MID,CRY,1.0,4.9,0.0,0.0,MID,CRY,1.0,4.9,0.0,0.0,MID,CRY,1.0,4.9,0.0,0.0,MID,CRY,1.0,4.9,0.0,0.0,MID,CRY,1.0,4.8,0.0,0.0,MID,CRY,1.0,4.8,0.0,0.0,MID,CRY,1.0,4.8,0.0,0.0,MID,CRY,0.0,0.0,4.8,0.0,MID,CRY,1.0,4.8,0.0,0.0,MID,CRY,0.0,0.0,0.0,0.0,MID,CRY,1.0,4.8,0.0,0.0,443.0,19.0
193,C.Doucouré,MID,CRY,0.0,5.0,6.0,1.0,MID,CRY,0.0,5.0,0.0,0.0,MID,CRY,0.0,4.9,40.0,4.0,MID,CRY,0.25,4.9,45.0,1.0,MID,CRY,1.0,4.9,0.0,0.0,MID,CRY,1.0,4.9,0.0,0.0,MID,CRY,0.5,4.9,0.0,0.0,MID,CRY,0.5,4.9,0.0,0.0,MID,CRY,0.75,4.9,0.0,0.0,MID,CRY,0.0,4.9,10.0,1.0,MID,CRY,0.0,4.9,28.0,1.0,MID,CRY,0.0,4.9,63.0,2.0,MID,CRY,0.0,4.9,0.0,0.0,MID,CRY,0.0,4.9,45.0,0.0,MID,CRY,0.0,4.9,0.0,0.0,MID,CRY,0.0,4.9,5.0,1.0,MID,CRY,0.0,4.9,22.0,1.0,MID,CRY,0.0,4.9,37.0,1.0,MID,CRY,0.0,4.9,4.0,1.0,MID,CRY,0.0,4.9,68.0,2.0,MID,CRY,0.0,4.9,70.0,3.0,MID,CRY,0.0,0.0,4.9,0.0,MID,CRY,1.0,4.9,0.0,0.0,MID,CRY,1.0,4.9,0.0,0.0,MID,CRY,1.0,4.9,0.0,0.0,MID,CRY,1.0,4.9,0.0,0.0,MID,CRY,1.0,4.9,0.0,0.0,MID,CRY,1.0,4.9,0.0,0.0,MID,CRY,1.0,4.8,0.0,0.0,MID,CRY,1.0,4.8,0.0,0.0,MID,CRY,1.0,4.8,0.0,0.0,MID,CRY,0.0,0.0,4.8,0.0,MID,CRY,1.0,4.8,0.0,0.0,MID,CRY,0.0,0.0,0.0,0.0,MID,CRY,1.0,4.8,0.0,0.0,443.0,19.0
194,C.Richards,DEF,CRY,0.0,4.5,83.0,0.0,DEF,CRY,0.0,4.5,80.0,1.0,DEF,CRY,0.0,4.5,90.0,2.0,DEF,CRY,0.0,4.5,0.0,0.0,DEF,CRY,0.0,4.5,90.0,6.0,DEF,CRY,1.0,4.5,0.0,0.0,DEF,CRY,1.0,4.4,0.0,0.0,DEF,CRY,1.0,4.4,0.0,0.0,DEF,CRY,1.0,4.4,0.0,0.0,DEF,CRY,0.5,4.4,0.0,0.0,DEF,CRY,0.0,4.4,0.0,0.0,DEF,CRY,0.0,4.4,1.0,1.0,DEF,CRY,0.0,4.4,0.0,0.0,DEF,CRY,0.0,4.4,9.0,1.0,DEF,CRY,0.0,4.4,0.0,0.0,DEF,CRY,0.0,4.4,0.0,0.0,DEF,CRY,0.0,4.4,90.0,0.0,DEF,CRY,0.0,4.4,0.0,0.0,DEF,CRY,0.0,4.4,90.0,2.0,DEF,CRY,0.0,4.4,90.0,2.0,DEF,CRY,0.0,4.4,90.0,6.0,DEF,CRY,0.0,90.0,4.4,6.0,DEF,CRY,0.0,4.4,83.0,1.0,DEF,CRY,0.0,4.4,90.0,6.0,DEF,CRY,0.0,4.4,90.0,1.0,DEF,CRY,0.0,4.4,90.0,7.0,DEF,CRY,0.0,4.4,90.0,5.0,DEF,CRY,0.0,4.4,90.0,6.0,DEF,CRY,0.0,4.4,0.0,0.0,DEF,CRY,1.0,4.4,0.0,0.0,DEF,CRY,0.25,4.4,0.0,0.0,DEF,CRY,0.0,90.0,4.4,6.0,DEF,CRY,0.0,4.4,135.0,-2.0,DEF,CRY,0.0,0.0,0.0,0.0,DEF,CRY,0.0,4.4,0.0,0.0,1561.0,57.0
194,C.Richards,DEF,CRY,0.0,4.5,83.0,0.0,DEF,CRY,0.0,4.5,80.0,1.0,DEF,CRY,0.0,4.5,90.0,2.0,DEF,CRY,0.0,4.5,0.0,0.0,DEF,CRY,0.0,4.5,90.0,6.0,DEF,CRY,1.0,4.5,0.0,0.0,DEF,CRY,1.0,4.4,0.0,0.0,DEF,CRY,1.0,4.4,0.0,0.0,DEF,CRY,1.0,4.4,0.0,0.0,DEF,CRY,0.5,4.4,0.0,0.0,DEF,CRY,0.0,4.4,0.0,0.0,DEF,CRY,0.0,4.4,1.0,1.0,DEF,CRY,0.0,4.4,0.0,0.0,DEF,CRY,0.0,4.4,9.0,1.0,DEF,CRY,0.0,4.4,0.0,0.0,DEF,CRY,0.0,4.4,0.0,0.0,DEF,CRY,0.0,4.4,90.0,0.0,DEF,CRY,0.0,4.4,0.0,0.0,DEF,CRY,0.0,4.4,90.0,2.0,DEF,CRY,0.0,4.4,90.0,2.0,DEF,CRY,0.0,4.4,90.0,6.0,DEF,CRY,0.0,90.0,4.4,6.0,DEF,CRY,0.0,4.4,83.0,1.0,DEF,CRY,0.0,4.4,90.0,6.0,DEF,CRY,0.0,4.4,90.0,1.0,DEF,CRY,0.0,4.4,90.0,7.0,DEF,CRY,0.0,4.4,90.0,5.0,DEF,CRY,0.0,4.4,90.0,6.0,DEF,CRY,0.0,4.4,0.0,0.0,DEF,CRY,1.0,4.4,0.0,0.0,DEF,CRY,0.25,4.4,0.0,0.0,DEF,CRY,0.0,90.0,4.4,0.0,DEF,CRY,0.0,4.4,135.0,4.0,DEF,CRY,0.0,0.0,0.0,0.0,DEF,CRY,0.0,4.4,0.0,0.0,1561.0,57.0
195,Chadi Riad,DEF,CRY,0.0,4.5,0.0,0.0,DEF,CRY,0.0,4.5,90.0,1.0,DEF,CRY,1.0,4.4,0.0,0.0,DEF,CRY,1.0,4.4,0.0,0.0,DEF,CRY,1.0,4.4,0.0,0.0,DEF,CRY,1.0,4.4,0.0,0.0,DEF,CRY,1.0,4.4,0.0,0.0,DEF,CRY,1.0,4.3,0.0,0.0,DEF,CRY,1.0,4.3,0.0,0.0,DEF,CRY,1.0,4.3,0.0,0.0,DEF,CRY,1.0,4.3,0.0,0.0,DEF,CRY,1.0,4.3,0.0,0.0,DEF,CRY,1.0,4.3,0.0,0.0,DEF,CRY,1.0,4.3,0.0,0.0,DEF,CRY,0.5,4.3,0.0,0.0,DEF,CRY,0.25,4.3,0.0,0.0,DEF,CRY,0.25,4.3,0.0,0.0,DEF,CRY,0.25,4.3,0.0,0.0,DEF,CRY,0.0,4.3,0.0,0.0,DEF,CRY,0.0,4.3,0.0,0.0,DEF,CRY,0.0,4.3,0.0,0.0,DEF,CRY,0.0,0.0,4.3,0.0,DEF,CRY,1.0,4.3,0.0,0.0,DEF,CRY,1.0,4.3,0.0,0.0,DEF,CRY,1.0,4.3,0.0,0.0,DEF,CRY,1.0,4.3,0.0,0.0,DEF,CRY,1.0,4.3,0.0,0.0,DEF,CRY,1.0,4.3,0.0,0.0,DEF,CRY,1.0,4.3,0.0,0.0,DEF,CRY,1.0,4.3,0.0,0.0,DEF,CRY,1.0,4.3,0.0,0.0,DEF,CRY,0.0,0.0,4.3,0.0,DEF,CRY,1.0,4.3,0.0,0.0,DEF,CRY,0.0,0.0,0.0,0.0,DEF,CRY,1.0,4.3,0.0,0.0,90.0,1.0
195,Chadi Riad,DEF,CRY,0.0,4.5,0.0,0.0,DEF,CRY,0.0,4.5,90.0,1.0,DEF,CRY,1.0,4.4,0.0,0.0,DEF,CRY,1.0,4.4,0.0,0.0,DEF,CRY,1.0,4.4,0.0,0.0,DEF,CRY,1.0,4.4,0.0,0.0,DEF,CRY,1.0,4.4,0.0,0.0,DEF,CRY,1.0,4.3,0.0,0.0,DEF,CRY,1.0,4.3,0.0,0.0,DEF,CRY,1.0,4.3,0.0,0.0,DEF,CRY,1.0,4.3,0.0,0.0,DEF,CRY,1.0,4.3,0.0,0.0,DEF,CRY,1.0,4.3,0.0,0.0,DEF,CRY,1.0,4.3,0.0,0.0,DEF,CRY,0.5,4.3,0.0,0.0,DEF,CRY,0.25,4.3,0.0,0.0,DEF,CRY,0.25,4.3,0.0,0.0,DEF,CRY,0.25,4.3,0.0,0.0,DEF,CRY,0.0,4.3,0.0,0.0,DEF,CRY,0.0,4.3,0.0,0.0,DEF,CRY,0.0,4.3,0.0,0.0,DEF,CRY,0.0,0.0,4.3,0.0,DEF,CRY,1.0,4.3,0.0,0.0,DEF,CRY,1.0,4.3,0.0,0.0,DEF,CRY,1.0,4.3,0.0,0.0,DEF,CRY,1.0,4.3,0.0,0.0,DEF,CRY,1.0,4.3,0.0,0.0,DEF,CRY,1.0,4.3,0.0,0.0,DEF,CRY,1.0,4.3,0.0,0.0,DEF,CRY,1.0,4.3,0.0,0.0,DEF,CRY,1.0,4.3,0.0,0.0,DEF,CRY,0.0,0.0,4.3,0.0,DEF,CRY,1.0,4.3,0.0,0.0,DEF,CRY,0.0,0.0,0.0,0.0,DEF,CRY,1.0,4.3,0.0,0.0,90.0,1.0
196,Clyne,DEF,CRY,0.0,4.5,0.0,0.0,DEF,CRY,0.0,4.5,0.0,0.0,DEF,CRY,0.0,4.4,90.0,2.0,DEF,CRY,0.0,4.4,63.0,1.0,DEF,CRY,0.0,4.4,0.0,0.0,DEF,CRY,0.0,4.4,0.0,0.0,DEF,CRY,0.0,4.4,73.0,6.0,DEF,CRY,0.0,4.4,0.0,0.0,DEF,CRY,0.0,4.4,0.0,0.0,DEF,CRY,0.0,4.4,6.0,1.0,DEF,CRY,0.0,4.4,61.0,2.0,DEF,CRY,0.0,4.4,1.0,1.0,DEF,CRY,0.0,4.4,0.0,0.0,DEF,CRY,0.0,4.4,0.0,0.0,DEF,CRY,0.0,4.3,0.0,0.0,DEF,CRY,0.0,4.3,5.0,1.0,DEF,CRY,0.0,4.3,79.0,-1.0,DEF,CRY,0.0,4.3,0.0,0.0,DEF,CRY,0.0,4.3,0.0,0.0,DEF,CRY,0.0,4.3,0.0,0.0,DEF,CRY,0.0,4.3,11.0,1.0,DEF,CRY,0.0,1.0,4.3,1.0,DEF,CRY,0.0,4.3,0.0,0.0,DEF,CRY,0.0,4.3,2.0,1.0,DEF,CRY,0.0,4.3,0.0,0.0,DEF,CRY,0.0,4.3,0.0,0.0,DEF,CRY,0.0,4.3,0.0,0.0,DEF,CRY,0.0,4.3,0.0,0.0,DEF,CRY,0.0,4.3,0.0,0.0,DEF,CRY,0.0,4.3,58.0,1.0,DEF,CRY,0.0,4.3,0.0,0.0,DEF,CRY,0.0,27.0,4.3,1.0,DEF,CRY,0.0,4.3,0.0,0.0,DEF,CRY,0.0,0.0,0.0,0.0,DEF,CRY,0.0,4.3,0.0,0.0,477.0,18.0
196,Clyne,DEF,CRY,0.0,4.5,0.0,0.0,DEF,CRY,0.0,4.5,0.0,0.0,DEF,CRY,0.0,4.4,90.0,2.0,DEF,CRY,0.0,4.4,63.0,1.0,DEF,CRY,0.0,4.4,0.0,0.0,DEF,CRY,0.0,4.4,0.0,0.0,DEF,CRY,0.0,4.4,73.0,6.0,DEF,CRY,0.0,4.4,0.0,0.0,DEF,CRY,0.0,4.4,0.0,0.0,DEF,CRY,0.0,4.4,6.0,1.0,DEF,CRY,0.0,4.4,61.0,2.0,DEF,CRY,0.0,4.4,1.0,1.0,DEF,CRY,0.0,4.4,0.0,0.0,DEF,CRY,0.0,4.4,0.0,0.0,DEF,CRY,0.0,4.3,0.0,0.0,DEF,CRY,0.0,4.3,5.0,1.0,DEF,CRY,0.0,4.3,79.0,-1.0,DEF,CRY,0.0,4.3,0.0,0.0,DEF,CRY,0.0,4.3,0.0,0.0,DEF,CRY,0.0,4.3,0.0,0.0,DEF,CRY,0.0,4.3,11.0,1.0,DEF,CRY,0.0,1.0,4.3,1.0,DEF,CRY,0.0,4.3,0.0,0.0,DEF,CRY,0.0,4.3,2.0,1.0,DEF,CRY,0.0,4.3,0.0,0.0,DEF,CRY,0.0,4.3,0.0,0.0,DEF,CRY,0.0,4.3,0.0,0.0,DEF,CRY,0.0,4.3,0.0,0.0,DEF,CRY,0.0,4.3,0.0,0.0,DEF,CRY,0.0,4.3,58.0,1.0,DEF,CRY,0.0,4.3,0.0,0.0,DEF,CRY,0.0,0.0,4.3,0.0,DEF,CRY,0.0,4.3,27.0,1.0,DEF,CRY,0.0,0.0,0.0,0.0,DEF,CRY,0.0,4.3,0.0,0.0,477.0,18.0
197,Ebiowei,MID,CRY,1.0,4.5,0.0,0.0,MID,CRY,1.0,4.5,0.0,0.0,MID,CRY,1.0,4.5,0.0,0.0,MID,CRY,1.0,4.5,0.0,0.0,MID,CRY,1.0,4.5,0.0,0.0,MID,CRY,1.0,4.5,0.0,0.0,MID,CRY,1.0,4.5,0.0,0.0,MID,CRY,1.0,4.5,0.0,0.0,MID,CRY,1.0,4.5,0.0,0.0,MID,CRY,1.0,4.5,0.0,0.0,MID,CRY,1.0,4.5,0.0,0.0,MID,CRY,1.0,4.5,0.0,0.0,MID,CRY,1.0,4.5,0.0,0.0,MID,CRY,1.0,4.5,0.0,0.0,MID,CRY,1.0,4.5,0.0,0.0,MID,CRY,1.0,4.5,0.0,0.0,MID,CRY,1.0,4.5,0.0,0.0,MID,CRY,1.0,4.5,0.0,0.0,MID,CRY,1.0,4.5,0.0,0.0,MID,CRY,1.0,4.5,0.0,0.0,MID,CRY,1.0,4.5,0.0,0.0,MID,CRY,1.0,0.0,4.5,0.0,MID,CRY,1.0,4.5,0.0,0.0,MID,CRY,1.0,4.5,0.0,0.0,MID,CRY,1.0,4.5,0.0,0.0,MID,CRY,1.0,4.5,0.0,0.0,MID,CRY,1.0,4.5,0.0,0.0,MID,CRY,1.0,4.5,0.0,0.0,MID,CRY,1.0,4.5,0.0,0.0,MID,CRY,1.0,4.5,0.0,0.0,MID,CRY,1.0,4.5,0.0,0.0,MID,CRY,1.0,0.0,4.5,0.0,MID,CRY,1.0,4.5,0.0,0.0,MID,CRY,1.0,0.0,0.0,0.0,MID,CRY,1.0,4.5,0.0,0.0,0.0,0.0
197,Ebiowei,MID,CRY,1.0,4.5,0.0,0.0,MID,CRY,1.0,4.5,0.0,0.0,MID,CRY,1.0,4.5,0.0,0.0,MID,CRY,1.0,4.5,0.0,0.0,MID,CRY,1.0,4.5,0.0,0.0,MID,CRY,1.0,4.5,0.0,0.0,MID,CRY,1.0,4.5,0.0,0.0,MID,CRY,1.0,4.5,0.0,0.0,MID,CRY,1.0,4.5,0.0,0.0,MID,CRY,1.0,4.5,0.0,0.0,MID,CRY,1.0,4.5,0.0,0.0,MID,CRY,1.0,4.5,0.0,0.0,MID,CRY,1.0,4.5,0.0,0.0,MID,CRY,1.0,4.5,0.0,0.0,MID,CRY,1.0,4.5,0.0,0.0,MID,CRY,1.0,4.5,0.0,0.0,MID,CRY,1.0,4.5,0.0,0.0,MID,CRY,1.0,4.5,0.0,0.0,MID,CRY,1.0,4.5,0.0,0.0,MID,CRY,1.0,4.5,0.0,0.0,MID,CRY,1.0,4.5,0.0,0.0,MID,CRY,1.0,0.0,4.5,0.0,MID,CRY,1.0,4.5,0.0,0.0,MID,CRY,1.0,4.5,0.0,0.0,MID,CRY,1.0,4.5,0.0,0.0,MID,CRY,1.0,4.5,0.0,0.0,MID,CRY,1.0,4.5,0.0,0.0,MID,CRY,1.0,4.5,0.0,0.0,MID,CRY,1.0,4.5,0.0,0.0,MID,CRY,1.0,4.5,0.0,0.0,MID,CRY,1.0,4.5,0.0,0.0,MID,CRY,1.0,0.0,4.5,0.0,MID,CRY,1.0,4.5,0.0,0.0,MID,CRY,1.0,0.0,0.0,0.0,MID,CRY,1.0,4.5,0.0,0.0,0.0,0.0
198,Edouard,FWD,CRY,0.0,5.5,45.0,1.0,FWD,CRY,0.0,5.5,70.0,2.0,FWD,LEI,1.0,5.4,0.0,0.0,FWD,LEI,0.0,5.4,0.0,0.0,FWD,LEI,0.0,5.4,7.0,1.0,FWD,LEI,0.0,5.4,1.0,1.0,FWD,LEI,0.0,5.3,16.0,1.0,FWD,LEI,0.0,5.3,0.0,0.0,FWD,LEI,0.0,5.3,0.0,0.0,FWD,LEI,0.0,5.2,0.0,0.0,FWD,LEI,0.0,5.2,2.0,1.0,FWD,LEI,0.0,5.2,0.0,0.0,FWD,LEI,0.0,5.2,0.0,0.0,FWD,LEI,0.0,5.2,0.0,0.0,FWD,LEI,0.0,5.1,0.0,0.0,FWD,LEI,0.0,5.1,0.0,0.0,FWD,LEI,0.0,5.1,0.0,0.0,FWD,LEI,0.0,5.1,0.0,0.0,FWD,LEI,0.0,5.1,0.0,0.0,FWD,LEI,1.0,5.1,0.0,0.0,FWD,LEI,0.0,5.1,0.0,0.0,FWD,LEI,0.0,0.0,5.1,0.0,FWD,LEI,0.0,5.1,0.0,0.0,FWD,LEI,0.0,5.1,0.0,0.0,FWD,LEI,0.0,5.1,0.0,0.0,FWD,LEI,0.0,5.1,0.0,0.0,FWD,LEI,0.0,5.1,0.0,0.0,FWD,LEI,0.0,5.1,0.0,0.0,FWD,LEI,0.0,5.1,0.0,0.0,FWD,LEI,0.0,5.1,0.0,0.0,FWD,LEI,0.0,5.1,0.0,0.0,FWD,LEI,0.0,0.0,5.1,0.0,FWD,LEI,0.0,5.1,0.0,0.0,FWD,LEI,0.0,0.0,5.1,0.0,FWD,LEI,0.0,5.1,0.0,0.0,141.0,7.0
199,Eze,MID,CRY,0.0,7.0,90.0,2.0,MID,CRY,0.0,7.0,90.0,2.0,MID,CRY,0.0,6.9,90.0,10.0,MID,CRY,0.0,6.9,90.0,2.0,MID,CRY,0.0,6.9,90.0,3.0,MID,CRY,0.0,6.8,90.0,2.0,MID,CRY,0.0,6.8,90.0,2.0,MID,CRY,0.0,6.7,90.0,2.0,MID,CRY,0.0,6.7,90.0,6.0,MID,CRY,1.0,6.6,0.0,0.0,MID,CRY,0.5,6.6,0.0,0.0,MID,CRY,0.5,6.6,0.0,0.0,MID,CRY,0.0,6.6,64.0,2.0,MID,CRY,0.0,6.6,75.0,6.0,MID,CRY,0.0,6.6,71.0,2.0,MID,CRY,0.0,6.6,59.0,1.0,MID,CRY,0.25,6.6,0.0,0.0,MID,CRY,0.0,6.6,87.0,2.0,MID,CRY,0.0,6.6,85.0,10.0,MID,CRY,0.0,6.6,86.0,5.0,MID,CRY,0.0,6.7,78.0,6.0,MID,CRY,0.0,77.0,6.7,6.0,MID,CRY,0.0,6.7,90.0,2.0,MID,CRY,0.0,6.7,29.0,1.0,MID,CRY,0.0,6.7,45.0,1.0,MID,CRY,0.0,6.7,89.0,3.0,MID,CRY,0.0,6.7,90.0,5.0,MID,CRY,0.0,6.7,90.0,3.0,MID,CRY,0.0,6.7,0.0,0.0,MID,CRY,0.0,6.8,90.0,2.0,MID,CRY,0.0,6.8,81.0,9.0,MID,CRY,0.0,79.0,6.8,7.0,MID,CRY,0.0,6.9,163.0,9.0,MID,CRY,0.0,0.0,0.0,0.0,MID,CRY,0.0,6.9,0.0,0.0,2338.0,113.0
199,Eze,MID,CRY,0.0,7.0,90.0,2.0,MID,CRY,0.0,7.0,90.0,2.0,MID,CRY,0.0,6.9,90.0,10.0,MID,CRY,0.0,6.9,90.0,2.0,MID,CRY,0.0,6.9,90.0,3.0,MID,CRY,0.0,6.8,90.0,2.0,MID,CRY,0.0,6.8,90.0,2.0,MID,CRY,0.0,6.7,90.0,2.0,MID,CRY,0.0,6.7,90.0,6.0,MID,CRY,1.0,6.6,0.0,0.0,MID,CRY,0.5,6.6,0.0,0.0,MID,CRY,0.5,6.6,0.0,0.0,MID,CRY,0.0,6.6,64.0,2.0,MID,CRY,0.0,6.6,75.0,6.0,MID,CRY,0.0,6.6,71.0,2.0,MID,CRY,0.0,6.6,59.0,1.0,MID,CRY,0.25,6.6,0.0,0.0,MID,CRY,0.0,6.6,87.0,2.0,MID,CRY,0.0,6.6,85.0,10.0,MID,CRY,0.0,6.6,86.0,5.0,MID,CRY,0.0,6.7,78.0,6.0,MID,CRY,0.0,77.0,6.7,6.0,MID,CRY,0.0,6.7,90.0,2.0,MID,CRY,0.0,6.7,29.0,1.0,MID,CRY,0.0,6.7,45.0,1.0,MID,CRY,0.0,6.7,89.0,3.0,MID,CRY,0.0,6.7,90.0,5.0,MID,CRY,0.0,6.7,90.0,3.0,MID,CRY,0.0,6.7,0.0,0.0,MID,CRY,0.0,6.8,90.0,2.0,MID,CRY,0.0,6.8,81.0,9.0,MID,CRY,0.0,56.0,6.8,-1.0,MID,CRY,0.0,6.9,186.0,17.0,MID,CRY,0.0,0.0,0.0,0.0,MID,CRY,0.0,6.9,0.0,0.0,2338.0,113.0
200,Guéhi,DEF,CRY,0.0,4.5,90.0,0.0,DEF,CRY,0.0,4.5,90.0,1.0,DEF,CRY,0.0,4.5,90.0,2.0,DEF,CRY,0.0,4.5,90.0,1.0,DEF,CRY,0.0,4.5,90.0,6.0,DEF,CRY,0.0,4.4,90.0,9.0,DEF,CRY,0.0,4.4,90.0,2.0,DEF,CRY,0.0,4.4,90.0,2.0,DEF,CRY,0.0,4.4,90.0,6.0,DEF,CRY,0.0,4.5,90.0,7.0,DEF,CRY,0.0,4.5,90.0,1.0,DEF,CRY,0.0,4.5,90.0,1.0,DEF,CRY,0.0,4.5,90.0,3.0,DEF,CRY,0.0,4.5,90.0,6.0,DEF,CRY,0.0,4.5,90.0,1.0,DEF,CRY,0.0,4.5,90.0,-1.0,DEF,CRY,0.0,4.5,90.0,-1.0,DEF,CRY,1.0,4.5,90.0,7.0,DEF,CRY,0.0,4.5,0.0,0.0,DEF,CRY,0.0,4.5,90.0,2.0,DEF,CRY,0.0,4.5,90.0,15.0,DEF,CRY,0.0,90.0,4.5,8.0,DEF,CRY,0.0,4.6,90.0,1.0,DEF,CRY,0.0,4.6,90.0,6.0,DEF,CRY,0.0,4.6,90.0,4.0,DEF,CRY,0.0,4.6,90.0,5.0,DEF,CRY,0.0,4.6,90.0,2.0,DEF,CRY,0.0,4.7,90.0,5.0,DEF,CRY,0.0,4.7,0.0,0.0,DEF,CRY,0.0,4.7,90.0,2.0,DEF,CRY,1.0,4.7,89.0,-1.0,DEF,CRY,0.0,0.0,4.7,0.0,DEF,CRY,0.0,4.7,270.0,5.0,DEF,CRY,0.0,0.0,0.0,0.0,DEF,CRY,0.0,4.7,0.0,0.0,2879.0,107.0
200,Guéhi,DEF,CRY,0.0,4.5,90.0,0.0,DEF,CRY,0.0,4.5,90.0,1.0,DEF,CRY,0.0,4.5,90.0,2.0,DEF,CRY,0.0,4.5,90.0,1.0,DEF,CRY,0.0,4.5,90.0,6.0,DEF,CRY,0.0,4.4,90.0,9.0,DEF,CRY,0.0,4.4,90.0,2.0,DEF,CRY,0.0,4.4,90.0,2.0,DEF,CRY,0.0,4.4,90.0,6.0,DEF,CRY,0.0,4.5,90.0,7.0,DEF,CRY,0.0,4.5,90.0,1.0,DEF,CRY,0.0,4.5,90.0,1.0,DEF,CRY,0.0,4.5,90.0,3.0,DEF,CRY,0.0,4.5,90.0,6.0,DEF,CRY,0.0,4.5,90.0,1.0,DEF,CRY,0.0,4.5,90.0,-1.0,DEF,CRY,0.0,4.5,90.0,-1.0,DEF,CRY,1.0,4.5,90.0,7.0,DEF,CRY,0.0,4.5,0.0,0.0,DEF,CRY,0.0,4.5,90.0,2.0,DEF,CRY,0.0,4.5,90.0,15.0,DEF,CRY,0.0,90.0,4.5,8.0,DEF,CRY,0.0,4.6,90.0,1.0,DEF,CRY,0.0,4.6,90.0,6.0,DEF,CRY,0.0,4.6,90.0,4.0,DEF,CRY,0.0,4.6,90.0,5.0,DEF,CRY,0.0,4.6,90.0,2.0,DEF,CRY,0.0,4.7,90.0,5.0,DEF,CRY,0.0,4.7,0.0,0.0,DEF,CRY,0.0,4.7,90.0,2.0,DEF,CRY,1.0,4.7,89.0,-1.0,DEF,CRY,0.0,90.0,4.7,-2.0,DEF,CRY,0.0,4.7,180.0,7.0,DEF,CRY,0.0,0.0,0.0,0.0,DEF,CRY,0.0,4.7,0.0,0.0,2879.0,107.0
201,Henderson,GKP,CRY,0.0,4.5,90.0,2.0,GKP,CRY,0.0,4.5,90.0,1.0,GKP,CRY,0.0,4.5,90.0,4.0,GKP,CRY,0.0,4.5,90.0,1.0,GKP,CRY,0.0,4.5,90.0,9.0,GKP,CRY,0.0,4.5,90.0,1.0,GKP,CRY,0.0,4.5,90.0,3.0,GKP,CRY,0.0,4.5,90.0,3.0,GKP,CRY,0.0,4.4,90.0,8.0,GKP,CRY,0.0,4.4,90.0,2.0,GKP,CRY,0.0,4.4,90.0,2.0,GKP,CRY,0.0,4.4,90.0,7.0,GKP,CRY,0.0,4.4,90.0,2.0,GKP,CRY,0.0,4.4,90.0,7.0,GKP,CRY,0.0,4.4,90.0,1.0,GKP,CRY,0.0,4.4,90.0,2.0,GKP,CRY,0.0,4.4,90.0,0.0,GKP,CRY,0.0,4.4,90.0,7.0,GKP,CRY,0.0,4.5,90.0,2.0,GKP,CRY,0.0,4.5,90.0,2.0,GKP,CRY,0.0,4.5,90.0,7.0,GKP,CRY,0.0,90.0,4.5,6.0,GKP,CRY,0.0,4.5,90.0,1.0,GKP,CRY,0.0,4.5,90.0,6.0,GKP,CRY,0.0,4.5,90.0,2.0,GKP,CRY,0.0,4.5,90.0,6.0,GKP,CRY,0.0,4.6,90.0,2.0,GKP,CRY,0.0,4.6,90.0,10.0,GKP,CRY,0.0,4.6,0.0,0.0,GKP,CRY,0.0,4.6,90.0,2.0,GKP,CRY,0.0,4.6,90.0,3.0,GKP,CRY,0.0,90.0,4.6,1.0,GKP,CRY,0.0,4.6,270.0,11.0,GKP,CRY,0.0,0.0,0.0,0.0,GKP,CRY,0.0,4.6,0.0,0.0,3060.0,123.0
201,Henderson,GKP,CRY,0.0,4.5,90.0,2.0,GKP,CRY,0.0,4.5,90.0,1.0,GKP,CRY,0.0,4.5,90.0,4.0,GKP,CRY,0.0,4.5,90.0,1.0,GKP,CRY,0.0,4.5,90.0,9.0,GKP,CRY,0.0,4.5,90.0,1.0,GKP,CRY,0.0,4.5,90.0,3.0,GKP,CRY,0.0,4.5,90.0,3.0,GKP,CRY,0.0,4.4,90.0,8.0,GKP,CRY,0.0,4.4,90.0,2.0,GKP,CRY,0.0,4.4,90.0,2.0,GKP,CRY,0.0,4.4,90.0,7.0,GKP,CRY,0.0,4.4,90.0,2.0,GKP,CRY,0.0,4.4,90.0,7.0,GKP,CRY,0.0,4.4,90.0,1.0,GKP,CRY,0.0,4.4,90.0,2.0,GKP,CRY,0.0,4.4,90.0,0.0,GKP,CRY,0.0,4.4,90.0,7.0,GKP,CRY,0.0,4.5,90.0,2.0,GKP,CRY,0.0,4.5,90.0,2.0,GKP,CRY,0.0,4.5,90.0,7.0,GKP,CRY,0.0,90.0,4.5,6.0,GKP,CRY,0.0,4.5,90.0,1.0,GKP,CRY,0.0,4.5,90.0,6.0,GKP,CRY,0.0,4.5,90.0,2.0,GKP,CRY,0.0,4.5,90.0,6.0,GKP,CRY,0.0,4.6,90.0,2.0,GKP,CRY,0.0,4.6,90.0,10.0,GKP,CRY,0.0,4.6,0.0,0.0,GKP,CRY,0.0,4.6,90.0,2.0,GKP,CRY,0.0,4.6,90.0,3.0,GKP,CRY,0.0,90.0,4.6,1.0,GKP,CRY,0.0,4.6,270.0,11.0,GKP,CRY,0.0,0.0,0.0,0.0,GKP,CRY,0.0,4.6,0.0,0.0,3060.0,123.0
202,Holding,DEF,CRY,0.0,4.5,0.0,0.0,DEF,CRY,0.0,4.5,0.0,0.0,DEF,CRY,0.0,4.4,0.0,0.0,DEF,CRY,0.0,4.4,0.0,0.0,DEF,CRY,0.0,4.4,0.0,0.0,DEF,CRY,0.0,4.4,0.0,0.0,DEF,CRY,0.0,4.4,0.0,0.0,DEF,CRY,0.0,4.3,0.0,0.0,DEF,CRY,0.0,4.3,0.0,0.0,DEF,CRY,0.0,4.3,0.0,0.0,DEF,CRY,0.0,4.3,0.0,0.0,DEF,CRY,0.0,4.3,0.0,0.0,DEF,CRY,0.0,4.3,0.0,0.0,DEF,CRY,0.0,4.3,0.0,0.0,DEF,CRY,0.0,4.3,0.0,0.0,DEF,CRY,0.0,4.3,0.0,0.0,DEF,CRY,0.0,4.3,0.0,0.0,DEF,CRY,0.0,4.3,0.0,0.0,DEF,CRY,0.0,4.3,0.0,0.0,DEF,CRY,0.0,4.3,0.0,0.0,DEF,CRY,0.0,4.2,0.0,0.0,DEF,CRY,0.0,0.0,4.2,0.0,DEF,CRY,0.0,4.2,0.0,0.0,DEF,CRY,1.0,4.2,0.0,0.0,DEF,CRY,1.0,4.2,0.0,0.0,DEF,CRY,1.0,4.2,0.0,0.0,DEF,CRY,1.0,4.2,0.0,0.0,DEF,CRY,1.0,4.2,0.0,0.0,DEF,CRY,1.0,4.2,0.0,0.0,DEF,CRY,1.0,4.2,0.0,0.0,DEF,CRY,1.0,4.2,0.0,0.0,DEF,CRY,0.0,0.0,4.2,0.0,DEF,CRY,1.0,4.2,0.0,0.0,DEF,CRY,0.0,0.0,0.0,0.0,DEF,CRY,1.0,4.2,0.0,0.0,0.0,0.0
202,Holding,DEF,CRY,0.0,4.5,0.0,0.0,DEF,CRY,0.0,4.5,0.0,0.0,DEF,CRY,0.0,4.4,0.0,0.0,DEF,CRY,0.0,4.4,0.0,0.0,DEF,CRY,0.0,4.4,0.0,0.0,DEF,CRY,0.0,4.4,0.0,0.0,DEF,CRY,0.0,4.4,0.0,0.0,DEF,CRY,0.0,4.3,0.0,0.0,DEF,CRY,0.0,4.3,0.0,0.0,DEF,CRY,0.0,4.3,0.0,0.0,DEF,CRY,0.0,4.3,0.0,0.0,DEF,CRY,0.0,4.3,0.0,0.0,DEF,CRY,0.0,4.3,0.0,0.0,DEF,CRY,0.0,4.3,0.0,0.0,DEF,CRY,0.0,4.3,0.0,0.0,DEF,CRY,0.0,4.3,0.0,0.0,DEF,CRY,0.0,4.3,0.0,0.0,DEF,CRY,0.0,4.3,0.0,0.0,DEF,CRY,0.0,4.3,0.0,0.0,DEF,CRY,0.0,4.3,0.0,0.0,DEF,CRY,0.0,4.2,0.0,0.0,DEF,CRY,0.0,0.0,4.2,0.0,DEF,CRY,0.0,4.2,0.0,0.0,DEF,CRY,1.0,4.2,0.0,0.0,DEF,CRY,1.0,4.2,0.0,0.0,DEF,CRY,1.0,4.2,0.0,0.0,DEF,CRY,1.0,4.2,0.0,0.0,DEF,CRY,1.0,4.2,0.0,0.0,DEF,CRY,1.0,4.2,0.0,0.0,DEF,CRY,1.0,4.2,0.0,0.0,DEF,CRY,1.0,4.2,0.0,0.0,DEF,CRY,0.0,0.0,4.2,0.0,DEF,CRY,1.0,4.2,0.0,0.0,DEF,CRY,0.0,0.0,0.0,0.0,DEF,CRY,1.0,4.2,0.0,0.0,0.0,0.0
203,Hughes,MID,CRY,0.0,5.0,83.0,2.0,MID,CRY,0.25,5.0,0.0,0.0,MID,CRY,0.0,4.9,49.0,0.0,MID,CRY,0.0,4.9,45.0,1.0,MID,CRY,0.0,4.9,24.0,0.0,MID,CRY,0.0,4.9,2.0,1.0,MID,CRY,0.0,4.9,30.0,0.0,MID,CRY,0.0,4.9,73.0,2.0,MID,CRY,0.0,4.9,68.0,2.0,MID,CRY,1.0,4.9,79.0,1.0,MID,CRY,0.0,4.9,0.0,0.0,MID,CRY,0.0,4.9,89.0,2.0,MID,CRY,0.0,4.9,76.0,2.0,MID,CRY,0.0,4.9,90.0,2.0,MID,CRY,0.0,4.9,90.0,11.0,MID,CRY,0.0,4.9,84.0,3.0,MID,CRY,0.0,4.9,67.0,2.0,MID,CRY,0.25,4.9,52.0,1.0,MID,CRY,0.0,4.9,85.0,4.0,MID,CRY,0.5,4.9,0.0,0.0,MID,CRY,0.0,4.9,61.0,3.0,MID,CRY,0.0,89.0,4.9,3.0,MID,CRY,0.0,4.9,82.0,2.0,MID,CRY,0.0,4.9,87.0,2.0,MID,CRY,0.0,4.9,85.0,2.0,MID,CRY,0.0,4.9,89.0,5.0,MID,CRY,1.0,4.9,57.0,0.0,MID,CRY,1.0,4.9,0.0,0.0,MID,CRY,1.0,4.9,0.0,0.0,MID,CRY,0.0,4.9,0.0,0.0,MID,CRY,0.0,4.9,8.0,1.0,MID,CRY,0.0,45.0,4.9,1.0,MID,CRY,0.0,4.9,173.0,4.0,MID,CRY,0.0,0.0,0.0,0.0,MID,CRY,0.0,4.9,0.0,0.0,1862.0,59.0
203,Hughes,MID,CRY,0.0,5.0,83.0,2.0,MID,CRY,0.25,5.0,0.0,0.0,MID,CRY,0.0,4.9,49.0,0.0,MID,CRY,0.0,4.9,45.0,1.0,MID,CRY,0.0,4.9,24.0,0.0,MID,CRY,0.0,4.9,2.0,1.0,MID,CRY,0.0,4.9,30.0,0.0,MID,CRY,0.0,4.9,73.0,2.0,MID,CRY,0.0,4.9,68.0,2.0,MID,CRY,1.0,4.9,79.0,1.0,MID,CRY,0.0,4.9,0.0,0.0,MID,CRY,0.0,4.9,89.0,2.0,MID,CRY,0.0,4.9,76.0,2.0,MID,CRY,0.0,4.9,90.0,2.0,MID,CRY,0.0,4.9,90.0,11.0,MID,CRY,0.0,4.9,84.0,3.0,MID,CRY,0.0,4.9,67.0,2.0,MID,CRY,0.25,4.9,52.0,1.0,MID,CRY,0.0,4.9,85.0,4.0,MID,CRY,0.5,4.9,0.0,0.0,MID,CRY,0.0,4.9,61.0,3.0,MID,CRY,0.0,89.0,4.9,3.0,MID,CRY,0.0,4.9,82.0,2.0,MID,CRY,0.0,4.9,87.0,2.0,MID,CRY,0.0,4.9,85.0,2.0,MID,CRY,0.0,4.9,89.0,5.0,MID,CRY,1.0,4.9,57.0,0.0,MID,CRY,1.0,4.9,0.0,0.0,MID,CRY,1.0,4.9,0.0,0.0,MID,CRY,0.0,4.9,0.0,0.0,MID,CRY,0.0,4.9,8.0,1.0,MID,CRY,0.0,56.0,4.9,0.0,MID,CRY,0.0,4.9,162.0,5.0,MID,CRY,0.0,0.0,0.0,0.0,MID,CRY,0.0,4.9,0.0,0.0,1862.0,59.0
204,Johnstone,GKP,CRY,0.0,4.5,0.0,0.0,GKP,CRY,0.0,4.5,0.0,0.0,GKP,WOL,0.0,4.4,90.0,3.0,GKP,WOL,0.0,4.4,90.0,2.0,GKP,WOL,0.0,4.4,90.0,1.0,GKP,WOL,0.0,4.4,90.0,2.0,GKP,WOL,0.0,4.4,90.0,2.0,GKP,WOL,0.25,4.4,0.0,0.0,GKP,WOL,0.25,4.4,0.0,0.0,GKP,WOL,0.0,4.4,0.0,0.0,GKP,WOL,0.0,4.4,0.0,0.0,GKP,WOL,0.0,4.4,0.0,0.0,GKP,WOL,0.0,4.4,0.0,0.0,GKP,WOL,0.0,4.3,0.0,0.0,GKP,WOL,0.0,4.3,90.0,1.0,GKP,WOL,0.0,4.3,90.0,1.0,GKP,WOL,0.0,4.3,0.0,0.0,GKP,WOL,0.0,4.3,0.0,0.0,GKP,WOL,0.0,4.3,0.0,0.0,GKP,WOL,0.0,4.3,0.0,0.0,GKP,WOL,0.0,4.2,0.0,0.0,GKP,WOL,0.0,0.0,4.2,0.0,GKP,WOL,0.0,4.2,0.0,0.0,GKP,WOL,0.0,4.2,0.0,0.0,GKP,WOL,0.25,4.2,0.0,0.0,GKP,WOL,0.0,4.2,0.0,0.0,GKP,WOL,0.0,4.2,0.0,0.0,GKP,WOL,0.0,4.2,0.0,0.0,GKP,WOL,0.0,4.2,0.0,0.0,GKP,WOL,0.0,4.2,0.0,0.0,GKP,WOL,0.0,4.1,0.0,0.0,GKP,WOL,0.0,0.0,4.1,0.0,GKP,WOL,0.75,4.1,0.0,0.0,GKP,WOL,0.0,0.0,4.1,0.0,GKP,WOL,1.0,4.1,0.0,0.0,630.0,12.0
205,Kamada,MID,CRY,0.0,5.5,69.0,1.0,MID,CRY,0.0,5.4,27.0,1.0,MID,CRY,0.0,5.4,87.0,2.0,MID,CRY,0.0,5.3,26.0,1.0,MID,CRY,0.0,5.3,90.0,3.0,MID,CRY,0.0,5.2,61.0,2.0,MID,CRY,0.0,5.2,2.0,1.0,MID,CRY,0.0,5.2,87.0,1.0,MID,CRY,0.0,5.1,2.0,1.0,MID,CRY,0.0,5.1,90.0,2.0,MID,CRY,1.0,5.1,75.0,-1.0,MID,CRY,1.0,5.1,0.0,0.0,MID,CRY,1.0,5.1,0.0,0.0,MID,CRY,0.0,5.1,0.0,0.0,MID,CRY,0.0,5.1,0.0,0.0,MID,CRY,0.0,5.1,30.0,1.0,MID,CRY,0.0,5.1,60.0,2.0,MID,CRY,0.0,5.1,8.0,1.0,MID,CRY,0.0,5.1,4.0,1.0,MID,CRY,0.0,5.1,21.0,1.0,MID,CRY,0.0,5.1,28.0,1.0,MID,CRY,0.0,90.0,5.1,3.0,MID,CRY,0.0,5.1,6.0,1.0,MID,CRY,0.0,5.1,60.0,3.0,MID,CRY,0.0,5.1,4.0,1.0,MID,CRY,0.0,5.1,15.0,1.0,MID,CRY,0.0,5.1,12.0,1.0,MID,CRY,0.0,5.1,18.0,1.0,MID,CRY,0.0,5.1,0.0,0.0,MID,CRY,0.0,5.1,31.0,1.0,MID,CRY,0.0,5.1,90.0,2.0,MID,CRY,0.0,90.0,5.1,1.0,MID,CRY,0.0,5.1,138.0,4.0,MID,CRY,0.0,0.0,0.0,0.0,MID,CRY,0.0,5.1,0.0,0.0,1321.0,40.0
205,Kamada,MID,CRY,0.0,5.5,69.0,1.0,MID,CRY,0.0,5.4,27.0,1.0,MID,CRY,0.0,5.4,87.0,2.0,MID,CRY,0.0,5.3,26.0,1.0,MID,CRY,0.0,5.3,90.0,3.0,MID,CRY,0.0,5.2,61.0,2.0,MID,CRY,0.0,5.2,2.0,1.0,MID,CRY,0.0,5.2,87.0,1.0,MID,CRY,0.0,5.1,2.0,1.0,MID,CRY,0.0,5.1,90.0,2.0,MID,CRY,1.0,5.1,75.0,-1.0,MID,CRY,1.0,5.1,0.0,0.0,MID,CRY,1.0,5.1,0.0,0.0,MID,CRY,0.0,5.1,0.0,0.0,MID,CRY,0.0,5.1,0.0,0.0,MID,CRY,0.0,5.1,30.0,1.0,MID,CRY,0.0,5.1,60.0,2.0,MID,CRY,0.0,5.1,8.0,1.0,MID,CRY,0.0,5.1,4.0,1.0,MID,CRY,0.0,5.1,21.0,1.0,MID,CRY,0.0,5.1,28.0,1.0,MID,CRY,0.0,90.0,5.1,3.0,MID,CRY,0.0,5.1,6.0,1.0,MID,CRY,0.0,5.1,60.0,3.0,MID,CRY,0.0,5.1,4.0,1.0,MID,CRY,0.0,5.1,15.0,1.0,MID,CRY,0.0,5.1,12.0,1.0,MID,CRY,0.0,5.1,18.0,1.0,MID,CRY,0.0,5.1,0.0,0.0,MID,CRY,0.0,5.1,31.0,1.0,MID,CRY,0.0,5.1,90.0,2.0,MID,CRY,0.0,33.0,5.1,1.0,MID,CRY,0.0,5.1,195.0,4.0,MID,CRY,0.0,0.0,0.0,0.0,MID,CRY,0.0,5.1,0.0,0.0,1321.0,40.0
206,Lerma,MID,CRY,0.0,5.0,16.0,1.0,MID,CRY,0.0,5.0,62.0,2.0,MID,CRY,0.25,4.9,0.0,0.0,MID,CRY,0.0,4.9,0.0,0.0,MID,CRY,0.0,4.9,45.0,1.0,MID,CRY,0.0,4.9,90.0,2.0,MID,CRY,0.0,4.8,90.0,1.0,MID,CRY,0.0,4.8,90.0,1.0,MID,CRY,0.25,4.8,21.0,1.0,MID,CRY,1.0,4.8,0.0,0.0,MID,CRY,0.5,4.8,0.0,0.0,MID,CRY,0.0,4.8,26.0,1.0,MID,CRY,0.0,4.8,90.0,1.0,MID,CRY,0.0,4.8,45.0,1.0,MID,CRY,0.0,4.8,90.0,2.0,MID,CRY,0.0,4.8,90.0,2.0,MID,CRY,0.0,4.8,67.0,2.0,MID,CRY,0.0,4.8,90.0,3.0,MID,CRY,0.0,4.8,90.0,2.0,MID,CRY,0.0,4.8,90.0,2.0,MID,CRY,1.0,4.8,19.0,1.0,MID,CRY,1.0,0.0,4.8,0.0,MID,CRY,0.0,4.8,90.0,2.0,MID,CRY,0.0,4.8,90.0,3.0,MID,CRY,0.0,4.8,45.0,1.0,MID,CRY,0.0,4.8,80.0,3.0,MID,CRY,0.0,4.8,32.0,0.0,MID,CRY,0.0,4.8,90.0,3.0,MID,CRY,0.0,4.8,0.0,0.0,MID,CRY,0.0,4.8,90.0,7.0,MID,CRY,0.0,4.8,90.0,2.0,MID,CRY,1.0,90.0,4.8,1.0,MID,CRY,0.0,4.8,219.0,3.0,MID,CRY,1.0,0.0,0.0,0.0,MID,CRY,0.0,4.8,0.0,0.0,2027.0,51.0
206,Lerma,MID,CRY,0.0,5.0,16.0,1.0,MID,CRY,0.0,5.0,62.0,2.0,MID,CRY,0.25,4.9,0.0,0.0,MID,CRY,0.0,4.9,0.0,0.0,MID,CRY,0.0,4.9,45.0,1.0,MID,CRY,0.0,4.9,90.0,2.0,MID,CRY,0.0,4.8,90.0,1.0,MID,CRY,0.0,4.8,90.0,1.0,MID,CRY,0.25,4.8,21.0,1.0,MID,CRY,1.0,4.8,0.0,0.0,MID,CRY,0.5,4.8,0.0,0.0,MID,CRY,0.0,4.8,26.0,1.0,MID,CRY,0.0,4.8,90.0,1.0,MID,CRY,0.0,4.8,45.0,1.0,MID,CRY,0.0,4.8,90.0,2.0,MID,CRY,0.0,4.8,90.0,2.0,MID,CRY,0.0,4.8,67.0,2.0,MID,CRY,0.0,4.8,90.0,3.0,MID,CRY,0.0,4.8,90.0,2.0,MID,CRY,0.0,4.8,90.0,2.0,MID,CRY,1.0,4.8,19.0,1.0,MID,CRY,1.0,0.0,4.8,0.0,MID,CRY,0.0,4.8,90.0,2.0,MID,CRY,0.0,4.8,90.0,3.0,MID,CRY,0.0,4.8,45.0,1.0,MID,CRY,0.0,4.8,80.0,3.0,MID,CRY,0.0,4.8,32.0,0.0,MID,CRY,0.0,4.8,90.0,3.0,MID,CRY,0.0,4.8,0.0,0.0,MID,CRY,0.0,4.8,90.0,7.0,MID,CRY,0.0,4.8,90.0,2.0,MID,CRY,1.0,84.0,4.8,1.0,MID,CRY,0.0,4.8,225.0,3.0,MID,CRY,1.0,0.0,0.0,0.0,MID,CRY,0.0,4.8,0.0,0.0,2027.0,51.0
207,Mateta,FWD,CRY,0.0,7.5,45.0,1.0,FWD,CRY,0.0,7.5,90.0,2.0,FWD,CRY,0.0,7.4,68.0,2.0,FWD,CRY,0.0,7.4,90.0,13.0,FWD,CRY,0.0,7.4,45.0,1.0,FWD,CRY,0.0,7.4,90.0,2.0,FWD,CRY,0.0,7.4,30.0,1.0,FWD,CRY,0.0,7.3,24.0,1.0,FWD,CRY,0.0,7.3,90.0,8.0,FWD,CRY,0.0,7.3,90.0,2.0,FWD,CRY,0.0,7.3,90.0,2.0,FWD,CRY,0.0,7.2,90.0,5.0,FWD,CRY,0.0,7.2,90.0,2.0,FWD,CRY,0.0,7.2,90.0,8.0,FWD,CRY,0.0,7.2,90.0,2.0,FWD,CRY,0.0,7.2,59.0,1.0,FWD,CRY,0.0,7.2,80.0,2.0,FWD,CRY,0.0,7.2,81.0,2.0,FWD,CRY,0.0,7.2,90.0,2.0,FWD,CRY,0.0,7.2,90.0,8.0,FWD,CRY,0.0,7.3,78.0,8.0,FWD,CRY,0.0,89.0,7.3,13.0,FWD,CRY,0.0,7.4,90.0,2.0,FWD,CRY,0.0,7.3,90.0,13.0,FWD,CRY,0.0,7.3,90.0,7.0,FWD,CRY,0.0,7.4,90.0,5.0,FWD,CRY,0.75,7.5,90.0,8.0,FWD,CRY,0.5,7.5,0.0,0.0,FWD,CRY,0.25,7.5,0.0,0.0,FWD,CRY,0.0,7.7,58.0,1.0,FWD,CRY,0.0,7.7,67.0,8.0,FWD,CRY,0.0,45.0,7.8,1.0,FWD,CRY,0.0,7.8,139.0,11.0,FWD,CRY,0.0,0.0,0.0,0.0,FWD,CRY,0.0,7.6,0.0,0.0,2438.0,144.0
207,Mateta,FWD,CRY,0.0,7.5,45.0,1.0,FWD,CRY,0.0,7.5,90.0,2.0,FWD,CRY,0.0,7.4,68.0,2.0,FWD,CRY,0.0,7.4,90.0,13.0,FWD,CRY,0.0,7.4,45.0,1.0,FWD,CRY,0.0,7.4,90.0,2.0,FWD,CRY,0.0,7.4,30.0,1.0,FWD,CRY,0.0,7.3,24.0,1.0,FWD,CRY,0.0,7.3,90.0,8.0,FWD,CRY,0.0,7.3,90.0,2.0,FWD,CRY,0.0,7.3,90.0,2.0,FWD,CRY,0.0,7.2,90.0,5.0,FWD,CRY,0.0,7.2,90.0,2.0,FWD,CRY,0.0,7.2,90.0,8.0,FWD,CRY,0.0,7.2,90.0,2.0,FWD,CRY,0.0,7.2,59.0,1.0,FWD,CRY,0.0,7.2,80.0,2.0,FWD,CRY,0.0,7.2,81.0,2.0,FWD,CRY,0.0,7.2,90.0,2.0,FWD,CRY,0.0,7.2,90.0,8.0,FWD,CRY,0.0,7.3,78.0,8.0,FWD,CRY,0.0,89.0,7.3,13.0,FWD,CRY,0.0,7.4,90.0,2.0,FWD,CRY,0.0,7.3,90.0,13.0,FWD,CRY,0.0,7.3,90.0,7.0,FWD,CRY,0.0,7.4,90.0,5.0,FWD,CRY,0.75,7.5,90.0,8.0,FWD,CRY,0.5,7.5,0.0,0.0,FWD,CRY,0.25,7.5,0.0,0.0,FWD,CRY,0.0,7.7,58.0,1.0,FWD,CRY,0.0,7.7,67.0,8.0,FWD,CRY,0.0,55.0,7.8,1.0,FWD,CRY,0.0,7.8,129.0,11.0,FWD,CRY,0.0,0.0,0.0,0.0,FWD,CRY,0.0,7.6,0.0,0.0,2438.0,144.0
208,M.França,MID,CRY,1.0,4.5,0.0,0.0,MID,CRY,1.0,4.5,0.0,0.0,MID,CRY,1.0,4.4,0.0,0.0,MID,CRY,1.0,4.4,0.0,0.0,MID,CRY,0.5,4.4,0.0,0.0,MID,CRY,1.0,4.4,0.0,0.0,MID,CRY,1.0,4.4,0.0,0.0,MID,CRY,1.0,4.4,0.0,0.0,MID,CRY,1.0,4.4,0.0,0.0,MID,CRY,1.0,4.4,0.0,0.0,MID,CRY,1.0,4.4,0.0,0.0,MID,CRY,1.0,4.4,0.0,0.0,MID,CRY,1.0,4.4,0.0,0.0,MID,CRY,1.0,4.4,0.0,0.0,MID,CRY,1.0,4.4,0.0,0.0,MID,CRY,1.0,4.4,0.0,0.0,MID,CRY,1.0,4.4,0.0,0.0,MID,CRY,1.0,4.4,0.0,0.0,MID,CRY,1.0,4.4,0.0,0.0,MID,CRY,0.5,4.4,0.0,0.0,MID,CRY,1.0,4.4,0.0,0.0,MID,CRY,1.0,0.0,4.4,0.0,MID,CRY,1.0,4.4,0.0,0.0,MID,CRY,0.0,4.4,0.0,0.0,MID,CRY,0.0,4.4,0.0,0.0,MID,CRY,0.0,4.4,0.0,0.0,MID,CRY,0.0,4.4,0.0,0.0,MID,CRY,0.0,4.4,0.0,0.0,MID,CRY,0.0,4.4,0.0,0.0,MID,CRY,0.0,4.4,14.0,6.0,MID,CRY,0.0,4.4,0.0,0.0,MID,CRY,1.0,10.0,4.4,1.0,MID,CRY,0.0,4.4,0.0,0.0,MID,CRY,1.0,0.0,0.0,0.0,MID,CRY,0.0,4.4,0.0,0.0,24.0,7.0
208,M.França,MID,CRY,1.0,4.5,0.0,0.0,MID,CRY,1.0,4.5,0.0,0.0,MID,CRY,1.0,4.4,0.0,0.0,MID,CRY,1.0,4.4,0.0,0.0,MID,CRY,0.5,4.4,0.0,0.0,MID,CRY,1.0,4.4,0.0,0.0,MID,CRY,1.0,4.4,0.0,0.0,MID,CRY,1.0,4.4,0.0,0.0,MID,CRY,1.0,4.4,0.0,0.0,MID,CRY,1.0,4.4,0.0,0.0,MID,CRY,1.0,4.4,0.0,0.0,MID,CRY,1.0,4.4,0.0,0.0,MID,CRY,1.0,4.4,0.0,0.0,MID,CRY,1.0,4.4,0.0,0.0,MID,CRY,1.0,4.4,0.0,0.0,MID,CRY,1.0,4.4,0.0,0.0,MID,CRY,1.0,4.4,0.0,0.0,MID,CRY,1.0,4.4,0.0,0.0,MID,CRY,1.0,4.4,0.0,0.0,MID,CRY,0.5,4.4,0.0,0.0,MID,CRY,1.0,4.4,0.0,0.0,MID,CRY,1.0,0.0,4.4,0.0,MID,CRY,1.0,4.4,0.0,0.0,MID,CRY,0.0,4.4,0.0,0.0,MID,CRY,0.0,4.4,0.0,0.0,MID,CRY,0.0,4.4,0.0,0.0,MID,CRY,0.0,4.4,0.0,0.0,MID,CRY,0.0,4.4,0.0,0.0,MID,CRY,0.0,4.4,0.0,0.0,MID,CRY,0.0,4.4,14.0,6.0,MID,CRY,0.0,4.4,0.0,0.0,MID,CRY,1.0,0.0,4.4,0.0,MID,CRY,0.0,4.4,10.0,1.0,MID,CRY,1.0,0.0,0.0,0.0,MID,CRY,0.0,4.4,0.0,0.0,24.0,7.0
209,Matthews,GKP,CRY,0.0,4.0,0.0,0.0,GKP,CRY,0.0,4.0,0.0,0.0,GKP,CRY,0.0,4.0,0.0,0.0,GKP,CRY,0.0,4.0,0.0,0.0,GKP,CRY,0.0,4.0,0.0,0.0,GKP,CRY,0.0,4.0,0.0,0.0,GKP,CRY,0.0,4.0,0.0,0.0,GKP,CRY,0.0,4.0,0.0,0.0,GKP,CRY,0.0,4.0,0.0,0.0,GKP,CRY,0.0,4.0,0.0,0.0,GKP,CRY,0.0,4.0,0.0,0.0,GKP,CRY,0.0,4.0,0.0,0.0,GKP,CRY,0.0,4.0,0.0,0.0,GKP,CRY,0.0,4.0,0.0,0.0,GKP,CRY,0.0,4.0,0.0,0.0,GKP,CRY,0.0,3.9,0.0,0.0,GKP,CRY,0.0,3.9,0.0,0.0,GKP,CRY,0.0,3.9,0.0,0.0,GKP,CRY,0.0,3.9,0.0,0.0,GKP,CRY,0.0,3.9,0.0,0.0,GKP,CRY,0.0,3.9,0.0,0.0,GKP,CRY,0.0,0.0,3.9,0.0,GKP,CRY,0.0,3.9,0.0,0.0,GKP,CRY,0.0,3.9,0.0,0.0,GKP,CRY,0.0,3.9,0.0,0.0,GKP,CRY,0.0,3.9,0.0,0.0,GKP,CRY,0.0,3.9,0.0,0.0,GKP,CRY,0.0,3.9,0.0,0.0,GKP,CRY,0.0,3.9,0.0,0.0,GKP,CRY,0.0,3.9,0.0,0.0,GKP,CRY,0.0,3.9,0.0,0.0,GKP,CRY,0.0,0.0,3.9,0.0,GKP,CRY,0.0,3.9,0.0,0.0,GKP,CRY,0.0,0.0,0.0,0.0,GKP,CRY,0.0,3.9,0.0,0.0,0.0,0.0
209,Matthews,GKP,CRY,0.0,4.0,0.0,0.0,GKP,CRY,0.0,4.0,0.0,0.0,GKP,CRY,0.0,4.0,0.0,0.0,GKP,CRY,0.0,4.0,0.0,0.0,GKP,CRY,0.0,4.0,0.0,0.0,GKP,CRY,0.0,4.0,0.0,0.0,GKP,CRY,0.0,4.0,0.0,0.0,GKP,CRY,0.0,4.0,0.0,0.0,GKP,CRY,0.0,4.0,0.0,0.0,GKP,CRY,0.0,4.0,0.0,0.0,GKP,CRY,0.0,4.0,0.0,0.0,GKP,CRY,0.0,4.0,0.0,0.0,GKP,CRY,0.0,4.0,0.0,0.0,GKP,CRY,0.0,4.0,0.0,0.0,GKP,CRY,0.0,4.0,0.0,0.0,GKP,CRY,0.0,3.9,0.0,0.0,GKP,CRY,0.0,3.9,0.0,0.0,GKP,CRY,0.0,3.9,0.0,0.0,GKP,CRY,0.0,3.9,0.0,0.0,GKP,CRY,0.0,3.9,0.0,0.0,GKP,CRY,0.0,3.9,0.0,0.0,GKP,CRY,0.0,0.0,3.9,0.0,GKP,CRY,0.0,3.9,0.0,0.0,GKP,CRY,0.0,3.9,0.0,0.0,GKP,CRY,0.0,3.9,0.0,0.0,GKP,CRY,0.0,3.9,0.0,0.0,GKP,CRY,0.0,3.9,0.0,0.0,GKP,CRY,0.0,3.9,0.0,0.0,GKP,CRY,0.0,3.9,0.0,0.0,GKP,CRY,0.0,3.9,0.0,0.0,GKP,CRY,0.0,3.9,0.0,0.0,GKP,CRY,0.0,0.0,3.9,0.0,GKP,CRY,0.0,3.9,0.0,0.0,GKP,CRY,0.0,0.0,0.0,0.0,GKP,CRY,0.0,3.9,0.0,0.0,0.0,0.0
210,Mitchell,DEF,CRY,0.0,5.0,90.0,1.0,DEF,CRY,0.0,5.0,90.0,1.0,DEF,CRY,0.0,4.9,90.0,2.0,DEF,CRY,0.0,4.9,88.0,4.0,DEF,CRY,0.0,4.9,90.0,6.0,DEF,CRY,0.0,4.9,90.0,1.0,DEF,CRY,0.0,4.9,59.0,1.0,DEF,CRY,0.0,4.9,73.0,2.0,DEF,CRY,0.0,4.9,90.0,6.0,DEF,CRY,0.0,4.9,90.0,1.0,DEF,CRY,0.0,4.9,90.0,1.0,DEF,CRY,0.0,4.9,90.0,0.0,DEF,CRY,0.0,4.9,90.0,1.0,DEF,CRY,0.0,4.9,90.0,6.0,DEF,CRY,0.0,4.8,90.0,1.0,DEF,CRY,0.0,4.8,84.0,11.0,DEF,CRY,0.0,4.8,90.0,3.0,DEF,CRY,0.0,4.8,90.0,7.0,DEF,CRY,0.0,4.8,90.0,2.0,DEF,CRY,0.0,4.8,90.0,2.0,DEF,CRY,0.0,4.8,78.0,6.0,DEF,CRY,0.0,90.0,4.8,6.0,DEF,CRY,0.0,4.8,90.0,1.0,DEF,CRY,0.0,4.8,87.0,6.0,DEF,CRY,0.0,4.8,59.0,1.0,DEF,CRY,0.0,4.8,90.0,7.0,DEF,CRY,0.0,4.8,90.0,5.0,DEF,CRY,0.0,4.8,71.0,6.0,DEF,CRY,0.0,4.8,0.0,0.0,DEF,CRY,0.0,4.8,57.0,1.0,DEF,CRY,0.0,4.8,62.0,2.0,DEF,CRY,0.0,62.0,4.8,0.0,DEF,CRY,0.0,4.8,270.0,7.0,DEF,CRY,0.0,0.0,0.0,0.0,DEF,CRY,0.0,4.8,0.0,0.0,2850.0,107.0
210,Mitchell,DEF,CRY,0.0,5.0,90.0,1.0,DEF,CRY,0.0,5.0,90.0,1.0,DEF,CRY,0.0,4.9,90.0,2.0,DEF,CRY,0.0,4.9,88.0,4.0,DEF,CRY,0.0,4.9,90.0,6.0,DEF,CRY,0.0,4.9,90.0,1.0,DEF,CRY,0.0,4.9,59.0,1.0,DEF,CRY,0.0,4.9,73.0,2.0,DEF,CRY,0.0,4.9,90.0,6.0,DEF,CRY,0.0,4.9,90.0,1.0,DEF,CRY,0.0,4.9,90.0,1.0,DEF,CRY,0.0,4.9,90.0,0.0,DEF,CRY,0.0,4.9,90.0,1.0,DEF,CRY,0.0,4.9,90.0,6.0,DEF,CRY,0.0,4.8,90.0,1.0,DEF,CRY,0.0,4.8,84.0,11.0,DEF,CRY,0.0,4.8,90.0,3.0,DEF,CRY,0.0,4.8,90.0,7.0,DEF,CRY,0.0,4.8,90.0,2.0,DEF,CRY,0.0,4.8,90.0,2.0,DEF,CRY,0.0,4.8,78.0,6.0,DEF,CRY,0.0,90.0,4.8,6.0,DEF,CRY,0.0,4.8,90.0,1.0,DEF,CRY,0.0,4.8,87.0,6.0,DEF,CRY,0.0,4.8,59.0,1.0,DEF,CRY,0.0,4.8,90.0,7.0,DEF,CRY,0.0,4.8,90.0,5.0,DEF,CRY,0.0,4.8,71.0,6.0,DEF,CRY,0.0,4.8,0.0,0.0,DEF,CRY,0.0,4.8,57.0,1.0,DEF,CRY,0.0,4.8,62.0,2.0,DEF,CRY,0.0,90.0,4.8,0.0,DEF,CRY,0.0,4.8,242.0,7.0,DEF,CRY,0.0,0.0,0.0,0.0,DEF,CRY,0.0,4.8,0.0,0.0,2850.0,107.0
211,Muñoz,DEF,CRY,0.0,5.0,90.0,4.0,DEF,CRY,0.0,5.0,90.0,1.0,DEF,CRY,0.0,5.0,90.0,1.0,DEF,CRY,0.0,5.0,80.0,1.0,DEF,CRY,0.0,4.9,90.0,6.0,DEF,CRY,0.0,4.9,90.0,1.0,DEF,CRY,0.25,4.9,16.0,1.0,DEF,CRY,0.0,4.8,90.0,1.0,DEF,CRY,0.0,4.8,90.0,5.0,DEF,CRY,0.0,4.8,90.0,3.0,DEF,CRY,0.0,4.8,88.0,1.0,DEF,CRY,0.0,4.8,90.0,1.0,DEF,CRY,0.0,4.7,90.0,11.0,DEF,CRY,0.0,4.7,90.0,6.0,DEF,CRY,0.0,4.7,90.0,7.0,DEF,CRY,1.0,4.7,90.0,1.0,DEF,CRY,0.0,4.7,0.0,0.0,DEF,CRY,0.0,4.7,90.0,6.0,DEF,CRY,0.0,4.7,90.0,2.0,DEF,CRY,0.0,4.7,90.0,2.0,DEF,CRY,0.0,4.8,90.0,6.0,DEF,CRY,0.0,90.0,4.8,6.0,DEF,CRY,0.0,4.8,90.0,4.0,DEF,CRY,0.0,4.8,90.0,11.0,DEF,CRY,0.0,4.8,90.0,1.0,DEF,CRY,0.0,4.9,90.0,13.0,DEF,CRY,0.0,5.0,90.0,4.0,DEF,CRY,0.0,5.0,90.0,6.0,DEF,CRY,0.0,5.1,0.0,0.0,DEF,CRY,0.0,5.2,75.0,2.0,DEF,CRY,0.0,5.2,90.0,8.0,DEF,CRY,0.0,90.0,5.2,0.0,DEF,CRY,0.0,5.3,270.0,5.0,DEF,CRY,0.0,0.0,0.0,0.0,DEF,CRY,0.0,5.2,0.0,0.0,2869.0,127.0
211,Muñoz,DEF,CRY,0.0,5.0,90.0,4.0,DEF,CRY,0.0,5.0,90.0,1.0,DEF,CRY,0.0,5.0,90.0,1.0,DEF,CRY,0.0,5.0,80.0,1.0,DEF,CRY,0.0,4.9,90.0,6.0,DEF,CRY,0.0,4.9,90.0,1.0,DEF,CRY,0.25,4.9,16.0,1.0,DEF,CRY,0.0,4.8,90.0,1.0,DEF,CRY,0.0,4.8,90.0,5.0,DEF,CRY,0.0,4.8,90.0,3.0,DEF,CRY,0.0,4.8,88.0,1.0,DEF,CRY,0.0,4.8,90.0,1.0,DEF,CRY,0.0,4.7,90.0,11.0,DEF,CRY,0.0,4.7,90.0,6.0,DEF,CRY,0.0,4.7,90.0,7.0,DEF,CRY,1.0,4.7,90.0,1.0,DEF,CRY,0.0,4.7,0.0,0.0,DEF,CRY,0.0,4.7,90.0,6.0,DEF,CRY,0.0,4.7,90.0,2.0,DEF,CRY,0.0,4.7,90.0,2.0,DEF,CRY,0.0,4.8,90.0,6.0,DEF,CRY,0.0,90.0,4.8,6.0,DEF,CRY,0.0,4.8,90.0,4.0,DEF,CRY,0.0,4.8,90.0,11.0,DEF,CRY,0.0,4.8,90.0,1.0,DEF,CRY,0.0,4.9,90.0,13.0,DEF,CRY,0.0,5.0,90.0,4.0,DEF,CRY,0.0,5.0,90.0,6.0,DEF,CRY,0.0,5.1,0.0,0.0,DEF,CRY,0.0,5.2,75.0,2.0,DEF,CRY,0.0,5.2,90.0,8.0,DEF,CRY,0.0,90.0,5.2,-1.0,DEF,CRY,0.0,5.3,270.0,6.0,DEF,CRY,0.0,0.0,0.0,0.0,DEF,CRY,0.0,5.2,0.0,0.0,2869.0,127.0
212,Ozoh,MID,CRY,1.0,4.5,0.0,0.0,MID,CRY,1.0,4.5,0.0,0.0,MID,CRY,1.0,4.5,0.0,0.0,MID,CRY,1.0,4.5,0.0,0.0,MID,CRY,1.0,4.5,0.0,0.0,MID,CRY,1.0,4.5,0.0,0.0,MID,CRY,1.0,4.5,0.0,0.0,MID,CRY,1.0,4.5,0.0,0.0,MID,CRY,1.0,4.5,0.0,0.0,MID,CRY,1.0,4.5,0.0,0.0,MID,CRY,1.0,4.5,0.0,0.0,MID,CRY,1.0,4.5,0.0,0.0,MID,CRY,1.0,4.5,0.0,0.0,MID,CRY,1.0,4.5,0.0,0.0,MID,CRY,1.0,4.5,0.0,0.0,MID,CRY,1.0,4.5,0.0,0.0,MID,CRY,1.0,4.5,0.0,0.0,MID,CRY,1.0,4.5,0.0,0.0,MID,CRY,1.0,4.5,0.0,0.0,MID,CRY,1.0,4.5,0.0,0.0,MID,CRY,1.0,4.5,0.0,0.0,MID,CRY,1.0,0.0,4.5,0.0,MID,CRY,1.0,4.5,0.0,0.0,MID,CRY,1.0,4.5,0.0,0.0,MID,CRY,1.0,4.5,0.0,0.0,MID,CRY,1.0,4.5,0.0,0.0,MID,CRY,1.0,4.5,0.0,0.0,MID,CRY,1.0,4.5,0.0,0.0,MID,CRY,1.0,4.5,0.0,0.0,MID,CRY,1.0,4.5,0.0,0.0,MID,CRY,1.0,4.5,0.0,0.0,MID,CRY,1.0,0.0,4.5,0.0,MID,CRY,1.0,4.5,0.0,0.0,MID,CRY,1.0,0.0,0.0,0.0,MID,CRY,1.0,4.5,0.0,0.0,0.0,0.0
212,Ozoh,MID,CRY,1.0,4.5,0.0,0.0,MID,CRY,1.0,4.5,0.0,0.0,MID,CRY,1.0,4.5,0.0,0.0,MID,CRY,1.0,4.5,0.0,0.0,MID,CRY,1.0,4.5,0.0,0.0,MID,CRY,1.0,4.5,0.0,0.0,MID,CRY,1.0,4.5,0.0,0.0,MID,CRY,1.0,4.5,0.0,0.0,MID,CRY,1.0,4.5,0.0,0.0,MID,CRY,1.0,4.5,0.0,0.0,MID,CRY,1.0,4.5,0.0,0.0,MID,CRY,1.0,4.5,0.0,0.0,MID,CRY,1.0,4.5,0.0,0.0,MID,CRY,1.0,4.5,0.0,0.0,MID,CRY,1.0,4.5,0.0,0.0,MID,CRY,1.0,4.5,0.0,0.0,MID,CRY,1.0,4.5,0.0,0.0,MID,CRY,1.0,4.5,0.0,0.0,MID,CRY,1.0,4.5,0.0,0.0,MID,CRY,1.0,4.5,0.0,0.0,MID,CRY,1.0,4.5,0.0,0.0,MID,CRY,1.0,0.0,4.5,0.0,MID,CRY,1.0,4.5,0.0,0.0,MID,CRY,1.0,4.5,0.0,0.0,MID,CRY,1.0,4.5,0.0,0.0,MID,CRY,1.0,4.5,0.0,0.0,MID,CRY,1.0,4.5,0.0,0.0,MID,CRY,1.0,4.5,0.0,0.0,MID,CRY,1.0,4.5,0.0,0.0,MID,CRY,1.0,4.5,0.0,0.0,MID,CRY,1.0,4.5,0.0,0.0,MID,CRY,1.0,0.0,4.5,0.0,MID,CRY,1.0,4.5,0.0,0.0,MID,CRY,1.0,0.0,0.0,0.0,MID,CRY,1.0,4.5,0.0,0.0,0.0,0.0
213,Rak-Sakyi,MID,CRY,0.0,4.5,0.0,0.0,MID,CRY,1.0,4.5,0.0,0.0,MID,CRY,1.0,4.5,0.0,0.0,MID,CRY,1.0,4.5,0.0,0.0,MID,CRY,1.0,4.5,0.0,0.0,MID,CRY,1.0,4.5,0.0,0.0,MID,CRY,1.0,4.5,0.0,0.0,MID,CRY,1.0,4.5,0.0,0.0,MID,CRY,1.0,4.5,0.0,0.0,MID,CRY,1.0,4.5,0.0,0.0,MID,CRY,1.0,4.5,0.0,0.0,MID,CRY,1.0,4.5,0.0,0.0,MID,CRY,1.0,4.5,0.0,0.0,MID,CRY,1.0,4.5,0.0,0.0,MID,CRY,1.0,4.5,0.0,0.0,MID,CRY,1.0,4.5,0.0,0.0,MID,CRY,1.0,4.5,0.0,0.0,MID,CRY,1.0,4.5,0.0,0.0,MID,CRY,1.0,4.5,0.0,0.0,MID,CRY,1.0,4.5,0.0,0.0,MID,CRY,1.0,4.5,0.0,0.0,MID,CRY,1.0,0.0,4.5,0.0,MID,CRY,1.0,4.5,0.0,0.0,MID,CRY,1.0,4.5,0.0,0.0,MID,CRY,1.0,4.5,0.0,0.0,MID,CRY,1.0,4.5,0.0,0.0,MID,CRY,1.0,4.5,0.0,0.0,MID,CRY,1.0,4.5,0.0,0.0,MID,CRY,1.0,4.5,0.0,0.0,MID,CRY,1.0,4.5,0.0,0.0,MID,CRY,1.0,4.5,0.0,0.0,MID,CRY,1.0,0.0,4.5,0.0,MID,CRY,1.0,4.5,0.0,0.0,MID,CRY,1.0,0.0,0.0,0.0,MID,CRY,1.0,4.5,0.0,0.0,0.0,0.0
213,Rak-Sakyi,MID,CRY,0.0,4.5,0.0,0.0,MID,CRY,1.0,4.5,0.0,0.0,MID,CRY,1.0,4.5,0.0,0.0,MID,CRY,1.0,4.5,0.0,0.0,MID,CRY,1.0,4.5,0.0,0.0,MID,CRY,1.0,4.5,0.0,0.0,MID,CRY,1.0,4.5,0.0,0.0,MID,CRY,1.0,4.5,0.0,0.0,MID,CRY,1.0,4.5,0.0,0.0,MID,CRY,1.0,4.5,0.0,0.0,MID,CRY,1.0,4.5,0.0,0.0,MID,CRY,1.0,4.5,0.0,0.0,MID,CRY,1.0,4.5,0.0,0.0,MID,CRY,1.0,4.5,0.0,0.0,MID,CRY,1.0,4.5,0.0,0.0,MID,CRY,1.0,4.5,0.0,0.0,MID,CRY,1.0,4.5,0.0,0.0,MID,CRY,1.0,4.5,0.0,0.0,MID,CRY,1.0,4.5,0.0,0.0,MID,CRY,1.0,4.5,0.0,0.0,MID,CRY,1.0,4.5,0.0,0.0,MID,CRY,1.0,0.0,4.5,0.0,MID,CRY,1.0,4.5,0.0,0.0,MID,CRY,1.0,4.5,0.0,0.0,MID,CRY,1.0,4.5,0.0,0.0,MID,CRY,1.0,4.5,0.0,0.0,MID,CRY,1.0,4.5,0.0,0.0,MID,CRY,1.0,4.5,0.0,0.0,MID,CRY,1.0,4.5,0.0,0.0,MID,CRY,1.0,4.5,0.0,0.0,MID,CRY,1.0,4.5,0.0,0.0,MID,CRY,1.0,0.0,4.5,0.0,MID,CRY,1.0,4.5,0.0,0.0,MID,CRY,1.0,0.0,0.0,0.0,MID,CRY,1.0,4.5,0.0,0.0,0.0,0.0
214,Schlupp,MID,CRY,0.0,5.0,0.0,0.0,MID,CRY,0.0,4.9,9.0,1.0,MID,CRY,0.0,4.9,2.0,1.0,MID,CRY,0.0,4.9,1.0,1.0,MID,CRY,0.0,4.9,1.0,1.0,MID,CRY,0.0,4.8,17.0,1.0,MID,CRY,0.0,4.8,0.0,0.0,MID,CRY,0.0,4.8,16.0,1.0,MID,CRY,0.0,4.7,0.0,0.0,MID,CRY,0.0,4.7,1.0,1.0,MID,CRY,0.0,4.7,16.0,1.0,MID,CRY,0.0,4.7,16.0,1.0,MID,CRY,0.0,4.7,6.0,1.0,MID,CRY,0.0,4.7,0.0,0.0,MID,CRY,0.0,4.7,0.0,0.0,MID,CRY,0.0,4.7,0.0,0.0,MID,CRY,0.0,4.7,9.0,1.0,MID,CRY,0.0,4.7,0.0,0.0,MID,CRY,0.0,4.6,0.0,0.0,MID,CRY,0.0,4.6,0.0,0.0,MID,CRY,0.0,4.6,0.0,0.0,MID,CRY,0.0,1.0,4.6,1.0,MID,CRY,0.0,4.6,0.0,0.0,MID,CRY,1.0,4.6,0.0,0.0,MID,CRY,1.0,4.6,0.0,0.0,MID,CRY,1.0,4.6,0.0,0.0,MID,CRY,1.0,4.6,0.0,0.0,MID,CRY,1.0,4.6,0.0,0.0,MID,CRY,1.0,4.6,0.0,0.0,MID,CRY,1.0,4.6,0.0,0.0,MID,CRY,1.0,4.6,0.0,0.0,MID,CRY,0.0,0.0,4.6,0.0,MID,CRY,1.0,4.6,0.0,0.0,MID,CRY,0.0,0.0,0.0,0.0,MID,CRY,1.0,4.6,0.0,0.0,95.0,12.0
214,Schlupp,MID,CRY,0.0,5.0,0.0,0.0,MID,CRY,0.0,4.9,9.0,1.0,MID,CRY,0.0,4.9,2.0,1.0,MID,CRY,0.0,4.9,1.0,1.0,MID,CRY,0.0,4.9,1.0,1.0,MID,CRY,0.0,4.8,17.0,1.0,MID,CRY,0.0,4.8,0.0,0.0,MID,CRY,0.0,4.8,16.0,1.0,MID,CRY,0.0,4.7,0.0,0.0,MID,CRY,0.0,4.7,1.0,1.0,MID,CRY,0.0,4.7,16.0,1.0,MID,CRY,0.0,4.7,16.0,1.0,MID,CRY,0.0,4.7,6.0,1.0,MID,CRY,0.0,4.7,0.0,0.0,MID,CRY,0.0,4.7,0.0,0.0,MID,CRY,0.0,4.7,0.0,0.0,MID,CRY,0.0,4.7,9.0,1.0,MID,CRY,0.0,4.7,0.0,0.0,MID,CRY,0.0,4.6,0.0,0.0,MID,CRY,0.0,4.6,0.0,0.0,MID,CRY,0.0,4.6,0.0,0.0,MID,CRY,0.0,1.0,4.6,1.0,MID,CRY,0.0,4.6,0.0,0.0,MID,CRY,1.0,4.6,0.0,0.0,MID,CRY,1.0,4.6,0.0,0.0,MID,CRY,1.0,4.6,0.0,0.0,MID,CRY,1.0,4.6,0.0,0.0,MID,CRY,1.0,4.6,0.0,0.0,MID,CRY,1.0,4.6,0.0,0.0,MID,CRY,1.0,4.6,0.0,0.0,MID,CRY,1.0,4.6,0.0,0.0,MID,CRY,0.0,0.0,4.6,0.0,MID,CRY,1.0,4.6,0.0,0.0,MID,CRY,0.0,0.0,0.0,0.0,MID,CRY,1.0,4.6,0.0,0.0,95.0,12.0
215,J. Ward,DEF,CRY,0.0,4.5,0.0,0.0,DEF,CRY,0.0,4.5,0.0,0.0,DEF,CRY,0.0,4.4,0.0,0.0,DEF,CRY,0.0,4.4,0.0,0.0,DEF,CRY,0.0,4.4,0.0,0.0,DEF,CRY,0.0,4.4,0.0,0.0,DEF,CRY,0.0,4.4,0.0,0.0,DEF,CRY,0.0,4.3,0.0,0.0,DEF,CRY,0.0,4.3,0.0,0.0,DEF,CRY,0.5,4.3,0.0,0.0,DEF,CRY,0.0,4.3,0.0,0.0,DEF,CRY,0.0,4.3,0.0,0.0,DEF,CRY,0.0,4.3,0.0,0.0,DEF,CRY,0.0,4.3,0.0,0.0,DEF,CRY,0.0,4.3,0.0,0.0,DEF,CRY,0.0,4.3,0.0,0.0,DEF,CRY,0.0,4.3,0.0,0.0,DEF,CRY,0.0,4.3,0.0,0.0,DEF,CRY,0.0,4.3,0.0,0.0,DEF,CRY,0.0,4.3,0.0,0.0,DEF,CRY,0.0,4.3,0.0,0.0,DEF,CRY,0.0,0.0,4.3,0.0,DEF,CRY,1.0,4.3,0.0,0.0,DEF,CRY,1.0,4.3,0.0,0.0,DEF,CRY,1.0,4.3,0.0,0.0,DEF,CRY,1.0,4.3,0.0,0.0,DEF,CRY,1.0,4.3,0.0,0.0,DEF,CRY,1.0,4.3,0.0,0.0,DEF,CRY,1.0,4.3,0.0,0.0,DEF,CRY,0.0,4.3,0.0,0.0,DEF,CRY,0.0,4.3,1.0,1.0,DEF,CRY,0.0,0.0,4.3,0.0,DEF,CRY,0.0,4.3,0.0,0.0,DEF,CRY,0.0,0.0,0.0,0.0,DEF,CRY,0.0,4.3,0.0,0.0,1.0,1.0
215,J. Ward,DEF,CRY,0.0,4.5,0.0,0.0,DEF,CRY,0.0,4.5,0.0,0.0,DEF,CRY,0.0,4.4,0.0,0.0,DEF,CRY,0.0,4.4,0.0,0.0,DEF,CRY,0.0,4.4,0.0,0.0,DEF,CRY,0.0,4.4,0.0,0.0,DEF,CRY,0.0,4.4,0.0,0.0,DEF,CRY,0.0,4.3,0.0,0.0,DEF,CRY,0.0,4.3,0.0,0.0,DEF,CRY,0.5,4.3,0.0,0.0,DEF,CRY,0.0,4.3,0.0,0.0,DEF,CRY,0.0,4.3,0.0,0.0,DEF,CRY,0.0,4.3,0.0,0.0,DEF,CRY,0.0,4.3,0.0,0.0,DEF,CRY,0.0,4.3,0.0,0.0,DEF,CRY,0.0,4.3,0.0,0.0,DEF,CRY,0.0,4.3,0.0,0.0,DEF,CRY,0.0,4.3,0.0,0.0,DEF,CRY,0.0,4.3,0.0,0.0,DEF,CRY,0.0,4.3,0.0,0.0,DEF,CRY,0.0,4.3,0.0,0.0,DEF,CRY,0.0,0.0,4.3,0.0,DEF,CRY,1.0,4.3,0.0,0.0,DEF,CRY,1.0,4.3,0.0,0.0,DEF,CRY,1.0,4.3,0.0,0.0,DEF,CRY,1.0,4.3,0.0,0.0,DEF,CRY,1.0,4.3,0.0,0.0,DEF,CRY,1.0,4.3,0.0,0.0,DEF,CRY,1.0,4.3,0.0,0.0,DEF,CRY,0.0,4.3,0.0,0.0,DEF,CRY,0.0,4.3,1.0,1.0,DEF,CRY,0.0,0.0,4.3,0.0,DEF,CRY,0.0,4.3,0.0,0.0,DEF,CRY,0.0,0.0,0.0,0.0,DEF,CRY,0.0,4.3,0.0,0.0,1.0,1.0
216,Wharton,MID,CRY,0.0,5.0,73.0,2.0,MID,CRY,0.0,5.0,90.0,2.0,MID,CRY,0.25,5.0,90.0,2.0,MID,CRY,0.0,4.9,90.0,2.0,MID,CRY,0.0,4.9,45.0,1.0,MID,CRY,0.0,4.9,87.0,2.0,MID,CRY,0.0,4.9,59.0,1.0,MID,CRY,0.0,4.8,0.0,0.0,MID,CRY,0.0,4.8,87.0,3.0,MID,CRY,1.0,4.8,0.0,0.0,MID,CRY,1.0,4.7,0.0,0.0,MID,CRY,1.0,4.7,0.0,0.0,MID,CRY,1.0,4.7,0.0,0.0,MID,CRY,1.0,4.7,0.0,0.0,MID,CRY,0.5,4.7,0.0,0.0,MID,CRY,1.0,4.7,0.0,0.0,MID,CRY,1.0,4.7,0.0,0.0,MID,CRY,1.0,4.7,0.0,0.0,MID,CRY,1.0,4.7,0.0,0.0,MID,CRY,0.5,4.7,0.0,0.0,MID,CRY,1.0,4.7,0.0,0.0,MID,CRY,1.0,0.0,4.7,0.0,MID,CRY,1.0,4.7,0.0,0.0,MID,CRY,0.0,4.7,2.0,1.0,MID,CRY,0.0,4.7,45.0,1.0,MID,CRY,0.0,4.7,9.0,1.0,MID,CRY,0.0,4.7,77.0,2.0,MID,CRY,0.0,4.7,86.0,2.0,MID,CRY,0.0,4.7,0.0,0.0,MID,CRY,0.0,4.7,85.0,1.0,MID,CRY,0.0,4.7,81.0,2.0,MID,CRY,1.0,79.0,4.7,5.0,MID,CRY,0.0,4.7,169.0,9.0,MID,CRY,1.0,0.0,0.0,0.0,MID,CRY,1.0,4.7,0.0,0.0,1254.0,39.0
216,Wharton,MID,CRY,0.0,5.0,73.0,2.0,MID,CRY,0.0,5.0,90.0,2.0,MID,CRY,0.25,5.0,90.0,2.0,MID,CRY,0.0,4.9,90.0,2.0,MID,CRY,0.0,4.9,45.0,1.0,MID,CRY,0.0,4.9,87.0,2.0,MID,CRY,0.0,4.9,59.0,1.0,MID,CRY,0.0,4.8,0.0,0.0,MID,CRY,0.0,4.8,87.0,3.0,MID,CRY,1.0,4.8,0.0,0.0,MID,CRY,1.0,4.7,0.0,0.0,MID,CRY,1.0,4.7,0.0,0.0,MID,CRY,1.0,4.7,0.0,0.0,MID,CRY,1.0,4.7,0.0,0.0,MID,CRY,0.5,4.7,0.0,0.0,MID,CRY,1.0,4.7,0.0,0.0,MID,CRY,1.0,4.7,0.0,0.0,MID,CRY,1.0,4.7,0.0,0.0,MID,CRY,1.0,4.7,0.0,0.0,MID,CRY,0.5,4.7,0.0,0.0,MID,CRY,1.0,4.7,0.0,0.0,MID,CRY,1.0,0.0,4.7,0.0,MID,CRY,1.0,4.7,0.0,0.0,MID,CRY,0.0,4.7,2.0,1.0,MID,CRY,0.0,4.7,45.0,1.0,MID,CRY,0.0,4.7,9.0,1.0,MID,CRY,0.0,4.7,77.0,2.0,MID,CRY,0.0,4.7,86.0,2.0,MID,CRY,0.0,4.7,0.0,0.0,MID,CRY,0.0,4.7,85.0,1.0,MID,CRY,0.0,4.7,81.0,2.0,MID,CRY,1.0,33.0,4.7,1.0,MID,CRY,0.0,4.7,215.0,13.0,MID,CRY,1.0,0.0,0.0,0.0,MID,CRY,1.0,4.7,0.0,0.0,1254.0,39.0
217,A.Doucoure,MID,EVE,0.0,5.5,62.0,2.0,MID,EVE,0.0,5.4,56.0,1.0,MID,EVE,0.0,5.4,7.0,1.0,MID,EVE,0.0,5.3,0.0,0.0,MID,EVE,0.0,5.3,90.0,2.0,MID,EVE,0.0,5.2,90.0,2.0,MID,EVE,0.0,5.2,90.0,3.0,MID,EVE,0.0,5.2,90.0,3.0,MID,EVE,0.0,5.2,79.0,2.0,MID,EVE,0.25,5.2,0.0,0.0,MID,EVE,0.0,5.1,85.0,3.0,MID,EVE,0.0,5.1,71.0,3.0,MID,EVE,0.0,5.1,90.0,2.0,MID,EVE,0.0,5.1,82.0,3.0,MID,EVE,0.0,5.1,0.0,0.0,MID,EVE,0.0,5.1,90.0,3.0,MID,EVE,0.0,5.1,90.0,3.0,MID,EVE,0.0,5.1,90.0,2.0,MID,EVE,0.0,5.1,90.0,2.0,MID,EVE,0.0,5.1,90.0,1.0,MID,EVE,0.0,5.1,82.0,2.0,MID,EVE,0.0,90.0,5.1,1.0,MID,EVE,0.0,5.1,77.0,3.0,MID,EVE,1.0,5.1,180.0,7.0,MID,EVE,0.0,5.1,0.0,0.0,MID,EVE,0.0,5.1,80.0,12.0,MID,EVE,0.0,5.1,0.0,0.0,MID,EVE,0.0,5.1,62.0,2.0,MID,EVE,0.0,5.1,67.0,2.0,MID,EVE,0.0,5.1,85.0,2.0,MID,EVE,0.0,5.1,90.0,2.0,MID,EVE,0.0,90.0,5.1,10.0,MID,EVE,0.0,5.1,90.0,2.0,MID,EVE,0.0,90.0,5.1,2.0,MID,EVE,0.0,5.1,0.0,0.0,2425.0,85.0
218,Beto,FWD,EVE,0.0,5.0,14.0,1.0,FWD,EVE,0.0,5.0,18.0,1.0,FWD,EVE,0.0,5.0,2.0,1.0,FWD,EVE,0.0,5.0,9.0,1.0,FWD,EVE,0.0,5.0,0.0,0.0,FWD,EVE,0.0,5.0,0.0,0.0,FWD,EVE,0.0,5.0,0.0,0.0,FWD,EVE,0.0,5.0,0.0,0.0,FWD,EVE,0.0,5.0,9.0,7.0,FWD,EVE,0.0,5.0,28.0,1.0,FWD,EVE,0.0,5.0,15.0,1.0,FWD,EVE,0.0,5.0,18.0,1.0,FWD,EVE,0.0,5.0,66.0,2.0,FWD,EVE,0.0,5.0,0.0,0.0,FWD,EVE,0.0,5.0,0.0,0.0,FWD,EVE,0.0,5.0,0.0,0.0,FWD,EVE,0.0,5.0,17.0,0.0,FWD,EVE,0.0,4.9,0.0,0.0,FWD,EVE,0.0,4.9,15.0,1.0,FWD,EVE,0.0,4.9,9.0,1.0,FWD,EVE,0.0,4.9,7.0,1.0,FWD,EVE,0.0,0.0,4.9,0.0,FWD,EVE,0.0,4.9,77.0,2.0,FWD,EVE,0.0,4.9,177.0,21.0,FWD,EVE,0.0,4.9,90.0,8.0,FWD,EVE,0.0,5.0,90.0,6.0,FWD,EVE,0.0,5.0,90.0,2.0,FWD,EVE,0.0,5.1,90.0,2.0,FWD,EVE,0.0,5.1,79.0,2.0,FWD,EVE,0.0,5.0,78.0,1.0,FWD,EVE,0.0,5.0,64.0,2.0,FWD,EVE,0.0,26.0,4.9,1.0,FWD,EVE,0.0,4.8,27.0,1.0,FWD,EVE,0.0,63.0,4.8,2.0,FWD,EVE,0.0,4.8,76.0,6.0,1254.0,75.0
219,Branthwaite,DEF,EVE,1.0,5.0,0.0,0.0,DEF,EVE,1.0,4.9,0.0,0.0,DEF,EVE,1.0,4.9,0.0,0.0,DEF,EVE,1.0,4.9,0.0,0.0,DEF,EVE,1.0,4.8,0.0,0.0,DEF,EVE,0.0,4.8,90.0,2.0,DEF,EVE,0.25,4.8,0.0,0.0,DEF,EVE,0.5,4.8,0.0,0.0,DEF,EVE,0.0,4.8,4.0,1.0,DEF,EVE,0.0,4.8,2.0,1.0,DEF,EVE,0.25,4.8,90.0,6.0,DEF,EVE,0.0,4.8,90.0,6.0,DEF,EVE,0.0,4.8,90.0,0.0,DEF,EVE,0.0,4.8,90.0,7.0,DEF,EVE,0.0,4.8,0.0,0.0,DEF,EVE,0.0,4.8,90.0,6.0,DEF,EVE,0.0,4.8,90.0,6.0,DEF,EVE,0.0,4.8,90.0,1.0,DEF,EVE,0.0,4.8,90.0,0.0,DEF,EVE,0.0,4.8,90.0,1.0,DEF,EVE,0.0,4.8,90.0,2.0,DEF,EVE,0.0,90.0,4.8,1.0,DEF,EVE,0.0,4.8,90.0,8.0,DEF,EVE,0.0,4.8,180.0,10.0,DEF,EVE,0.0,4.8,90.0,2.0,DEF,EVE,0.0,4.8,90.0,1.0,DEF,EVE,0.0,4.8,90.0,2.0,DEF,EVE,0.0,4.8,90.0,2.0,DEF,EVE,0.0,4.8,90.0,2.0,DEF,EVE,0.0,4.8,90.0,2.0,DEF,EVE,0.0,4.8,90.0,2.0,DEF,EVE,0.0,90.0,4.8,5.0,DEF,EVE,0.0,4.8,90.0,1.0,DEF,EVE,0.0,90.0,4.8,2.0,DEF,EVE,0.0,4.8,90.0,1.0,2346.0,80.0
220,Calvert-Lewin,FWD,EVE,0.0,6.0,75.0,2.0,FWD,EVE,0.0,5.9,71.0,2.0,FWD,EVE,0.0,5.9,87.0,12.0,FWD,EVE,0.0,5.9,90.0,6.0,FWD,EVE,0.0,6.0,90.0,2.0,FWD,EVE,0.0,6.0,90.0,1.0,FWD,EVE,0.0,6.0,90.0,2.0,FWD,EVE,0.0,6.0,90.0,2.0,FWD,EVE,0.0,6.0,80.0,2.0,FWD,EVE,0.0,5.9,61.0,2.0,FWD,EVE,0.0,5.7,74.0,2.0,FWD,EVE,0.0,5.6,90.0,2.0,FWD,EVE,0.0,5.6,23.0,1.0,FWD,EVE,0.0,5.5,82.0,5.0,FWD,EVE,0.0,5.5,0.0,0.0,FWD,EVE,0.0,5.5,65.0,2.0,FWD,EVE,0.0,5.5,72.0,2.0,FWD,EVE,0.0,5.4,69.0,2.0,FWD,EVE,0.0,5.4,22.0,1.0,FWD,EVE,0.0,5.4,58.0,1.0,FWD,EVE,0.0,5.4,90.0,2.0,FWD,EVE,0.0,90.0,5.4,5.0,FWD,EVE,0.5,5.4,12.0,1.0,FWD,EVE,1.0,5.4,0.0,0.0,FWD,EVE,1.0,5.4,0.0,0.0,FWD,EVE,1.0,5.4,0.0,0.0,FWD,EVE,1.0,5.4,0.0,0.0,FWD,EVE,1.0,5.4,0.0,0.0,FWD,EVE,1.0,5.4,0.0,0.0,FWD,EVE,1.0,5.4,0.0,0.0,FWD,EVE,1.0,5.4,0.0,0.0,FWD,EVE,0.0,0.0,5.4,0.0,FWD,EVE,1.0,5.4,0.0,0.0,FWD,EVE,0.0,0.0,5.4,0.0,FWD,EVE,0.0,5.4,13.0,1.0,1584.0,60.0
221,Coleman,DEF,EVE,1.0,4.5,0.0,0.0,DEF,EVE,1.0,4.4,0.0,0.0,DEF,EVE,0.0,4.4,90.0,1.0,DEF,EVE,0.5,4.4,0.0,0.0,DEF,EVE,1.0,4.4,0.0,0.0,DEF,EVE,1.0,4.4,0.0,0.0,DEF,EVE,0.5,4.3,0.0,0.0,DEF,EVE,0.0,4.3,0.0,0.0,DEF,EVE,0.0,4.3,0.0,0.0,DEF,EVE,1.0,4.3,0.0,0.0,DEF,EVE,1.0,4.3,0.0,0.0,DEF,EVE,1.0,4.3,0.0,0.0,DEF,EVE,0.0,4.3,0.0,0.0,DEF,EVE,0.0,4.3,0.0,0.0,DEF,EVE,0.0,4.3,0.0,0.0,DEF,EVE,0.0,4.3,0.0,0.0,DEF,EVE,0.0,4.3,17.0,1.0,DEF,EVE,0.0,4.3,89.0,1.0,DEF,EVE,0.25,4.3,0.0,0.0,DEF,EVE,1.0,4.3,0.0,0.0,DEF,EVE,1.0,4.3,0.0,0.0,DEF,EVE,1.0,0.0,4.3,0.0,DEF,EVE,1.0,4.3,0.0,0.0,DEF,EVE,0.75,4.3,0.0,0.0,DEF,EVE,1.0,4.3,0.0,0.0,DEF,EVE,1.0,4.3,0.0,0.0,DEF,EVE,1.0,4.3,0.0,0.0,DEF,EVE,0.0,4.3,0.0,0.0,DEF,EVE,0.0,4.3,0.0,0.0,DEF,EVE,0.0,4.3,0.0,0.0,DEF,EVE,0.0,4.3,0.0,0.0,DEF,EVE,1.0,0.0,4.3,0.0,DEF,EVE,0.0,4.3,0.0,0.0,DEF,EVE,1.0,0.0,4.3,0.0,DEF,EVE,0.0,4.3,0.0,0.0,196.0,3.0
222,Gana,MID,EVE,0.0,5.0,90.0,2.0,MID,EVE,0.0,5.0,90.0,2.0,MID,EVE,0.0,5.0,90.0,2.0,MID,EVE,0.0,4.9,63.0,2.0,MID,EVE,0.25,4.9,0.0,0.0,MID,EVE,0.0,4.9,7.0,1.0,MID,EVE,0.0,4.9,33.0,1.0,MID,EVE,0.0,4.9,90.0,3.0,MID,EVE,0.0,4.9,90.0,2.0,MID,EVE,0.0,4.9,90.0,2.0,MID,EVE,0.0,4.9,90.0,2.0,MID,EVE,0.0,4.9,90.0,3.0,MID,EVE,0.0,4.9,66.0,1.0,MID,EVE,0.0,4.9,90.0,3.0,MID,EVE,0.0,4.9,0.0,0.0,MID,EVE,0.0,4.9,90.0,3.0,MID,EVE,0.0,4.8,90.0,3.0,MID,EVE,0.0,4.8,90.0,2.0,MID,EVE,0.0,4.8,67.0,1.0,MID,EVE,0.0,4.8,80.0,2.0,MID,EVE,0.0,4.8,90.0,1.0,MID,EVE,0.0,90.0,4.8,11.0,MID,EVE,0.0,4.8,90.0,3.0,MID,EVE,0.0,4.8,166.0,4.0,MID,EVE,0.0,4.8,90.0,2.0,MID,EVE,0.0,4.8,90.0,1.0,MID,EVE,0.0,4.8,74.0,2.0,MID,EVE,0.0,4.8,90.0,3.0,MID,EVE,0.0,4.8,90.0,6.0,MID,EVE,0.0,4.8,90.0,2.0,MID,EVE,0.0,4.8,90.0,2.0,MID,EVE,0.0,90.0,4.8,2.0,MID,EVE,0.0,4.8,78.0,2.0,MID,EVE,0.0,90.0,4.8,2.0,MID,EVE,0.0,4.8,89.0,2.0,2793.0,82.0
223,Garner,MID,EVE,1.0,5.0,0.0,0.0,MID,EVE,0.75,5.0,0.0,0.0,MID,EVE,0.0,5.0,0.0,0.0,MID,EVE,0.0,5.0,64.0,2.0,MID,EVE,0.0,5.0,90.0,1.0,MID,EVE,0.0,5.0,7.0,1.0,MID,EVE,0.0,5.0,90.0,3.0,MID,EVE,1.0,5.0,0.0,0.0,MID,EVE,1.0,5.0,0.0,0.0,MID,EVE,1.0,5.0,0.0,0.0,MID,EVE,1.0,5.0,0.0,0.0,MID,EVE,1.0,4.9,0.0,0.0,MID,EVE,1.0,4.9,0.0,0.0,MID,EVE,1.0,4.9,0.0,0.0,MID,EVE,1.0,4.9,0.0,0.0,MID,EVE,1.0,4.9,0.0,0.0,MID,EVE,1.0,4.9,0.0,0.0,MID,EVE,1.0,4.9,0.0,0.0,MID,EVE,1.0,4.9,0.0,0.0,MID,EVE,1.0,4.9,0.0,0.0,MID,EVE,0.25,4.9,0.0,0.0,MID,EVE,0.25,0.0,4.9,0.0,MID,EVE,0.0,4.9,12.0,1.0,MID,EVE,0.0,4.9,167.0,8.0,MID,EVE,0.0,4.9,90.0,1.0,MID,EVE,0.0,4.9,80.0,1.0,MID,EVE,0.0,4.9,90.0,2.0,MID,EVE,0.0,4.9,90.0,2.0,MID,EVE,0.0,4.9,78.0,2.0,MID,EVE,0.0,4.9,77.0,2.0,MID,EVE,0.0,4.9,25.0,1.0,MID,EVE,0.25,90.0,4.9,3.0,MID,EVE,0.0,4.9,90.0,2.0,MID,EVE,0.25,90.0,4.9,2.0,MID,EVE,0.0,4.9,90.0,2.0,1320.0,36.0
224,J. Harrison,MID,EVE,0.0,5.5,84.0,2.0,MID,EVE,0.0,5.5,56.0,1.0,MID,EVE,0.0,5.4,90.0,2.0,MID,EVE,0.0,5.4,63.0,2.0,MID,EVE,0.0,5.4,29.0,1.0,MID,EVE,0.0,5.3,45.0,4.0,MID,EVE,0.0,5.3,67.0,3.0,MID,EVE,0.0,5.3,90.0,3.0,MID,EVE,0.0,5.3,67.0,2.0,MID,EVE,0.0,5.3,28.0,1.0,MID,EVE,0.0,5.3,4.0,1.0,MID,EVE,0.0,5.3,0.0,0.0,MID,EVE,0.0,5.3,23.0,1.0,MID,EVE,0.0,5.3,16.0,1.0,MID,EVE,0.0,5.2,0.0,0.0,MID,EVE,0.0,5.2,65.0,3.0,MID,EVE,0.0,5.2,73.0,3.0,MID,EVE,0.0,5.2,90.0,2.0,MID,EVE,0.0,5.2,45.0,1.0,MID,EVE,0.0,5.2,0.0,0.0,MID,EVE,0.0,5.2,58.0,1.0,MID,EVE,0.0,0.0,5.2,0.0,MID,EVE,0.0,5.2,0.0,0.0,MID,EVE,0.0,5.2,67.0,3.0,MID,EVE,0.0,5.2,90.0,2.0,MID,EVE,0.0,5.2,90.0,5.0,MID,EVE,0.0,5.2,90.0,2.0,MID,EVE,0.0,5.2,90.0,10.0,MID,EVE,0.0,5.2,78.0,2.0,MID,EVE,0.0,5.2,68.0,2.0,MID,EVE,0.0,5.2,86.0,6.0,MID,EVE,0.0,89.0,5.2,3.0,MID,EVE,0.0,5.2,78.0,3.0,MID,EVE,0.0,62.0,5.2,2.0,MID,EVE,0.0,5.2,12.0,1.0,1893.0,75.0
225,Holgate,DEF,EVE,0.0,4.0,5.0,1.0,DEF,EVE,0.0,4.0,0.0,0.0,DEF,EVE,1.0,4.0,0.0,0.0,DEF,EVE,1.0,4.0,0.0,0.0,DEF,EVE,1.0,4.0,0.0,0.0,DEF,EVE,1.0,4.0,0.0,0.0,DEF,EVE,1.0,4.0,0.0,0.0,DEF,EVE,1.0,4.0,0.0,0.0,DEF,EVE,1.0,4.0,0.0,0.0,DEF,EVE,1.0,4.0,0.0,0.0,DEF,EVE,1.0,4.0,0.0,0.0,DEF,EVE,1.0,4.0,0.0,0.0,DEF,EVE,1.0,4.0,0.0,0.0,DEF,EVE,1.0,4.0,0.0,0.0,DEF,EVE,1.0,4.0,0.0,0.0,DEF,EVE,1.0,4.0,0.0,0.0,DEF,EVE,1.0,4.0,0.0,0.0,DEF,EVE,1.0,4.0,0.0,0.0,DEF,EVE,1.0,4.0,0.0,0.0,DEF,EVE,1.0,4.0,0.0,0.0,DEF,EVE,1.0,4.0,0.0,0.0,DEF,EVE,1.0,0.0,4.0,0.0,DEF,EVE,1.0,4.0,0.0,0.0,DEF,EVE,1.0,4.0,0.0,0.0,DEF,EVE,1.0,4.0,0.0,0.0,DEF,EVE,1.0,4.0,0.0,0.0,DEF,EVE,1.0,4.0,0.0,0.0,DEF,EVE,1.0,4.0,0.0,0.0,DEF,EVE,1.0,4.0,0.0,0.0,DEF,EVE,1.0,4.0,0.0,0.0,DEF,EVE,1.0,4.0,0.0,0.0,DEF,EVE,1.0,0.0,4.0,0.0,DEF,EVE,1.0,4.0,0.0,0.0,DEF,EVE,1.0,0.0,4.0,0.0,DEF,EVE,1.0,4.0,0.0,0.0,5.0,1.0
226,Iroegbunam,MID,EVE,0.0,4.5,90.0,2.0,MID,EVE,0.0,4.5,90.0,2.0,MID,EVE,0.0,4.5,90.0,1.0,MID,EVE,0.0,4.5,80.0,1.0,MID,EVE,0.0,4.5,9.0,1.0,MID,EVE,0.0,4.5,0.0,0.0,MID,EVE,0.0,4.5,22.0,1.0,MID,EVE,1.0,4.5,0.0,0.0,MID,EVE,1.0,4.5,0.0,0.0,MID,EVE,1.0,4.5,0.0,0.0,MID,EVE,1.0,4.5,0.0,0.0,MID,EVE,1.0,4.5,0.0,0.0,MID,EVE,1.0,4.4,0.0,0.0,MID,EVE,1.0,4.4,0.0,0.0,MID,EVE,1.0,4.4,0.0,0.0,MID,EVE,1.0,4.4,0.0,0.0,MID,EVE,1.0,4.4,0.0,0.0,MID,EVE,1.0,4.4,0.0,0.0,MID,EVE,1.0,4.4,0.0,0.0,MID,EVE,1.0,4.4,0.0,0.0,MID,EVE,1.0,4.3,0.0,0.0,MID,EVE,1.0,0.0,4.3,0.0,MID,EVE,0.75,4.3,0.0,0.0,MID,EVE,0.0,4.3,21.0,5.0,MID,EVE,0.0,4.3,4.0,1.0,MID,EVE,0.0,4.3,9.0,1.0,MID,EVE,0.0,4.3,15.0,1.0,MID,EVE,0.0,4.3,27.0,0.0,MID,EVE,0.0,4.3,11.0,1.0,MID,EVE,0.0,4.3,12.0,1.0,MID,EVE,0.0,4.3,64.0,2.0,MID,EVE,1.0,0.0,4.3,0.0,MID,EVE,0.0,4.3,11.0,0.0,MID,EVE,1.0,0.0,4.3,0.0,MID,EVE,0.0,4.3,1.0,1.0,556.0,21.0
227,J.Virginia,GKP,EVE,0.0,4.0,0.0,0.0,GKP,EVE,0.0,4.0,0.0,0.0,GKP,EVE,0.0,4.0,0.0,0.0,GKP,EVE,0.0,4.0,0.0,0.0,GKP,EVE,0.0,4.0,0.0,0.0,GKP,EVE,0.0,4.0,0.0,0.0,GKP,EVE,0.0,4.0,0.0,0.0,GKP,EVE,0.0,4.0,0.0,0.0,GKP,EVE,0.0,4.0,0.0,0.0,GKP,EVE,0.0,4.0,0.0,0.0,GKP,EVE,0.0,4.0,0.0,0.0,GKP,EVE,0.0,4.0,0.0,0.0,GKP,EVE,0.0,4.0,0.0,0.0,GKP,EVE,0.0,4.0,0.0,0.0,GKP,EVE,0.0,3.9,0.0,0.0,GKP,EVE,0.0,3.9,0.0,0.0,GKP,EVE,0.0,3.9,0.0,0.0,GKP,EVE,0.0,3.9,0.0,0.0,GKP,EVE,0.0,3.9,0.0,0.0,GKP,EVE,0.0,3.9,0.0,0.0,GKP,EVE,0.0,3.9,0.0,0.0,GKP,EVE,0.0,0.0,3.9,0.0,GKP,EVE,0.0,3.9,0.0,0.0,GKP,EVE,0.0,3.9,0.0,0.0,GKP,EVE,0.0,3.9,0.0,0.0,GKP,EVE,0.0,3.9,0.0,0.0,GKP,EVE,0.0,3.9,0.0,0.0,GKP,EVE,0.0,3.9,0.0,0.0,GKP,EVE,0.0,3.9,0.0,0.0,GKP,EVE,0.0,3.9,0.0,0.0,GKP,EVE,0.0,3.9,0.0,0.0,GKP,EVE,0.0,0.0,3.9,0.0,GKP,EVE,0.0,3.9,0.0,0.0,GKP,EVE,0.0,0.0,3.9,0.0,GKP,EVE,0.0,3.8,0.0,0.0,0.0,0.0
228,Keane,DEF,EVE,0.0,4.0,90.0,1.0,DEF,EVE,0.0,4.0,90.0,0.0,DEF,EVE,0.0,4.0,90.0,6.0,DEF,EVE,0.0,4.0,90.0,1.0,DEF,EVE,0.0,4.0,90.0,1.0,DEF,EVE,0.0,4.0,0.0,0.0,DEF,EVE,0.0,4.0,90.0,6.0,DEF,EVE,0.0,4.2,90.0,14.0,DEF,EVE,0.0,4.2,90.0,2.0,DEF,EVE,0.0,4.3,90.0,1.0,DEF,EVE,0.0,4.3,0.0,0.0,DEF,EVE,0.0,4.3,0.0,0.0,DEF,EVE,0.0,4.2,0.0,0.0,DEF,EVE,0.5,4.2,0.0,0.0,DEF,EVE,0.5,4.1,0.0,0.0,DEF,EVE,0.0,4.1,0.0,0.0,DEF,EVE,0.0,4.1,0.0,0.0,DEF,EVE,0.0,4.0,0.0,0.0,DEF,EVE,0.0,4.0,0.0,0.0,DEF,EVE,0.0,4.0,0.0,0.0,DEF,EVE,0.0,3.9,0.0,0.0,DEF,EVE,0.0,2.0,3.9,1.0,DEF,EVE,0.0,3.9,0.0,0.0,DEF,EVE,0.0,3.9,0.0,0.0,DEF,EVE,0.0,3.9,0.0,0.0,DEF,EVE,0.0,3.9,0.0,0.0,DEF,EVE,0.0,3.9,0.0,0.0,DEF,EVE,0.0,3.9,0.0,0.0,DEF,EVE,0.0,3.9,0.0,0.0,DEF,EVE,0.0,3.8,0.0,0.0,DEF,EVE,0.0,3.8,0.0,0.0,DEF,EVE,0.0,0.0,3.8,0.0,DEF,EVE,0.0,3.8,38.0,-1.0,DEF,EVE,0.0,0.0,3.8,0.0,DEF,EVE,0.0,3.8,0.0,0.0,850.0,32.0
229,Maupay,FWD,EVE,0.0,5.0,0.0,0.0,FWD,EVE,0.0,5.0,0.0,0.0,FWD,EVE,1.0,4.9,0.0,0.0,FWD,EVE,1.0,4.9,0.0,0.0,FWD,EVE,1.0,4.9,0.0,0.0,FWD,EVE,1.0,4.9,0.0,0.0,FWD,EVE,1.0,4.9,0.0,0.0,FWD,EVE,1.0,4.9,0.0,0.0,FWD,EVE,1.0,4.9,0.0,0.0,FWD,EVE,1.0,4.9,0.0,0.0,FWD,EVE,1.0,4.9,0.0,0.0,FWD,EVE,1.0,4.9,0.0,0.0,FWD,EVE,1.0,4.9,0.0,0.0,FWD,EVE,1.0,4.9,0.0,0.0,FWD,EVE,1.0,4.9,0.0,0.0,FWD,EVE,1.0,4.9,0.0,0.0,FWD,EVE,1.0,4.9,0.0,0.0,FWD,EVE,1.0,4.9,0.0,0.0,FWD,EVE,1.0,4.9,0.0,0.0,FWD,EVE,1.0,4.9,0.0,0.0,FWD,EVE,1.0,4.9,0.0,0.0,FWD,EVE,1.0,0.0,4.9,0.0,FWD,EVE,1.0,4.9,0.0,0.0,FWD,EVE,1.0,4.9,0.0,0.0,FWD,EVE,1.0,4.9,0.0,0.0,FWD,EVE,1.0,4.9,0.0,0.0,FWD,EVE,1.0,4.9,0.0,0.0,FWD,EVE,1.0,4.9,0.0,0.0,FWD,EVE,1.0,4.9,0.0,0.0,FWD,EVE,1.0,4.9,0.0,0.0,FWD,EVE,1.0,4.9,0.0,0.0,FWD,EVE,1.0,0.0,4.9,0.0,FWD,EVE,1.0,4.9,0.0,0.0,FWD,EVE,1.0,0.0,4.9,0.0,FWD,EVE,1.0,4.9,0.0,0.0,0.0,0.0
230,McNeil,MID,EVE,0.0,5.5,90.0,2.0,MID,EVE,0.0,5.4,90.0,2.0,MID,EVE,0.0,5.4,90.0,6.0,MID,EVE,0.0,5.4,90.0,12.0,MID,EVE,0.0,5.4,90.0,2.0,MID,EVE,0.0,5.5,82.0,15.0,MID,EVE,0.0,5.6,90.0,2.0,MID,EVE,0.0,5.8,90.0,6.0,MID,EVE,0.25,5.8,85.0,2.0,MID,EVE,0.25,5.8,90.0,2.0,MID,EVE,0.25,5.7,0.0,0.0,MID,EVE,0.0,5.6,90.0,3.0,MID,EVE,0.0,5.6,90.0,2.0,MID,EVE,0.0,5.5,73.0,9.0,MID,EVE,0.0,5.4,0.0,0.0,MID,EVE,0.25,5.4,0.0,0.0,MID,EVE,0.5,5.3,0.0,0.0,MID,EVE,0.75,5.2,0.0,0.0,MID,EVE,0.5,5.2,0.0,0.0,MID,EVE,0.75,5.2,0.0,0.0,MID,EVE,1.0,5.1,0.0,0.0,MID,EVE,1.0,0.0,5.1,0.0,MID,EVE,1.0,5.1,0.0,0.0,MID,EVE,1.0,5.1,0.0,0.0,MID,EVE,1.0,5.1,0.0,0.0,MID,EVE,1.0,5.1,0.0,0.0,MID,EVE,1.0,5.1,0.0,0.0,MID,EVE,1.0,5.1,0.0,0.0,MID,EVE,0.5,5.1,0.0,0.0,MID,EVE,0.25,5.1,0.0,0.0,MID,EVE,0.0,5.1,3.0,1.0,MID,EVE,1.0,1.0,5.1,4.0,MID,EVE,0.0,5.1,11.0,1.0,MID,EVE,1.0,27.0,5.1,1.0,MID,EVE,0.0,5.1,77.0,10.0,1259.0,82.0
231,Mykolenko,DEF,EVE,0.0,4.5,90.0,1.0,DEF,EVE,0.0,4.4,90.0,0.0,DEF,EVE,0.0,4.4,90.0,1.0,DEF,EVE,0.0,4.4,25.0,1.0,DEF,EVE,0.25,4.3,0.0,0.0,DEF,EVE,0.0,4.3,90.0,2.0,DEF,EVE,0.25,4.3,0.0,0.0,DEF,EVE,0.0,4.3,90.0,7.0,DEF,EVE,0.0,4.3,90.0,2.0,DEF,EVE,0.0,4.3,90.0,2.0,DEF,EVE,0.0,4.3,90.0,6.0,DEF,EVE,0.0,4.3,90.0,6.0,DEF,EVE,0.0,4.3,90.0,-1.0,DEF,EVE,0.0,4.3,90.0,11.0,DEF,EVE,0.0,4.3,0.0,0.0,DEF,EVE,0.0,4.3,90.0,7.0,DEF,EVE,0.0,4.3,90.0,7.0,DEF,EVE,0.0,4.3,90.0,1.0,DEF,EVE,0.0,4.3,90.0,1.0,DEF,EVE,0.0,4.3,90.0,2.0,DEF,EVE,0.0,4.3,90.0,2.0,DEF,EVE,0.0,90.0,4.3,1.0,DEF,EVE,0.0,4.4,90.0,6.0,DEF,EVE,0.0,4.4,177.0,7.0,DEF,EVE,0.0,4.4,90.0,2.0,DEF,EVE,0.0,4.4,90.0,1.0,DEF,EVE,0.0,4.4,90.0,6.0,DEF,EVE,0.0,4.4,90.0,2.0,DEF,EVE,0.25,4.4,90.0,2.0,DEF,EVE,0.0,4.4,90.0,2.0,DEF,EVE,0.25,4.4,0.0,0.0,DEF,EVE,0.0,90.0,4.4,6.0,DEF,EVE,0.0,4.3,90.0,1.0,DEF,EVE,0.0,90.0,4.3,2.0,DEF,EVE,0.0,4.3,90.0,0.0,2812.0,96.0
232,Ndiaye,FWD,EVE,0.0,5.5,27.0,1.0,FWD,EVE,0.0,5.4,33.0,1.0,FWD,EVE,0.0,5.4,82.0,2.0,FWD,EVE,0.0,5.4,80.0,1.0,FWD,EVE,0.0,5.4,80.0,8.0,FWD,EVE,0.0,5.4,90.0,3.0,FWD,EVE,0.0,5.4,90.0,2.0,FWD,EVE,0.0,5.4,80.0,9.0,FWD,EVE,0.0,5.4,90.0,2.0,FWD,EVE,0.25,5.4,61.0,2.0,FWD,EVE,0.0,5.4,90.0,2.0,FWD,EVE,0.0,5.4,90.0,2.0,FWD,EVE,0.0,5.4,90.0,2.0,FWD,EVE,0.0,5.4,90.0,2.0,FWD,EVE,0.0,5.4,0.0,0.0,FWD,EVE,0.0,5.4,90.0,2.0,FWD,EVE,0.0,5.4,90.0,1.0,FWD,EVE,0.25,5.4,80.0,9.0,FWD,EVE,0.0,5.4,90.0,2.0,FWD,EVE,0.0,5.4,90.0,2.0,FWD,EVE,0.0,5.4,90.0,2.0,FWD,EVE,0.0,80.0,5.4,7.0,FWD,EVE,0.0,5.5,77.0,8.0,FWD,EVE,0.25,5.5,114.0,9.0,FWD,EVE,1.0,5.5,0.0,0.0,FWD,EVE,1.0,5.4,0.0,0.0,FWD,EVE,1.0,5.3,0.0,0.0,FWD,EVE,1.0,5.3,0.0,0.0,FWD,EVE,1.0,5.2,0.0,0.0,FWD,EVE,0.0,5.2,21.0,1.0,FWD,EVE,0.0,5.2,74.0,9.0,FWD,EVE,0.0,66.0,5.2,2.0,FWD,EVE,0.0,5.2,78.0,2.0,FWD,EVE,0.0,45.0,5.2,1.0,FWD,EVE,0.0,5.2,90.0,2.0,2248.0,98.0
233,Amadou Onana,MID,AST,0.0,5.0,90.0,10.0,MID,AST,0.0,5.0,75.0,1.0,MID,AST,0.0,5.1,61.0,9.0,MID,AST,0.0,5.1,45.0,1.0,MID,AST,0.0,5.2,61.0,2.0,MID,AST,0.0,5.2,90.0,2.0,MID,AST,0.25,5.1,0.0,0.0,MID,AST,0.0,5.1,74.0,2.0,MID,AST,0.0,5.0,45.0,0.0,MID,AST,0.0,5.0,90.0,2.0,MID,AST,0.0,4.9,73.0,2.0,MID,AST,0.5,4.9,0.0,0.0,MID,AST,0.25,4.9,0.0,0.0,MID,AST,0.5,4.9,0.0,0.0,MID,AST,0.0,4.9,0.0,0.0,MID,AST,0.0,4.9,16.0,1.0,MID,AST,0.0,4.9,90.0,2.0,MID,AST,0.0,4.9,90.0,2.0,MID,AST,0.0,4.9,7.0,1.0,MID,AST,0.0,4.9,0.0,0.0,MID,AST,0.0,4.8,90.0,2.0,MID,AST,0.0,36.0,4.8,1.0,MID,AST,0.5,4.8,0.0,0.0,MID,AST,0.0,4.8,45.0,1.0,MID,AST,0.75,4.8,0.0,0.0,MID,AST,1.0,4.8,0.0,0.0,MID,AST,0.5,4.8,0.0,0.0,MID,AST,0.25,4.8,0.0,0.0,MID,AST,0.0,4.8,0.0,0.0,MID,AST,0.0,4.8,25.0,1.0,MID,AST,0.0,4.8,61.0,2.0,MID,AST,0.0,88.0,4.8,3.0,MID,AST,0.0,4.8,93.0,8.0,MID,AST,0.0,0.0,0.0,0.0,MID,AST,0.0,4.8,0.0,0.0,1345.0,55.0
234,Patterson,DEF,EVE,1.0,4.5,0.0,0.0,DEF,EVE,1.0,4.5,0.0,0.0,DEF,EVE,1.0,4.4,0.0,0.0,DEF,EVE,1.0,4.4,0.0,0.0,DEF,EVE,1.0,4.4,0.0,0.0,DEF,EVE,0.75,4.4,0.0,0.0,DEF,EVE,0.25,4.4,0.0,0.0,DEF,EVE,0.0,4.4,0.0,0.0,DEF,EVE,0.0,4.4,0.0,0.0,DEF,EVE,0.0,4.4,0.0,0.0,DEF,EVE,0.0,4.4,0.0,0.0,DEF,EVE,0.0,4.4,0.0,0.0,DEF,EVE,0.0,4.4,17.0,1.0,DEF,EVE,0.0,4.4,0.0,0.0,DEF,EVE,0.0,4.4,0.0,0.0,DEF,EVE,0.0,4.4,0.0,0.0,DEF,EVE,0.0,4.4,0.0,0.0,DEF,EVE,0.0,4.4,1.0,1.0,DEF,EVE,0.0,4.4,22.0,1.0,DEF,EVE,0.0,4.4,45.0,1.0,DEF,EVE,0.0,4.4,0.0,0.0,DEF,EVE,0.0,9.0,4.4,1.0,DEF,EVE,0.0,4.4,28.0,1.0,DEF,EVE,0.75,4.4,2.0,1.0,DEF,EVE,1.0,4.4,0.0,0.0,DEF,EVE,1.0,4.4,0.0,0.0,DEF,EVE,0.0,4.4,0.0,0.0,DEF,EVE,0.0,4.4,0.0,0.0,DEF,EVE,0.0,4.4,0.0,0.0,DEF,EVE,0.0,4.4,0.0,0.0,DEF,EVE,0.0,4.4,74.0,2.0,DEF,EVE,0.0,0.0,4.4,0.0,DEF,EVE,0.0,4.4,0.0,0.0,DEF,EVE,0.0,63.0,4.4,2.0,DEF,EVE,0.0,4.4,81.0,3.0,342.0,14.0
235,Pickford,GKP,EVE,0.0,5.0,90.0,1.0,GKP,EVE,0.0,5.0,90.0,1.0,GKP,EVE,0.0,4.9,90.0,2.0,GKP,EVE,0.0,4.9,90.0,2.0,GKP,EVE,0.0,4.8,90.0,2.0,GKP,EVE,0.0,4.8,90.0,2.0,GKP,EVE,0.0,4.8,90.0,15.0,GKP,EVE,0.0,4.8,90.0,6.0,GKP,EVE,0.0,4.8,90.0,2.0,GKP,EVE,0.0,4.9,90.0,2.0,GKP,EVE,0.0,4.9,90.0,11.0,GKP,EVE,0.0,4.9,90.0,6.0,GKP,EVE,0.0,4.9,90.0,0.0,GKP,EVE,0.0,4.9,90.0,6.0,GKP,EVE,0.0,4.9,0.0,0.0,GKP,EVE,0.0,4.9,90.0,8.0,GKP,EVE,0.0,4.9,90.0,7.0,GKP,EVE,0.0,4.9,90.0,9.0,GKP,EVE,0.0,5.0,90.0,1.0,GKP,EVE,0.0,5.0,90.0,4.0,GKP,EVE,0.0,5.0,90.0,1.0,GKP,EVE,0.0,90.0,5.0,2.0,GKP,EVE,0.0,5.1,90.0,5.0,GKP,EVE,0.0,5.1,180.0,10.0,GKP,EVE,0.0,5.1,90.0,3.0,GKP,EVE,0.0,5.1,90.0,1.0,GKP,EVE,0.0,5.1,90.0,2.0,GKP,EVE,0.0,5.1,90.0,2.0,GKP,EVE,0.0,5.1,90.0,3.0,GKP,EVE,0.0,5.1,90.0,3.0,GKP,EVE,0.0,5.1,90.0,3.0,GKP,EVE,0.0,90.0,5.1,9.0,GKP,EVE,0.0,5.1,90.0,1.0,GKP,EVE,0.0,90.0,5.1,4.0,GKP,EVE,0.0,5.1,90.0,2.0,3150.0,138.0
236,Tarkowski,DEF,EVE,0.0,5.0,90.0,0.0,DEF,EVE,0.0,4.9,90.0,0.0,DEF,EVE,0.0,4.9,90.0,1.0,DEF,EVE,0.0,4.9,90.0,1.0,DEF,EVE,0.0,4.8,90.0,2.0,DEF,EVE,0.0,4.8,90.0,2.0,DEF,EVE,0.0,4.8,90.0,8.0,DEF,EVE,0.0,4.8,90.0,6.0,DEF,EVE,0.0,4.8,90.0,1.0,DEF,EVE,0.0,4.8,90.0,1.0,DEF,EVE,0.0,4.8,90.0,8.0,DEF,EVE,0.0,4.8,90.0,7.0,DEF,EVE,0.0,4.8,81.0,0.0,DEF,EVE,0.0,4.8,90.0,6.0,DEF,EVE,0.0,4.8,0.0,0.0,DEF,EVE,0.0,4.8,90.0,6.0,DEF,EVE,0.0,4.8,90.0,6.0,DEF,EVE,0.0,4.8,90.0,2.0,DEF,EVE,0.0,4.8,90.0,0.0,DEF,EVE,0.0,4.8,90.0,2.0,DEF,EVE,0.0,4.8,90.0,2.0,DEF,EVE,0.0,90.0,4.8,1.0,DEF,EVE,0.0,4.8,90.0,7.0,DEF,EVE,0.0,4.8,180.0,17.0,DEF,EVE,0.0,4.8,90.0,2.0,DEF,EVE,0.0,4.8,90.0,1.0,DEF,EVE,0.0,4.9,90.0,2.0,DEF,EVE,0.0,4.9,90.0,2.0,DEF,EVE,0.0,4.9,90.0,2.0,DEF,EVE,0.0,4.9,90.0,1.0,DEF,EVE,0.0,4.9,90.0,1.0,DEF,EVE,0.0,90.0,4.9,7.0,DEF,EVE,1.0,4.9,51.0,1.0,DEF,EVE,0.0,0.0,4.9,0.0,DEF,EVE,1.0,4.8,0.0,0.0,2922.0,105.0
237,Y. Chermiti,FWD,EVE,1.0,5.0,0.0,0.0,FWD,EVE,1.0,5.0,0.0,0.0,FWD,EVE,1.0,5.0,0.0,0.0,FWD,EVE,1.0,5.0,0.0,0.0,FWD,EVE,1.0,4.9,0.0,0.0,FWD,EVE,1.0,4.9,0.0,0.0,FWD,EVE,1.0,4.9,0.0,0.0,FWD,EVE,1.0,4.9,0.0,0.0,FWD,EVE,1.0,4.9,0.0,0.0,FWD,EVE,1.0,4.9,0.0,0.0,FWD,EVE,1.0,4.9,0.0,0.0,FWD,EVE,1.0,4.9,0.0,0.0,FWD,EVE,1.0,4.9,0.0,0.0,FWD,EVE,1.0,4.9,0.0,0.0,FWD,EVE,1.0,4.9,0.0,0.0,FWD,EVE,0.75,4.9,0.0,0.0,FWD,EVE,0.75,4.9,0.0,0.0,FWD,EVE,0.0,4.9,0.0,0.0,FWD,EVE,0.0,4.9,0.0,0.0,FWD,EVE,0.25,4.9,0.0,0.0,FWD,EVE,1.0,4.9,0.0,0.0,FWD,EVE,1.0,0.0,4.9,0.0,FWD,EVE,1.0,4.9,0.0,0.0,FWD,EVE,1.0,4.9,0.0,0.0,FWD,EVE,1.0,4.9,0.0,0.0,FWD,EVE,1.0,4.9,0.0,0.0,FWD,EVE,0.0,4.9,0.0,0.0,FWD,EVE,0.0,4.9,0.0,0.0,FWD,EVE,0.0,4.9,11.0,0.0,FWD,EVE,0.0,4.9,4.0,1.0,FWD,EVE,0.0,4.9,0.0,0.0,FWD,EVE,1.0,0.0,4.9,0.0,FWD,EVE,0.0,4.9,0.0,0.0,FWD,EVE,1.0,26.0,4.9,1.0,FWD,EVE,0.0,4.9,1.0,1.0,42.0,3.0
238,A. Young,DEF,EVE,1.0,4.5,65.0,-2.0,DEF,EVE,0.0,4.5,0.0,0.0,DEF,EVE,0.0,4.5,0.0,0.0,DEF,EVE,0.0,4.5,90.0,0.0,DEF,EVE,0.0,4.5,90.0,6.0,DEF,EVE,0.0,4.5,90.0,5.0,DEF,EVE,0.0,4.5,90.0,6.0,DEF,EVE,0.0,4.5,90.0,6.0,DEF,EVE,0.0,4.5,90.0,6.0,DEF,EVE,0.0,4.5,90.0,2.0,DEF,EVE,0.0,4.5,90.0,5.0,DEF,EVE,0.0,4.5,90.0,9.0,DEF,EVE,0.0,4.6,72.0,-1.0,DEF,EVE,0.0,4.6,90.0,15.0,DEF,EVE,0.0,4.6,0.0,0.0,DEF,EVE,0.0,4.7,90.0,5.0,DEF,EVE,0.0,4.7,72.0,5.0,DEF,EVE,0.0,4.7,0.0,0.0,DEF,EVE,0.0,4.7,67.0,1.0,DEF,EVE,0.0,4.7,90.0,2.0,DEF,EVE,0.0,4.7,82.0,2.0,DEF,EVE,0.0,20.0,4.7,0.0,DEF,EVE,0.0,4.6,12.0,1.0,DEF,EVE,0.0,4.6,18.0,2.0,DEF,EVE,0.0,4.6,11.0,4.0,DEF,EVE,0.0,4.5,36.0,-1.0,DEF,EVE,0.0,4.5,15.0,1.0,DEF,EVE,0.0,4.5,1.0,1.0,DEF,EVE,0.0,4.4,0.0,0.0,DEF,EVE,0.0,4.4,12.0,1.0,DEF,EVE,0.0,4.3,15.0,1.0,DEF,EVE,0.0,0.0,4.3,0.0,DEF,EVE,0.0,4.3,0.0,0.0,DEF,EVE,0.0,26.0,4.3,1.0,DEF,EVE,0.0,4.2,8.0,1.0,1612.0,84.0
239,Adama,MID,FUL,0.0,5.0,77.0,3.0,MID,FUL,0.0,5.0,68.0,5.0,MID,FUL,0.0,5.0,90.0,9.0,MID,FUL,0.0,5.0,90.0,2.0,MID,FUL,0.0,5.1,73.0,4.0,MID,FUL,0.0,5.1,68.0,3.0,MID,FUL,0.0,5.1,90.0,2.0,MID,FUL,0.0,5.1,67.0,2.0,MID,FUL,0.0,5.1,67.0,3.0,MID,FUL,0.0,5.1,25.0,4.0,MID,FUL,0.0,5.0,1.0,1.0,MID,FUL,0.0,5.0,19.0,1.0,MID,FUL,0.0,4.9,0.0,0.0,MID,FUL,0.0,4.9,19.0,1.0,MID,FUL,0.0,4.8,59.0,1.0,MID,FUL,0.0,4.7,3.0,1.0,MID,FUL,0.0,4.7,28.0,1.0,MID,FUL,0.0,4.7,66.0,2.0,MID,FUL,0.0,4.7,12.0,1.0,MID,FUL,0.0,4.7,11.0,1.0,MID,FUL,0.0,4.7,22.0,1.0,MID,FUL,0.0,45.0,4.7,6.0,MID,FUL,0.0,4.7,37.0,1.0,MID,FUL,0.0,4.7,87.0,2.0,MID,FUL,0.0,4.6,89.0,6.0,MID,FUL,0.0,4.6,90.0,2.0,MID,FUL,0.25,4.6,66.0,7.0,MID,FUL,0.25,4.6,0.0,0.0,MID,FUL,0.0,4.6,27.0,1.0,MID,FUL,0.0,4.6,66.0,2.0,MID,FUL,0.0,4.5,8.0,1.0,MID,FUL,0.0,33.0,4.5,1.0,MID,FUL,0.0,4.5,6.0,1.0,MID,FUL,0.0,45.0,4.5,5.0,MID,FUL,0.0,4.5,23.0,0.0,1577.0,83.0
240,Andreas,MID,FUL,0.0,5.5,90.0,1.0,MID,FUL,0.0,5.5,85.0,2.0,MID,FUL,0.0,5.4,86.0,2.0,MID,FUL,0.0,5.4,85.0,3.0,MID,FUL,0.0,5.3,66.0,1.0,MID,FUL,0.0,5.3,68.0,6.0,MID,FUL,0.0,5.3,64.0,8.0,MID,FUL,0.0,5.3,67.0,0.0,MID,FUL,0.25,5.3,78.0,3.0,MID,FUL,0.0,5.2,64.0,2.0,MID,FUL,0.0,5.2,82.0,3.0,MID,FUL,0.0,5.2,58.0,0.0,MID,FUL,0.0,5.1,0.0,0.0,MID,FUL,0.0,5.1,19.0,3.0,MID,FUL,0.0,5.1,30.0,1.0,MID,FUL,1.0,5.0,68.0,6.0,MID,FUL,0.0,5.0,0.0,0.0,MID,FUL,0.0,5.0,72.0,2.0,MID,FUL,0.0,5.0,67.0,5.0,MID,FUL,0.0,5.0,27.0,0.0,MID,FUL,0.0,5.0,67.0,2.0,MID,FUL,0.0,0.0,5.0,0.0,MID,FUL,0.0,5.0,8.0,1.0,MID,FUL,0.0,5.0,18.0,3.0,MID,FUL,0.0,4.9,8.0,1.0,MID,FUL,0.0,4.9,32.0,1.0,MID,FUL,0.0,4.9,90.0,6.0,MID,FUL,0.0,4.9,81.0,2.0,MID,FUL,0.0,4.9,90.0,6.0,MID,FUL,0.0,4.9,23.0,0.0,MID,FUL,0.0,4.9,75.0,2.0,MID,FUL,0.0,68.0,4.9,2.0,MID,FUL,0.0,4.9,90.0,2.0,MID,FUL,0.0,45.0,4.9,1.0,MID,FUL,0.0,4.9,0.0,0.0,1871.0,77.0
241,Bassey,DEF,FUL,0.0,4.5,90.0,1.0,DEF,FUL,0.0,4.5,90.0,2.0,DEF,FUL,0.0,4.5,90.0,2.0,DEF,FUL,0.0,4.5,90.0,2.0,DEF,FUL,0.0,4.5,90.0,2.0,DEF,FUL,0.0,4.5,90.0,6.0,DEF,FUL,0.0,4.5,90.0,0.0,DEF,FUL,0.0,4.5,90.0,0.0,DEF,FUL,0.0,4.5,90.0,2.0,DEF,FUL,0.0,4.5,90.0,2.0,DEF,FUL,0.0,4.5,90.0,6.0,DEF,FUL,0.0,4.5,90.0,-1.0,DEF,FUL,0.0,4.5,90.0,2.0,DEF,FUL,0.0,4.5,90.0,2.0,DEF,FUL,1.0,4.5,90.0,1.0,DEF,FUL,0.0,4.5,0.0,0.0,DEF,FUL,0.0,4.5,90.0,6.0,DEF,FUL,0.0,4.5,90.0,2.0,DEF,FUL,0.0,4.5,90.0,1.0,DEF,FUL,0.0,4.5,90.0,1.0,DEF,FUL,0.0,4.5,90.0,1.0,DEF,FUL,0.0,90.0,4.5,6.0,DEF,FUL,0.0,4.5,90.0,2.0,DEF,FUL,0.0,4.5,90.0,2.0,DEF,FUL,0.0,4.5,90.0,8.0,DEF,FUL,0.0,4.5,90.0,1.0,DEF,FUL,0.0,4.5,14.0,1.0,DEF,FUL,0.0,4.5,90.0,1.0,DEF,FUL,0.0,4.5,90.0,6.0,DEF,FUL,0.0,4.5,0.0,0.0,DEF,FUL,0.0,4.5,90.0,1.0,DEF,FUL,0.0,90.0,4.5,2.0,DEF,FUL,0.0,4.5,90.0,0.0,DEF,FUL,0.0,90.0,4.5,2.0,DEF,FUL,0.0,4.5,90.0,1.0,2894.0,73.0
242,Benda,GKP,FUL,0.0,4.0,0.0,0.0,GKP,FUL,0.0,4.0,0.0,0.0,GKP,FUL,0.0,4.0,0.0,0.0,GKP,FUL,0.0,4.0,0.0,0.0,GKP,FUL,0.0,4.0,0.0,0.0,GKP,FUL,0.0,4.0,0.0,0.0,GKP,FUL,0.0,4.0,0.0,0.0,GKP,FUL,0.0,4.0,0.0,0.0,GKP,FUL,0.0,4.0,0.0,0.0,GKP,FUL,0.0,4.0,0.0,0.0,GKP,FUL,0.0,4.0,0.0,0.0,GKP,FUL,0.0,4.0,0.0,0.0,GKP,FUL,0.0,4.0,0.0,0.0,GKP,FUL,0.0,4.0,0.0,0.0,GKP,FUL,0.0,4.0,0.0,0.0,GKP,FUL,0.0,4.0,0.0,0.0,GKP,FUL,0.0,4.0,0.0,0.0,GKP,FUL,0.0,4.0,0.0,0.0,GKP,FUL,0.0,4.0,0.0,0.0,GKP,FUL,0.0,4.0,0.0,0.0,GKP,FUL,0.0,4.0,0.0,0.0,GKP,FUL,0.0,0.0,4.0,0.0,GKP,FUL,0.0,3.9,0.0,0.0,GKP,FUL,0.0,3.9,0.0,0.0,GKP,FUL,0.0,3.9,0.0,0.0,GKP,FUL,0.0,3.9,0.0,0.0,GKP,FUL,0.0,3.9,0.0,0.0,GKP,FUL,0.0,3.9,0.0,0.0,GKP,FUL,0.0,3.9,0.0,0.0,GKP,FUL,0.0,3.9,0.0,0.0,GKP,FUL,0.0,3.9,0.0,0.0,GKP,FUL,0.0,0.0,3.9,0.0,GKP,FUL,0.0,3.9,0.0,0.0,GKP,FUL,0.0,0.0,3.9,0.0,GKP,FUL,0.0,3.9,0.0,0.0,0.0,0.0
243,Cairney,MID,FUL,0.0,5.0,26.0,0.0,MID,FUL,0.0,5.0,21.0,0.0,MID,FUL,0.0,4.9,3.0,1.0,MID,FUL,0.0,4.9,17.0,1.0,MID,FUL,0.0,4.9,0.0,0.0,MID,FUL,0.0,4.9,0.0,0.0,MID,FUL,0.0,4.8,25.0,1.0,MID,FUL,0.0,4.8,10.0,1.0,MID,FUL,0.0,4.8,0.0,0.0,MID,FUL,0.0,4.8,8.0,1.0,MID,FUL,0.0,4.8,7.0,1.0,MID,FUL,0.0,4.8,31.0,1.0,MID,FUL,1.0,4.8,21.0,3.0,MID,FUL,1.0,4.8,0.0,0.0,MID,FUL,1.0,4.8,0.0,0.0,MID,FUL,0.0,4.8,0.0,0.0,MID,FUL,0.0,4.8,75.0,3.0,MID,FUL,0.0,4.8,17.0,1.0,MID,FUL,0.0,4.8,22.0,1.0,MID,FUL,0.0,4.8,62.0,2.0,MID,FUL,0.0,4.8,22.0,1.0,MID,FUL,0.0,10.0,4.8,1.0,MID,FUL,0.0,4.8,8.0,1.0,MID,FUL,0.0,4.8,0.0,0.0,MID,FUL,0.0,4.8,0.0,0.0,MID,FUL,0.25,4.8,21.0,1.0,MID,FUL,0.0,4.8,0.0,0.0,MID,FUL,0.0,4.8,0.0,0.0,MID,FUL,0.0,4.8,18.0,1.0,MID,FUL,0.0,4.8,0.0,0.0,MID,FUL,0.0,4.8,0.0,0.0,MID,FUL,0.0,31.0,4.8,0.0,MID,FUL,0.0,4.8,18.0,1.0,MID,FUL,0.0,4.0,4.8,1.0,MID,FUL,0.0,4.8,0.0,0.0,477.0,24.0
244,Castagne,DEF,FUL,0.0,4.5,0.0,0.0,DEF,FUL,0.0,4.4,0.0,0.0,DEF,FUL,0.0,4.4,0.0,0.0,DEF,FUL,0.0,4.3,0.0,0.0,DEF,FUL,0.0,4.3,0.0,0.0,DEF,FUL,0.0,4.3,0.0,0.0,DEF,FUL,0.0,4.2,13.0,1.0,DEF,FUL,1.0,4.2,0.0,0.0,DEF,FUL,1.0,4.2,0.0,0.0,DEF,FUL,0.0,4.2,17.0,1.0,DEF,FUL,0.0,4.2,0.0,0.0,DEF,FUL,0.0,4.2,19.0,0.0,DEF,FUL,0.0,4.2,4.0,1.0,DEF,FUL,0.0,4.2,90.0,2.0,DEF,FUL,0.0,4.2,0.0,0.0,DEF,FUL,0.0,4.2,35.0,1.0,DEF,FUL,0.0,4.2,90.0,6.0,DEF,FUL,0.0,4.2,90.0,5.0,DEF,FUL,0.0,4.2,90.0,1.0,DEF,FUL,0.0,4.2,90.0,1.0,DEF,FUL,0.0,4.2,90.0,0.0,DEF,FUL,0.0,90.0,4.2,6.0,DEF,FUL,0.0,4.2,90.0,2.0,DEF,FUL,0.0,4.2,90.0,2.0,DEF,FUL,0.0,4.2,90.0,2.0,DEF,FUL,0.0,4.2,79.0,1.0,DEF,FUL,0.0,4.2,90.0,2.0,DEF,FUL,0.0,4.2,90.0,1.0,DEF,FUL,0.0,4.2,90.0,6.0,DEF,FUL,0.0,4.2,90.0,1.0,DEF,FUL,0.0,4.2,90.0,1.0,DEF,FUL,0.0,90.0,4.2,2.0,DEF,FUL,0.0,4.2,12.0,0.0,DEF,FUL,0.0,0.0,4.2,0.0,DEF,FUL,1.0,4.2,23.0,1.0,1642.0,46.0
245,Diop,DEF,FUL,0.0,4.5,90.0,2.0,DEF,FUL,0.0,4.5,90.0,2.0,DEF,FUL,0.0,4.5,90.0,2.0,DEF,FUL,0.0,4.5,0.0,0.0,DEF,FUL,0.0,4.5,6.0,1.0,DEF,FUL,0.0,4.5,2.0,1.0,DEF,FUL,0.0,4.5,0.0,0.0,DEF,FUL,0.0,4.5,22.0,-2.0,DEF,FUL,0.0,4.4,90.0,2.0,DEF,FUL,0.0,4.4,0.0,0.0,DEF,FUL,0.0,4.4,0.0,0.0,DEF,FUL,0.0,4.4,0.0,0.0,DEF,FUL,0.0,4.4,90.0,2.0,DEF,FUL,0.0,4.4,90.0,2.0,DEF,FUL,0.0,4.4,90.0,2.0,DEF,FUL,0.0,4.4,90.0,0.0,DEF,FUL,0.0,4.4,90.0,6.0,DEF,FUL,0.0,4.4,90.0,2.0,DEF,FUL,0.0,4.4,90.0,1.0,DEF,FUL,0.0,4.4,45.0,1.0,DEF,FUL,0.0,4.4,0.0,0.0,DEF,FUL,0.0,1.0,4.4,1.0,DEF,FUL,0.0,4.4,0.0,0.0,DEF,FUL,0.0,4.4,2.0,1.0,DEF,FUL,0.0,4.4,0.0,0.0,DEF,FUL,0.0,4.4,10.0,1.0,DEF,FUL,0.0,4.4,90.0,2.0,DEF,FUL,0.0,4.4,90.0,1.0,DEF,FUL,0.0,4.4,0.0,0.0,DEF,FUL,0.0,4.4,76.0,1.0,DEF,FUL,0.0,4.3,0.0,0.0,DEF,FUL,0.0,0.0,4.3,0.0,DEF,FUL,0.0,4.3,0.0,0.0,DEF,FUL,0.0,0.0,4.3,0.0,DEF,FUL,0.0,4.3,0.0,0.0,1334.0,31.0
246,L. Harris,MID,FUL,1.0,4.5,0.0,0.0,MID,FUL,1.0,4.5,0.0,0.0,MID,FUL,1.0,4.5,0.0,0.0,MID,FUL,1.0,4.5,0.0,0.0,MID,FUL,1.0,4.5,0.0,0.0,MID,FUL,1.0,4.5,0.0,0.0,MID,FUL,1.0,4.5,0.0,0.0,MID,FUL,1.0,4.5,0.0,0.0,MID,FUL,1.0,4.5,0.0,0.0,MID,FUL,1.0,4.5,0.0,0.0,MID,FUL,1.0,4.5,0.0,0.0,MID,FUL,1.0,4.5,0.0,0.0,MID,FUL,1.0,4.5,0.0,0.0,MID,FUL,1.0,4.5,0.0,0.0,MID,FUL,1.0,4.5,0.0,0.0,MID,FUL,1.0,4.5,0.0,0.0,MID,FUL,1.0,4.5,0.0,0.0,MID,FUL,1.0,4.5,0.0,0.0,MID,FUL,1.0,4.5,0.0,0.0,MID,FUL,1.0,4.5,0.0,0.0,MID,FUL,1.0,4.5,0.0,0.0,MID,FUL,1.0,0.0,4.5,0.0,MID,FUL,1.0,4.5,0.0,0.0,MID,FUL,1.0,4.5,0.0,0.0,MID,FUL,1.0,4.5,0.0,0.0,MID,FUL,1.0,4.5,0.0,0.0,MID,FUL,1.0,4.5,0.0,0.0,MID,FUL,1.0,4.5,0.0,0.0,MID,FUL,1.0,4.5,0.0,0.0,MID,FUL,1.0,4.5,0.0,0.0,MID,FUL,1.0,4.5,0.0,0.0,MID,FUL,1.0,0.0,4.5,0.0,MID,FUL,1.0,4.5,0.0,0.0,MID,FUL,1.0,0.0,4.5,0.0,MID,FUL,1.0,4.5,0.0,0.0,0.0,0.0
247,Iwobi,MID,FUL,0.0,5.5,90.0,2.0,MID,FUL,0.0,5.5,90.0,8.0,MID,FUL,0.0,5.5,86.0,2.0,MID,FUL,0.0,5.5,65.0,3.0,MID,FUL,0.0,5.5,90.0,7.0,MID,FUL,0.0,5.5,90.0,3.0,MID,FUL,0.0,5.5,76.0,2.0,MID,FUL,0.0,5.5,90.0,2.0,MID,FUL,0.0,5.5,90.0,11.0,MID,FUL,0.0,5.5,90.0,2.0,MID,FUL,0.0,5.6,88.0,5.0,MID,FUL,0.0,5.6,90.0,7.0,MID,FUL,0.0,5.6,85.0,5.0,MID,FUL,0.0,5.6,90.0,15.0,MID,FUL,0.0,5.7,90.0,2.0,MID,FUL,0.0,5.7,90.0,2.0,MID,FUL,0.0,5.8,90.0,3.0,MID,FUL,0.0,5.8,90.0,2.0,MID,FUL,0.0,5.9,90.0,2.0,MID,FUL,0.0,5.9,62.0,2.0,MID,FUL,0.0,5.9,84.0,15.0,MID,FUL,0.0,45.0,5.9,1.0,MID,FUL,0.0,5.8,90.0,2.0,MID,FUL,0.0,5.8,78.0,2.0,MID,FUL,0.0,5.7,89.0,2.0,MID,FUL,0.0,5.7,79.0,2.0,MID,FUL,0.0,5.7,23.0,1.0,MID,FUL,0.0,5.6,88.0,5.0,MID,FUL,0.0,5.6,62.0,3.0,MID,FUL,0.0,5.6,23.0,1.0,MID,FUL,0.0,5.5,81.0,13.0,MID,FUL,0.0,90.0,5.5,2.0,MID,FUL,0.0,5.5,83.0,8.0,MID,FUL,0.0,85.0,5.6,5.0,MID,FUL,0.0,5.6,75.0,2.0,2797.0,151.0
248,Leno,GKP,FUL,0.0,5.0,90.0,3.0,GKP,FUL,0.0,5.0,90.0,3.0,GKP,FUL,0.0,5.0,90.0,3.0,GKP,FUL,0.0,5.0,90.0,2.0,GKP,FUL,0.0,5.0,90.0,2.0,GKP,FUL,0.0,5.0,90.0,5.0,GKP,FUL,0.0,5.0,90.0,2.0,GKP,FUL,0.0,5.0,90.0,5.0,GKP,FUL,0.0,5.0,90.0,3.0,GKP,FUL,0.0,5.0,90.0,2.0,GKP,FUL,0.0,5.0,90.0,9.0,GKP,FUL,0.0,5.0,90.0,0.0,GKP,FUL,0.0,5.0,90.0,2.0,GKP,FUL,0.0,5.0,90.0,2.0,GKP,FUL,0.0,5.0,90.0,3.0,GKP,FUL,0.0,5.0,90.0,1.0,GKP,FUL,0.0,5.0,90.0,6.0,GKP,FUL,0.0,5.0,90.0,4.0,GKP,FUL,0.0,5.0,90.0,3.0,GKP,FUL,0.0,5.0,90.0,1.0,GKP,FUL,0.0,5.0,90.0,1.0,GKP,FUL,0.0,90.0,5.0,7.0,GKP,FUL,0.0,5.0,90.0,2.0,GKP,FUL,0.0,5.0,90.0,2.0,GKP,FUL,0.0,5.0,90.0,2.0,GKP,FUL,0.0,5.0,90.0,2.0,GKP,FUL,0.0,5.0,90.0,3.0,GKP,FUL,0.0,5.0,90.0,1.0,GKP,FUL,0.0,5.0,90.0,13.0,GKP,FUL,0.0,5.0,90.0,2.0,GKP,FUL,0.0,5.0,90.0,1.0,GKP,FUL,0.0,90.0,5.0,2.0,GKP,FUL,0.0,5.0,90.0,2.0,GKP,FUL,0.0,90.0,5.0,2.0,GKP,FUL,0.0,5.0,90.0,2.0,3150.0,105.0
249,Lukić,MID,FUL,0.0,5.0,90.0,2.0,MID,FUL,0.0,5.0,90.0,2.0,MID,FUL,0.0,5.0,86.0,1.0,MID,FUL,0.0,5.0,65.0,2.0,MID,FUL,0.0,5.0,45.0,0.0,MID,FUL,0.0,4.9,82.0,2.0,MID,FUL,0.0,4.9,90.0,2.0,MID,FUL,1.0,4.9,0.0,0.0,MID,FUL,1.0,4.9,0.0,0.0,MID,FUL,1.0,4.9,0.0,0.0,MID,FUL,0.5,4.8,0.0,0.0,MID,FUL,0.0,4.8,90.0,2.0,MID,FUL,1.0,4.8,61.0,1.0,MID,FUL,0.0,4.8,0.0,0.0,MID,FUL,0.0,4.8,90.0,1.0,MID,FUL,0.0,4.8,90.0,2.0,MID,FUL,0.0,4.8,15.0,1.0,MID,FUL,0.0,4.8,90.0,5.0,MID,FUL,0.0,4.8,90.0,2.0,MID,FUL,0.0,4.8,78.0,2.0,MID,FUL,0.0,4.8,90.0,1.0,MID,FUL,0.0,90.0,4.8,5.0,MID,FUL,0.0,4.8,82.0,2.0,MID,FUL,0.0,4.8,90.0,2.0,MID,FUL,0.25,4.8,82.0,2.0,MID,FUL,0.0,4.8,90.0,2.0,MID,FUL,1.0,4.8,66.0,1.0,MID,FUL,1.0,4.8,0.0,0.0,MID,FUL,0.0,4.8,0.0,0.0,MID,FUL,0.0,4.8,66.0,1.0,MID,FUL,0.0,4.8,75.0,1.0,MID,FUL,0.0,84.0,4.8,2.0,MID,FUL,0.0,4.8,71.0,3.0,MID,FUL,0.0,45.0,4.8,1.0,MID,FUL,1.0,4.8,90.0,2.0,2173.0,52.0
250,Mbabu,DEF,FUL,0.0,4.0,0.0,0.0,DEF,FUL,0.0,4.0,0.0,0.0,DEF,FUL,1.0,4.0,0.0,0.0,DEF,FUL,1.0,4.0,0.0,0.0,DEF,FUL,1.0,4.0,0.0,0.0,DEF,FUL,1.0,4.0,0.0,0.0,DEF,FUL,1.0,4.0,0.0,0.0,DEF,FUL,1.0,4.0,0.0,0.0,DEF,FUL,1.0,4.0,0.0,0.0,DEF,FUL,1.0,4.0,0.0,0.0,DEF,FUL,1.0,4.0,0.0,0.0,DEF,FUL,1.0,4.0,0.0,0.0,DEF,FUL,1.0,4.0,0.0,0.0,DEF,FUL,1.0,4.0,0.0,0.0,DEF,FUL,1.0,4.0,0.0,0.0,DEF,FUL,1.0,4.0,0.0,0.0,DEF,FUL,1.0,4.0,0.0,0.0,DEF,FUL,1.0,4.0,0.0,0.0,DEF,FUL,1.0,4.0,0.0,0.0,DEF,FUL,1.0,4.0,0.0,0.0,DEF,FUL,1.0,4.0,0.0,0.0,DEF,FUL,1.0,0.0,4.0,0.0,DEF,FUL,1.0,4.0,0.0,0.0,DEF,FUL,1.0,4.0,0.0,0.0,DEF,FUL,1.0,4.0,0.0,0.0,DEF,FUL,1.0,4.0,0.0,0.0,DEF,FUL,1.0,4.0,0.0,0.0,DEF,FUL,1.0,4.0,0.0,0.0,DEF,FUL,1.0,4.0,0.0,0.0,DEF,FUL,1.0,4.0,0.0,0.0,DEF,FUL,1.0,4.0,0.0,0.0,DEF,FUL,1.0,0.0,4.0,0.0,DEF,FUL,1.0,4.0,0.0,0.0,DEF,FUL,1.0,0.0,4.0,0.0,DEF,FUL,1.0,4.0,0.0,0.0,0.0,0.0
251,Muniz,FWD,FUL,0.0,6.0,77.0,2.0,FWD,FUL,0.0,6.1,79.0,2.0,FWD,FUL,0.0,6.1,78.0,2.0,FWD,FUL,0.0,6.1,17.0,1.0,FWD,FUL,0.0,6.0,16.0,4.0,FWD,FUL,0.0,5.9,7.0,1.0,FWD,FUL,0.0,5.8,13.0,6.0,FWD,FUL,0.0,5.7,0.0,0.0,FWD,FUL,0.0,5.7,1.0,1.0,FWD,FUL,0.0,5.6,17.0,0.0,FWD,FUL,0.0,5.6,15.0,1.0,FWD,FUL,0.0,5.5,19.0,1.0,FWD,FUL,0.0,5.5,12.0,1.0,FWD,FUL,0.0,5.5,79.0,2.0,FWD,FUL,0.0,5.5,11.0,1.0,FWD,FUL,0.0,5.5,22.0,7.0,FWD,FUL,0.0,5.5,61.0,2.0,FWD,FUL,0.0,5.5,16.0,7.0,FWD,FUL,0.0,5.5,22.0,1.0,FWD,FUL,0.0,5.5,27.0,1.0,FWD,FUL,0.0,5.5,5.0,1.0,FWD,FUL,0.0,19.0,5.5,1.0,FWD,FUL,0.0,5.5,26.0,1.0,FWD,FUL,0.0,5.5,17.0,8.0,FWD,FUL,0.0,5.5,14.0,1.0,FWD,FUL,0.0,5.5,10.0,1.0,FWD,FUL,0.0,5.5,71.0,9.0,FWD,FUL,0.0,5.5,21.0,1.0,FWD,FUL,0.0,5.5,27.0,7.0,FWD,FUL,0.0,5.5,13.0,5.0,FWD,FUL,0.0,5.5,75.0,7.0,FWD,FUL,0.0,56.0,5.5,1.0,FWD,FUL,0.75,5.5,0.0,0.0,FWD,FUL,0.0,0.0,5.5,0.0,FWD,FUL,1.0,5.5,0.0,0.0,943.0,86.0
252,Raúl,FWD,FUL,0.0,5.5,12.0,1.0,FWD,FUL,0.0,5.5,10.0,1.0,FWD,FUL,0.0,5.4,11.0,1.0,FWD,FUL,0.0,5.4,72.0,9.0,FWD,FUL,0.0,5.4,73.0,6.0,FWD,FUL,0.0,5.5,82.0,9.0,FWD,FUL,0.0,5.6,76.0,5.0,FWD,FUL,0.0,5.7,90.0,7.0,FWD,FUL,0.0,5.7,90.0,2.0,FWD,FUL,0.0,5.8,72.0,2.0,FWD,FUL,0.0,5.8,74.0,5.0,FWD,FUL,0.0,5.7,70.0,2.0,FWD,FUL,0.0,5.7,77.0,2.0,FWD,FUL,0.0,5.6,10.0,1.0,FWD,FUL,0.0,5.5,78.0,8.0,FWD,FUL,0.0,5.5,67.0,2.0,FWD,FUL,0.0,5.6,28.0,0.0,FWD,FUL,0.0,5.5,73.0,2.0,FWD,FUL,0.0,5.5,67.0,9.0,FWD,FUL,0.0,5.6,90.0,13.0,FWD,FUL,0.0,5.7,90.0,1.0,FWD,FUL,0.0,70.0,5.7,2.0,FWD,FUL,0.0,5.6,63.0,2.0,FWD,FUL,0.0,5.6,72.0,8.0,FWD,FUL,0.0,5.6,75.0,5.0,FWD,FUL,0.0,5.6,90.0,2.0,FWD,FUL,0.0,5.5,18.0,1.0,FWD,FUL,0.0,5.5,68.0,8.0,FWD,FUL,0.0,5.5,62.0,2.0,FWD,FUL,0.0,5.4,76.0,2.0,FWD,FUL,0.0,5.4,14.0,1.0,FWD,FUL,0.0,33.0,5.4,1.0,FWD,FUL,0.0,5.3,83.0,2.0,FWD,FUL,0.0,90.0,5.3,1.0,FWD,FUL,0.0,5.3,90.0,2.0,2216.0,127.0
253,Ream,DEF,FUL,1.0,4.5,0.0,0.0,DEF,FUL,1.0,4.5,0.0,0.0,DEF,FUL,1.0,4.5,0.0,0.0,DEF,FUL,1.0,4.5,0.0,0.0,DEF,FUL,1.0,4.5,0.0,0.0,DEF,FUL,1.0,4.5,0.0,0.0,DEF,FUL,1.0,4.5,0.0,0.0,DEF,FUL,1.0,4.5,0.0,0.0,DEF,FUL,1.0,4.5,0.0,0.0,DEF,FUL,1.0,4.5,0.0,0.0,DEF,FUL,1.0,4.5,0.0,0.0,DEF,FUL,1.0,4.5,0.0,0.0,DEF,FUL,1.0,4.5,0.0,0.0,DEF,FUL,1.0,4.5,0.0,0.0,DEF,FUL,1.0,4.5,0.0,0.0,DEF,FUL,1.0,4.5,0.0,0.0,DEF,FUL,1.0,4.5,0.0,0.0,DEF,FUL,1.0,4.5,0.0,0.0,DEF,FUL,1.0,4.5,0.0,0.0,DEF,FUL,1.0,4.5,0.0,0.0,DEF,FUL,1.0,4.5,0.0,0.0,DEF,FUL,1.0,0.0,4.5,0.0,DEF,FUL,1.0,4.5,0.0,0.0,DEF,FUL,1.0,4.5,0.0,0.0,DEF,FUL,1.0,4.5,0.0,0.0,DEF,FUL,1.0,4.5,0.0,0.0,DEF,FUL,1.0,4.5,0.0,0.0,DEF,FUL,1.0,4.5,0.0,0.0,DEF,FUL,1.0,4.5,0.0,0.0,DEF,FUL,1.0,4.5,0.0,0.0,DEF,FUL,1.0,4.5,0.0,0.0,DEF,FUL,1.0,0.0,4.5,0.0,DEF,FUL,1.0,4.5,0.0,0.0,DEF,FUL,1.0,0.0,4.5,0.0,DEF,FUL,1.0,4.5,0.0,0.0,0.0,0.0
254,Reed,MID,FUL,0.0,5.0,1.0,1.0,MID,FUL,0.0,5.0,4.0,1.0,MID,FUL,0.0,4.9,3.0,1.0,MID,FUL,0.0,4.9,4.0,1.0,MID,FUL,0.0,4.9,23.0,0.0,MID,FUL,0.0,4.9,7.0,0.0,MID,FUL,0.0,4.8,0.0,0.0,MID,FUL,0.0,4.8,0.0,0.0,MID,FUL,0.0,4.8,11.0,1.0,MID,FUL,0.0,4.8,0.0,0.0,MID,FUL,0.0,4.8,1.0,1.0,MID,FUL,1.0,4.8,0.0,0.0,MID,FUL,1.0,4.8,0.0,0.0,MID,FUL,1.0,4.8,0.0,0.0,MID,FUL,1.0,4.7,0.0,0.0,MID,FUL,1.0,4.7,0.0,0.0,MID,FUL,1.0,4.7,0.0,0.0,MID,FUL,1.0,4.7,0.0,0.0,MID,FUL,1.0,4.7,0.0,0.0,MID,FUL,0.5,4.7,0.0,0.0,MID,FUL,0.0,4.7,0.0,0.0,MID,FUL,0.0,0.0,4.7,0.0,MID,FUL,0.0,4.7,0.0,0.0,MID,FUL,0.0,4.7,0.0,0.0,MID,FUL,0.0,4.7,8.0,1.0,MID,FUL,0.0,4.7,0.0,0.0,MID,FUL,0.0,4.7,0.0,0.0,MID,FUL,0.0,4.7,9.0,1.0,MID,FUL,0.0,4.7,0.0,0.0,MID,FUL,0.0,4.7,0.0,0.0,MID,FUL,0.0,4.7,14.0,1.0,MID,FUL,0.0,0.0,4.7,0.0,MID,FUL,0.0,4.7,0.0,0.0,MID,FUL,0.0,0.0,4.7,0.0,MID,FUL,1.0,4.7,15.0,1.0,100.0,10.0
255,Robinson,DEF,FUL,0.0,4.5,90.0,2.0,DEF,FUL,0.0,4.6,90.0,7.0,DEF,FUL,0.0,4.6,90.0,4.0,DEF,FUL,0.0,4.7,90.0,2.0,DEF,FUL,0.0,4.7,90.0,2.0,DEF,FUL,0.0,4.7,90.0,7.0,DEF,FUL,0.0,4.7,90.0,1.0,DEF,FUL,0.0,4.7,90.0,1.0,DEF,FUL,0.0,4.7,90.0,2.0,DEF,FUL,0.0,4.7,90.0,6.0,DEF,FUL,0.0,4.7,90.0,6.0,DEF,FUL,0.0,4.7,90.0,0.0,DEF,FUL,0.0,4.7,90.0,2.0,DEF,FUL,0.0,4.7,90.0,6.0,DEF,FUL,0.0,4.7,90.0,1.0,DEF,FUL,0.0,4.8,90.0,6.0,DEF,FUL,0.0,4.9,90.0,6.0,DEF,FUL,0.0,4.9,90.0,1.0,DEF,FUL,0.0,5.0,90.0,4.0,DEF,FUL,0.0,5.0,90.0,1.0,DEF,FUL,0.0,5.1,90.0,7.0,DEF,FUL,0.0,90.0,5.1,8.0,DEF,FUL,0.0,5.1,90.0,2.0,DEF,FUL,0.0,5.1,90.0,4.0,DEF,FUL,0.0,5.1,90.0,2.0,DEF,FUL,0.0,5.1,90.0,1.0,DEF,FUL,0.0,5.0,18.0,0.0,DEF,FUL,0.0,5.0,90.0,0.0,DEF,FUL,0.25,5.0,90.0,7.0,DEF,FUL,0.0,4.9,90.0,1.0,DEF,FUL,0.0,4.9,90.0,1.0,DEF,FUL,0.0,90.0,4.9,1.0,DEF,FUL,0.0,4.8,90.0,1.0,DEF,FUL,0.0,0.0,4.8,0.0,DEF,FUL,0.0,4.8,90.0,2.0,2988.0,104.0
256,Stansfield,FWD,FUL,0.0,5.0,1.0,1.0,FWD,FUL,0.0,5.0,0.0,0.0,FWD,FUL,1.0,5.0,0.0,0.0,FWD,FUL,1.0,5.0,0.0,0.0,FWD,FUL,1.0,5.0,0.0,0.0,FWD,FUL,1.0,5.0,0.0,0.0,FWD,FUL,1.0,5.0,0.0,0.0,FWD,FUL,1.0,5.0,0.0,0.0,FWD,FUL,1.0,5.0,0.0,0.0,FWD,FUL,1.0,5.0,0.0,0.0,FWD,FUL,1.0,5.0,0.0,0.0,FWD,FUL,1.0,5.0,0.0,0.0,FWD,FUL,1.0,5.0,0.0,0.0,FWD,FUL,1.0,5.0,0.0,0.0,FWD,FUL,1.0,5.0,0.0,0.0,FWD,FUL,1.0,5.0,0.0,0.0,FWD,FUL,1.0,5.0,0.0,0.0,FWD,FUL,1.0,5.0,0.0,0.0,FWD,FUL,1.0,5.0,0.0,0.0,FWD,FUL,1.0,5.0,0.0,0.0,FWD,FUL,1.0,5.0,0.0,0.0,FWD,FUL,1.0,0.0,5.0,0.0,FWD,FUL,1.0,5.0,0.0,0.0,FWD,FUL,1.0,5.0,0.0,0.0,FWD,FUL,1.0,5.0,0.0,0.0,FWD,FUL,1.0,5.0,0.0,0.0,FWD,FUL,1.0,5.0,0.0,0.0,FWD,FUL,1.0,5.0,0.0,0.0,FWD,FUL,1.0,5.0,0.0,0.0,FWD,FUL,1.0,5.0,0.0,0.0,FWD,FUL,1.0,5.0,0.0,0.0,FWD,FUL,1.0,0.0,5.0,0.0,FWD,FUL,1.0,5.0,0.0,0.0,FWD,FUL,1.0,0.0,5.0,0.0,FWD,FUL,1.0,5.0,0.0,0.0,1.0,1.0
257,Tete,DEF,FUL,0.0,4.5,90.0,2.0,DEF,FUL,0.0,4.5,90.0,2.0,DEF,FUL,0.0,4.5,90.0,2.0,DEF,FUL,0.0,4.5,90.0,2.0,DEF,FUL,0.0,4.5,90.0,1.0,DEF,FUL,0.0,4.5,90.0,5.0,DEF,FUL,0.0,4.5,76.0,1.0,DEF,FUL,0.0,4.5,90.0,1.0,DEF,FUL,0.0,4.5,90.0,2.0,DEF,FUL,0.0,4.5,72.0,2.0,DEF,FUL,0.0,4.5,90.0,6.0,DEF,FUL,0.0,4.5,70.0,3.0,DEF,FUL,0.0,4.5,90.0,2.0,DEF,FUL,0.0,4.5,0.0,0.0,DEF,FUL,0.0,4.5,90.0,5.0,DEF,FUL,0.25,4.5,54.0,1.0,DEF,FUL,1.0,4.5,0.0,0.0,DEF,FUL,1.0,4.5,0.0,0.0,DEF,FUL,1.0,4.5,0.0,0.0,DEF,FUL,1.0,4.4,0.0,0.0,DEF,FUL,1.0,4.4,0.0,0.0,DEF,FUL,1.0,0.0,4.4,0.0,DEF,FUL,1.0,4.4,0.0,0.0,DEF,FUL,1.0,4.4,0.0,0.0,DEF,FUL,1.0,4.4,0.0,0.0,DEF,FUL,1.0,4.4,0.0,0.0,DEF,FUL,1.0,4.4,0.0,0.0,DEF,FUL,1.0,4.4,0.0,0.0,DEF,FUL,0.5,4.4,0.0,0.0,DEF,FUL,0.25,4.4,0.0,0.0,DEF,FUL,0.0,4.4,8.0,1.0,DEF,FUL,1.0,0.0,4.4,0.0,DEF,FUL,0.0,4.4,77.0,6.0,DEF,FUL,1.0,90.0,4.4,2.0,DEF,FUL,0.0,4.4,66.0,1.0,1503.0,47.0
258,Vinicius,FWD,FUL,0.0,5.0,0.0,0.0,FWD,FUL,0.0,5.0,0.0,0.0,FWD,FUL,0.0,5.0,0.0,0.0,FWD,FUL,1.0,5.0,0.0,0.0,FWD,FUL,0.5,5.0,0.0,0.0,FWD,FUL,0.5,5.0,0.0,0.0,FWD,FUL,0.5,5.0,0.0,0.0,FWD,FUL,1.0,5.0,0.0,0.0,FWD,FUL,0.0,5.0,0.0,0.0,FWD,FUL,0.0,5.0,0.0,0.0,FWD,FUL,0.0,5.0,0.0,0.0,FWD,FUL,0.0,5.0,0.0,0.0,FWD,FUL,0.0,5.0,0.0,0.0,FWD,FUL,0.0,5.0,0.0,0.0,FWD,FUL,0.0,5.0,0.0,0.0,FWD,FUL,0.0,5.0,0.0,0.0,FWD,FUL,0.0,5.0,3.0,1.0,FWD,FUL,0.0,5.0,0.0,0.0,FWD,FUL,0.0,5.0,0.0,0.0,FWD,FUL,0.0,5.0,0.0,0.0,FWD,FUL,0.0,5.0,0.0,0.0,FWD,FUL,0.0,0.0,5.0,0.0,FWD,FUL,0.0,5.0,0.0,0.0,FWD,FUL,0.0,5.0,0.0,0.0,FWD,FUL,0.0,5.0,0.0,0.0,FWD,FUL,0.0,5.0,0.0,0.0,FWD,FUL,0.0,5.0,0.0,0.0,FWD,FUL,0.0,5.0,0.0,0.0,FWD,FUL,0.0,5.0,0.0,0.0,FWD,FUL,0.0,5.0,0.0,0.0,FWD,FUL,0.0,5.0,0.0,0.0,FWD,FUL,0.0,0.0,5.0,0.0,FWD,FUL,0.0,5.0,6.0,1.0,FWD,FUL,0.0,4.0,5.0,1.0,FWD,FUL,0.0,5.0,0.0,0.0,13.0,3.0
259,H. Wilson,MID,FUL,0.0,5.5,12.0,1.0,MID,FUL,0.0,5.5,21.0,0.0,MID,FUL,0.0,5.4,3.0,1.0,MID,FUL,0.0,5.4,0.0,0.0,MID,FUL,0.0,5.3,0.0,0.0,MID,FUL,0.0,5.3,0.0,0.0,MID,FUL,0.0,5.3,0.0,0.0,MID,FUL,0.0,5.3,10.0,1.0,MID,FUL,0.0,5.3,11.0,1.0,MID,FUL,0.0,5.2,8.0,13.0,MID,FUL,0.0,5.2,8.0,6.0,MID,FUL,0.0,5.2,31.0,1.0,MID,FUL,0.0,5.2,28.0,1.0,MID,FUL,0.0,5.2,79.0,2.0,MID,FUL,0.0,5.2,30.0,1.0,MID,FUL,0.0,5.2,86.0,2.0,MID,FUL,0.0,5.2,86.0,3.0,MID,FUL,0.0,5.2,23.0,6.0,MID,FUL,0.0,5.2,77.0,8.0,MID,FUL,0.0,5.2,90.0,6.0,MID,FUL,0.0,5.2,84.0,2.0,MID,FUL,0.0,90.0,5.2,7.0,MID,FUL,0.25,5.2,52.0,1.0,MID,FUL,1.0,5.2,0.0,0.0,MID,FUL,1.0,5.2,0.0,0.0,MID,FUL,1.0,5.2,0.0,0.0,MID,FUL,1.0,5.2,0.0,0.0,MID,FUL,1.0,5.2,0.0,0.0,MID,FUL,0.5,5.2,0.0,0.0,MID,FUL,1.0,5.2,0.0,0.0,MID,FUL,0.5,5.2,0.0,0.0,MID,FUL,0.0,0.0,5.2,0.0,MID,FUL,0.0,5.2,11.0,1.0,MID,FUL,0.0,85.0,5.2,2.0,MID,FUL,0.0,5.2,66.0,2.0,991.0,68.0
260,Al-Hamadi,FWD,IPS,0.0,5.0,16.0,1.0,FWD,IPS,0.0,5.0,7.0,0.0,FWD,IPS,0.0,5.0,9.0,0.0,FWD,IPS,0.0,5.0,0.0,0.0,FWD,IPS,0.0,5.0,0.0,0.0,FWD,IPS,0.0,4.9,0.0,0.0,FWD,IPS,0.25,4.9,0.0,0.0,FWD,IPS,0.0,4.9,0.0,0.0,FWD,IPS,0.0,4.9,0.0,0.0,FWD,IPS,0.0,4.8,0.0,0.0,FWD,IPS,0.0,4.8,0.0,0.0,FWD,IPS,0.0,4.8,9.0,1.0,FWD,IPS,0.0,4.8,0.0,0.0,FWD,IPS,0.0,4.8,11.0,1.0,FWD,IPS,0.0,4.8,9.0,1.0,FWD,IPS,0.0,4.8,6.0,1.0,FWD,IPS,0.0,4.8,45.0,0.0,FWD,IPS,0.0,4.8,10.0,1.0,FWD,IPS,0.0,4.8,1.0,1.0,FWD,IPS,0.0,4.8,2.0,1.0,FWD,IPS,0.0,4.8,0.0,0.0,FWD,IPS,0.0,0.0,4.8,0.0,FWD,IPS,1.0,4.7,0.0,0.0,FWD,IPS,1.0,4.7,0.0,0.0,FWD,IPS,1.0,4.7,0.0,0.0,FWD,IPS,1.0,4.7,0.0,0.0,FWD,IPS,1.0,4.7,0.0,0.0,FWD,IPS,1.0,4.7,0.0,0.0,FWD,IPS,1.0,4.7,0.0,0.0,FWD,IPS,1.0,4.7,0.0,0.0,FWD,IPS,1.0,4.7,0.0,0.0,FWD,IPS,0.0,0.0,4.7,0.0,FWD,IPS,1.0,4.7,0.0,0.0,FWD,IPS,0.0,0.0,4.7,0.0,FWD,IPS,1.0,4.7,0.0,0.0,125.0,8.0
261,Baggott,DEF,IPS,1.0,4.0,0.0,0.0,DEF,IPS,1.0,4.0,0.0,0.0,DEF,IPS,1.0,4.0,0.0,0.0,DEF,IPS,1.0,4.0,0.0,0.0,DEF,IPS,1.0,4.0,0.0,0.0,DEF,IPS,1.0,4.0,0.0,0.0,DEF,IPS,1.0,4.0,0.0,0.0,DEF,IPS,1.0,4.0,0.0,0.0,DEF,IPS,1.0,4.0,0.0,0.0,DEF,IPS,1.0,4.0,0.0,0.0,DEF,IPS,1.0,4.0,0.0,0.0,DEF,IPS,1.0,4.0,0.0,0.0,DEF,IPS,1.0,4.0,0.0,0.0,DEF,IPS,1.0,4.0,0.0,0.0,DEF,IPS,1.0,4.0,0.0,0.0,DEF,IPS,1.0,4.0,0.0,0.0,DEF,IPS,1.0,4.0,0.0,0.0,DEF,IPS,1.0,4.0,0.0,0.0,DEF,IPS,1.0,4.0,0.0,0.0,DEF,IPS,1.0,4.0,0.0,0.0,DEF,IPS,1.0,4.0,0.0,0.0,DEF,IPS,1.0,0.0,4.0,0.0,DEF,IPS,1.0,4.0,0.0,0.0,DEF,IPS,1.0,4.0,0.0,0.0,DEF,IPS,1.0,4.0,0.0,0.0,DEF,IPS,1.0,4.0,0.0,0.0,DEF,IPS,1.0,4.0,0.0,0.0,DEF,IPS,1.0,4.0,0.0,0.0,DEF,IPS,1.0,4.0,0.0,0.0,DEF,IPS,1.0,4.0,0.0,0.0,DEF,IPS,1.0,4.0,0.0,0.0,DEF,IPS,1.0,0.0,4.0,0.0,DEF,IPS,1.0,4.0,0.0,0.0,DEF,IPS,1.0,0.0,4.0,0.0,DEF,IPS,1.0,4.0,0.0,0.0,0.0,0.0
262,Broadhead,MID,IPS,1.0,5.0,0.0,0.0,MID,IPS,1.0,5.0,0.0,0.0,MID,IPS,0.5,4.9,0.0,0.0,MID,IPS,0.5,4.9,0.0,0.0,MID,IPS,0.0,4.9,0.0,0.0,MID,IPS,0.0,4.9,0.0,0.0,MID,IPS,0.0,4.9,0.0,0.0,MID,IPS,0.0,4.9,0.0,0.0,MID,IPS,0.0,4.9,0.0,0.0,MID,IPS,0.0,4.9,0.0,0.0,MID,IPS,0.25,4.9,0.0,0.0,MID,IPS,0.25,4.9,0.0,0.0,MID,IPS,0.0,4.9,11.0,1.0,MID,IPS,0.0,4.9,24.0,1.0,MID,IPS,0.0,4.9,0.0,0.0,MID,IPS,0.0,4.9,0.0,0.0,MID,IPS,0.0,4.9,12.0,1.0,MID,IPS,0.0,4.9,10.0,1.0,MID,IPS,0.0,4.9,76.0,3.0,MID,IPS,0.0,4.9,79.0,1.0,MID,IPS,0.0,4.9,90.0,2.0,MID,IPS,0.0,0.0,4.9,0.0,MID,IPS,0.0,4.9,11.0,1.0,MID,IPS,0.0,4.9,61.0,2.0,MID,IPS,0.0,4.9,0.0,0.0,MID,IPS,0.0,4.9,22.0,1.0,MID,IPS,0.0,4.9,24.0,1.0,MID,IPS,0.0,4.9,15.0,1.0,MID,IPS,0.0,4.9,10.0,1.0,MID,IPS,0.0,4.9,71.0,7.0,MID,IPS,0.0,4.9,64.0,3.0,MID,IPS,0.0,14.0,4.9,1.0,MID,IPS,1.0,4.9,0.0,0.0,MID,IPS,0.0,0.0,4.9,0.0,MID,IPS,1.0,4.9,0.0,0.0,594.0,28.0
263,Burgess,DEF,IPS,0.0,4.0,0.0,0.0,DEF,IPS,0.0,4.0,0.0,0.0,DEF,IPS,0.0,4.0,0.0,0.0,DEF,IPS,0.0,4.0,0.0,0.0,DEF,IPS,0.0,4.0,0.0,0.0,DEF,IPS,0.0,4.0,0.0,0.0,DEF,IPS,0.0,3.9,0.0,0.0,DEF,IPS,0.0,3.9,90.0,1.0,DEF,IPS,0.0,3.9,90.0,0.0,DEF,IPS,0.0,3.9,90.0,2.0,DEF,IPS,0.0,3.9,90.0,2.0,DEF,IPS,0.0,3.9,90.0,2.0,DEF,IPS,0.0,3.9,90.0,2.0,DEF,IPS,0.0,4.0,0.0,0.0,DEF,IPS,0.0,4.0,90.0,4.0,DEF,IPS,0.0,4.0,90.0,2.0,DEF,IPS,0.0,4.0,90.0,0.0,DEF,IPS,0.0,4.0,0.0,0.0,DEF,IPS,0.0,4.0,0.0,0.0,DEF,IPS,0.0,4.0,0.0,0.0,DEF,IPS,0.0,3.9,0.0,0.0,DEF,IPS,0.0,90.0,3.9,-1.0,DEF,IPS,0.0,3.9,0.0,0.0,DEF,IPS,0.0,3.9,0.0,0.0,DEF,IPS,0.0,3.9,0.0,0.0,DEF,IPS,0.0,3.9,0.0,0.0,DEF,IPS,0.0,3.8,0.0,0.0,DEF,IPS,0.0,3.8,0.0,0.0,DEF,IPS,0.0,3.8,45.0,1.0,DEF,IPS,0.0,3.8,90.0,2.0,DEF,IPS,0.0,3.8,90.0,1.0,DEF,IPS,0.0,90.0,3.8,1.0,DEF,IPS,0.0,3.8,55.0,0.0,DEF,IPS,0.0,90.0,3.8,1.0,DEF,IPS,0.0,3.8,90.0,4.0,1450.0,24.0
264,Burns,MID,IPS,0.25,5.0,56.0,0.0,MID,IPS,1.0,4.9,0.0,0.0,MID,IPS,1.0,4.9,0.0,0.0,MID,IPS,0.0,4.9,58.0,1.0,MID,IPS,0.0,4.9,73.0,2.0,MID,IPS,0.0,4.9,21.0,1.0,MID,IPS,0.0,4.9,72.0,2.0,MID,IPS,0.0,4.9,62.0,2.0,MID,IPS,0.0,4.9,55.0,1.0,MID,IPS,0.0,4.9,9.0,1.0,MID,IPS,0.25,4.9,0.0,0.0,MID,IPS,0.0,4.8,81.0,5.0,MID,IPS,0.0,4.8,16.0,1.0,MID,IPS,0.0,4.8,65.0,2.0,MID,IPS,0.0,4.8,1.0,1.0,MID,IPS,0.0,4.8,83.0,2.0,MID,IPS,0.0,4.8,77.0,2.0,MID,IPS,0.0,4.8,0.0,0.0,MID,IPS,0.0,4.8,85.0,3.0,MID,IPS,0.0,4.8,10.0,1.0,MID,IPS,0.0,4.8,70.0,2.0,MID,IPS,0.0,0.0,4.8,0.0,MID,IPS,0.5,4.8,28.0,1.0,MID,IPS,1.0,4.8,0.0,0.0,MID,IPS,1.0,4.8,0.0,0.0,MID,IPS,1.0,4.8,0.0,0.0,MID,IPS,1.0,4.8,0.0,0.0,MID,IPS,1.0,4.8,0.0,0.0,MID,IPS,1.0,4.8,0.0,0.0,MID,IPS,1.0,4.8,0.0,0.0,MID,IPS,1.0,4.7,0.0,0.0,MID,IPS,0.0,0.0,4.7,0.0,MID,IPS,1.0,4.7,0.0,0.0,MID,IPS,0.0,0.0,4.7,0.0,MID,IPS,1.0,4.7,0.0,0.0,922.0,30.0
265,Chaplin,MID,IPS,0.0,5.5,64.0,2.0,MID,IPS,0.0,5.5,1.0,1.0,MID,IPS,0.0,5.4,2.0,1.0,MID,IPS,0.0,5.3,5.0,1.0,MID,IPS,0.0,5.3,17.0,1.0,MID,IPS,0.0,5.2,0.0,0.0,MID,IPS,0.0,5.2,7.0,1.0,MID,IPS,0.0,5.2,27.0,1.0,MID,IPS,0.0,5.2,72.0,5.0,MID,IPS,0.0,5.2,80.0,2.0,MID,IPS,0.0,5.1,0.0,0.0,MID,IPS,0.0,5.1,8.0,1.0,MID,IPS,0.0,5.1,73.0,2.0,MID,IPS,0.0,5.1,24.0,1.0,MID,IPS,0.0,5.1,90.0,7.0,MID,IPS,0.0,5.1,74.0,5.0,MID,IPS,0.0,5.1,61.0,2.0,MID,IPS,0.0,5.1,0.0,0.0,MID,IPS,0.0,5.1,0.0,0.0,MID,IPS,1.0,5.1,0.0,0.0,MID,IPS,1.0,5.1,0.0,0.0,MID,IPS,1.0,0.0,5.1,0.0,MID,IPS,0.5,5.1,0.0,0.0,MID,IPS,0.5,5.1,0.0,0.0,MID,IPS,1.0,5.1,0.0,0.0,MID,IPS,0.5,5.1,0.0,0.0,MID,IPS,0.25,5.1,0.0,0.0,MID,IPS,0.75,5.1,0.0,0.0,MID,IPS,0.5,5.1,0.0,0.0,MID,IPS,0.0,5.1,0.0,0.0,MID,IPS,0.0,5.1,9.0,1.0,MID,IPS,1.0,0.0,5.1,0.0,MID,IPS,0.0,5.1,1.0,1.0,MID,IPS,1.0,19.0,5.1,1.0,MID,IPS,0.0,5.1,67.0,1.0,701.0,37.0
266,H.Clarke,DEF,IPS,1.0,4.0,0.0,0.0,DEF,IPS,1.0,4.0,0.0,0.0,DEF,IPS,1.0,4.0,0.0,0.0,DEF,IPS,0.75,4.0,0.0,0.0,DEF,IPS,0.25,4.0,0.0,0.0,DEF,IPS,0.25,4.0,0.0,0.0,DEF,IPS,0.0,4.0,0.0,0.0,DEF,IPS,0.0,4.0,27.0,1.0,DEF,IPS,1.0,4.0,68.0,-5.0,DEF,IPS,0.0,4.0,0.0,0.0,DEF,IPS,0.0,4.0,0.0,0.0,DEF,IPS,0.0,4.0,0.0,0.0,DEF,IPS,0.0,4.0,11.0,1.0,DEF,IPS,0.0,4.0,90.0,2.0,DEF,IPS,0.0,4.0,0.0,0.0,DEF,IPS,0.0,4.0,90.0,1.0,DEF,IPS,0.0,4.0,90.0,0.0,DEF,IPS,0.0,4.0,1.0,1.0,DEF,IPS,0.0,4.0,0.0,0.0,DEF,IPS,0.0,4.0,0.0,0.0,DEF,IPS,0.0,4.0,0.0,0.0,DEF,IPS,0.0,0.0,4.0,0.0,DEF,IPS,0.0,4.0,0.0,0.0,DEF,IPS,1.0,4.0,0.0,0.0,DEF,IPS,1.0,4.0,0.0,0.0,DEF,IPS,1.0,4.0,0.0,0.0,DEF,IPS,1.0,4.0,0.0,0.0,DEF,IPS,1.0,4.0,0.0,0.0,DEF,IPS,1.0,4.0,0.0,0.0,DEF,IPS,1.0,4.0,0.0,0.0,DEF,IPS,1.0,4.0,0.0,0.0,DEF,IPS,0.0,0.0,4.0,0.0,DEF,IPS,1.0,4.0,0.0,0.0,DEF,IPS,0.0,0.0,4.0,0.0,DEF,IPS,1.0,4.0,0.0,0.0,377.0,1.0
267,Davis,DEF,IPS,0.0,4.5,90.0,1.0,DEF,IPS,0.0,4.5,90.0,0.0,DEF,IPS,0.0,4.5,90.0,7.0,DEF,IPS,0.0,4.5,90.0,6.0,DEF,IPS,0.0,4.5,90.0,2.0,DEF,IPS,0.0,4.5,90.0,2.0,DEF,IPS,0.0,4.5,90.0,0.0,DEF,IPS,0.0,4.5,90.0,1.0,DEF,IPS,0.0,4.5,90.0,2.0,DEF,IPS,0.0,4.5,90.0,10.0,DEF,IPS,0.0,4.5,90.0,1.0,DEF,IPS,0.0,4.5,90.0,2.0,DEF,IPS,0.0,4.5,90.0,2.0,DEF,IPS,0.0,4.5,90.0,2.0,DEF,IPS,0.0,4.5,90.0,1.0,DEF,IPS,0.0,4.5,90.0,2.0,DEF,IPS,0.0,4.5,90.0,0.0,DEF,IPS,0.0,4.5,90.0,1.0,DEF,IPS,0.0,4.5,90.0,5.0,DEF,IPS,0.0,4.5,90.0,0.0,DEF,IPS,0.0,4.4,90.0,1.0,DEF,IPS,0.0,90.0,4.4,-1.0,DEF,IPS,0.0,4.4,45.0,0.0,DEF,IPS,0.0,4.4,87.0,1.0,DEF,IPS,0.25,4.4,0.0,0.0,DEF,IPS,0.0,4.3,90.0,0.0,DEF,IPS,0.0,4.3,79.0,1.0,DEF,IPS,0.0,4.3,90.0,2.0,DEF,IPS,0.0,4.3,90.0,0.0,DEF,IPS,0.25,4.3,0.0,0.0,DEF,IPS,0.0,4.3,9.0,1.0,DEF,IPS,0.0,61.0,4.3,2.0,DEF,IPS,1.0,4.2,31.0,-4.0,DEF,IPS,0.0,0.0,4.2,0.0,DEF,IPS,1.0,4.2,0.0,0.0,2562.0,50.0
268,Delap,FWD,IPS,0.0,5.5,73.0,2.0,FWD,IPS,0.0,5.5,82.0,2.0,FWD,IPS,0.0,5.5,80.0,7.0,FWD,IPS,0.0,5.5,58.0,1.0,FWD,IPS,0.0,5.5,72.0,1.0,FWD,IPS,0.0,5.5,90.0,12.0,FWD,IPS,0.0,5.6,82.0,6.0,FWD,IPS,0.0,5.7,78.0,2.0,FWD,IPS,0.0,5.7,17.0,5.0,FWD,IPS,0.0,5.6,74.0,2.0,FWD,IPS,0.0,5.6,69.0,11.0,FWD,IPS,0.0,5.6,80.0,2.0,FWD,IPS,0.0,5.6,90.0,2.0,FWD,IPS,0.0,5.6,78.0,2.0,FWD,IPS,0.0,5.6,80.0,1.0,FWD,IPS,1.0,5.6,83.0,1.0,FWD,IPS,0.0,5.6,0.0,0.0,FWD,IPS,0.0,5.6,79.0,2.0,FWD,IPS,0.0,5.6,90.0,11.0,FWD,IPS,0.0,5.6,87.0,8.0,FWD,IPS,0.0,5.6,83.0,1.0,FWD,IPS,0.0,72.0,5.6,2.0,FWD,IPS,0.0,5.6,78.0,1.0,FWD,IPS,0.0,5.6,90.0,9.0,FWD,IPS,0.0,5.6,79.0,8.0,FWD,IPS,0.0,5.6,78.0,2.0,FWD,IPS,0.0,5.6,90.0,1.0,FWD,IPS,0.0,5.6,82.0,2.0,FWD,IPS,0.0,5.6,78.0,2.0,FWD,IPS,0.0,5.6,71.0,9.0,FWD,IPS,0.0,5.6,80.0,8.0,FWD,IPS,0.0,19.0,5.6,1.0,FWD,IPS,0.0,5.6,8.0,1.0,FWD,IPS,0.0,70.0,5.6,1.0,FWD,IPS,0.0,5.6,67.0,1.0,2487.0,129.0
269,Edmundson,DEF,IPS,0.0,4.0,0.0,0.0,DEF,IPS,0.0,4.0,1.0,1.0,DEF,IPS,1.0,4.0,0.0,0.0,DEF,IPS,1.0,4.0,0.0,0.0,DEF,IPS,1.0,4.0,0.0,0.0,DEF,IPS,1.0,4.0,0.0,0.0,DEF,IPS,1.0,4.0,0.0,0.0,DEF,IPS,1.0,4.0,0.0,0.0,DEF,IPS,1.0,4.0,0.0,0.0,DEF,IPS,1.0,4.0,0.0,0.0,DEF,IPS,1.0,4.0,0.0,0.0,DEF,IPS,1.0,4.0,0.0,0.0,DEF,IPS,1.0,4.0,0.0,0.0,DEF,IPS,1.0,4.0,0.0,0.0,DEF,IPS,1.0,4.0,0.0,0.0,DEF,IPS,1.0,4.0,0.0,0.0,DEF,IPS,1.0,4.0,0.0,0.0,DEF,IPS,1.0,4.0,0.0,0.0,DEF,IPS,1.0,4.0,0.0,0.0,DEF,IPS,1.0,4.0,0.0,0.0,DEF,IPS,1.0,4.0,0.0,0.0,DEF,IPS,1.0,0.0,4.0,0.0,DEF,IPS,1.0,4.0,0.0,0.0,DEF,IPS,1.0,4.0,0.0,0.0,DEF,IPS,1.0,4.0,0.0,0.0,DEF,IPS,1.0,4.0,0.0,0.0,DEF,IPS,1.0,4.0,0.0,0.0,DEF,IPS,1.0,4.0,0.0,0.0,DEF,IPS,1.0,4.0,0.0,0.0,DEF,IPS,1.0,4.0,0.0,0.0,DEF,IPS,1.0,4.0,0.0,0.0,DEF,IPS,1.0,0.0,4.0,0.0,DEF,IPS,1.0,4.0,0.0,0.0,DEF,IPS,1.0,0.0,4.0,0.0,DEF,IPS,1.0,4.0,0.0,0.0,1.0,1.0
270,Greaves,DEF,IPS,0.0,4.0,90.0,1.0,DEF,IPS,0.0,4.0,90.0,0.0,DEF,IPS,0.0,4.0,90.0,2.0,DEF,IPS,0.0,4.0,90.0,6.0,DEF,IPS,0.0,4.0,90.0,2.0,DEF,IPS,0.0,4.0,90.0,0.0,DEF,IPS,0.0,4.1,90.0,0.0,DEF,IPS,1.0,4.1,0.0,0.0,DEF,IPS,1.0,4.1,0.0,0.0,DEF,IPS,1.0,4.0,0.0,0.0,DEF,IPS,0.25,4.0,0.0,0.0,DEF,IPS,0.25,4.0,0.0,0.0,DEF,IPS,0.0,4.0,0.0,0.0,DEF,IPS,0.0,4.0,90.0,1.0,DEF,IPS,0.0,4.0,0.0,0.0,DEF,IPS,0.0,4.0,0.0,0.0,DEF,IPS,0.0,3.9,0.0,0.0,DEF,IPS,0.0,3.9,90.0,2.0,DEF,IPS,0.0,3.9,90.0,6.0,DEF,IPS,0.0,3.9,90.0,1.0,DEF,IPS,0.0,3.9,90.0,1.0,DEF,IPS,0.0,0.0,3.9,0.0,DEF,IPS,0.0,3.9,90.0,6.0,DEF,IPS,0.0,3.9,90.0,1.0,DEF,IPS,0.0,3.9,90.0,1.0,DEF,IPS,0.0,3.9,90.0,0.0,DEF,IPS,0.0,3.9,90.0,1.0,DEF,IPS,0.0,3.9,90.0,1.0,DEF,IPS,0.0,3.9,45.0,0.0,DEF,IPS,0.0,3.9,0.0,0.0,DEF,IPS,0.0,3.9,0.0,0.0,DEF,IPS,0.0,0.0,3.9,0.0,DEF,IPS,0.0,3.8,90.0,0.0,DEF,IPS,0.0,90.0,3.8,0.0,DEF,IPS,0.0,3.8,90.0,1.0,1935.0,33.0
271,Harness,MID,IPS,0.0,5.0,25.0,1.0,MID,IPS,0.0,5.0,18.0,1.0,MID,IPS,1.0,4.9,0.0,0.0,MID,IPS,1.0,4.9,0.0,0.0,MID,IPS,1.0,4.9,0.0,0.0,MID,IPS,1.0,4.9,0.0,0.0,MID,IPS,1.0,4.9,0.0,0.0,MID,IPS,1.0,4.9,0.0,0.0,MID,IPS,1.0,4.9,0.0,0.0,MID,IPS,1.0,4.9,0.0,0.0,MID,IPS,1.0,4.9,0.0,0.0,MID,IPS,1.0,4.9,0.0,0.0,MID,IPS,1.0,4.9,0.0,0.0,MID,IPS,1.0,4.9,0.0,0.0,MID,IPS,1.0,4.9,0.0,0.0,MID,IPS,1.0,4.9,0.0,0.0,MID,IPS,1.0,4.9,0.0,0.0,MID,IPS,1.0,4.9,0.0,0.0,MID,IPS,1.0,4.9,0.0,0.0,MID,IPS,1.0,4.9,0.0,0.0,MID,IPS,1.0,4.9,0.0,0.0,MID,IPS,1.0,0.0,4.9,0.0,MID,IPS,1.0,4.9,0.0,0.0,MID,IPS,1.0,4.9,0.0,0.0,MID,IPS,1.0,4.9,0.0,0.0,MID,IPS,1.0,4.9,0.0,0.0,MID,IPS,1.0,4.9,0.0,0.0,MID,IPS,1.0,4.9,0.0,0.0,MID,IPS,1.0,4.9,0.0,0.0,MID,IPS,1.0,4.9,0.0,0.0,MID,IPS,1.0,4.9,0.0,0.0,MID,IPS,1.0,0.0,4.9,0.0,MID,IPS,1.0,4.9,0.0,0.0,MID,IPS,1.0,0.0,4.9,0.0,MID,IPS,1.0,4.9,0.0,0.0,43.0,2.0
272,Hirst,FWD,IPS,1.0,5.5,0.0,0.0,FWD,IPS,1.0,5.5,0.0,0.0,FWD,IPS,1.0,5.4,0.0,0.0,FWD,IPS,0.0,5.4,31.0,1.0,FWD,IPS,0.0,5.4,17.0,1.0,FWD,IPS,0.0,5.4,1.0,1.0,FWD,IPS,0.0,5.4,7.0,1.0,FWD,IPS,0.0,5.4,11.0,1.0,FWD,IPS,0.0,5.4,72.0,11.0,FWD,IPS,0.0,5.4,15.0,0.0,FWD,IPS,0.0,5.4,20.0,1.0,FWD,IPS,1.0,5.4,0.0,0.0,FWD,IPS,1.0,5.4,0.0,0.0,FWD,IPS,1.0,5.4,0.0,0.0,FWD,IPS,1.0,5.4,0.0,0.0,FWD,IPS,1.0,5.4,0.0,0.0,FWD,IPS,1.0,5.4,0.0,0.0,FWD,IPS,1.0,5.4,0.0,0.0,FWD,IPS,1.0,5.4,0.0,0.0,FWD,IPS,1.0,5.4,0.0,0.0,FWD,IPS,0.0,5.4,6.0,1.0,FWD,IPS,0.0,17.0,5.4,1.0,FWD,IPS,0.0,5.4,11.0,1.0,FWD,IPS,0.0,5.4,1.0,1.0,FWD,IPS,0.0,5.4,10.0,1.0,FWD,IPS,0.0,5.4,11.0,1.0,FWD,IPS,0.0,5.4,10.0,1.0,FWD,IPS,0.0,5.4,7.0,1.0,FWD,IPS,0.0,5.4,11.0,5.0,FWD,IPS,0.0,5.4,18.0,1.0,FWD,IPS,0.0,5.4,9.0,1.0,FWD,IPS,0.0,70.0,5.4,2.0,FWD,IPS,0.0,5.4,81.0,2.0,FWD,IPS,0.0,19.0,5.4,1.0,FWD,IPS,0.0,5.4,22.0,5.0,477.0,42.0
273,Humphreys,MID,IPS,0.0,4.5,0.0,0.0,MID,IPS,1.0,4.5,0.0,0.0,MID,IPS,1.0,4.5,0.0,0.0,MID,IPS,1.0,4.5,0.0,0.0,MID,IPS,1.0,4.5,0.0,0.0,MID,IPS,1.0,4.5,0.0,0.0,MID,IPS,1.0,4.5,0.0,0.0,MID,IPS,1.0,4.5,0.0,0.0,MID,IPS,1.0,4.5,0.0,0.0,MID,IPS,1.0,4.5,0.0,0.0,MID,IPS,1.0,4.5,0.0,0.0,MID,IPS,1.0,4.5,0.0,0.0,MID,IPS,1.0,4.5,0.0,0.0,MID,IPS,1.0,4.5,0.0,0.0,MID,IPS,1.0,4.5,0.0,0.0,MID,IPS,1.0,4.5,0.0,0.0,MID,IPS,1.0,4.5,0.0,0.0,MID,IPS,1.0,4.5,0.0,0.0,MID,IPS,1.0,4.5,0.0,0.0,MID,IPS,1.0,4.5,0.0,0.0,MID,IPS,1.0,4.5,0.0,0.0,MID,IPS,1.0,0.0,4.5,0.0,MID,IPS,1.0,4.5,0.0,0.0,MID,IPS,1.0,4.5,0.0,0.0,MID,IPS,1.0,4.5,0.0,0.0,MID,IPS,1.0,4.5,0.0,0.0,MID,IPS,1.0,4.5,0.0,0.0,MID,IPS,1.0,4.5,0.0,0.0,MID,IPS,1.0,4.5,0.0,0.0,MID,IPS,1.0,4.5,0.0,0.0,MID,IPS,1.0,4.5,0.0,0.0,MID,IPS,1.0,0.0,4.5,0.0,MID,IPS,1.0,4.5,0.0,0.0,MID,IPS,1.0,0.0,4.5,0.0,MID,IPS,1.0,4.5,0.0,0.0,0.0,0.0
274,Hutchinson,MID,IPS,0.0,5.5,90.0,1.0,MID,IPS,0.0,5.5,88.0,2.0,MID,IPS,0.0,5.5,90.0,2.0,MID,IPS,0.0,5.4,84.0,2.0,MID,IPS,0.0,5.4,90.0,1.0,MID,IPS,0.0,5.3,90.0,6.0,MID,IPS,0.0,5.3,82.0,2.0,MID,IPS,0.0,5.3,90.0,2.0,MID,IPS,0.0,5.3,0.0,0.0,MID,IPS,0.0,5.2,80.0,3.0,MID,IPS,0.0,5.2,90.0,1.0,MID,IPS,0.0,5.2,90.0,9.0,MID,IPS,0.0,5.2,78.0,2.0,MID,IPS,0.0,5.2,90.0,2.0,MID,IPS,0.0,5.2,90.0,2.0,MID,IPS,0.0,5.2,90.0,2.0,MID,IPS,0.0,5.2,45.0,1.0,MID,IPS,0.0,5.2,90.0,2.0,MID,IPS,0.0,5.2,90.0,9.0,MID,IPS,1.0,5.2,0.0,0.0,MID,IPS,0.0,5.2,90.0,2.0,MID,IPS,0.0,72.0,5.2,2.0,MID,IPS,0.0,5.2,78.0,2.0,MID,IPS,0.0,5.2,90.0,2.0,MID,IPS,0.0,5.2,90.0,4.0,MID,IPS,0.0,5.2,90.0,9.0,MID,IPS,0.75,5.2,65.0,2.0,MID,IPS,0.0,5.2,23.0,1.0,MID,IPS,0.0,5.2,90.0,2.0,MID,IPS,0.25,5.2,0.0,0.0,MID,IPS,0.25,5.2,0.0,0.0,MID,IPS,0.0,0.0,5.2,0.0,MID,IPS,0.5,5.2,0.0,0.0,MID,IPS,0.0,0.0,5.2,0.0,MID,IPS,0.0,5.2,90.0,5.0,2315.0,82.0
275,Ben Johnson,DEF,IPS,0.0,4.0,33.0,0.0,DEF,IPS,0.0,4.0,90.0,3.0,DEF,IPS,0.0,4.0,0.0,0.0,DEF,IPS,0.0,4.0,0.0,0.0,DEF,IPS,0.0,4.0,8.0,1.0,DEF,IPS,0.0,4.0,0.0,0.0,DEF,IPS,0.0,4.0,90.0,0.0,DEF,IPS,0.75,4.0,0.0,0.0,DEF,IPS,0.5,4.0,0.0,0.0,DEF,IPS,0.0,4.0,90.0,2.0,DEF,IPS,0.0,4.0,90.0,1.0,DEF,IPS,0.25,4.0,0.0,0.0,DEF,IPS,0.25,4.0,0.0,0.0,DEF,IPS,0.0,4.0,0.0,0.0,DEF,IPS,0.0,3.9,90.0,1.0,DEF,IPS,0.0,3.9,6.0,1.0,DEF,IPS,0.0,3.9,12.0,1.0,DEF,IPS,0.0,3.9,79.0,2.0,DEF,IPS,0.0,3.9,4.0,1.0,DEF,IPS,0.0,3.9,79.0,1.0,DEF,IPS,0.0,3.9,0.0,0.0,DEF,IPS,0.0,90.0,3.9,-1.0,DEF,IPS,0.0,3.9,61.0,1.0,DEF,IPS,0.0,3.9,0.0,0.0,DEF,IPS,0.0,3.9,90.0,2.0,DEF,IPS,0.0,3.9,0.0,0.0,DEF,IPS,0.0,3.9,10.0,0.0,DEF,IPS,0.0,3.9,23.0,1.0,DEF,IPS,0.0,3.9,0.0,0.0,DEF,IPS,0.0,3.9,90.0,2.0,DEF,IPS,0.0,3.9,90.0,1.0,DEF,IPS,0.0,90.0,3.9,12.0,DEF,IPS,0.0,3.8,90.0,0.0,DEF,IPS,0.0,36.0,3.8,-3.0,DEF,IPS,0.0,3.8,0.0,0.0,1341.0,29.0
276,Ladapo,FWD,IPS,0.0,4.5,0.0,0.0,FWD,IPS,0.0,4.5,0.0,0.0,FWD,IPS,1.0,4.5,0.0,0.0,FWD,IPS,1.0,4.5,0.0,0.0,FWD,IPS,1.0,4.5,0.0,0.0,FWD,IPS,1.0,4.5,0.0,0.0,FWD,IPS,1.0,4.5,0.0,0.0,FWD,IPS,1.0,4.5,0.0,0.0,FWD,IPS,1.0,4.5,0.0,0.0,FWD,IPS,1.0,4.5,0.0,0.0,FWD,IPS,1.0,4.5,0.0,0.0,FWD,IPS,1.0,4.5,0.0,0.0,FWD,IPS,1.0,4.5,0.0,0.0,FWD,IPS,1.0,4.5,0.0,0.0,FWD,IPS,1.0,4.5,0.0,0.0,FWD,IPS,1.0,4.5,0.0,0.0,FWD,IPS,1.0,4.5,0.0,0.0,FWD,IPS,1.0,4.5,0.0,0.0,FWD,IPS,1.0,4.5,0.0,0.0,FWD,IPS,1.0,4.5,0.0,0.0,FWD,IPS,1.0,4.5,0.0,0.0,FWD,IPS,1.0,0.0,4.5,0.0,FWD,IPS,1.0,4.5,0.0,0.0,FWD,IPS,1.0,4.5,0.0,0.0,FWD,IPS,1.0,4.5,0.0,0.0,FWD,IPS,1.0,4.5,0.0,0.0,FWD,IPS,1.0,4.5,0.0,0.0,FWD,IPS,1.0,4.5,0.0,0.0,FWD,IPS,1.0,4.5,0.0,0.0,FWD,IPS,1.0,4.5,0.0,0.0,FWD,IPS,1.0,4.5,0.0,0.0,FWD,IPS,1.0,0.0,4.5,0.0,FWD,IPS,1.0,4.5,0.0,0.0,FWD,IPS,1.0,0.0,4.5,0.0,FWD,IPS,1.0,4.5,0.0,0.0,0.0,0.0
277,Luongo,MID,IPS,0.0,4.5,64.0,2.0,MID,IPS,0.0,4.5,71.0,2.0,MID,IPS,0.0,4.5,0.0,0.0,MID,IPS,0.0,4.5,6.0,1.0,MID,IPS,0.0,4.5,0.0,0.0,MID,IPS,0.0,4.5,1.0,1.0,MID,IPS,0.0,4.5,0.0,0.0,MID,IPS,1.0,4.5,0.0,0.0,MID,IPS,1.0,4.5,0.0,0.0,MID,IPS,0.0,4.5,0.0,0.0,MID,IPS,0.0,4.5,1.0,1.0,MID,IPS,0.0,4.5,0.0,0.0,MID,IPS,0.0,4.5,0.0,0.0,MID,IPS,0.0,4.4,0.0,0.0,MID,IPS,0.0,4.4,0.0,0.0,MID,IPS,0.0,4.4,0.0,0.0,MID,IPS,0.0,4.4,0.0,0.0,MID,IPS,0.25,4.4,0.0,0.0,MID,IPS,0.25,4.4,0.0,0.0,MID,IPS,0.5,4.4,0.0,0.0,MID,IPS,0.0,4.4,0.0,0.0,MID,IPS,0.0,26.0,4.4,1.0,MID,IPS,0.0,4.4,0.0,0.0,MID,IPS,0.0,4.4,0.0,0.0,MID,IPS,0.0,4.4,10.0,1.0,MID,IPS,0.0,4.4,0.0,0.0,MID,IPS,0.0,4.4,0.0,0.0,MID,IPS,0.0,4.4,0.0,0.0,MID,IPS,0.0,4.4,0.0,0.0,MID,IPS,0.0,4.4,0.0,0.0,MID,IPS,0.0,4.3,0.0,0.0,MID,IPS,0.0,0.0,4.3,0.0,MID,IPS,0.0,4.3,8.0,1.0,MID,IPS,0.0,4.0,4.3,1.0,MID,IPS,0.0,4.3,0.0,0.0,191.0,11.0
278,Morsy,MID,IPS,0.0,5.0,90.0,2.0,MID,IPS,0.0,5.0,90.0,1.0,MID,IPS,0.0,4.9,90.0,1.0,MID,IPS,0.0,4.9,83.0,2.0,MID,IPS,0.0,4.9,90.0,9.0,MID,IPS,0.0,4.9,90.0,1.0,MID,IPS,0.0,4.9,90.0,2.0,MID,IPS,0.0,4.9,90.0,2.0,MID,IPS,0.25,4.9,0.0,0.0,MID,IPS,0.0,4.9,90.0,8.0,MID,IPS,0.0,4.9,90.0,2.0,MID,IPS,0.0,4.9,90.0,2.0,MID,IPS,0.0,4.9,90.0,2.0,MID,IPS,0.0,4.9,90.0,2.0,MID,IPS,0.0,4.9,90.0,2.0,MID,IPS,0.0,4.9,90.0,2.0,MID,IPS,1.0,4.9,90.0,1.0,MID,IPS,0.0,4.9,0.0,0.0,MID,IPS,0.0,4.9,90.0,2.0,MID,IPS,0.0,4.9,90.0,1.0,MID,IPS,0.0,4.9,19.0,1.0,MID,IPS,0.0,90.0,4.9,2.0,MID,IPS,0.0,4.9,90.0,2.0,MID,IPS,0.0,4.9,90.0,2.0,MID,IPS,0.25,4.9,0.0,0.0,MID,IPS,0.0,4.8,10.0,1.0,MID,IPS,0.0,4.8,65.0,-1.0,MID,IPS,0.0,4.8,0.0,0.0,MID,IPS,0.0,4.8,0.0,0.0,MID,IPS,0.0,4.8,81.0,2.0,MID,IPS,0.0,4.8,90.0,2.0,MID,IPS,0.0,90.0,4.8,1.0,MID,IPS,0.0,4.8,90.0,2.0,MID,IPS,0.0,90.0,4.8,2.0,MID,IPS,0.0,4.8,67.0,1.0,2485.0,61.0
279,Ndaba,DEF,IPS,1.0,4.0,0.0,0.0,DEF,IPS,1.0,4.0,0.0,0.0,DEF,IPS,1.0,4.0,0.0,0.0,DEF,IPS,1.0,4.0,0.0,0.0,DEF,IPS,1.0,4.0,0.0,0.0,DEF,IPS,1.0,4.0,0.0,0.0,DEF,IPS,1.0,4.0,0.0,0.0,DEF,IPS,1.0,4.0,0.0,0.0,DEF,IPS,1.0,4.0,0.0,0.0,DEF,IPS,1.0,4.0,0.0,0.0,DEF,IPS,1.0,4.0,0.0,0.0,DEF,IPS,1.0,4.0,0.0,0.0,DEF,IPS,1.0,4.0,0.0,0.0,DEF,IPS,1.0,4.0,0.0,0.0,DEF,IPS,1.0,4.0,0.0,0.0,DEF,IPS,1.0,4.0,0.0,0.0,DEF,IPS,1.0,4.0,0.0,0.0,DEF,IPS,1.0,4.0,0.0,0.0,DEF,IPS,1.0,4.0,0.0,0.0,DEF,IPS,1.0,4.0,0.0,0.0,DEF,IPS,1.0,4.0,0.0,0.0,DEF,IPS,1.0,0.0,4.0,0.0,DEF,IPS,1.0,4.0,0.0,0.0,DEF,IPS,1.0,4.0,0.0,0.0,DEF,IPS,1.0,4.0,0.0,0.0,DEF,IPS,1.0,4.0,0.0,0.0,DEF,IPS,1.0,4.0,0.0,0.0,DEF,IPS,1.0,4.0,0.0,0.0,DEF,IPS,1.0,4.0,0.0,0.0,DEF,IPS,1.0,4.0,0.0,0.0,DEF,IPS,1.0,4.0,0.0,0.0,DEF,IPS,1.0,0.0,4.0,0.0,DEF,IPS,1.0,4.0,0.0,0.0,DEF,IPS,1.0,0.0,4.0,0.0,DEF,IPS,1.0,4.0,0.0,0.0,0.0,0.0
280,Slicker,GKP,IPS,0.0,4.0,0.0,0.0,GKP,IPS,0.0,4.0,0.0,0.0,GKP,IPS,0.0,4.0,0.0,0.0,GKP,IPS,0.0,4.0,0.0,0.0,GKP,IPS,0.0,4.0,0.0,0.0,GKP,IPS,0.0,4.0,0.0,0.0,GKP,IPS,0.0,4.0,0.0,0.0,GKP,IPS,0.0,4.0,0.0,0.0,GKP,IPS,0.0,4.0,0.0,0.0,GKP,IPS,0.0,4.0,0.0,0.0,GKP,IPS,0.0,4.0,0.0,0.0,GKP,IPS,0.0,4.0,0.0,0.0,GKP,IPS,0.0,4.0,0.0,0.0,GKP,IPS,0.0,4.0,0.0,0.0,GKP,IPS,0.0,4.0,0.0,0.0,GKP,IPS,0.0,4.0,0.0,0.0,GKP,IPS,0.0,4.0,0.0,0.0,GKP,IPS,0.0,4.0,0.0,0.0,GKP,IPS,0.0,3.9,0.0,0.0,GKP,IPS,0.0,3.9,0.0,0.0,GKP,IPS,0.0,3.9,0.0,0.0,GKP,IPS,0.0,0.0,3.9,0.0,GKP,IPS,0.0,3.9,0.0,0.0,GKP,IPS,0.0,3.9,0.0,0.0,GKP,IPS,0.0,3.9,0.0,0.0,GKP,IPS,0.0,3.9,0.0,0.0,GKP,IPS,0.0,3.9,0.0,0.0,GKP,IPS,0.0,3.9,0.0,0.0,GKP,IPS,0.0,3.9,0.0,0.0,GKP,IPS,0.0,3.9,0.0,0.0,GKP,IPS,0.0,3.9,0.0,0.0,GKP,IPS,0.0,0.0,3.9,0.0,GKP,IPS,0.0,3.9,0.0,0.0,GKP,IPS,0.0,0.0,3.9,0.0,GKP,IPS,0.0,3.9,0.0,0.0,0.0,0.0
281,J. Taylor,MID,IPS,0.0,5.0,25.0,1.0,MID,IPS,0.0,5.0,18.0,1.0,MID,IPS,0.0,4.9,0.0,0.0,MID,IPS,0.0,4.9,0.0,0.0,MID,IPS,0.0,4.9,29.0,0.0,MID,IPS,0.0,4.9,21.0,1.0,MID,IPS,0.0,4.8,16.0,1.0,MID,IPS,0.0,4.8,19.0,0.0,MID,IPS,0.25,4.8,0.0,0.0,MID,IPS,1.0,4.8,0.0,0.0,MID,IPS,0.25,4.8,0.0,0.0,MID,IPS,0.0,4.8,25.0,1.0,MID,IPS,0.0,4.8,16.0,1.0,MID,IPS,0.0,4.8,24.0,1.0,MID,IPS,0.0,4.8,90.0,2.0,MID,IPS,0.0,4.8,15.0,6.0,MID,IPS,0.0,4.8,28.0,1.0,MID,IPS,0.0,4.8,10.0,1.0,MID,IPS,0.0,4.8,1.0,1.0,MID,IPS,0.0,4.8,18.0,1.0,MID,IPS,0.0,4.8,19.0,1.0,MID,IPS,0.0,17.0,4.8,1.0,MID,IPS,0.0,4.8,0.0,0.0,MID,IPS,0.0,4.8,13.0,1.0,MID,IPS,0.0,4.8,1.0,1.0,MID,IPS,0.0,4.8,38.0,1.0,MID,IPS,0.0,4.8,24.0,1.0,MID,IPS,0.0,4.8,7.0,1.0,MID,IPS,0.0,4.8,4.0,1.0,MID,IPS,0.0,4.8,18.0,1.0,MID,IPS,0.0,4.8,25.0,1.0,MID,IPS,0.0,14.0,4.8,1.0,MID,IPS,0.0,4.8,45.0,1.0,MID,IPS,0.0,85.0,4.8,2.0,MID,IPS,0.0,4.8,81.0,2.0,746.0,35.0
282,Tuanzebe,DEF,IPS,0.0,4.0,73.0,1.0,DEF,IPS,0.0,4.0,88.0,0.0,DEF,IPS,0.0,4.0,90.0,2.0,DEF,IPS,0.0,4.0,90.0,6.0,DEF,IPS,0.0,4.0,81.0,2.0,DEF,IPS,0.0,4.0,90.0,0.0,DEF,IPS,0.25,4.0,0.0,0.0,DEF,IPS,1.0,4.0,0.0,0.0,DEF,IPS,1.0,4.0,0.0,0.0,DEF,IPS,1.0,4.0,0.0,0.0,DEF,IPS,0.0,4.0,90.0,1.0,DEF,IPS,0.0,4.0,90.0,2.0,DEF,IPS,0.25,4.0,78.0,1.0,DEF,IPS,1.0,4.0,0.0,0.0,DEF,IPS,1.0,4.0,0.0,0.0,DEF,IPS,1.0,4.0,0.0,0.0,DEF,IPS,1.0,4.0,0.0,0.0,DEF,IPS,1.0,3.9,0.0,0.0,DEF,IPS,1.0,3.9,0.0,0.0,DEF,IPS,1.0,3.9,0.0,0.0,DEF,IPS,1.0,3.9,0.0,0.0,DEF,IPS,1.0,26.0,3.9,1.0,DEF,IPS,0.0,3.9,90.0,0.0,DEF,IPS,0.0,3.9,90.0,1.0,DEF,IPS,1.0,3.9,39.0,-2.0,DEF,IPS,0.0,3.9,0.0,0.0,DEF,IPS,0.0,3.9,80.0,4.0,DEF,IPS,1.0,3.9,0.0,0.0,DEF,IPS,1.0,3.9,0.0,0.0,DEF,IPS,0.0,3.9,90.0,2.0,DEF,IPS,0.0,3.9,80.0,2.0,DEF,IPS,1.0,90.0,3.9,-1.0,DEF,IPS,0.0,3.9,90.0,0.0,DEF,IPS,1.0,0.0,3.9,0.0,DEF,IPS,0.0,3.9,1.0,1.0,1446.0,23.0
283,Walton,GKP,IPS,0.0,4.5,90.0,2.0,GKP,IPS,0.0,4.5,0.0,0.0,GKP,IPS,0.0,4.5,0.0,0.0,GKP,IPS,0.0,4.5,0.0,0.0,GKP,IPS,0.0,4.5,0.0,0.0,GKP,IPS,0.0,4.4,0.0,0.0,GKP,IPS,0.0,4.4,0.0,0.0,GKP,IPS,0.0,4.4,0.0,0.0,GKP,IPS,0.0,4.4,0.0,0.0,GKP,IPS,0.0,4.4,0.0,0.0,GKP,IPS,0.0,4.4,0.0,0.0,GKP,IPS,0.0,4.4,0.0,0.0,GKP,IPS,0.0,4.3,0.0,0.0,GKP,IPS,0.0,4.3,0.0,0.0,GKP,IPS,0.0,4.3,0.0,0.0,GKP,IPS,0.0,4.3,0.0,0.0,GKP,IPS,0.0,4.3,0.0,0.0,GKP,IPS,0.0,4.3,0.0,0.0,GKP,IPS,0.0,4.3,90.0,9.0,GKP,IPS,0.0,4.3,90.0,1.0,GKP,IPS,0.0,4.3,90.0,2.0,GKP,IPS,0.0,90.0,4.3,0.0,GKP,IPS,0.0,4.3,90.0,0.0,GKP,IPS,1.0,4.3,0.0,0.0,GKP,IPS,1.0,4.3,0.0,0.0,GKP,IPS,1.0,4.3,0.0,0.0,GKP,IPS,1.0,4.3,0.0,0.0,GKP,IPS,0.0,4.3,0.0,0.0,GKP,IPS,0.0,4.3,0.0,0.0,GKP,IPS,0.0,4.3,0.0,0.0,GKP,IPS,0.0,4.3,0.0,0.0,GKP,IPS,0.0,0.0,4.3,0.0,GKP,IPS,0.0,4.3,0.0,0.0,GKP,IPS,0.0,0.0,4.3,0.0,GKP,IPS,0.0,4.3,0.0,0.0,540.0,14.0
284,Woolfenden,DEF,IPS,0.0,4.0,90.0,0.0,DEF,IPS,0.0,4.0,90.0,0.0,DEF,IPS,0.0,4.0,90.0,2.0,DEF,IPS,0.0,4.0,0.0,0.0,DEF,IPS,0.0,4.0,0.0,0.0,DEF,IPS,0.0,4.0,0.0,0.0,DEF,IPS,0.0,4.0,0.0,0.0,DEF,IPS,0.0,4.0,90.0,1.0,DEF,IPS,0.0,4.0,17.0,1.0,DEF,IPS,0.0,4.0,0.0,0.0,DEF,IPS,0.0,4.0,0.0,0.0,DEF,IPS,0.0,4.0,0.0,0.0,DEF,IPS,0.0,4.0,0.0,0.0,DEF,IPS,0.0,4.0,0.0,0.0,DEF,IPS,0.0,4.0,0.0,0.0,DEF,IPS,0.0,4.0,0.0,0.0,DEF,IPS,0.0,4.0,0.0,0.0,DEF,IPS,0.0,4.0,90.0,2.0,DEF,IPS,0.0,4.0,90.0,6.0,DEF,IPS,0.0,4.0,90.0,1.0,DEF,IPS,0.0,4.0,90.0,0.0,DEF,IPS,0.0,0.0,4.0,0.0,DEF,IPS,0.0,4.0,0.0,0.0,DEF,IPS,0.0,4.0,0.0,0.0,DEF,IPS,0.0,4.0,45.0,1.0,DEF,IPS,0.0,4.0,45.0,0.0,DEF,IPS,0.0,3.9,0.0,0.0,DEF,IPS,0.0,3.9,90.0,2.0,DEF,IPS,0.0,3.9,90.0,0.0,DEF,IPS,0.0,3.9,0.0,0.0,DEF,IPS,0.0,3.9,0.0,0.0,DEF,IPS,0.0,0.0,3.9,0.0,DEF,IPS,0.0,3.9,0.0,0.0,DEF,IPS,0.0,90.0,3.9,1.0,DEF,IPS,0.0,3.9,90.0,1.0,1187.0,18.0
285,B.Soumaré,MID,LEI,0.0,4.5,11.0,1.0,MID,LEI,0.0,4.5,0.0,0.0,MID,LEI,0.0,4.5,0.0,0.0,MID,LEI,0.0,4.5,0.0,0.0,MID,LEI,0.0,4.5,0.0,0.0,MID,LEI,0.0,4.5,0.0,0.0,MID,LEI,0.0,4.5,2.0,0.0,MID,LEI,0.0,4.4,0.0,0.0,MID,LEI,0.0,4.4,16.0,0.0,MID,LEI,0.0,4.4,19.0,1.0,MID,LEI,0.0,4.4,90.0,2.0,MID,LEI,0.0,4.4,90.0,1.0,MID,LEI,0.0,4.4,63.0,2.0,MID,LEI,0.0,4.4,90.0,1.0,MID,LEI,1.0,4.4,90.0,1.0,MID,LEI,0.0,4.4,0.0,0.0,MID,LEI,0.0,4.4,90.0,1.0,MID,LEI,0.0,4.4,90.0,2.0,MID,LEI,0.0,4.4,90.0,1.0,MID,LEI,0.0,4.4,90.0,1.0,MID,LEI,0.0,4.4,90.0,2.0,MID,LEI,0.0,90.0,4.4,2.0,MID,LEI,0.0,4.4,90.0,2.0,MID,LEI,0.0,4.4,90.0,2.0,MID,LEI,0.0,4.4,90.0,2.0,MID,LEI,0.0,4.4,90.0,2.0,MID,LEI,0.0,4.4,60.0,2.0,MID,LEI,0.0,4.4,65.0,2.0,MID,LEI,0.0,4.4,63.0,2.0,MID,LEI,0.0,4.4,75.0,2.0,MID,LEI,0.0,4.4,90.0,2.0,MID,LEI,0.0,90.0,4.4,2.0,MID,LEI,0.0,4.4,90.0,2.0,MID,LEI,0.0,45.0,4.4,1.0,MID,LEI,0.0,4.4,6.0,1.0,1955.0,42.0
286,Cannon,FWD,LEI,0.0,4.5,0.0,0.0,FWD,LEI,0.0,4.5,0.0,0.0,FWD,LEI,1.0,4.5,0.0,0.0,FWD,LEI,1.0,4.5,0.0,0.0,FWD,LEI,1.0,4.5,0.0,0.0,FWD,LEI,1.0,4.5,0.0,0.0,FWD,LEI,1.0,4.5,0.0,0.0,FWD,LEI,1.0,4.5,0.0,0.0,FWD,LEI,1.0,4.5,0.0,0.0,FWD,LEI,1.0,4.5,0.0,0.0,FWD,LEI,1.0,4.5,0.0,0.0,FWD,LEI,1.0,4.5,0.0,0.0,FWD,LEI,1.0,4.5,0.0,0.0,FWD,LEI,1.0,4.5,0.0,0.0,FWD,LEI,1.0,4.5,0.0,0.0,FWD,LEI,1.0,4.5,0.0,0.0,FWD,LEI,1.0,4.5,0.0,0.0,FWD,LEI,1.0,4.5,0.0,0.0,FWD,LEI,1.0,4.5,0.0,0.0,FWD,LEI,1.0,4.5,0.0,0.0,FWD,LEI,1.0,4.5,0.0,0.0,FWD,LEI,1.0,0.0,4.5,0.0,FWD,LEI,1.0,4.5,0.0,0.0,FWD,LEI,1.0,4.5,0.0,0.0,FWD,LEI,1.0,4.5,0.0,0.0,FWD,LEI,1.0,4.5,0.0,0.0,FWD,LEI,1.0,4.5,0.0,0.0,FWD,LEI,1.0,4.5,0.0,0.0,FWD,LEI,1.0,4.5,0.0,0.0,FWD,LEI,1.0,4.5,0.0,0.0,FWD,LEI,1.0,4.5,0.0,0.0,FWD,LEI,1.0,0.0,4.5,0.0,FWD,LEI,1.0,4.5,0.0,0.0,FWD,LEI,1.0,0.0,4.5,0.0,FWD,LEI,1.0,4.5,0.0,0.0,0.0,0.0
287,Choudhury,MID,LEI,0.0,4.5,0.0,0.0,MID,LEI,0.0,4.5,0.0,0.0,MID,LEI,0.0,4.5,0.0,0.0,MID,LEI,0.0,4.5,14.0,1.0,MID,LEI,0.0,4.5,0.0,0.0,MID,LEI,0.0,4.4,0.0,0.0,MID,LEI,1.0,4.4,0.0,0.0,MID,LEI,1.0,4.4,0.0,0.0,MID,LEI,1.0,4.4,0.0,0.0,MID,LEI,0.25,4.4,0.0,0.0,MID,LEI,0.0,4.4,0.0,0.0,MID,LEI,0.0,4.4,0.0,0.0,MID,LEI,0.0,4.4,0.0,0.0,MID,LEI,0.0,4.3,0.0,0.0,MID,LEI,0.0,4.3,0.0,0.0,MID,LEI,0.0,4.3,58.0,1.0,MID,LEI,0.0,4.3,37.0,1.0,MID,LEI,0.0,4.3,0.0,0.0,MID,LEI,0.0,4.3,20.0,1.0,MID,LEI,0.0,4.3,0.0,0.0,MID,LEI,0.0,4.3,0.0,0.0,MID,LEI,0.0,0.0,4.3,0.0,MID,LEI,0.0,4.4,0.0,0.0,MID,LEI,1.0,4.4,0.0,0.0,MID,LEI,1.0,4.4,0.0,0.0,MID,LEI,1.0,4.4,0.0,0.0,MID,LEI,1.0,4.4,0.0,0.0,MID,LEI,1.0,4.4,0.0,0.0,MID,LEI,1.0,4.4,0.0,0.0,MID,LEI,1.0,4.4,0.0,0.0,MID,LEI,1.0,4.4,0.0,0.0,MID,LEI,0.0,0.0,4.4,0.0,MID,LEI,1.0,4.4,0.0,0.0,MID,LEI,0.0,0.0,4.4,0.0,MID,LEI,1.0,4.4,0.0,0.0,129.0,4.0
288,Coady,DEF,LEI,1.0,4.0,0.0,0.0,DEF,LEI,1.0,4.0,0.0,0.0,DEF,LEI,0.0,4.0,0.0,0.0,DEF,LEI,0.0,4.0,7.0,0.0,DEF,LEI,0.0,4.0,0.0,0.0,DEF,LEI,0.0,4.0,0.0,0.0,DEF,LEI,0.0,4.0,0.0,0.0,DEF,LEI,0.0,4.0,0.0,0.0,DEF,LEI,0.0,4.0,0.0,0.0,DEF,LEI,0.0,4.0,0.0,0.0,DEF,LEI,0.0,4.0,0.0,0.0,DEF,LEI,0.0,4.0,0.0,0.0,DEF,LEI,0.0,4.0,90.0,0.0,DEF,LEI,0.0,4.0,90.0,2.0,DEF,LEI,0.0,4.0,90.0,1.0,DEF,LEI,0.0,4.0,90.0,0.0,DEF,LEI,0.0,4.0,90.0,1.0,DEF,LEI,0.0,4.0,90.0,1.0,DEF,LEI,0.0,4.0,84.0,1.0,DEF,LEI,0.0,4.0,81.0,1.0,DEF,LEI,0.0,4.0,0.0,0.0,DEF,LEI,0.0,0.0,4.0,0.0,DEF,LEI,0.0,4.0,3.0,1.0,DEF,LEI,0.0,4.0,0.0,0.0,DEF,LEI,0.0,4.0,0.0,0.0,DEF,LEI,0.0,4.0,7.0,1.0,DEF,LEI,0.0,4.0,0.0,0.0,DEF,LEI,0.0,4.0,90.0,2.0,DEF,LEI,0.0,4.0,90.0,1.0,DEF,LEI,0.0,4.0,90.0,1.0,DEF,LEI,0.0,4.0,90.0,1.0,DEF,LEI,0.0,90.0,4.0,0.0,DEF,LEI,0.0,4.0,90.0,2.0,DEF,LEI,0.0,90.0,4.0,1.0,DEF,LEI,0.0,4.0,90.0,8.0,1442.0,25.0
289,Daka,FWD,LEI,1.0,5.0,0.0,0.0,FWD,LEI,1.0,4.9,0.0,0.0,FWD,LEI,1.0,4.9,0.0,0.0,FWD,LEI,1.0,4.9,0.0,0.0,FWD,LEI,1.0,4.9,0.0,0.0,FWD,LEI,1.0,4.9,0.0,0.0,FWD,LEI,1.0,4.8,0.0,0.0,FWD,LEI,1.0,4.8,0.0,0.0,FWD,LEI,1.0,4.8,0.0,0.0,FWD,LEI,0.25,4.8,0.0,0.0,FWD,LEI,0.25,4.8,0.0,0.0,FWD,LEI,0.0,4.8,11.0,1.0,FWD,LEI,0.0,4.8,26.0,1.0,FWD,LEI,0.0,4.8,30.0,7.0,FWD,LEI,0.0,4.8,9.0,1.0,FWD,LEI,0.0,4.8,31.0,1.0,FWD,LEI,0.0,4.8,0.0,0.0,FWD,LEI,0.0,4.8,90.0,2.0,FWD,LEI,0.0,4.8,5.0,1.0,FWD,LEI,0.0,4.8,8.0,1.0,FWD,LEI,0.0,4.8,24.0,1.0,FWD,LEI,0.0,19.0,4.8,1.0,FWD,LEI,0.0,4.8,13.0,1.0,FWD,LEI,0.0,4.8,30.0,1.0,FWD,LEI,0.0,4.8,5.0,1.0,FWD,LEI,0.0,4.8,0.0,0.0,FWD,LEI,0.0,4.8,3.0,1.0,FWD,LEI,0.0,4.8,83.0,2.0,FWD,LEI,0.0,4.8,63.0,2.0,FWD,LEI,0.0,4.8,79.0,2.0,FWD,LEI,0.0,4.8,45.0,1.0,FWD,LEI,0.0,29.0,4.8,1.0,FWD,LEI,0.0,4.8,28.0,1.0,FWD,LEI,0.0,0.0,4.8,0.0,FWD,LEI,0.0,4.8,5.0,1.0,636.0,31.0
290,De Cordova-Reid,MID,LEI,0.0,5.5,85.0,2.0,MID,LEI,0.0,5.5,62.0,2.0,MID,LEI,0.0,5.4,1.0,1.0,MID,LEI,0.0,5.4,0.0,0.0,MID,LEI,0.0,5.3,0.0,0.0,MID,LEI,0.0,5.3,1.0,1.0,MID,LEI,0.0,5.3,8.0,1.0,MID,LEI,0.0,5.2,2.0,1.0,MID,LEI,0.0,5.2,0.0,0.0,MID,LEI,0.5,5.2,0.0,0.0,MID,LEI,0.5,5.2,0.0,0.0,MID,LEI,0.0,5.2,11.0,4.0,MID,LEI,0.0,5.2,10.0,1.0,MID,LEI,0.0,5.2,16.0,1.0,MID,LEI,0.0,5.2,28.0,11.0,MID,LEI,0.0,5.2,8.0,1.0,MID,LEI,0.0,5.2,36.0,1.0,MID,LEI,0.0,5.2,3.0,1.0,MID,LEI,0.0,5.2,0.0,0.0,MID,LEI,0.0,5.2,1.0,1.0,MID,LEI,0.0,5.2,0.0,0.0,MID,LEI,0.0,0.0,5.2,0.0,MID,LEI,0.0,5.2,85.0,7.0,MID,LEI,0.0,5.2,75.0,2.0,MID,LEI,0.0,5.2,84.0,2.0,MID,LEI,0.0,5.2,45.0,0.0,MID,LEI,0.0,5.2,60.0,2.0,MID,LEI,0.0,5.2,7.0,1.0,MID,LEI,0.0,5.2,0.0,0.0,MID,LEI,0.0,5.2,0.0,0.0,MID,LEI,0.0,5.2,0.0,0.0,MID,LEI,0.0,1.0,5.2,1.0,MID,LEI,0.0,5.2,60.0,3.0,MID,LEI,0.0,45.0,5.2,1.0,MID,LEI,1.0,5.2,0.0,0.0,734.0,48.0
291,Faes,DEF,LEI,0.0,4.0,90.0,1.0,DEF,LEI,0.0,4.0,90.0,7.0,DEF,LEI,0.0,4.1,90.0,1.0,DEF,LEI,0.0,4.1,90.0,1.0,DEF,LEI,0.0,4.1,90.0,2.0,DEF,LEI,0.0,4.1,90.0,0.0,DEF,LEI,0.0,4.1,90.0,6.0,DEF,LEI,0.0,4.2,90.0,1.0,DEF,LEI,0.0,4.2,90.0,1.0,DEF,LEI,0.0,4.2,90.0,2.0,DEF,LEI,0.0,4.2,90.0,1.0,DEF,LEI,0.0,4.1,90.0,0.0,DEF,LEI,0.0,4.1,90.0,0.0,DEF,LEI,0.0,4.1,30.0,1.0,DEF,LEI,0.0,4.1,9.0,1.0,DEF,LEI,0.0,4.1,0.0,0.0,DEF,LEI,0.0,4.0,45.0,1.0,DEF,LEI,0.5,4.0,0.0,0.0,DEF,LEI,0.5,4.0,0.0,0.0,DEF,LEI,0.0,4.0,28.0,1.0,DEF,LEI,0.0,4.0,90.0,1.0,DEF,LEI,0.0,90.0,4.0,0.0,DEF,LEI,0.0,3.9,90.0,2.0,DEF,LEI,0.0,3.9,90.0,0.0,DEF,LEI,0.0,3.9,90.0,1.0,DEF,LEI,0.0,3.9,90.0,0.0,DEF,LEI,0.0,3.9,90.0,1.0,DEF,LEI,0.0,3.9,90.0,2.0,DEF,LEI,0.0,3.9,90.0,1.0,DEF,LEI,0.0,3.9,90.0,1.0,DEF,LEI,0.25,3.9,90.0,1.0,DEF,LEI,0.0,0.0,3.9,0.0,DEF,LEI,0.0,3.8,90.0,2.0,DEF,LEI,0.0,90.0,3.8,0.0,DEF,LEI,0.0,3.8,90.0,7.0,2542.0,46.0
292,Golding,MID,LEI,0.0,4.5,0.0,0.0,MID,LEI,0.0,4.5,0.0,0.0,MID,LEI,0.0,4.5,0.0,0.0,MID,LEI,0.0,4.5,0.0,0.0,MID,LEI,0.0,4.5,0.0,0.0,MID,LEI,0.0,4.5,0.0,0.0,MID,LEI,0.0,4.4,0.0,0.0,MID,LEI,0.0,4.4,0.0,0.0,MID,LEI,0.0,4.4,0.0,0.0,MID,LEI,0.0,4.4,0.0,0.0,MID,LEI,0.0,4.4,0.0,0.0,MID,LEI,0.0,4.4,0.0,0.0,MID,LEI,0.0,4.4,0.0,0.0,MID,LEI,0.0,4.4,0.0,0.0,MID,LEI,0.0,4.4,0.0,0.0,MID,LEI,0.0,4.4,0.0,0.0,MID,LEI,0.0,4.4,0.0,0.0,MID,LEI,0.0,4.4,0.0,0.0,MID,LEI,0.0,4.4,0.0,0.0,MID,LEI,0.0,4.4,0.0,0.0,MID,LEI,0.0,4.4,0.0,0.0,MID,LEI,0.0,0.0,4.4,0.0,MID,LEI,0.0,4.4,0.0,0.0,MID,LEI,0.0,4.4,0.0,0.0,MID,LEI,0.0,4.4,0.0,0.0,MID,LEI,0.0,4.4,0.0,0.0,MID,LEI,0.0,4.4,0.0,0.0,MID,LEI,0.0,4.4,0.0,0.0,MID,LEI,0.0,4.4,0.0,0.0,MID,LEI,0.0,4.4,0.0,0.0,MID,LEI,0.0,4.4,0.0,0.0,MID,LEI,0.0,0.0,4.4,0.0,MID,LEI,0.0,4.4,0.0,0.0,MID,LEI,0.0,0.0,4.4,0.0,MID,LEI,0.0,4.4,1.0,1.0,1.0,1.0
293,Hermansen,GKP,LEI,0.0,4.5,90.0,3.0,GKP,LEI,0.0,4.5,90.0,2.0,GKP,LEI,0.0,4.5,90.0,2.0,GKP,LEI,0.0,4.5,90.0,1.0,GKP,LEI,0.0,4.5,90.0,3.0,GKP,LEI,0.0,4.5,90.0,4.0,GKP,LEI,0.0,4.5,90.0,6.0,GKP,LEI,0.0,4.5,90.0,3.0,GKP,LEI,0.0,4.5,90.0,1.0,GKP,LEI,0.0,4.5,90.0,2.0,GKP,LEI,0.0,4.5,90.0,1.0,GKP,LEI,0.0,4.5,90.0,2.0,GKP,LEI,0.0,4.5,90.0,0.0,GKP,LEI,0.0,4.5,90.0,4.0,GKP,LEI,0.0,4.5,90.0,2.0,GKP,LEI,0.25,4.5,45.0,2.0,GKP,LEI,0.25,4.5,0.0,0.0,GKP,LEI,0.75,4.5,0.0,0.0,GKP,LEI,1.0,4.5,0.0,0.0,GKP,LEI,1.0,4.5,0.0,0.0,GKP,LEI,1.0,4.5,0.0,0.0,GKP,LEI,1.0,0.0,4.5,0.0,GKP,LEI,1.0,4.4,0.0,0.0,GKP,LEI,0.0,4.4,90.0,1.0,GKP,LEI,0.0,4.4,90.0,2.0,GKP,LEI,0.0,4.4,90.0,1.0,GKP,LEI,0.0,4.4,90.0,1.0,GKP,LEI,0.0,4.4,90.0,10.0,GKP,LEI,0.0,4.4,90.0,1.0,GKP,LEI,0.0,4.4,90.0,2.0,GKP,LEI,0.0,4.4,90.0,1.0,GKP,LEI,1.0,90.0,4.4,1.0,GKP,LEI,0.0,4.4,90.0,4.0,GKP,LEI,1.0,90.0,4.4,1.0,GKP,LEI,1.0,4.4,0.0,0.0,2385.0,63.0
294,Iversen,GKP,LEI,0.0,4.0,0.0,0.0,GKP,LEI,0.0,4.0,0.0,0.0,GKP,LEI,0.0,4.0,0.0,0.0,GKP,LEI,0.0,4.0,0.0,0.0,GKP,LEI,0.0,4.0,0.0,0.0,GKP,LEI,0.0,4.0,0.0,0.0,GKP,LEI,0.0,4.0,0.0,0.0,GKP,LEI,0.0,4.0,0.0,0.0,GKP,LEI,0.0,4.0,0.0,0.0,GKP,LEI,0.0,4.0,0.0,0.0,GKP,LEI,0.0,4.0,0.0,0.0,GKP,LEI,0.0,4.0,0.0,0.0,GKP,LEI,0.0,4.0,0.0,0.0,GKP,LEI,0.0,4.0,0.0,0.0,GKP,LEI,0.0,4.0,0.0,0.0,GKP,LEI,0.0,3.9,0.0,0.0,GKP,LEI,0.0,3.9,0.0,0.0,GKP,LEI,0.0,3.9,0.0,0.0,GKP,LEI,0.0,3.9,0.0,0.0,GKP,LEI,0.0,3.9,0.0,0.0,GKP,LEI,0.0,3.9,0.0,0.0,GKP,LEI,0.0,0.0,3.9,0.0,GKP,LEI,0.0,3.9,0.0,0.0,GKP,LEI,0.0,3.9,0.0,0.0,GKP,LEI,0.0,3.9,0.0,0.0,GKP,LEI,0.0,3.9,0.0,0.0,GKP,LEI,0.0,3.9,0.0,0.0,GKP,LEI,0.0,3.9,0.0,0.0,GKP,LEI,0.0,3.9,0.0,0.0,GKP,LEI,0.0,3.9,0.0,0.0,GKP,LEI,0.0,3.9,0.0,0.0,GKP,LEI,0.0,0.0,3.9,0.0,GKP,LEI,0.0,3.9,0.0,0.0,GKP,LEI,0.0,0.0,3.9,0.0,GKP,LEI,0.0,3.9,0.0,0.0,0.0,0.0
295,Justin,DEF,LEI,0.0,4.5,90.0,2.0,DEF,LEI,0.0,4.5,90.0,1.0,DEF,LEI,0.0,4.5,90.0,1.0,DEF,LEI,0.0,4.5,90.0,1.0,DEF,LEI,0.0,4.5,90.0,2.0,DEF,LEI,0.0,4.5,90.0,12.0,DEF,LEI,0.0,4.5,90.0,10.0,DEF,LEI,0.0,4.6,90.0,1.0,DEF,LEI,0.0,4.6,90.0,1.0,DEF,LEI,0.0,4.6,0.0,0.0,DEF,LEI,0.0,4.6,82.0,1.0,DEF,LEI,0.0,4.6,90.0,1.0,DEF,LEI,0.0,4.6,90.0,-1.0,DEF,LEI,0.0,4.5,90.0,2.0,DEF,LEI,0.0,4.5,90.0,1.0,DEF,LEI,0.0,4.4,90.0,0.0,DEF,LEI,0.0,4.3,52.0,0.0,DEF,LEI,0.0,4.3,90.0,1.0,DEF,LEI,0.0,4.3,69.0,2.0,DEF,LEI,0.0,4.2,90.0,1.0,DEF,LEI,0.0,4.2,79.0,1.0,DEF,LEI,0.0,90.0,4.2,1.0,DEF,LEI,0.0,4.2,90.0,1.0,DEF,LEI,0.0,4.1,75.0,1.0,DEF,LEI,0.25,4.1,43.0,1.0,DEF,LEI,0.75,4.1,0.0,0.0,DEF,LEI,0.0,4.1,90.0,1.0,DEF,LEI,0.0,4.1,83.0,2.0,DEF,LEI,0.0,4.1,81.0,1.0,DEF,LEI,0.0,4.1,90.0,0.0,DEF,LEI,0.0,4.1,73.0,0.0,DEF,LEI,0.0,90.0,4.1,1.0,DEF,LEI,0.0,4.1,7.0,1.0,DEF,LEI,0.0,45.0,4.1,0.0,DEF,LEI,0.0,4.1,90.0,7.0,2669.0,57.0
296,Kristiansen,DEF,LEI,0.0,4.5,90.0,2.0,DEF,LEI,0.0,4.5,84.0,0.0,DEF,LEI,0.0,4.5,90.0,1.0,DEF,LEI,0.0,4.5,90.0,1.0,DEF,LEI,0.0,4.5,90.0,2.0,DEF,LEI,0.0,4.5,90.0,0.0,DEF,LEI,0.0,4.5,90.0,6.0,DEF,LEI,0.0,4.5,58.0,0.0,DEF,LEI,0.25,4.5,0.0,0.0,DEF,LEI,0.0,4.5,85.0,2.0,DEF,LEI,0.0,4.5,90.0,-1.0,DEF,LEI,0.0,4.5,90.0,1.0,DEF,LEI,0.0,4.5,0.0,0.0,DEF,LEI,0.0,4.5,90.0,5.0,DEF,LEI,0.0,4.5,90.0,1.0,DEF,LEI,0.0,4.5,90.0,0.0,DEF,LEI,0.0,4.5,90.0,1.0,DEF,LEI,0.0,4.5,90.0,1.0,DEF,LEI,0.0,4.5,90.0,1.0,DEF,LEI,0.0,4.5,0.0,0.0,DEF,LEI,0.0,4.5,90.0,1.0,DEF,LEI,0.0,90.0,4.5,1.0,DEF,LEI,0.0,4.5,90.0,2.0,DEF,LEI,0.25,4.5,90.0,0.0,DEF,LEI,0.0,4.4,90.0,1.0,DEF,LEI,0.0,4.4,90.0,0.0,DEF,LEI,0.0,4.4,86.0,1.0,DEF,LEI,0.0,4.4,82.0,2.0,DEF,LEI,0.0,4.4,81.0,1.0,DEF,LEI,0.0,4.4,59.0,0.0,DEF,LEI,0.0,4.4,45.0,0.0,DEF,LEI,0.0,0.0,4.4,0.0,DEF,LEI,0.0,4.4,0.0,0.0,DEF,LEI,0.0,0.0,4.4,0.0,DEF,LEI,0.0,4.4,0.0,0.0,2380.0,32.0
297,Marcal,MID,LEI,0.0,4.5,0.0,0.0,MID,LEI,0.0,4.5,0.0,0.0,MID,LEI,1.0,4.5,0.0,0.0,MID,LEI,1.0,4.5,0.0,0.0,MID,LEI,1.0,4.5,0.0,0.0,MID,LEI,1.0,4.5,0.0,0.0,MID,LEI,1.0,4.5,0.0,0.0,MID,LEI,1.0,4.5,0.0,0.0,MID,LEI,1.0,4.5,0.0,0.0,MID,LEI,1.0,4.5,0.0,0.0,MID,LEI,1.0,4.5,0.0,0.0,MID,LEI,1.0,4.5,0.0,0.0,MID,LEI,1.0,4.5,0.0,0.0,MID,LEI,1.0,4.5,0.0,0.0,MID,LEI,1.0,4.5,0.0,0.0,MID,LEI,1.0,4.5,0.0,0.0,MID,LEI,1.0,4.5,0.0,0.0,MID,LEI,1.0,4.5,0.0,0.0,MID,LEI,1.0,4.5,0.0,0.0,MID,LEI,1.0,4.5,0.0,0.0,MID,LEI,1.0,4.5,0.0,0.0,MID,LEI,1.0,0.0,4.5,0.0,MID,LEI,1.0,4.5,0.0,0.0,MID,LEI,1.0,4.5,0.0,0.0,MID,LEI,1.0,4.5,0.0,0.0,MID,LEI,1.0,4.5,0.0,0.0,MID,LEI,1.0,4.5,0.0,0.0,MID,LEI,1.0,4.5,0.0,0.0,MID,LEI,1.0,4.5,0.0,0.0,MID,LEI,1.0,4.5,0.0,0.0,MID,LEI,1.0,4.5,0.0,0.0,MID,LEI,1.0,0.0,4.5,0.0,MID,LEI,1.0,4.5,0.0,0.0,MID,LEI,1.0,0.0,4.5,0.0,MID,LEI,1.0,4.5,0.0,0.0,0.0,0.0
298,Mavididi,MID,LEI,0.0,5.5,11.0,1.0,MID,LEI,0.0,5.4,19.0,1.0,MID,LEI,0.0,5.4,23.0,1.0,MID,LEI,0.0,5.3,71.0,7.0,MID,LEI,0.0,5.3,89.0,10.0,MID,LEI,0.0,5.3,90.0,2.0,MID,LEI,0.0,5.3,81.0,3.0,MID,LEI,0.0,5.3,87.0,2.0,MID,LEI,0.0,5.3,67.0,1.0,MID,LEI,0.0,5.3,70.0,1.0,MID,LEI,0.0,5.3,0.0,0.0,MID,LEI,0.0,5.3,19.0,1.0,MID,LEI,0.0,5.3,26.0,1.0,MID,LEI,0.0,5.3,16.0,1.0,MID,LEI,0.0,5.3,28.0,1.0,MID,LEI,0.0,5.2,58.0,1.0,MID,LEI,0.0,5.2,90.0,2.0,MID,LEI,0.0,5.1,86.0,5.0,MID,LEI,0.0,5.1,89.0,2.0,MID,LEI,0.0,5.1,90.0,7.0,MID,LEI,0.0,5.1,90.0,2.0,MID,LEI,0.0,70.0,5.1,2.0,MID,LEI,0.0,5.1,0.0,0.0,MID,LEI,0.0,5.1,14.0,1.0,MID,LEI,0.0,5.0,15.0,1.0,MID,LEI,0.0,5.0,45.0,1.0,MID,LEI,0.0,5.0,29.0,1.0,MID,LEI,0.0,5.0,6.0,1.0,MID,LEI,0.0,5.0,8.0,1.0,MID,LEI,0.0,5.0,0.0,0.0,MID,LEI,0.0,5.0,45.0,1.0,MID,LEI,0.0,90.0,5.0,9.0,MID,LEI,1.0,5.0,84.0,2.0,MID,LEI,0.0,0.0,5.0,0.0,MID,LEI,1.0,5.0,0.0,0.0,1606.0,72.0
299,McAteer,MID,LEI,0.0,5.0,4.0,1.0,MID,LEI,0.0,5.0,5.0,1.0,MID,LEI,0.0,4.9,1.0,1.0,MID,LEI,0.0,4.9,0.0,0.0,MID,LEI,0.0,4.9,0.0,0.0,MID,LEI,0.0,4.8,0.0,0.0,MID,LEI,0.0,4.8,0.0,0.0,MID,LEI,0.0,4.8,0.0,0.0,MID,LEI,0.0,4.8,0.0,0.0,MID,LEI,0.0,4.8,19.0,1.0,MID,LEI,0.0,4.7,7.0,1.0,MID,LEI,0.0,4.7,70.0,2.0,MID,LEI,0.0,4.7,0.0,0.0,MID,LEI,0.0,4.7,73.0,6.0,MID,LEI,0.0,4.7,61.0,2.0,MID,LEI,0.0,4.7,90.0,2.0,MID,LEI,0.0,4.7,0.0,0.0,MID,LEI,0.0,4.7,0.0,0.0,MID,LEI,1.0,4.7,0.0,0.0,MID,LEI,0.25,4.7,0.0,0.0,MID,LEI,0.0,4.7,24.0,1.0,MID,LEI,0.0,26.0,4.7,0.0,MID,LEI,0.0,4.7,0.0,0.0,MID,LEI,0.0,4.7,0.0,0.0,MID,LEI,0.0,4.7,0.0,0.0,MID,LEI,0.0,4.7,0.0,0.0,MID,LEI,0.0,4.7,0.0,0.0,MID,LEI,0.0,4.7,0.0,0.0,MID,LEI,0.0,4.7,8.0,1.0,MID,LEI,0.0,4.7,0.0,0.0,MID,LEI,0.0,4.7,0.0,0.0,MID,LEI,0.0,90.0,4.7,2.0,MID,LEI,0.25,4.7,0.0,0.0,MID,LEI,0.0,45.0,4.7,0.0,MID,LEI,0.0,4.7,83.0,3.0,606.0,24.0
300,Ndidi,MID,LEI,0.0,5.0,90.0,2.0,MID,LEI,0.0,5.0,90.0,2.0,MID,LEI,0.0,5.0,88.0,5.0,MID,LEI,0.0,5.0,75.0,8.0,MID,LEI,0.0,5.0,90.0,2.0,MID,LEI,0.0,5.0,90.0,2.0,MID,LEI,0.0,5.0,90.0,2.0,MID,LEI,0.0,5.0,90.0,2.0,MID,LEI,0.0,5.0,73.0,2.0,MID,LEI,0.0,5.0,70.0,2.0,MID,LEI,0.0,5.0,69.0,2.0,MID,LEI,0.0,5.0,70.0,1.0,MID,LEI,0.0,5.0,90.0,2.0,MID,LEI,0.0,5.0,90.0,2.0,MID,LEI,0.25,5.0,51.0,1.0,MID,LEI,1.0,5.0,0.0,0.0,MID,LEI,1.0,5.0,0.0,0.0,MID,LEI,1.0,4.9,0.0,0.0,MID,LEI,1.0,4.9,0.0,0.0,MID,LEI,1.0,4.9,0.0,0.0,MID,LEI,1.0,4.9,0.0,0.0,MID,LEI,1.0,0.0,4.9,0.0,MID,LEI,0.5,4.9,0.0,0.0,MID,LEI,0.0,4.9,0.0,0.0,MID,LEI,0.0,4.9,84.0,2.0,MID,LEI,0.0,4.9,76.0,2.0,MID,LEI,0.0,4.9,90.0,2.0,MID,LEI,0.0,4.9,90.0,2.0,MID,LEI,0.0,4.9,90.0,1.0,MID,LEI,0.0,4.9,90.0,2.0,MID,LEI,0.0,4.9,90.0,1.0,MID,LEI,1.0,60.0,4.9,2.0,MID,LEI,0.0,4.9,82.0,1.0,MID,LEI,1.0,90.0,4.9,1.0,MID,LEI,0.0,4.9,90.0,3.0,2148.0,56.0
301,Okoli,DEF,LEI,0.0,4.0,0.0,0.0,DEF,LEI,0.0,4.0,0.0,0.0,DEF,LEI,0.0,4.0,90.0,0.0,DEF,LEI,0.0,4.0,90.0,1.0,DEF,LEI,0.0,4.0,90.0,2.0,DEF,LEI,0.0,4.0,90.0,1.0,DEF,LEI,0.0,4.0,90.0,7.0,DEF,LEI,0.0,4.0,90.0,1.0,DEF,LEI,0.0,4.0,90.0,1.0,DEF,LEI,0.0,4.0,0.0,0.0,DEF,LEI,0.0,4.0,0.0,0.0,DEF,LEI,0.0,4.0,90.0,1.0,DEF,LEI,0.25,4.0,34.0,0.0,DEF,LEI,0.0,4.0,0.0,0.0,DEF,LEI,0.0,4.0,0.0,0.0,DEF,LEI,0.0,4.0,31.0,0.0,DEF,LEI,0.0,4.0,0.0,0.0,DEF,LEI,0.0,4.0,1.0,1.0,DEF,LEI,0.0,4.0,5.0,1.0,DEF,LEI,0.0,4.0,8.0,1.0,DEF,LEI,0.0,4.0,0.0,0.0,DEF,LEI,0.0,0.0,4.0,0.0,DEF,LEI,0.0,4.0,0.0,0.0,DEF,LEI,0.0,4.0,30.0,1.0,DEF,LEI,0.0,4.0,90.0,1.0,DEF,LEI,0.25,4.0,82.0,0.0,DEF,LEI,0.0,4.0,0.0,0.0,DEF,LEI,0.0,4.0,0.0,0.0,DEF,LEI,0.0,4.0,0.0,0.0,DEF,LEI,0.0,4.0,30.0,1.0,DEF,LEI,0.0,4.0,0.0,0.0,DEF,LEI,0.0,90.0,4.0,6.0,DEF,LEI,0.0,4.0,0.0,0.0,DEF,LEI,0.0,0.0,4.0,0.0,DEF,LEI,0.0,4.0,0.0,0.0,1121.0,26.0
302,Ricardo,DEF,LEI,0.0,4.5,0.0,0.0,DEF,LEI,0.0,4.5,0.0,0.0,DEF,LEI,0.0,4.4,0.0,0.0,DEF,LEI,0.0,4.4,0.0,0.0,DEF,LEI,0.0,4.3,0.0,0.0,DEF,LEI,0.0,4.3,0.0,0.0,DEF,LEI,0.0,4.3,0.0,0.0,DEF,LEI,0.0,4.3,0.0,0.0,DEF,LEI,0.0,4.3,67.0,0.0,DEF,LEI,0.0,4.2,79.0,2.0,DEF,LEI,1.0,4.2,0.0,0.0,DEF,LEI,1.0,4.2,0.0,0.0,DEF,LEI,1.0,4.2,0.0,0.0,DEF,LEI,1.0,4.2,0.0,0.0,DEF,LEI,1.0,4.2,0.0,0.0,DEF,LEI,1.0,4.1,0.0,0.0,DEF,LEI,1.0,4.1,0.0,0.0,DEF,LEI,1.0,4.1,0.0,0.0,DEF,LEI,1.0,4.1,0.0,0.0,DEF,LEI,1.0,4.1,0.0,0.0,DEF,LEI,1.0,4.1,0.0,0.0,DEF,LEI,1.0,0.0,4.1,0.0,DEF,LEI,1.0,4.1,0.0,0.0,DEF,LEI,1.0,4.1,0.0,0.0,DEF,LEI,1.0,4.1,0.0,0.0,DEF,LEI,0.75,4.1,0.0,0.0,DEF,LEI,0.75,4.1,0.0,0.0,DEF,LEI,0.0,4.1,6.0,1.0,DEF,LEI,0.0,4.1,0.0,0.0,DEF,LEI,0.0,4.1,14.0,1.0,DEF,LEI,0.0,4.1,16.0,1.0,DEF,LEI,1.0,29.0,4.1,1.0,DEF,LEI,0.0,4.1,82.0,2.0,DEF,LEI,1.0,45.0,4.1,1.0,DEF,LEI,1.0,4.1,0.0,0.0,338.0,9.0
303,Souttar,DEF,LEI,1.0,4.0,0.0,0.0,DEF,LEI,1.0,4.0,0.0,0.0,DEF,LEI,1.0,4.0,0.0,0.0,DEF,LEI,1.0,4.0,0.0,0.0,DEF,LEI,1.0,4.0,0.0,0.0,DEF,LEI,1.0,4.0,0.0,0.0,DEF,LEI,1.0,4.0,0.0,0.0,DEF,LEI,1.0,4.0,0.0,0.0,DEF,LEI,1.0,4.0,0.0,0.0,DEF,LEI,1.0,4.0,0.0,0.0,DEF,LEI,1.0,4.0,0.0,0.0,DEF,LEI,1.0,4.0,0.0,0.0,DEF,LEI,1.0,4.0,0.0,0.0,DEF,LEI,1.0,4.0,0.0,0.0,DEF,LEI,1.0,4.0,0.0,0.0,DEF,LEI,1.0,4.0,0.0,0.0,DEF,LEI,1.0,4.0,0.0,0.0,DEF,LEI,1.0,4.0,0.0,0.0,DEF,LEI,1.0,4.0,0.0,0.0,DEF,LEI,1.0,4.0,0.0,0.0,DEF,LEI,1.0,4.0,0.0,0.0,DEF,LEI,1.0,0.0,4.0,0.0,DEF,LEI,1.0,4.0,0.0,0.0,DEF,LEI,1.0,4.0,0.0,0.0,DEF,LEI,1.0,4.0,0.0,0.0,DEF,LEI,1.0,4.0,0.0,0.0,DEF,LEI,1.0,4.0,0.0,0.0,DEF,LEI,1.0,4.0,0.0,0.0,DEF,LEI,1.0,4.0,0.0,0.0,DEF,LEI,1.0,4.0,0.0,0.0,DEF,LEI,1.0,4.0,0.0,0.0,DEF,LEI,1.0,0.0,4.0,0.0,DEF,LEI,1.0,4.0,0.0,0.0,DEF,LEI,1.0,0.0,4.0,0.0,DEF,LEI,1.0,4.0,0.0,0.0,0.0,0.0
304,Stolarczyk,GKP,LEI,1.0,4.0,0.0,0.0,GKP,LEI,1.0,4.0,0.0,0.0,GKP,LEI,1.0,4.0,0.0,0.0,GKP,LEI,1.0,4.0,0.0,0.0,GKP,LEI,1.0,4.0,0.0,0.0,GKP,LEI,1.0,4.0,0.0,0.0,GKP,LEI,1.0,4.0,0.0,0.0,GKP,LEI,1.0,4.0,0.0,0.0,GKP,LEI,1.0,4.0,0.0,0.0,GKP,LEI,1.0,4.0,0.0,0.0,GKP,LEI,1.0,4.0,0.0,0.0,GKP,LEI,1.0,4.0,0.0,0.0,GKP,LEI,1.0,4.0,0.0,0.0,GKP,LEI,1.0,4.0,0.0,0.0,GKP,LEI,1.0,4.0,0.0,0.0,GKP,LEI,0.25,4.0,0.0,0.0,GKP,LEI,0.25,4.0,0.0,0.0,GKP,LEI,0.0,4.0,90.0,2.0,GKP,LEI,0.0,4.0,90.0,2.0,GKP,LEI,0.0,4.0,90.0,2.0,GKP,LEI,0.0,4.0,90.0,1.0,GKP,LEI,0.0,90.0,4.0,1.0,GKP,LEI,0.0,4.0,90.0,2.0,GKP,LEI,0.0,4.0,0.0,0.0,GKP,LEI,0.0,4.0,0.0,0.0,GKP,LEI,0.0,4.0,0.0,0.0,GKP,LEI,0.0,4.0,0.0,0.0,GKP,LEI,0.0,4.0,0.0,0.0,GKP,LEI,0.0,4.0,0.0,0.0,GKP,LEI,0.0,4.0,0.0,0.0,GKP,LEI,0.0,4.0,0.0,0.0,GKP,LEI,0.0,0.0,4.0,0.0,GKP,LEI,0.0,4.0,0.0,0.0,GKP,LEI,0.0,0.0,4.0,0.0,GKP,LEI,0.0,4.0,90.0,6.0,630.0,16.0
305,L. Thomas,DEF,LEI,0.0,4.0,0.0,0.0,DEF,LEI,0.0,4.0,0.0,0.0,DEF,LEI,0.0,4.0,0.0,0.0,DEF,LEI,0.0,4.0,0.0,0.0,DEF,LEI,0.0,4.0,0.0,0.0,DEF,LEI,0.0,4.0,0.0,0.0,DEF,LEI,0.0,4.0,0.0,0.0,DEF,LEI,0.0,3.9,0.0,0.0,DEF,LEI,0.0,3.9,0.0,0.0,DEF,LEI,0.0,3.9,0.0,0.0,DEF,LEI,0.0,3.9,0.0,0.0,DEF,LEI,0.0,3.9,0.0,0.0,DEF,LEI,0.0,3.9,90.0,0.0,DEF,LEI,0.0,3.9,0.0,0.0,DEF,LEI,0.0,3.9,0.0,0.0,DEF,LEI,0.0,3.9,0.0,0.0,DEF,LEI,0.0,3.9,0.0,0.0,DEF,LEI,0.0,3.9,0.0,0.0,DEF,LEI,0.0,3.9,0.0,0.0,DEF,LEI,0.0,3.9,89.0,1.0,DEF,LEI,0.0,3.9,0.0,0.0,DEF,LEI,0.0,0.0,3.9,0.0,DEF,LEI,0.0,3.9,0.0,0.0,DEF,LEI,0.0,3.9,0.0,0.0,DEF,LEI,0.0,3.9,0.0,0.0,DEF,LEI,0.0,3.9,0.0,0.0,DEF,LEI,0.0,3.9,3.0,1.0,DEF,LEI,0.0,3.9,90.0,2.0,DEF,LEI,0.0,3.9,90.0,1.0,DEF,LEI,0.0,3.9,90.0,0.0,DEF,LEI,0.0,3.9,90.0,1.0,DEF,LEI,0.0,60.0,3.9,1.0,DEF,LEI,0.0,3.9,90.0,2.0,DEF,LEI,0.0,90.0,3.9,1.0,DEF,LEI,0.0,3.9,90.0,6.0,872.0,16.0
306,Vardy,FWD,LEI,0.0,5.5,78.0,8.0,FWD,LEI,0.0,5.6,70.0,2.0,FWD,LEI,0.0,5.6,90.0,1.0,FWD,LEI,0.0,5.6,90.0,8.0,FWD,LEI,0.0,5.7,82.0,2.0,FWD,LEI,0.0,5.7,90.0,1.0,FWD,LEI,0.0,5.7,73.0,2.0,FWD,LEI,0.0,5.7,90.0,6.0,FWD,LEI,0.0,5.7,90.0,8.0,FWD,LEI,0.0,5.7,90.0,5.0,FWD,LEI,0.25,5.7,0.0,0.0,FWD,LEI,0.0,5.6,78.0,2.0,FWD,LEI,0.0,5.5,63.0,5.0,FWD,LEI,0.0,5.5,59.0,4.0,FWD,LEI,0.0,5.6,90.0,12.0,FWD,LEI,0.0,5.6,58.0,1.0,FWD,LEI,0.0,5.6,90.0,2.0,FWD,LEI,0.25,5.6,0.0,0.0,FWD,LEI,0.0,5.5,90.0,2.0,FWD,LEI,0.0,5.5,90.0,5.0,FWD,LEI,0.0,5.5,90.0,2.0,FWD,LEI,0.0,90.0,5.5,2.0,FWD,LEI,0.0,5.4,76.0,9.0,FWD,LEI,0.25,5.4,59.0,1.0,FWD,LEI,0.0,5.4,90.0,2.0,FWD,LEI,0.0,5.4,90.0,2.0,FWD,LEI,0.0,5.3,90.0,2.0,FWD,LEI,0.0,5.3,90.0,2.0,FWD,LEI,0.0,5.3,90.0,2.0,FWD,LEI,0.0,5.3,45.0,0.0,FWD,LEI,0.0,5.3,90.0,2.0,FWD,LEI,0.0,60.0,5.3,2.0,FWD,LEI,0.0,5.3,61.0,2.0,FWD,LEI,0.0,90.0,5.3,0.0,FWD,LEI,0.0,5.3,84.0,9.0,2656.0,115.0
307,Vestergaard,DEF,LEI,0.0,4.0,90.0,2.0,DEF,LEI,0.0,4.0,90.0,0.0,DEF,LEI,0.0,4.0,0.0,0.0,DEF,LEI,0.0,4.0,0.0,0.0,DEF,LEI,0.0,4.0,0.0,0.0,DEF,LEI,0.5,4.0,0.0,0.0,DEF,LEI,0.0,4.0,0.0,0.0,DEF,LEI,0.0,4.0,0.0,0.0,DEF,LEI,1.0,4.0,0.0,0.0,DEF,LEI,0.0,4.0,90.0,2.0,DEF,LEI,0.0,4.0,90.0,1.0,DEF,LEI,0.0,4.0,0.0,0.0,DEF,LEI,0.0,4.0,55.0,0.0,DEF,LEI,0.0,4.0,59.0,1.0,DEF,LEI,0.0,4.0,80.0,1.0,DEF,LEI,0.0,4.0,90.0,-1.0,DEF,LEI,0.0,4.0,45.0,-1.0,DEF,LEI,0.0,4.0,90.0,0.0,DEF,LEI,0.0,4.0,90.0,1.0,DEF,LEI,0.0,4.0,61.0,2.0,DEF,LEI,0.0,4.0,90.0,1.0,DEF,LEI,0.0,90.0,4.0,0.0,DEF,LEI,0.0,3.9,90.0,2.0,DEF,LEI,0.25,3.9,59.0,0.0,DEF,LEI,0.0,3.9,0.0,0.0,DEF,LEI,0.0,3.9,45.0,1.0,DEF,LEI,0.0,3.9,86.0,-1.0,DEF,LEI,0.0,3.9,0.0,0.0,DEF,LEI,0.0,3.9,0.0,0.0,DEF,LEI,0.0,3.9,0.0,0.0,DEF,LEI,0.0,3.9,0.0,0.0,DEF,LEI,0.0,0.0,3.9,0.0,DEF,LEI,0.0,3.9,0.0,0.0,DEF,LEI,0.0,0.0,3.9,0.0,DEF,LEI,0.0,3.9,0.0,0.0,1390.0,11.0
308,D. Ward,GKP,LEI,0.0,4.0,0.0,0.0,GKP,LEI,0.0,4.0,0.0,0.0,GKP,LEI,0.0,4.0,0.0,0.0,GKP,LEI,0.0,4.0,0.0,0.0,GKP,LEI,0.0,4.0,0.0,0.0,GKP,LEI,0.0,4.0,0.0,0.0,GKP,LEI,0.0,4.0,0.0,0.0,GKP,LEI,0.0,4.0,0.0,0.0,GKP,LEI,0.0,4.0,0.0,0.0,GKP,LEI,0.0,4.0,0.0,0.0,GKP,LEI,0.0,4.0,0.0,0.0,GKP,LEI,0.0,4.0,0.0,0.0,GKP,LEI,0.0,4.0,0.0,0.0,GKP,LEI,0.0,4.0,0.0,0.0,GKP,LEI,0.0,4.0,0.0,0.0,GKP,LEI,0.0,4.0,45.0,1.0,GKP,LEI,0.0,4.0,90.0,1.0,GKP,LEI,0.0,4.0,0.0,0.0,GKP,LEI,0.0,4.0,0.0,0.0,GKP,LEI,0.0,4.0,0.0,0.0,GKP,LEI,0.0,3.9,0.0,0.0,GKP,LEI,0.0,0.0,3.9,0.0,GKP,LEI,0.0,3.9,0.0,0.0,GKP,LEI,0.0,3.9,0.0,0.0,GKP,LEI,0.0,3.9,0.0,0.0,GKP,LEI,0.0,3.9,0.0,0.0,GKP,LEI,0.0,3.9,0.0,0.0,GKP,LEI,0.0,3.9,0.0,0.0,GKP,LEI,0.0,3.9,0.0,0.0,GKP,LEI,0.0,3.9,0.0,0.0,GKP,LEI,0.0,3.9,0.0,0.0,GKP,LEI,0.0,0.0,3.9,0.0,GKP,LEI,0.0,3.9,0.0,0.0,GKP,LEI,0.0,0.0,3.9,0.0,GKP,LEI,0.0,3.9,0.0,0.0,135.0,2.0
309,Winks,MID,LEI,0.0,4.5,90.0,2.0,MID,LEI,0.0,4.5,90.0,2.0,MID,LEI,0.0,4.5,90.0,1.0,MID,LEI,0.0,4.5,90.0,2.0,MID,LEI,0.0,4.5,90.0,2.0,MID,LEI,0.0,4.5,90.0,2.0,MID,LEI,0.0,4.5,0.0,0.0,MID,LEI,0.0,4.5,45.0,3.0,MID,LEI,0.0,4.5,90.0,4.0,MID,LEI,0.0,4.5,90.0,2.0,MID,LEI,0.0,4.5,90.0,2.0,MID,LEI,0.25,4.5,10.0,1.0,MID,LEI,0.5,4.5,0.0,0.0,MID,LEI,0.75,4.5,0.0,0.0,MID,LEI,0.75,4.5,0.0,0.0,MID,LEI,0.5,4.5,0.0,0.0,MID,LEI,0.0,4.5,45.0,1.0,MID,LEI,0.0,4.5,64.0,2.0,MID,LEI,0.0,4.5,84.0,2.0,MID,LEI,0.0,4.5,90.0,2.0,MID,LEI,0.0,4.4,65.0,2.0,MID,LEI,0.0,64.0,4.4,2.0,MID,LEI,0.0,4.4,90.0,1.0,MID,LEI,0.0,4.4,90.0,2.0,MID,LEI,0.0,4.4,0.0,0.0,MID,LEI,0.0,4.4,0.0,0.0,MID,LEI,0.0,4.4,29.0,1.0,MID,LEI,0.0,4.4,24.0,1.0,MID,LEI,0.0,4.4,26.0,1.0,MID,LEI,0.0,4.3,0.0,0.0,MID,LEI,0.0,4.3,0.0,0.0,MID,LEI,0.0,0.0,4.3,0.0,MID,LEI,0.0,4.3,0.0,0.0,MID,LEI,0.0,0.0,4.3,0.0,MID,LEI,0.0,4.3,0.0,0.0,1536.0,40.0
310,A.Becker,GKP,LIV,0.0,5.5,90.0,7.0,GKP,LIV,0.0,5.5,90.0,6.0,GKP,LIV,0.0,5.5,90.0,8.0,GKP,LIV,0.0,5.5,90.0,2.0,GKP,LIV,0.5,5.5,0.0,0.0,GKP,LIV,0.0,5.5,90.0,2.0,GKP,LIV,0.75,5.5,78.0,10.0,GKP,LIV,1.0,5.4,0.0,0.0,GKP,LIV,1.0,5.4,0.0,0.0,GKP,LIV,1.0,5.4,0.0,0.0,GKP,LIV,0.5,5.4,0.0,0.0,GKP,LIV,0.5,5.4,0.0,0.0,GKP,LIV,0.5,5.4,0.0,0.0,GKP,LIV,1.0,5.4,0.0,0.0,GKP,LIV,0.0,5.4,0.0,0.0,GKP,LIV,0.0,5.4,90.0,1.0,GKP,LIV,0.0,5.4,90.0,1.0,GKP,LIV,0.0,5.4,90.0,2.0,GKP,LIV,0.0,5.4,90.0,6.0,GKP,LIV,0.0,5.4,90.0,1.0,GKP,LIV,0.0,5.4,90.0,2.0,GKP,LIV,0.0,90.0,5.4,9.0,GKP,LIV,0.0,5.5,90.0,2.0,GKP,LIV,0.0,5.5,180.0,10.0,GKP,LIV,0.0,5.5,180.0,4.0,GKP,LIV,0.0,5.5,90.0,8.0,GKP,LIV,0.0,5.5,90.0,6.0,GKP,LIV,0.0,5.6,90.0,3.0,GKP,LIV,0.25,5.6,0.0,0.0,GKP,LIV,0.25,5.6,0.0,0.0,GKP,LIV,0.0,5.6,0.0,0.0,GKP,LIV,0.0,90.0,5.5,3.0,GKP,LIV,0.0,5.5,90.0,6.0,GKP,LIV,0.0,90.0,5.5,2.0,GKP,LIV,0.0,5.5,90.0,2.0,2238.0,103.0
311,Alexander-Arnold,DEF,LIV,0.0,7.0,76.0,8.0,DEF,LIV,0.0,7.0,71.0,6.0,DEF,LIV,0.0,7.0,75.0,6.0,DEF,LIV,0.0,7.0,90.0,1.0,DEF,LIV,0.0,7.1,90.0,11.0,DEF,LIV,0.0,7.1,90.0,1.0,DEF,LIV,0.0,7.1,90.0,8.0,DEF,LIV,0.0,7.1,80.0,2.0,DEF,LIV,0.0,7.1,90.0,1.0,DEF,LIV,0.0,7.0,90.0,2.0,DEF,LIV,0.5,7.0,24.0,1.0,DEF,LIV,0.0,6.9,0.0,0.0,DEF,LIV,0.0,6.9,72.0,8.0,DEF,LIV,0.0,6.9,23.0,6.0,DEF,LIV,0.0,7.0,0.0,0.0,DEF,LIV,0.0,7.0,78.0,1.0,DEF,LIV,0.0,7.0,90.0,4.0,DEF,LIV,0.0,7.1,90.0,2.0,DEF,LIV,0.0,7.2,90.0,15.0,DEF,LIV,0.0,7.2,85.0,0.0,DEF,LIV,0.0,7.2,90.0,2.0,DEF,LIV,0.0,90.0,7.2,11.0,DEF,LIV,0.0,7.3,90.0,5.0,DEF,LIV,0.0,7.4,98.0,7.0,DEF,LIV,0.0,7.4,128.0,13.0,DEF,LIV,0.0,7.4,90.0,6.0,DEF,LIV,0.0,7.4,76.0,6.0,DEF,LIV,0.0,7.5,88.0,2.0,DEF,LIV,0.75,7.4,0.0,0.0,DEF,LIV,1.0,7.3,0.0,0.0,DEF,LIV,1.0,7.2,0.0,0.0,DEF,LIV,0.0,0.0,7.2,0.0,DEF,LIV,0.0,7.2,19.0,6.0,DEF,LIV,0.0,75.0,7.2,5.0,DEF,LIV,0.0,7.2,56.0,0.0,2294.0,146.0
312,Bajcetic,MID,LIV,0.0,4.5,0.0,0.0,MID,LIV,0.0,4.5,0.0,0.0,MID,LIV,1.0,4.5,0.0,0.0,MID,LIV,1.0,4.5,0.0,0.0,MID,LIV,1.0,4.5,0.0,0.0,MID,LIV,1.0,4.5,0.0,0.0,MID,LIV,1.0,4.5,0.0,0.0,MID,LIV,1.0,4.5,0.0,0.0,MID,LIV,1.0,4.5,0.0,0.0,MID,LIV,1.0,4.5,0.0,0.0,MID,LIV,1.0,4.5,0.0,0.0,MID,LIV,1.0,4.5,0.0,0.0,MID,LIV,1.0,4.5,0.0,0.0,MID,LIV,1.0,4.5,0.0,0.0,MID,LIV,1.0,4.5,0.0,0.0,MID,LIV,1.0,4.5,0.0,0.0,MID,LIV,1.0,4.5,0.0,0.0,MID,LIV,1.0,4.5,0.0,0.0,MID,LIV,1.0,4.5,0.0,0.0,MID,LIV,1.0,4.5,0.0,0.0,MID,LIV,1.0,4.5,0.0,0.0,MID,LIV,1.0,0.0,4.5,0.0,MID,LIV,1.0,4.5,0.0,0.0,MID,LIV,1.0,4.5,0.0,0.0,MID,LIV,1.0,4.5,0.0,0.0,MID,LIV,1.0,4.5,0.0,0.0,MID,LIV,1.0,4.5,0.0,0.0,MID,LIV,1.0,4.5,0.0,0.0,MID,LIV,1.0,4.5,0.0,0.0,MID,LIV,1.0,4.5,0.0,0.0,MID,LIV,1.0,4.5,0.0,0.0,MID,LIV,1.0,0.0,4.5,0.0,MID,LIV,1.0,4.5,0.0,0.0,MID,LIV,1.0,0.0,4.5,0.0,MID,LIV,1.0,4.5,0.0,0.0,0.0,0.0
313,Bradley,DEF,LIV,0.0,5.0,13.0,1.0,DEF,LIV,0.0,5.0,18.0,1.0,DEF,LIV,0.0,4.9,14.0,1.0,DEF,LIV,0.0,4.9,30.0,1.0,DEF,LIV,0.0,4.8,0.0,0.0,DEF,LIV,0.0,4.8,0.0,0.0,DEF,LIV,0.0,4.7,0.0,0.0,DEF,LIV,0.25,4.7,0.0,0.0,DEF,LIV,0.5,4.7,0.0,0.0,DEF,LIV,0.0,4.7,1.0,1.0,DEF,LIV,0.0,4.7,65.0,6.0,DEF,LIV,0.25,4.7,90.0,0.0,DEF,LIV,1.0,4.7,0.0,0.0,DEF,LIV,1.0,4.7,0.0,0.0,DEF,LIV,1.0,4.7,0.0,0.0,DEF,LIV,1.0,4.7,0.0,0.0,DEF,LIV,1.0,4.7,0.0,0.0,DEF,LIV,1.0,4.7,0.0,0.0,DEF,LIV,1.0,4.7,0.0,0.0,DEF,LIV,0.0,4.7,4.0,1.0,DEF,LIV,0.0,4.7,0.0,0.0,DEF,LIV,0.0,0.0,4.7,0.0,DEF,LIV,0.0,4.7,0.0,0.0,DEF,LIV,0.0,4.7,80.0,2.0,DEF,LIV,0.75,4.7,49.0,2.0,DEF,LIV,0.75,4.7,0.0,0.0,DEF,LIV,1.0,4.7,0.0,0.0,DEF,LIV,1.0,4.7,0.0,0.0,DEF,LIV,1.0,4.7,0.0,0.0,DEF,LIV,0.25,4.7,0.0,0.0,DEF,LIV,0.0,4.7,23.0,4.0,DEF,LIV,0.0,67.0,4.7,9.0,DEF,LIV,0.0,4.7,70.0,5.0,DEF,LIV,0.0,0.0,4.7,0.0,DEF,LIV,0.0,4.7,33.0,1.0,557.0,35.0
314,Carvalho,MID,BRE,0.0,5.0,6.0,1.0,MID,BRE,0.0,5.0,24.0,1.0,MID,BRE,0.0,4.9,8.0,1.0,MID,BRE,0.0,4.9,18.0,1.0,MID,BRE,0.0,4.8,86.0,2.0,MID,BRE,0.0,4.8,84.0,6.0,MID,BRE,0.0,4.8,13.0,6.0,MID,BRE,0.0,4.8,16.0,1.0,MID,BRE,0.0,4.8,9.0,1.0,MID,BRE,0.0,4.8,17.0,1.0,MID,BRE,0.0,4.8,1.0,0.0,MID,BRE,0.0,4.8,0.0,0.0,MID,BRE,0.0,4.8,20.0,1.0,MID,BRE,0.0,4.7,20.0,1.0,MID,BRE,0.0,4.7,72.0,2.0,MID,BRE,0.0,4.6,15.0,1.0,MID,BRE,0.0,4.6,9.0,1.0,MID,BRE,0.0,4.6,0.0,0.0,MID,BRE,0.25,4.6,0.0,0.0,MID,BRE,0.75,4.6,0.0,0.0,MID,BRE,0.0,4.6,0.0,0.0,MID,BRE,0.0,0.0,4.6,0.0,MID,BRE,0.0,4.6,0.0,0.0,MID,BRE,0.0,4.6,6.0,1.0,MID,BRE,0.0,4.5,1.0,1.0,MID,BRE,0.0,4.5,18.0,6.0,MID,BRE,0.0,4.5,0.0,0.0,MID,BRE,1.0,4.5,0.0,0.0,MID,BRE,1.0,4.5,0.0,0.0,MID,BRE,1.0,4.5,0.0,0.0,MID,BRE,1.0,4.5,0.0,0.0,MID,BRE,0.0,0.0,4.5,0.0,MID,BRE,1.0,4.5,0.0,0.0,MID,BRE,0.0,0.0,4.5,0.0,MID,BRE,1.0,4.5,0.0,0.0,443.0,35.0
315,Clark,MID,LIV,0.0,4.5,0.0,0.0,MID,LIV,1.0,4.5,0.0,0.0,MID,LIV,1.0,4.5,0.0,0.0,MID,LIV,1.0,4.5,0.0,0.0,MID,LIV,1.0,4.5,0.0,0.0,MID,LIV,1.0,4.5,0.0,0.0,MID,LIV,1.0,4.5,0.0,0.0,MID,LIV,1.0,4.5,0.0,0.0,MID,LIV,1.0,4.5,0.0,0.0,MID,LIV,1.0,4.5,0.0,0.0,MID,LIV,1.0,4.5,0.0,0.0,MID,LIV,1.0,4.5,0.0,0.0,MID,LIV,1.0,4.5,0.0,0.0,MID,LIV,1.0,4.5,0.0,0.0,MID,LIV,1.0,4.5,0.0,0.0,MID,LIV,1.0,4.5,0.0,0.0,MID,LIV,1.0,4.5,0.0,0.0,MID,LIV,1.0,4.5,0.0,0.0,MID,LIV,1.0,4.5,0.0,0.0,MID,LIV,1.0,4.5,0.0,0.0,MID,LIV,1.0,4.5,0.0,0.0,MID,LIV,1.0,0.0,4.5,0.0,MID,LIV,1.0,4.5,0.0,0.0,MID,LIV,1.0,4.5,0.0,0.0,MID,LIV,1.0,4.5,0.0,0.0,MID,LIV,1.0,4.5,0.0,0.0,MID,LIV,1.0,4.5,0.0,0.0,MID,LIV,1.0,4.5,0.0,0.0,MID,LIV,1.0,4.5,0.0,0.0,MID,LIV,1.0,4.5,0.0,0.0,MID,LIV,1.0,4.5,0.0,0.0,MID,LIV,1.0,0.0,4.5,0.0,MID,LIV,1.0,4.5,0.0,0.0,MID,LIV,1.0,0.0,4.5,0.0,MID,LIV,1.0,4.5,0.0,0.0,0.0,0.0
316,Darwin,FWD,LIV,0.0,7.5,0.0,0.0,FWD,LIV,0.0,7.4,18.0,1.0,FWD,LIV,0.0,7.3,14.0,1.0,FWD,LIV,0.0,7.2,30.0,1.0,FWD,LIV,0.0,7.2,71.0,6.0,FWD,LIV,0.0,7.2,0.0,0.0,FWD,LIV,0.0,7.1,0.0,0.0,FWD,LIV,0.0,7.1,60.0,1.0,FWD,LIV,0.0,7.1,90.0,4.0,FWD,LIV,0.0,7.1,76.0,2.0,FWD,LIV,0.0,7.1,64.0,7.0,FWD,LIV,0.0,7.1,89.0,2.0,FWD,LIV,0.0,7.1,17.0,1.0,FWD,LIV,0.0,7.1,90.0,1.0,FWD,LIV,0.0,7.1,0.0,0.0,FWD,LIV,0.0,7.1,20.0,3.0,FWD,LIV,0.0,7.1,3.0,1.0,FWD,LIV,0.0,7.1,77.0,2.0,FWD,LIV,0.0,7.0,0.0,0.0,FWD,LIV,1.0,7.0,30.0,0.0,FWD,LIV,0.0,7.0,0.0,0.0,FWD,LIV,0.0,25.0,7.0,11.0,FWD,LIV,0.0,7.0,22.0,1.0,FWD,LIV,0.0,7.0,41.0,2.0,FWD,LIV,0.0,7.0,50.0,2.0,FWD,LIV,0.0,7.0,0.0,0.0,FWD,LIV,0.0,7.0,3.0,1.0,FWD,LIV,0.0,7.0,67.0,10.0,FWD,LIV,0.0,7.0,0.0,0.0,FWD,LIV,0.0,7.0,15.0,0.0,FWD,LIV,0.0,7.0,23.0,1.0,FWD,LIV,0.0,0.0,7.0,0.0,FWD,LIV,0.0,7.0,0.0,0.0,FWD,LIV,0.0,7.0,7.0,1.0,FWD,LIV,0.0,7.0,32.0,1.0,1034.0,63.0
317,Diogo J.,MID,LIV,0.0,7.5,78.0,8.0,MID,LIV,0.0,7.6,71.0,6.0,MID,LIV,0.0,7.6,75.0,3.0,MID,LIV,0.0,7.6,59.0,1.0,MID,LIV,0.0,7.5,0.0,0.0,MID,LIV,0.0,7.5,90.0,8.0,MID,LIV,0.0,7.4,90.0,8.0,MID,LIV,0.25,7.4,29.0,1.0,MID,LIV,1.0,7.3,0.0,0.0,MID,LIV,1.0,7.3,0.0,0.0,MID,LIV,1.0,7.2,0.0,0.0,MID,LIV,0.5,7.2,0.0,0.0,MID,LIV,0.5,7.2,0.0,0.0,MID,LIV,0.75,7.2,0.0,0.0,MID,LIV,0.75,7.2,0.0,0.0,MID,LIV,0.0,7.2,11.0,8.0,MID,LIV,0.0,7.2,22.0,1.0,MID,LIV,0.0,7.2,12.0,1.0,MID,LIV,0.0,7.2,32.0,6.0,MID,LIV,0.0,7.2,29.0,1.0,MID,LIV,0.25,7.2,24.0,7.0,MID,LIV,0.25,0.0,7.2,0.0,MID,LIV,1.0,7.2,0.0,0.0,MID,LIV,0.0,7.2,2.0,1.0,MID,LIV,0.0,7.2,128.0,8.0,MID,LIV,0.0,7.2,0.0,0.0,MID,LIV,0.0,7.2,61.0,3.0,MID,LIV,0.0,7.2,22.0,1.0,MID,LIV,0.0,7.2,0.0,0.0,MID,LIV,0.0,7.2,74.0,7.0,MID,LIV,0.0,7.2,66.0,2.0,MID,LIV,0.25,59.0,7.2,1.0,MID,LIV,0.0,7.2,30.0,1.0,MID,LIV,0.25,22.0,7.2,1.0,MID,LIV,0.0,7.2,57.0,1.0,1143.0,85.0
318,Doak,MID,LIV,0.0,4.5,0.0,0.0,MID,LIV,0.0,4.5,0.0,0.0,MID,LIV,1.0,4.5,0.0,0.0,MID,LIV,1.0,4.5,0.0,0.0,MID,LIV,1.0,4.5,0.0,0.0,MID,LIV,1.0,4.5,0.0,0.0,MID,LIV,1.0,4.5,0.0,0.0,MID,LIV,1.0,4.5,0.0,0.0,MID,LIV,1.0,4.5,0.0,0.0,MID,LIV,1.0,4.5,0.0,0.0,MID,LIV,1.0,4.5,0.0,0.0,MID,LIV,1.0,4.5,0.0,0.0,MID,LIV,1.0,4.5,0.0,0.0,MID,LIV,1.0,4.5,0.0,0.0,MID,LIV,1.0,4.5,0.0,0.0,MID,LIV,1.0,4.5,0.0,0.0,MID,LIV,1.0,4.5,0.0,0.0,MID,LIV,1.0,4.5,0.0,0.0,MID,LIV,1.0,4.5,0.0,0.0,MID,LIV,1.0,4.5,0.0,0.0,MID,LIV,1.0,4.5,0.0,0.0,MID,LIV,1.0,0.0,4.5,0.0,MID,LIV,1.0,4.5,0.0,0.0,MID,LIV,1.0,4.5,0.0,0.0,MID,LIV,1.0,4.5,0.0,0.0,MID,LIV,1.0,4.5,0.0,0.0,MID,LIV,1.0,4.5,0.0,0.0,MID,LIV,1.0,4.5,0.0,0.0,MID,LIV,1.0,4.5,0.0,0.0,MID,LIV,1.0,4.5,0.0,0.0,MID,LIV,1.0,4.5,0.0,0.0,MID,LIV,1.0,0.0,4.5,0.0,MID,LIV,1.0,4.5,0.0,0.0,MID,LIV,1.0,0.0,4.5,0.0,MID,LIV,1.0,4.5,0.0,0.0,0.0,0.0
319,Elliott,MID,LIV,0.0,5.5,0.0,0.0,MID,LIV,0.0,5.4,7.0,1.0,MID,LIV,0.0,5.3,0.0,0.0,MID,LIV,1.0,5.2,0.0,0.0,MID,LIV,1.0,5.2,0.0,0.0,MID,LIV,1.0,5.2,0.0,0.0,MID,LIV,0.5,5.2,0.0,0.0,MID,LIV,0.75,5.2,0.0,0.0,MID,LIV,1.0,5.2,0.0,0.0,MID,LIV,1.0,5.2,0.0,0.0,MID,LIV,0.5,5.2,0.0,0.0,MID,LIV,0.0,5.2,0.0,0.0,MID,LIV,0.0,5.2,1.0,1.0,MID,LIV,0.0,5.2,0.0,0.0,MID,LIV,0.0,5.2,0.0,0.0,MID,LIV,0.0,5.2,11.0,1.0,MID,LIV,0.0,5.2,3.0,1.0,MID,LIV,0.0,5.2,1.0,1.0,MID,LIV,0.0,5.2,16.0,1.0,MID,LIV,0.0,5.2,4.0,1.0,MID,LIV,0.0,5.2,0.0,0.0,MID,LIV,0.0,10.0,5.2,4.0,MID,LIV,0.0,5.2,22.0,1.0,MID,LIV,0.0,5.2,0.0,0.0,MID,LIV,0.0,5.2,0.0,0.0,MID,LIV,0.0,5.2,1.0,1.0,MID,LIV,0.0,5.2,0.0,0.0,MID,LIV,0.0,5.2,45.0,1.0,MID,LIV,0.0,5.2,0.0,0.0,MID,LIV,0.0,5.2,0.0,0.0,MID,LIV,0.0,5.2,35.0,1.0,MID,LIV,0.0,0.0,5.2,0.0,MID,LIV,0.0,5.2,19.0,1.0,MID,LIV,0.0,14.0,5.2,0.0,MID,LIV,0.0,5.2,68.0,2.0,257.0,18.0
320,Endo,MID,LIV,0.0,5.0,0.0,0.0,MID,LIV,0.0,4.9,1.0,1.0,MID,LIV,0.0,4.9,0.0,0.0,MID,LIV,0.0,4.9,0.0,0.0,MID,LIV,0.0,4.8,0.0,0.0,MID,LIV,0.0,4.8,0.0,0.0,MID,LIV,0.0,4.8,1.0,1.0,MID,LIV,0.0,4.8,0.0,0.0,MID,LIV,0.0,4.7,1.0,1.0,MID,LIV,0.0,4.7,13.0,1.0,MID,LIV,0.0,4.7,3.0,1.0,MID,LIV,0.0,4.7,1.0,1.0,MID,LIV,0.0,4.7,0.0,0.0,MID,LIV,0.0,4.7,0.0,0.0,MID,LIV,0.0,4.7,0.0,0.0,MID,LIV,0.0,4.7,0.0,0.0,MID,LIV,0.0,4.6,0.0,0.0,MID,LIV,0.0,4.6,3.0,1.0,MID,LIV,0.0,4.6,33.0,1.0,MID,LIV,0.0,4.6,0.0,0.0,MID,LIV,0.0,4.6,0.0,0.0,MID,LIV,0.0,0.0,4.6,0.0,MID,LIV,0.0,4.6,22.0,1.0,MID,LIV,0.0,4.6,2.0,1.0,MID,LIV,0.0,4.6,19.0,1.0,MID,LIV,0.0,4.6,16.0,1.0,MID,LIV,0.0,4.6,13.0,1.0,MID,LIV,0.0,4.6,9.0,1.0,MID,LIV,0.0,4.6,0.0,0.0,MID,LIV,0.0,4.6,1.0,1.0,MID,LIV,0.0,4.6,0.0,0.0,MID,LIV,0.0,5.0,4.6,1.0,MID,LIV,0.0,4.6,0.0,0.0,MID,LIV,0.0,14.0,4.6,1.0,MID,LIV,0.0,4.6,68.0,2.0,225.0,19.0
321,Gakpo,FWD,LIV,0.0,7.5,11.0,0.0,FWD,LIV,0.0,7.4,18.0,1.0,FWD,LIV,0.0,7.3,24.0,1.0,FWD,LIV,0.0,7.2,29.0,1.0,FWD,LIV,0.0,7.2,18.0,1.0,FWD,LIV,0.0,7.1,17.0,1.0,FWD,LIV,0.0,7.1,90.0,4.0,FWD,LIV,0.0,7.1,65.0,2.0,FWD,LIV,0.0,7.1,27.0,1.0,FWD,LIV,0.0,7.1,90.0,9.0,FWD,LIV,0.0,7.1,25.0,1.0,FWD,LIV,0.0,7.1,61.0,1.0,FWD,LIV,0.0,7.1,72.0,9.0,FWD,LIV,0.0,7.1,66.0,2.0,FWD,LIV,0.0,7.1,0.0,0.0,FWD,LIV,0.0,7.1,69.0,9.0,FWD,LIV,0.0,7.1,67.0,1.0,FWD,LIV,0.0,7.2,90.0,12.0,FWD,LIV,0.0,7.3,57.0,5.0,FWD,LIV,0.0,7.3,85.0,6.0,FWD,LIV,0.0,7.4,90.0,2.0,FWD,LIV,0.0,86.0,7.4,2.0,FWD,LIV,0.0,7.6,67.0,16.0,FWD,LIV,0.0,7.6,137.0,7.0,FWD,LIV,0.25,7.6,0.0,0.0,FWD,LIV,0.0,7.5,11.0,1.0,FWD,LIV,0.0,7.5,28.0,1.0,FWD,LIV,0.0,7.4,0.0,0.0,FWD,LIV,0.0,7.4,0.0,0.0,FWD,LIV,0.0,7.3,4.0,1.0,FWD,LIV,0.0,7.3,54.0,1.0,FWD,LIV,0.0,30.0,7.3,1.0,FWD,LIV,0.0,7.2,59.0,1.0,FWD,LIV,0.0,67.0,7.2,7.0,FWD,LIV,0.0,7.2,90.0,2.0,1704.0,109.0
322,Gomez,DEF,LIV,0.0,5.0,0.0,0.0,DEF,LIV,0.0,4.9,0.0,0.0,DEF,LIV,0.0,4.9,0.0,0.0,DEF,LIV,0.0,4.9,0.0,0.0,DEF,LIV,0.0,4.8,0.0,0.0,DEF,LIV,0.0,4.8,1.0,1.0,DEF,LIV,0.0,4.8,0.0,0.0,DEF,LIV,0.0,4.8,9.0,1.0,DEF,LIV,0.0,4.8,0.0,0.0,DEF,LIV,0.0,4.8,45.0,1.0,DEF,LIV,0.0,4.8,0.0,0.0,DEF,LIV,0.0,4.8,0.0,0.0,DEF,LIV,0.0,4.8,90.0,6.0,DEF,LIV,0.0,4.8,66.0,1.0,DEF,LIV,0.0,4.9,0.0,0.0,DEF,LIV,0.0,4.9,90.0,1.0,DEF,LIV,0.0,4.9,90.0,1.0,DEF,LIV,0.0,4.9,90.0,1.0,DEF,LIV,1.0,4.9,36.0,1.0,DEF,LIV,1.0,4.8,0.0,0.0,DEF,LIV,1.0,4.7,0.0,0.0,DEF,LIV,1.0,0.0,4.7,0.0,DEF,LIV,1.0,4.7,0.0,0.0,DEF,LIV,0.75,4.7,0.0,0.0,DEF,LIV,1.0,4.7,0.0,0.0,DEF,LIV,1.0,4.7,0.0,0.0,DEF,LIV,1.0,4.7,0.0,0.0,DEF,LIV,1.0,4.7,0.0,0.0,DEF,LIV,1.0,4.7,0.0,0.0,DEF,LIV,1.0,4.7,0.0,0.0,DEF,LIV,1.0,4.7,0.0,0.0,DEF,LIV,1.0,0.0,4.7,0.0,DEF,LIV,1.0,4.7,0.0,0.0,DEF,LIV,1.0,0.0,4.7,0.0,DEF,LIV,1.0,4.7,0.0,0.0,517.0,14.0
323,Gravenberch,MID,LIV,0.0,5.0,90.0,3.0,MID,LIV,0.0,5.0,90.0,2.0,MID,LIV,0.0,5.0,90.0,3.0,MID,LIV,0.0,5.0,90.0,1.0,MID,LIV,0.0,5.0,90.0,3.0,MID,LIV,0.0,5.0,90.0,3.0,MID,LIV,0.0,5.0,90.0,3.0,MID,LIV,0.0,5.0,90.0,2.0,MID,LIV,0.0,5.0,90.0,2.0,MID,LIV,0.0,5.0,90.0,2.0,MID,LIV,0.0,5.0,90.0,3.0,MID,LIV,0.0,5.0,90.0,5.0,MID,LIV,0.0,5.0,90.0,2.0,MID,LIV,0.0,5.0,66.0,1.0,MID,LIV,0.0,5.0,0.0,0.0,MID,LIV,0.0,5.0,90.0,2.0,MID,LIV,0.0,5.0,90.0,2.0,MID,LIV,0.0,5.0,86.0,2.0,MID,LIV,0.0,5.0,56.0,4.0,MID,LIV,0.0,5.0,90.0,2.0,MID,LIV,0.0,5.0,90.0,2.0,MID,LIV,0.0,90.0,5.0,3.0,MID,LIV,0.0,5.0,67.0,3.0,MID,LIV,0.0,5.0,150.0,4.0,MID,LIV,0.0,5.0,180.0,4.0,MID,LIV,0.0,5.0,90.0,3.0,MID,LIV,0.0,5.0,76.0,3.0,MID,LIV,0.0,5.0,80.0,2.0,MID,LIV,0.25,5.0,0.0,0.0,MID,LIV,0.0,5.0,90.0,3.0,MID,LIV,0.0,5.0,90.0,5.0,MID,LIV,0.0,90.0,5.0,2.0,MID,LIV,0.0,5.0,90.0,3.0,MID,LIV,0.0,90.0,5.0,5.0,MID,LIV,0.0,5.0,0.0,0.0,2921.0,89.0
324,Jones,MID,LIV,0.0,5.5,0.0,0.0,MID,LIV,0.0,5.4,0.0,0.0,MID,LIV,0.75,5.4,0.0,0.0,MID,LIV,0.0,5.3,15.0,1.0,MID,LIV,0.0,5.3,29.0,1.0,MID,LIV,0.0,5.3,17.0,1.0,MID,LIV,0.0,5.3,88.0,3.0,MID,LIV,0.0,5.3,80.0,13.0,MID,LIV,0.0,5.3,90.0,2.0,MID,LIV,0.0,5.3,24.0,4.0,MID,LIV,0.0,5.3,64.0,3.0,MID,LIV,0.0,5.3,61.0,2.0,MID,LIV,0.0,5.3,6.0,1.0,MID,LIV,0.0,5.3,90.0,7.0,MID,LIV,0.0,5.3,0.0,0.0,MID,LIV,0.0,5.3,69.0,1.0,MID,LIV,0.0,5.3,22.0,1.0,MID,LIV,0.0,5.3,77.0,8.0,MID,LIV,0.0,5.3,73.0,6.0,MID,LIV,0.0,5.3,60.0,2.0,MID,LIV,0.0,5.3,15.0,1.0,MID,LIV,0.0,10.0,5.3,1.0,MID,LIV,1.0,5.3,0.0,0.0,MID,LIV,1.0,5.3,58.0,5.0,MID,LIV,0.0,5.3,90.0,2.0,MID,LIV,0.0,5.3,73.0,3.0,MID,LIV,0.0,5.3,3.0,1.0,MID,LIV,0.0,5.3,45.0,1.0,MID,LIV,0.0,5.3,0.0,0.0,MID,LIV,0.0,5.3,90.0,3.0,MID,LIV,0.0,5.3,90.0,2.0,MID,LIV,0.0,67.0,5.3,3.0,MID,LIV,0.0,5.3,1.0,1.0,MID,LIV,0.0,22.0,5.3,1.0,MID,LIV,0.0,5.3,90.0,2.0,1519.0,82.0
325,Kelleher,GKP,LIV,0.0,4.5,0.0,0.0,GKP,LIV,0.0,4.5,0.0,0.0,GKP,LIV,0.0,4.4,0.0,0.0,GKP,LIV,0.0,4.4,0.0,0.0,GKP,LIV,0.0,4.4,90.0,9.0,GKP,LIV,0.0,4.4,0.0,0.0,GKP,LIV,0.0,4.4,0.0,0.0,GKP,LIV,0.0,4.4,90.0,2.0,GKP,LIV,0.0,4.4,90.0,1.0,GKP,LIV,0.0,4.4,90.0,3.0,GKP,LIV,0.0,4.5,90.0,6.0,GKP,LIV,0.0,4.5,90.0,7.0,GKP,LIV,0.0,4.5,90.0,7.0,GKP,LIV,0.0,4.6,90.0,2.0,GKP,LIV,0.0,4.6,0.0,0.0,GKP,LIV,0.0,4.5,0.0,0.0,GKP,LIV,0.0,4.5,0.0,0.0,GKP,LIV,0.0,4.4,0.0,0.0,GKP,LIV,0.0,4.3,0.0,0.0,GKP,LIV,0.0,4.2,0.0,0.0,GKP,LIV,0.0,4.1,0.0,0.0,GKP,LIV,0.0,0.0,4.1,0.0,GKP,LIV,0.0,4.0,0.0,0.0,GKP,LIV,0.0,4.0,0.0,0.0,GKP,LIV,0.0,4.0,0.0,0.0,GKP,LIV,0.0,4.0,0.0,0.0,GKP,LIV,0.0,4.0,0.0,0.0,GKP,LIV,0.0,4.0,0.0,0.0,GKP,LIV,0.0,4.0,0.0,0.0,GKP,LIV,0.0,4.0,90.0,6.0,GKP,LIV,0.0,4.0,90.0,2.0,GKP,LIV,0.0,0.0,4.0,0.0,GKP,LIV,0.0,4.0,0.0,0.0,GKP,LIV,0.0,0.0,4.0,0.0,GKP,LIV,0.0,4.0,0.0,0.0,900.0,45.0
326,Konaté,DEF,LIV,0.0,5.0,45.0,1.0,DEF,LIV,0.0,5.0,90.0,7.0,DEF,LIV,0.0,5.0,90.0,6.0,DEF,LIV,0.0,5.1,74.0,2.0,DEF,LIV,0.0,5.1,90.0,8.0,DEF,LIV,0.0,5.2,90.0,7.0,DEF,LIV,0.0,5.2,90.0,6.0,DEF,LIV,0.0,5.3,90.0,1.0,DEF,LIV,0.0,5.3,90.0,1.0,DEF,LIV,0.0,5.3,45.0,1.0,DEF,LIV,0.0,5.4,90.0,6.0,DEF,LIV,0.25,5.4,90.0,0.0,DEF,LIV,1.0,5.3,0.0,0.0,DEF,LIV,1.0,5.3,0.0,0.0,DEF,LIV,1.0,5.2,0.0,0.0,DEF,LIV,1.0,5.1,0.0,0.0,DEF,LIV,1.0,5.1,0.0,0.0,DEF,LIV,1.0,5.1,0.0,0.0,DEF,LIV,1.0,5.1,0.0,0.0,DEF,LIV,0.0,5.1,90.0,1.0,DEF,LIV,0.0,5.1,65.0,2.0,DEF,LIV,0.0,90.0,5.1,6.0,DEF,LIV,0.0,5.2,90.0,5.0,DEF,LIV,0.0,5.2,180.0,7.0,DEF,LIV,0.0,5.2,135.0,1.0,DEF,LIV,0.0,5.2,90.0,6.0,DEF,LIV,0.0,5.2,90.0,6.0,DEF,LIV,0.0,5.2,90.0,2.0,DEF,LIV,0.0,5.2,0.0,0.0,DEF,LIV,0.0,5.3,90.0,6.0,DEF,LIV,0.0,5.3,66.0,1.0,DEF,LIV,0.0,90.0,5.3,2.0,DEF,LIV,0.0,5.3,90.0,9.0,DEF,LIV,0.0,90.0,5.3,2.0,DEF,LIV,0.0,5.3,0.0,0.0,2320.0,102.0
327,Luis Díaz,MID,LIV,0.0,7.5,90.0,3.0,MID,LIV,0.0,7.5,71.0,14.0,MID,LIV,0.0,7.6,65.0,15.0,MID,LIV,0.0,7.7,60.0,3.0,MID,LIV,0.0,7.9,71.0,16.0,MID,LIV,0.0,8.0,72.0,2.0,MID,LIV,0.0,8.1,17.0,1.0,MID,LIV,0.0,7.9,24.0,1.0,MID,LIV,0.0,7.9,62.0,5.0,MID,LIV,0.0,7.7,24.0,1.0,MID,LIV,0.0,7.7,90.0,3.0,MID,LIV,0.0,7.6,28.0,1.0,MID,LIV,0.0,7.6,90.0,6.0,MID,LIV,0.0,7.5,23.0,1.0,MID,LIV,0.0,7.4,0.0,0.0,MID,LIV,0.0,7.4,90.0,1.0,MID,LIV,0.0,7.4,86.0,13.0,MID,LIV,0.0,7.5,0.0,0.0,MID,LIV,0.0,7.6,90.0,9.0,MID,LIV,0.0,7.6,59.0,1.0,MID,LIV,0.25,7.5,74.0,1.0,MID,LIV,0.25,64.0,7.5,3.0,MID,LIV,0.0,7.5,85.0,3.0,MID,LIV,0.0,7.5,177.0,5.0,MID,LIV,0.0,7.5,79.0,13.0,MID,LIV,0.0,7.5,78.0,3.0,MID,LIV,0.0,7.5,86.0,8.0,MID,LIV,0.0,7.5,90.0,6.0,MID,LIV,0.0,7.5,0.0,0.0,MID,LIV,0.0,7.5,85.0,9.0,MID,LIV,0.0,7.5,35.0,6.0,MID,LIV,0.25,90.0,7.5,9.0,MID,LIV,0.0,7.5,90.0,3.0,MID,LIV,0.25,75.0,7.6,7.0,MID,LIV,0.0,7.6,0.0,0.0,2220.0,172.0
328,M.Salah,MID,LIV,0.0,12.5,90.0,14.0,MID,LIV,0.0,12.5,82.0,10.0,MID,LIV,0.0,12.7,90.0,17.0,MID,LIV,0.0,12.7,90.0,2.0,MID,LIV,0.0,12.8,90.0,6.0,MID,LIV,0.0,12.8,90.0,10.0,MID,LIV,0.0,12.7,72.0,3.0,MID,LIV,0.0,12.6,90.0,12.0,MID,LIV,0.0,12.6,90.0,10.0,MID,LIV,0.0,12.8,90.0,9.0,MID,LIV,0.0,12.9,90.0,14.0,MID,LIV,0.0,13.1,90.0,13.0,MID,LIV,0.0,13.1,83.0,13.0,MID,LIV,0.0,13.3,90.0,18.0,MID,LIV,0.0,13.3,0.0,0.0,MID,LIV,0.0,13.4,90.0,5.0,MID,LIV,0.0,13.5,86.0,21.0,MID,LIV,0.0,13.5,90.0,9.0,MID,LIV,0.0,13.6,90.0,16.0,MID,LIV,0.0,13.6,90.0,7.0,MID,LIV,0.0,13.7,90.0,2.0,MID,LIV,0.0,90.0,13.7,3.0,MID,LIV,0.0,13.7,90.0,8.0,MID,LIV,0.0,13.7,177.0,29.0,MID,LIV,0.0,13.7,180.0,20.0,MID,LIV,0.0,13.7,90.0,14.0,MID,LIV,0.0,13.8,90.0,6.0,MID,LIV,0.0,13.8,90.0,15.0,MID,LIV,0.0,13.7,0.0,0.0,MID,LIV,0.0,13.8,90.0,3.0,MID,LIV,0.0,13.8,90.0,2.0,MID,LIV,0.0,84.0,13.8,6.0,MID,LIV,0.0,13.8,90.0,3.0,MID,LIV,0.0,90.0,13.8,8.0,MID,LIV,0.0,13.7,90.0,2.0,3104.0,330.0
329,Mac Allister,MID,LIV,0.0,6.5,90.0,3.0,MID,LIV,0.0,6.5,90.0,3.0,MID,LIV,0.0,6.4,90.0,3.0,MID,LIV,0.0,6.4,59.0,1.0,MID,LIV,0.0,6.4,90.0,3.0,MID,LIV,0.0,6.3,90.0,2.0,MID,LIV,0.0,6.3,45.0,0.0,MID,LIV,0.0,6.2,9.0,0.0,MID,LIV,0.0,6.2,62.0,1.0,MID,LIV,0.0,6.2,65.0,1.0,MID,LIV,0.0,6.2,86.0,3.0,MID,LIV,0.0,6.2,28.0,1.0,MID,LIV,0.0,6.2,90.0,3.0,MID,LIV,1.0,6.2,90.0,1.0,MID,LIV,1.0,6.2,0.0,0.0,MID,LIV,0.0,6.2,0.0,0.0,MID,LIV,0.0,6.2,67.0,7.0,MID,LIV,0.0,6.2,90.0,8.0,MID,LIV,0.0,6.2,90.0,3.0,MID,LIV,0.0,6.2,90.0,10.0,MID,LIV,0.0,6.2,90.0,2.0,MID,LIV,0.0,79.0,6.2,3.0,MID,LIV,0.0,6.2,79.0,3.0,MID,LIV,0.0,6.2,150.0,10.0,MID,LIV,0.0,6.2,170.0,4.0,MID,LIV,0.0,6.2,90.0,3.0,MID,LIV,0.0,6.2,86.0,8.0,MID,LIV,0.0,6.2,45.0,1.0,MID,LIV,0.0,6.2,0.0,0.0,MID,LIV,0.0,6.2,90.0,3.0,MID,LIV,0.0,6.2,90.0,9.0,MID,LIV,0.0,90.0,6.2,5.0,MID,LIV,0.0,6.2,90.0,3.0,MID,LIV,0.0,82.0,6.2,10.0,MID,LIV,0.0,6.2,21.0,4.0,2573.0,121.0
330,McConnell,MID,LIV,0.0,4.5,0.0,0.0,MID,LIV,0.0,4.5,0.0,0.0,MID,LIV,0.0,4.5,0.0,0.0,MID,LIV,0.0,4.5,0.0,0.0,MID,LIV,0.0,4.5,0.0,0.0,MID,LIV,0.0,4.5,0.0,0.0,MID,LIV,0.0,4.5,0.0,0.0,MID,LIV,0.0,4.5,0.0,0.0,MID,LIV,0.0,4.4,0.0,0.0,MID,LIV,0.0,4.4,0.0,0.0,MID,LIV,0.0,4.4,0.0,0.0,MID,LIV,0.0,4.4,0.0,0.0,MID,LIV,0.0,4.4,0.0,0.0,MID,LIV,0.0,4.4,0.0,0.0,MID,LIV,0.0,4.4,0.0,0.0,MID,LIV,0.0,4.4,0.0,0.0,MID,LIV,0.0,4.4,0.0,0.0,MID,LIV,0.0,4.4,0.0,0.0,MID,LIV,0.0,4.4,0.0,0.0,MID,LIV,0.0,4.4,0.0,0.0,MID,LIV,0.0,4.4,0.0,0.0,MID,LIV,0.0,0.0,4.4,0.0,MID,LIV,0.0,4.4,0.0,0.0,MID,LIV,0.0,4.4,0.0,0.0,MID,LIV,0.0,4.4,0.0,0.0,MID,LIV,0.0,4.4,0.0,0.0,MID,LIV,0.0,4.4,0.0,0.0,MID,LIV,0.0,4.4,0.0,0.0,MID,LIV,0.0,4.4,0.0,0.0,MID,LIV,0.0,4.4,0.0,0.0,MID,LIV,0.0,4.4,0.0,0.0,MID,LIV,0.0,0.0,4.3,0.0,MID,LIV,0.0,4.3,0.0,0.0,MID,LIV,0.0,0.0,4.3,0.0,MID,LIV,0.0,4.3,0.0,0.0,0.0,0.0
331,Morton,MID,LIV,0.0,4.5,0.0,0.0,MID,LIV,0.0,4.5,0.0,0.0,MID,LIV,0.0,4.5,0.0,0.0,MID,LIV,0.0,4.5,0.0,0.0,MID,LIV,0.0,4.5,0.0,0.0,MID,LIV,0.0,4.5,0.0,0.0,MID,LIV,0.0,4.5,0.0,0.0,MID,LIV,0.0,4.4,0.0,0.0,MID,LIV,0.0,4.4,0.0,0.0,MID,LIV,0.0,4.4,0.0,0.0,MID,LIV,0.0,4.4,0.0,0.0,MID,LIV,0.0,4.4,0.0,0.0,MID,LIV,0.0,4.4,0.0,0.0,MID,LIV,0.0,4.4,0.0,0.0,MID,LIV,0.0,4.4,0.0,0.0,MID,LIV,0.0,4.4,0.0,0.0,MID,LIV,0.0,4.4,0.0,0.0,MID,LIV,0.0,4.4,0.0,0.0,MID,LIV,0.0,4.4,0.0,0.0,MID,LIV,0.0,4.4,0.0,0.0,MID,LIV,0.0,4.4,0.0,0.0,MID,LIV,0.0,0.0,4.4,0.0,MID,LIV,0.0,4.4,0.0,0.0,MID,LIV,1.0,4.4,0.0,0.0,MID,LIV,1.0,4.4,0.0,0.0,MID,LIV,1.0,4.4,0.0,0.0,MID,LIV,1.0,4.4,0.0,0.0,MID,LIV,1.0,4.4,0.0,0.0,MID,LIV,1.0,4.4,0.0,0.0,MID,LIV,0.25,4.4,0.0,0.0,MID,LIV,0.0,4.4,0.0,0.0,MID,LIV,0.0,0.0,4.4,0.0,MID,LIV,0.0,4.4,0.0,0.0,MID,LIV,0.0,0.0,4.4,0.0,MID,LIV,0.0,4.4,0.0,0.0,0.0,0.0
332,N.Phillips,DEF,LIV,0.0,4.0,0.0,0.0,DEF,LIV,0.0,4.0,0.0,0.0,DEF,LIV,1.0,4.0,0.0,0.0,DEF,LIV,1.0,4.0,0.0,0.0,DEF,LIV,1.0,4.0,0.0,0.0,DEF,LIV,1.0,4.0,0.0,0.0,DEF,LIV,1.0,4.0,0.0,0.0,DEF,LIV,1.0,4.0,0.0,0.0,DEF,LIV,1.0,4.0,0.0,0.0,DEF,LIV,1.0,4.0,0.0,0.0,DEF,LIV,1.0,4.0,0.0,0.0,DEF,LIV,1.0,4.0,0.0,0.0,DEF,LIV,1.0,4.0,0.0,0.0,DEF,LIV,1.0,4.0,0.0,0.0,DEF,LIV,1.0,4.0,0.0,0.0,DEF,LIV,1.0,4.0,0.0,0.0,DEF,LIV,1.0,4.0,0.0,0.0,DEF,LIV,1.0,4.0,0.0,0.0,DEF,LIV,1.0,4.0,0.0,0.0,DEF,LIV,1.0,4.0,0.0,0.0,DEF,LIV,1.0,4.0,0.0,0.0,DEF,LIV,1.0,0.0,4.0,0.0,DEF,LIV,1.0,4.0,0.0,0.0,DEF,LIV,1.0,4.0,0.0,0.0,DEF,LIV,1.0,4.0,0.0,0.0,DEF,LIV,1.0,4.0,0.0,0.0,DEF,LIV,1.0,4.0,0.0,0.0,DEF,LIV,1.0,4.0,0.0,0.0,DEF,LIV,1.0,4.0,0.0,0.0,DEF,LIV,1.0,4.0,0.0,0.0,DEF,LIV,1.0,4.0,0.0,0.0,DEF,LIV,1.0,0.0,4.0,0.0,DEF,LIV,1.0,4.0,0.0,0.0,DEF,LIV,1.0,0.0,4.0,0.0,DEF,LIV,1.0,4.0,0.0,0.0,0.0,0.0
333,Quansah,DEF,LIV,0.0,4.5,45.0,1.0,DEF,LIV,0.25,4.4,0.0,0.0,DEF,LIV,0.0,4.3,0.0,0.0,DEF,LIV,0.0,4.2,0.0,0.0,DEF,LIV,0.0,4.1,0.0,0.0,DEF,LIV,0.0,4.1,0.0,0.0,DEF,LIV,0.0,4.1,0.0,0.0,DEF,LIV,0.0,4.0,0.0,0.0,DEF,LIV,0.0,4.0,0.0,0.0,DEF,LIV,0.0,4.0,0.0,0.0,DEF,LIV,0.0,3.9,0.0,0.0,DEF,LIV,0.0,3.9,0.0,0.0,DEF,LIV,0.0,3.9,17.0,1.0,DEF,LIV,0.0,3.9,90.0,0.0,DEF,LIV,0.0,3.9,0.0,0.0,DEF,LIV,0.0,3.9,20.0,1.0,DEF,LIV,0.0,3.9,0.0,0.0,DEF,LIV,0.0,3.9,0.0,0.0,DEF,LIV,0.0,3.9,53.0,1.0,DEF,LIV,0.0,3.9,0.0,0.0,DEF,LIV,0.0,3.9,0.0,0.0,DEF,LIV,0.0,0.0,3.9,0.0,DEF,LIV,0.0,3.9,0.0,0.0,DEF,LIV,0.0,3.9,0.0,0.0,DEF,LIV,0.0,3.9,46.0,2.0,DEF,LIV,0.0,3.9,1.0,1.0,DEF,LIV,0.0,3.9,13.0,1.0,DEF,LIV,0.0,3.9,1.0,1.0,DEF,LIV,0.0,3.9,0.0,0.0,DEF,LIV,0.0,3.9,0.0,0.0,DEF,LIV,0.0,3.9,0.0,0.0,DEF,LIV,0.0,22.0,3.9,1.0,DEF,LIV,0.0,3.9,0.0,0.0,DEF,LIV,0.0,0.0,3.9,0.0,DEF,LIV,0.0,3.9,90.0,-2.0,398.0,8.0
334,R.Williams,DEF,LIV,0.0,4.0,0.0,0.0,DEF,LIV,1.0,4.0,0.0,0.0,DEF,LIV,1.0,4.0,0.0,0.0,DEF,LIV,1.0,4.0,0.0,0.0,DEF,LIV,1.0,4.0,0.0,0.0,DEF,LIV,1.0,4.0,0.0,0.0,DEF,LIV,1.0,4.0,0.0,0.0,DEF,LIV,1.0,4.0,0.0,0.0,DEF,LIV,1.0,4.0,0.0,0.0,DEF,LIV,1.0,4.0,0.0,0.0,DEF,LIV,1.0,4.0,0.0,0.0,DEF,LIV,1.0,4.0,0.0,0.0,DEF,LIV,1.0,4.0,0.0,0.0,DEF,LIV,1.0,4.0,0.0,0.0,DEF,LIV,1.0,4.0,0.0,0.0,DEF,LIV,1.0,4.0,0.0,0.0,DEF,LIV,1.0,4.0,0.0,0.0,DEF,LIV,1.0,4.0,0.0,0.0,DEF,LIV,1.0,4.0,0.0,0.0,DEF,LIV,1.0,4.0,0.0,0.0,DEF,LIV,1.0,4.0,0.0,0.0,DEF,LIV,1.0,0.0,4.0,0.0,DEF,LIV,1.0,4.0,0.0,0.0,DEF,LIV,1.0,4.0,0.0,0.0,DEF,LIV,1.0,4.0,0.0,0.0,DEF,LIV,1.0,4.0,0.0,0.0,DEF,LIV,1.0,4.0,0.0,0.0,DEF,LIV,1.0,4.0,0.0,0.0,DEF,LIV,1.0,4.0,0.0,0.0,DEF,LIV,1.0,4.0,0.0,0.0,DEF,LIV,1.0,4.0,0.0,0.0,DEF,LIV,1.0,0.0,4.0,0.0,DEF,LIV,1.0,4.0,0.0,0.0,DEF,LIV,1.0,0.0,4.0,0.0,DEF,LIV,1.0,4.0,0.0,0.0,0.0,0.0
335,Robertson,DEF,LIV,0.0,6.0,78.0,6.0,DEF,LIV,0.0,6.0,90.0,6.0,DEF,LIV,0.0,6.0,82.0,6.0,DEF,LIV,0.0,6.0,74.0,1.0,DEF,LIV,0.0,6.0,90.0,6.0,DEF,LIV,0.0,6.0,88.0,2.0,DEF,LIV,0.0,6.0,11.0,1.0,DEF,LIV,0.0,6.0,90.0,2.0,DEF,LIV,0.0,6.0,62.0,1.0,DEF,LIV,0.0,5.9,0.0,0.0,DEF,LIV,0.0,5.9,90.0,8.0,DEF,LIV,0.0,5.9,90.0,1.0,DEF,LIV,0.0,5.9,90.0,6.0,DEF,LIV,0.0,5.9,90.0,1.0,DEF,LIV,0.0,5.9,0.0,0.0,DEF,LIV,0.0,5.9,16.0,-3.0,DEF,LIV,0.0,5.9,90.0,1.0,DEF,LIV,0.0,5.9,85.0,1.0,DEF,LIV,0.0,5.9,73.0,6.0,DEF,LIV,0.0,5.9,90.0,1.0,DEF,LIV,0.0,5.9,64.0,2.0,DEF,LIV,0.0,25.0,5.9,1.0,DEF,LIV,0.0,5.9,90.0,2.0,DEF,LIV,0.0,5.9,158.0,8.0,DEF,LIV,0.0,5.9,180.0,3.0,DEF,LIV,0.0,5.9,73.0,6.0,DEF,LIV,0.0,5.8,0.0,0.0,DEF,LIV,0.0,5.8,45.0,1.0,DEF,LIV,0.0,5.8,0.0,0.0,DEF,LIV,0.0,5.8,90.0,7.0,DEF,LIV,0.0,5.8,81.0,1.0,DEF,LIV,0.0,30.0,5.8,-1.0,DEF,LIV,0.0,5.8,0.0,0.0,DEF,LIV,0.0,90.0,5.8,2.0,DEF,LIV,0.0,5.8,0.0,0.0,2305.0,85.0
336,Szoboszlai,MID,LIV,0.0,6.5,90.0,7.0,MID,LIV,0.0,6.5,90.0,2.0,MID,LIV,0.0,6.5,90.0,6.0,MID,LIV,0.0,6.5,90.0,1.0,MID,LIV,0.0,6.5,60.0,3.0,MID,LIV,0.0,6.5,72.0,2.0,MID,LIV,0.0,6.5,45.0,1.0,MID,LIV,0.0,6.4,90.0,1.0,MID,LIV,0.0,6.4,27.0,1.0,MID,LIV,0.0,6.3,65.0,2.0,MID,LIV,0.0,6.3,25.0,1.0,MID,LIV,0.0,6.3,90.0,10.0,MID,LIV,0.0,6.3,90.0,3.0,MID,LIV,0.0,6.3,23.0,1.0,MID,LIV,0.0,6.3,0.0,0.0,MID,LIV,0.0,6.3,78.0,2.0,MID,LIV,0.0,6.3,90.0,17.0,MID,LIV,1.0,6.3,12.0,0.0,MID,LIV,0.0,6.3,0.0,0.0,MID,LIV,0.0,6.3,0.0,0.0,MID,LIV,0.0,6.3,90.0,2.0,MID,LIV,0.0,79.0,6.3,2.0,MID,LIV,0.0,6.3,67.0,13.0,MID,LIV,0.0,6.3,180.0,5.0,MID,LIV,0.0,6.3,180.0,4.0,MID,LIV,0.0,6.3,90.0,13.0,MID,LIV,0.0,6.4,90.0,11.0,MID,LIV,0.0,6.4,45.0,1.0,MID,LIV,0.0,6.4,0.0,0.0,MID,LIV,0.0,6.4,90.0,3.0,MID,LIV,0.0,6.3,54.0,1.0,MID,LIV,0.0,22.0,6.3,1.0,MID,LIV,0.0,6.2,70.0,3.0,MID,LIV,0.0,67.0,6.2,9.0,MID,LIV,0.0,6.2,21.0,1.0,2272.0,129.0
337,Tsimikas,DEF,LIV,0.0,5.0,11.0,1.0,DEF,LIV,0.0,4.9,0.0,0.0,DEF,LIV,0.0,4.8,7.0,1.0,DEF,LIV,0.0,4.8,15.0,1.0,DEF,LIV,0.0,4.7,0.0,0.0,DEF,LIV,0.0,4.7,0.0,0.0,DEF,LIV,0.0,4.7,78.0,6.0,DEF,LIV,0.0,4.6,0.0,0.0,DEF,LIV,0.0,4.6,27.0,1.0,DEF,LIV,0.0,4.6,90.0,3.0,DEF,LIV,0.0,4.6,0.0,0.0,DEF,LIV,0.5,4.6,0.0,0.0,DEF,LIV,0.75,4.6,0.0,0.0,DEF,LIV,1.0,4.6,0.0,0.0,DEF,LIV,1.0,4.6,0.0,0.0,DEF,LIV,0.0,4.6,0.0,0.0,DEF,LIV,0.0,4.6,0.0,0.0,DEF,LIV,0.0,4.6,4.0,1.0,DEF,LIV,0.0,4.6,16.0,1.0,DEF,LIV,0.0,4.6,0.0,0.0,DEF,LIV,0.0,4.6,25.0,4.0,DEF,LIV,0.0,64.0,4.6,5.0,DEF,LIV,0.0,4.6,0.0,0.0,DEF,LIV,0.0,4.6,21.0,1.0,DEF,LIV,0.0,4.6,0.0,0.0,DEF,LIV,0.0,4.6,16.0,1.0,DEF,LIV,0.0,4.6,90.0,6.0,DEF,LIV,0.0,4.6,45.0,0.0,DEF,LIV,0.0,4.6,0.0,0.0,DEF,LIV,0.0,4.6,0.0,0.0,DEF,LIV,0.0,4.6,0.0,0.0,DEF,LIV,0.0,59.0,4.6,1.0,DEF,LIV,0.0,4.6,90.0,8.0,DEF,LIV,0.0,0.0,4.6,0.0,DEF,LIV,0.0,4.6,81.0,1.0,739.0,42.0
338,Van den Berg,DEF,LIV,0.0,4.0,0.0,0.0,DEF,BRE,0.0,4.0,0.0,0.0,DEF,BRE,0.0,4.0,15.0,1.0,DEF,BRE,0.0,4.0,90.0,1.0,DEF,BRE,0.0,4.0,90.0,1.0,DEF,BRE,0.0,4.0,90.0,2.0,DEF,BRE,0.0,4.0,90.0,1.0,DEF,BRE,0.0,4.0,86.0,1.0,DEF,BRE,0.0,4.0,90.0,1.0,DEF,BRE,0.0,4.0,90.0,1.0,DEF,BRE,0.0,4.1,90.0,1.0,DEF,BRE,0.0,4.1,90.0,6.0,DEF,BRE,0.0,4.1,82.0,2.0,DEF,BRE,0.0,4.1,90.0,1.0,DEF,BRE,0.0,4.1,90.0,0.0,DEF,BRE,0.25,4.1,90.0,1.0,DEF,BRE,0.75,4.1,0.0,0.0,DEF,BRE,1.0,4.1,0.0,0.0,DEF,BRE,0.0,4.1,74.0,1.0,DEF,BRE,0.0,4.1,90.0,10.0,DEF,BRE,0.0,4.1,90.0,1.0,DEF,BRE,0.0,90.0,4.1,1.0,DEF,BRE,0.0,4.1,90.0,2.0,DEF,BRE,0.0,4.1,90.0,1.0,DEF,BRE,0.25,4.1,59.0,1.0,DEF,BRE,1.0,4.1,0.0,0.0,DEF,BRE,1.0,4.1,0.0,0.0,DEF,BRE,0.5,4.1,0.0,0.0,DEF,BRE,0.0,4.1,18.0,1.0,DEF,BRE,0.0,4.1,90.0,1.0,DEF,BRE,0.0,4.1,90.0,5.0,DEF,BRE,0.0,90.0,4.1,2.0,DEF,BRE,0.0,4.1,90.0,1.0,DEF,BRE,0.0,90.0,4.1,6.0,DEF,BRE,0.0,4.1,90.0,1.0,2314.0,54.0
339,Virgil,DEF,LIV,0.0,6.0,90.0,6.0,DEF,LIV,0.0,6.0,90.0,7.0,DEF,LIV,0.0,6.0,90.0,5.0,DEF,LIV,0.0,6.0,90.0,2.0,DEF,LIV,0.0,6.0,90.0,6.0,DEF,LIV,0.0,6.0,90.0,2.0,DEF,LIV,0.0,6.0,90.0,8.0,DEF,LIV,0.0,6.0,90.0,2.0,DEF,LIV,0.0,6.1,90.0,7.0,DEF,LIV,0.0,6.2,90.0,5.0,DEF,LIV,0.0,6.3,90.0,6.0,DEF,LIV,0.0,6.3,90.0,1.0,DEF,LIV,0.0,6.4,90.0,6.0,DEF,LIV,0.0,6.4,90.0,1.0,DEF,LIV,0.0,6.4,0.0,0.0,DEF,LIV,0.0,6.5,90.0,1.0,DEF,LIV,0.0,6.5,90.0,1.0,DEF,LIV,0.0,6.5,90.0,2.0,DEF,LIV,0.0,6.5,90.0,6.0,DEF,LIV,0.0,6.4,90.0,1.0,DEF,LIV,0.0,6.4,90.0,2.0,DEF,LIV,0.0,90.0,6.4,6.0,DEF,LIV,0.0,6.4,90.0,2.0,DEF,LIV,0.0,6.4,180.0,6.0,DEF,LIV,0.0,6.4,180.0,2.0,DEF,LIV,0.0,6.4,90.0,6.0,DEF,LIV,0.0,6.4,90.0,7.0,DEF,LIV,0.0,6.4,90.0,2.0,DEF,LIV,0.0,6.4,0.0,0.0,DEF,LIV,0.0,6.5,90.0,8.0,DEF,LIV,0.0,6.5,90.0,1.0,DEF,LIV,0.0,90.0,6.5,9.0,DEF,LIV,0.0,6.6,90.0,7.0,DEF,LIV,0.0,90.0,6.6,2.0,DEF,LIV,0.0,6.7,90.0,6.0,3150.0,141.0
340,Akanji,DEF,MCI,0.0,5.5,90.0,6.0,DEF,MCI,0.0,5.5,90.0,2.0,DEF,MCI,0.0,5.5,90.0,1.0,DEF,MCI,0.0,5.5,90.0,2.0,DEF,MCI,0.0,5.5,90.0,1.0,DEF,MCI,0.0,5.5,90.0,2.0,DEF,MCI,0.0,5.5,61.0,2.0,DEF,MCI,0.0,5.5,0.0,0.0,DEF,MCI,0.0,5.5,90.0,6.0,DEF,MCI,0.0,5.5,90.0,1.0,DEF,MCI,0.25,5.5,0.0,0.0,DEF,MCI,0.0,5.4,90.0,-1.0,DEF,MCI,0.0,5.4,90.0,0.0,DEF,MCI,0.5,5.4,45.0,1.0,DEF,MCI,0.5,5.3,0.0,0.0,DEF,MCI,0.75,5.3,0.0,0.0,DEF,MCI,0.0,5.3,90.0,1.0,DEF,MCI,0.0,5.3,90.0,2.0,DEF,MCI,0.0,5.3,90.0,7.0,DEF,MCI,0.0,5.3,90.0,2.0,DEF,MCI,0.0,5.3,90.0,1.0,DEF,MCI,0.0,71.0,5.3,6.0,DEF,MCI,0.0,5.3,90.0,2.0,DEF,MCI,0.25,5.3,90.0,0.0,DEF,MCI,1.0,5.3,0.0,0.0,DEF,MCI,1.0,5.3,0.0,0.0,DEF,MCI,1.0,5.3,0.0,0.0,DEF,MCI,1.0,5.3,0.0,0.0,DEF,MCI,1.0,5.3,0.0,0.0,DEF,MCI,1.0,5.3,0.0,0.0,DEF,MCI,1.0,5.3,0.0,0.0,DEF,MCI,0.0,0.0,5.3,0.0,DEF,MCI,0.0,5.3,3.0,2.0,DEF,MCI,0.0,0.0,0.0,0.0,DEF,MCI,0.0,5.3,0.0,0.0,1710.0,46.0
341,Aké,DEF,MCI,0.0,5.5,0.0,0.0,DEF,MCI,0.0,5.4,0.0,0.0,DEF,MCI,0.0,5.4,2.0,1.0,DEF,MCI,1.0,5.4,0.0,0.0,DEF,MCI,1.0,5.3,0.0,0.0,DEF,MCI,1.0,5.3,0.0,0.0,DEF,MCI,0.5,5.3,0.0,0.0,DEF,MCI,0.0,5.3,0.0,0.0,DEF,MCI,0.0,5.3,0.0,0.0,DEF,MCI,0.0,5.3,72.0,1.0,DEF,MCI,0.25,5.3,0.0,0.0,DEF,MCI,0.0,5.3,45.0,0.0,DEF,MCI,0.0,5.3,90.0,1.0,DEF,MCI,1.0,5.3,89.0,6.0,DEF,MCI,1.0,5.3,0.0,0.0,DEF,MCI,1.0,5.3,0.0,0.0,DEF,MCI,0.0,5.3,0.0,0.0,DEF,MCI,0.0,5.3,84.0,2.0,DEF,MCI,0.0,5.3,69.0,6.0,DEF,MCI,0.0,5.3,60.0,6.0,DEF,MCI,0.0,5.3,90.0,1.0,DEF,MCI,0.0,0.0,5.3,0.0,DEF,MCI,1.0,5.3,0.0,0.0,DEF,MCI,0.0,5.3,0.0,0.0,DEF,MCI,0.0,5.3,0.0,0.0,DEF,MCI,0.0,5.3,76.0,1.0,DEF,MCI,0.75,5.3,0.0,0.0,DEF,MCI,1.0,5.3,0.0,0.0,DEF,MCI,1.0,5.3,0.0,0.0,DEF,MCI,1.0,5.3,0.0,0.0,DEF,MCI,1.0,5.3,0.0,0.0,DEF,MCI,0.0,0.0,5.3,0.0,DEF,MCI,1.0,5.3,0.0,0.0,DEF,MCI,0.0,0.0,0.0,0.0,DEF,MCI,1.0,5.3,0.0,0.0,677.0,25.0
342,Bernardo,MID,MCI,0.0,6.5,90.0,6.0,MID,MCI,0.0,6.6,90.0,2.0,MID,MCI,0.0,6.6,90.0,7.0,MID,MCI,0.0,6.6,6.0,1.0,MID,MCI,0.0,6.5,90.0,1.0,MID,MCI,0.0,6.5,90.0,2.0,MID,MCI,0.0,6.5,90.0,6.0,MID,MCI,0.0,6.5,90.0,2.0,MID,MCI,0.0,6.5,90.0,3.0,MID,MCI,0.0,6.5,90.0,2.0,MID,MCI,0.0,6.4,18.0,1.0,MID,MCI,0.0,6.4,90.0,1.0,MID,MCI,0.0,6.3,90.0,2.0,MID,MCI,0.0,6.3,90.0,8.0,MID,MCI,0.0,6.3,90.0,5.0,MID,MCI,0.0,6.3,90.0,2.0,MID,MCI,0.0,6.3,90.0,2.0,MID,MCI,0.0,6.3,90.0,9.0,MID,MCI,0.0,6.3,90.0,3.0,MID,MCI,0.0,6.3,90.0,2.0,MID,MCI,0.0,6.3,90.0,2.0,MID,MCI,0.0,0.0,6.3,0.0,MID,MCI,0.0,6.2,90.0,1.0,MID,MCI,0.0,6.2,90.0,2.0,MID,MCI,0.0,6.2,0.0,0.0,MID,MCI,0.0,6.1,0.0,0.0,MID,MCI,0.0,6.1,16.0,1.0,MID,MCI,0.0,6.1,90.0,2.0,MID,MCI,0.0,6.1,17.0,1.0,MID,MCI,0.0,6.1,0.0,0.0,MID,MCI,0.0,6.1,90.0,2.0,MID,MCI,0.0,0.0,6.1,0.0,MID,MCI,0.0,6.1,180.0,12.0,MID,MCI,0.0,0.0,0.0,0.0,MID,MCI,0.0,6.1,0.0,0.0,2307.0,90.0
343,Bobb,MID,MCI,1.0,5.0,0.0,0.0,MID,MCI,1.0,4.9,0.0,0.0,MID,MCI,1.0,4.8,0.0,0.0,MID,MCI,1.0,4.8,0.0,0.0,MID,MCI,1.0,4.8,0.0,0.0,MID,MCI,1.0,4.8,0.0,0.0,MID,MCI,1.0,4.8,0.0,0.0,MID,MCI,1.0,4.7,0.0,0.0,MID,MCI,1.0,4.7,0.0,0.0,MID,MCI,1.0,4.7,0.0,0.0,MID,MCI,1.0,4.7,0.0,0.0,MID,MCI,1.0,4.7,0.0,0.0,MID,MCI,1.0,4.7,0.0,0.0,MID,MCI,1.0,4.7,0.0,0.0,MID,MCI,1.0,4.7,0.0,0.0,MID,MCI,1.0,4.7,0.0,0.0,MID,MCI,1.0,4.7,0.0,0.0,MID,MCI,1.0,4.7,0.0,0.0,MID,MCI,1.0,4.7,0.0,0.0,MID,MCI,1.0,4.7,0.0,0.0,MID,MCI,0.75,4.7,0.0,0.0,MID,MCI,0.75,0.0,4.7,0.0,MID,MCI,0.25,4.7,0.0,0.0,MID,MCI,0.25,4.7,0.0,0.0,MID,MCI,0.75,4.7,0.0,0.0,MID,MCI,0.75,4.7,0.0,0.0,MID,MCI,0.75,4.7,0.0,0.0,MID,MCI,0.75,4.7,0.0,0.0,MID,MCI,0.5,4.7,0.0,0.0,MID,MCI,0.0,4.7,5.0,1.0,MID,MCI,0.0,4.7,0.0,0.0,MID,MCI,0.75,8.0,4.7,1.0,MID,MCI,0.0,4.7,0.0,0.0,MID,MCI,0.75,0.0,0.0,0.0,MID,MCI,1.0,4.7,0.0,0.0,13.0,2.0
344,Carson,GKP,MCI,0.0,4.0,0.0,0.0,GKP,MCI,0.0,4.0,0.0,0.0,GKP,MCI,0.0,4.0,0.0,0.0,GKP,MCI,0.0,4.0,0.0,0.0,GKP,MCI,0.0,4.0,0.0,0.0,GKP,MCI,0.0,4.0,0.0,0.0,GKP,MCI,0.0,4.0,0.0,0.0,GKP,MCI,0.0,4.0,0.0,0.0,GKP,MCI,0.0,4.0,0.0,0.0,GKP,MCI,0.0,4.0,0.0,0.0,GKP,MCI,0.0,4.0,0.0,0.0,GKP,MCI,0.0,4.0,0.0,0.0,GKP,MCI,0.0,4.0,0.0,0.0,GKP,MCI,0.0,4.0,0.0,0.0,GKP,MCI,0.0,4.0,0.0,0.0,GKP,MCI,0.0,4.0,0.0,0.0,GKP,MCI,0.0,4.0,0.0,0.0,GKP,MCI,0.0,4.0,0.0,0.0,GKP,MCI,0.0,4.0,0.0,0.0,GKP,MCI,0.0,4.0,0.0,0.0,GKP,MCI,0.0,4.0,0.0,0.0,GKP,MCI,0.0,0.0,4.0,0.0,GKP,MCI,0.0,4.0,0.0,0.0,GKP,MCI,0.0,3.9,0.0,0.0,GKP,MCI,0.0,3.9,0.0,0.0,GKP,MCI,0.0,3.9,0.0,0.0,GKP,MCI,0.0,3.9,0.0,0.0,GKP,MCI,0.0,3.9,0.0,0.0,GKP,MCI,0.0,3.9,0.0,0.0,GKP,MCI,0.0,3.9,0.0,0.0,GKP,MCI,0.0,3.9,0.0,0.0,GKP,MCI,0.0,0.0,3.9,0.0,GKP,MCI,0.0,3.9,0.0,0.0,GKP,MCI,0.0,0.0,0.0,0.0,GKP,MCI,0.0,3.9,0.0,0.0,0.0,0.0
345,De Bruyne,MID,MCI,0.0,9.5,90.0,3.0,MID,MCI,0.0,9.6,89.0,12.0,MID,MCI,0.0,9.6,87.0,1.0,MID,MCI,0.0,9.6,90.0,2.0,MID,MCI,0.25,9.5,0.0,0.0,MID,MCI,1.0,9.5,0.0,0.0,MID,MCI,0.5,9.4,0.0,0.0,MID,MCI,0.5,9.4,0.0,0.0,MID,MCI,1.0,9.4,0.0,0.0,MID,MCI,0.0,9.4,0.0,0.0,MID,MCI,0.0,9.4,16.0,1.0,MID,MCI,0.0,9.4,16.0,0.0,MID,MCI,0.0,9.4,11.0,1.0,MID,MCI,0.0,9.4,73.0,14.0,MID,MCI,0.0,9.5,85.0,2.0,MID,MCI,0.0,9.5,67.0,6.0,MID,MCI,0.0,9.5,0.0,0.0,MID,MCI,0.0,9.5,15.0,1.0,MID,MCI,0.0,9.4,90.0,3.0,MID,MCI,0.0,9.4,90.0,5.0,MID,MCI,0.0,9.4,90.0,7.0,MID,MCI,0.0,62.0,9.4,12.0,MID,MCI,0.0,9.4,16.0,1.0,MID,MCI,0.0,9.4,18.0,1.0,MID,MCI,0.0,9.3,0.0,0.0,MID,MCI,0.0,9.3,65.0,2.0,MID,MCI,0.0,9.3,0.0,0.0,MID,MCI,0.0,9.3,21.0,1.0,MID,MCI,0.0,9.3,4.0,1.0,MID,MCI,0.0,9.3,0.0,0.0,MID,MCI,0.0,9.3,90.0,3.0,MID,MCI,0.0,86.0,9.3,12.0,MID,MCI,0.0,9.4,177.0,5.0,MID,MCI,0.0,0.0,0.0,0.0,MID,MCI,0.0,9.5,0.0,0.0,1448.0,96.0
346,Doku,MID,MCI,0.0,6.5,90.0,3.0,MID,MCI,0.0,6.5,70.0,2.0,MID,MCI,0.0,6.5,67.0,2.0,MID,MCI,0.0,6.5,0.0,0.0,MID,MCI,0.0,6.5,69.0,2.0,MID,MCI,0.0,6.4,9.0,1.0,MID,MCI,0.0,6.3,28.0,6.0,MID,MCI,0.0,6.3,65.0,5.0,MID,MCI,1.0,6.3,0.0,0.0,MID,MCI,0.0,6.3,5.0,1.0,MID,MCI,0.25,6.3,0.0,0.0,MID,MCI,0.25,6.3,0.0,0.0,MID,MCI,0.0,6.3,33.0,1.0,MID,MCI,0.0,6.2,89.0,13.0,MID,MCI,0.0,6.2,11.0,1.0,MID,MCI,0.0,6.2,76.0,3.0,MID,MCI,0.0,6.2,6.0,1.0,MID,MCI,0.0,6.2,74.0,5.0,MID,MCI,0.0,6.2,0.0,0.0,MID,MCI,0.0,6.2,0.0,0.0,MID,MCI,0.0,6.2,0.0,0.0,MID,MCI,0.0,90.0,6.2,12.0,MID,MCI,1.0,6.2,0.0,0.0,MID,MCI,0.0,6.2,0.0,0.0,MID,MCI,0.0,6.2,14.0,1.0,MID,MCI,0.0,6.2,90.0,2.0,MID,MCI,0.0,6.2,90.0,3.0,MID,MCI,0.0,6.2,90.0,2.0,MID,MCI,0.0,6.2,90.0,1.0,MID,MCI,0.0,6.2,77.0,3.0,MID,MCI,0.0,6.2,33.0,1.0,MID,MCI,0.0,3.0,6.2,1.0,MID,MCI,0.0,6.2,28.0,5.0,MID,MCI,0.0,0.0,0.0,0.0,MID,MCI,0.0,6.2,0.0,0.0,1297.0,77.0
347,Ederson M.,GKP,MCI,0.0,5.5,90.0,8.0,GKP,MCI,0.0,5.5,90.0,2.0,GKP,MCI,0.0,5.5,90.0,2.0,GKP,MCI,0.0,5.5,90.0,7.0,GKP,MCI,0.0,5.5,90.0,0.0,GKP,MCI,0.0,5.5,90.0,2.0,GKP,MCI,0.0,5.5,90.0,0.0,GKP,MCI,0.0,5.5,90.0,2.0,GKP,MCI,0.0,5.5,90.0,6.0,GKP,MCI,0.0,5.5,90.0,2.0,GKP,MCI,0.0,5.5,90.0,1.0,GKP,MCI,0.0,5.5,90.0,1.0,GKP,MCI,0.0,5.5,0.0,0.0,GKP,MCI,0.0,5.5,0.0,0.0,GKP,MCI,0.0,5.4,0.0,0.0,GKP,MCI,0.0,5.4,90.0,1.0,GKP,MCI,0.5,5.4,0.0,0.0,GKP,MCI,0.5,5.3,0.0,0.0,GKP,MCI,0.5,5.3,0.0,0.0,GKP,MCI,0.5,5.3,0.0,0.0,GKP,MCI,0.0,5.3,0.0,0.0,GKP,MCI,0.0,90.0,5.3,7.0,GKP,MCI,0.0,5.3,90.0,8.0,GKP,MCI,0.0,5.3,0.0,0.0,GKP,MCI,0.0,5.3,90.0,11.0,GKP,MCI,0.0,5.3,90.0,1.0,GKP,MCI,0.0,5.3,90.0,11.0,GKP,MCI,0.0,5.3,90.0,3.0,GKP,MCI,0.25,5.3,0.0,0.0,GKP,MCI,0.0,5.3,90.0,6.0,GKP,MCI,0.0,5.3,90.0,6.0,GKP,MCI,0.0,70.0,5.3,4.0,GKP,MCI,0.75,5.3,0.0,0.0,GKP,MCI,0.0,0.0,0.0,0.0,GKP,MCI,0.0,5.3,0.0,0.0,1960.0,91.0
348,Foden,MID,MCI,0.0,9.5,45.0,1.0,MID,MCI,0.0,9.4,0.0,0.0,MID,MCI,0.25,9.4,0.0,0.0,MID,MCI,0.0,9.3,0.0,0.0,MID,MCI,0.0,9.3,20.0,1.0,MID,MCI,0.0,9.2,24.0,1.0,MID,MCI,0.0,9.2,77.0,2.0,MID,MCI,0.0,9.2,24.0,4.0,MID,MCI,0.0,9.3,90.0,3.0,MID,MCI,0.0,9.3,90.0,2.0,MID,MCI,0.25,9.2,90.0,2.0,MID,MCI,0.0,9.1,90.0,2.0,MID,MCI,0.0,9.1,78.0,1.0,MID,MCI,1.0,9.1,0.0,0.0,MID,MCI,0.0,9.1,0.0,0.0,MID,MCI,0.0,9.1,90.0,2.0,MID,MCI,0.0,9.1,90.0,9.0,MID,MCI,0.0,9.2,90.0,2.0,MID,MCI,0.0,9.2,65.0,6.0,MID,MCI,0.0,9.2,90.0,8.0,MID,MCI,0.0,9.2,86.0,15.0,MID,MCI,0.0,62.0,9.2,19.0,MID,MCI,0.0,9.3,90.0,7.0,MID,MCI,0.0,9.3,71.0,2.0,MID,MCI,0.0,9.3,75.0,3.0,MID,MCI,0.0,9.3,90.0,2.0,MID,MCI,0.0,9.2,16.0,1.0,MID,MCI,0.0,9.2,68.0,3.0,MID,MCI,0.0,9.2,14.0,1.0,MID,MCI,0.0,9.2,0.0,0.0,MID,MCI,0.0,9.2,57.0,1.0,MID,MCI,0.0,0.0,9.2,0.0,MID,MCI,0.0,9.1,0.0,0.0,MID,MCI,0.0,0.0,0.0,0.0,MID,MCI,0.0,9.1,0.0,0.0,1682.0,100.0
349,Grealish,MID,MCI,0.0,6.5,0.0,0.0,MID,MCI,0.0,6.5,19.0,0.0,MID,MCI,0.0,6.4,71.0,2.0,MID,MCI,0.0,6.4,83.0,2.0,MID,MCI,0.0,6.4,12.0,1.0,MID,MCI,0.0,6.4,80.0,7.0,MID,MCI,0.0,6.4,61.0,2.0,MID,MCI,0.0,6.4,17.0,1.0,MID,MCI,0.5,6.4,0.0,0.0,MID,MCI,1.0,6.4,0.0,0.0,MID,MCI,0.25,6.4,0.0,0.0,MID,MCI,0.0,6.4,16.0,1.0,MID,MCI,0.0,6.4,11.0,1.0,MID,MCI,0.0,6.4,89.0,3.0,MID,MCI,0.0,6.4,4.0,1.0,MID,MCI,0.0,6.4,13.0,1.0,MID,MCI,0.0,6.4,90.0,1.0,MID,MCI,0.25,6.4,0.0,0.0,MID,MCI,0.0,6.4,0.0,0.0,MID,MCI,0.0,6.4,6.0,1.0,MID,MCI,0.0,6.4,0.0,0.0,MID,MCI,0.0,27.0,6.4,1.0,MID,MCI,0.0,6.4,0.0,0.0,MID,MCI,0.25,6.4,0.0,0.0,MID,MCI,0.0,6.4,0.0,0.0,MID,MCI,0.0,6.4,0.0,0.0,MID,MCI,0.0,6.4,1.0,1.0,MID,MCI,0.0,6.4,0.0,0.0,MID,MCI,0.0,6.4,0.0,0.0,MID,MCI,0.0,6.4,90.0,9.0,MID,MCI,0.0,6.4,16.0,1.0,MID,MCI,0.0,3.0,6.4,1.0,MID,MCI,0.0,6.4,0.0,0.0,MID,MCI,0.0,0.0,0.0,0.0,MID,MCI,0.0,6.4,0.0,0.0,709.0,37.0
350,Gvardiol,DEF,MCI,0.0,6.0,90.0,7.0,DEF,MCI,0.0,6.0,90.0,2.0,DEF,MCI,0.0,6.0,87.0,2.0,DEF,MCI,0.0,6.0,45.0,1.0,DEF,MCI,0.0,6.0,90.0,1.0,DEF,MCI,0.0,5.9,90.0,9.0,DEF,MCI,0.0,5.9,90.0,1.0,DEF,MCI,0.0,6.1,90.0,10.0,DEF,MCI,0.0,6.2,90.0,9.0,DEF,MCI,0.0,6.3,90.0,7.0,DEF,MCI,0.0,6.3,90.0,1.0,DEF,MCI,0.0,6.3,90.0,0.0,DEF,MCI,0.0,6.2,0.0,0.0,DEF,MCI,0.0,6.2,90.0,6.0,DEF,MCI,0.0,6.1,90.0,1.0,DEF,MCI,0.0,6.1,90.0,7.0,DEF,MCI,0.0,6.1,90.0,0.0,DEF,MCI,0.0,6.0,90.0,2.0,DEF,MCI,0.0,6.0,90.0,6.0,DEF,MCI,0.0,6.0,90.0,2.0,DEF,MCI,0.0,6.0,90.0,1.0,DEF,MCI,0.0,90.0,6.0,6.0,DEF,MCI,0.0,5.9,90.0,8.0,DEF,MCI,0.0,5.9,90.0,0.0,DEF,MCI,0.0,5.9,86.0,6.0,DEF,MCI,0.0,5.9,90.0,1.0,DEF,MCI,0.0,5.9,90.0,7.0,DEF,MCI,0.0,5.9,90.0,2.0,DEF,MCI,0.0,6.0,90.0,1.0,DEF,MCI,0.0,6.1,90.0,6.0,DEF,MCI,0.0,6.1,90.0,9.0,DEF,MCI,0.0,90.0,6.2,1.0,DEF,MCI,0.0,6.3,180.0,7.0,DEF,MCI,0.0,0.0,0.0,0.0,DEF,MCI,0.0,6.4,0.0,0.0,2918.0,129.0
351,Haaland,FWD,MCI,0.0,15.0,90.0,7.0,FWD,MCI,0.0,15.1,89.0,17.0,FWD,MCI,0.0,15.2,90.0,17.0,FWD,MCI,0.0,15.2,90.0,13.0,FWD,MCI,0.0,15.3,90.0,9.0,FWD,MCI,0.0,15.3,90.0,2.0,FWD,MCI,0.0,15.4,90.0,2.0,FWD,MCI,0.0,15.4,90.0,2.0,FWD,MCI,0.0,15.4,90.0,6.0,FWD,MCI,0.0,15.3,90.0,2.0,FWD,MCI,0.0,15.2,90.0,5.0,FWD,MCI,0.0,15.1,90.0,2.0,FWD,MCI,0.0,15.0,90.0,2.0,FWD,MCI,0.0,15.0,90.0,5.0,FWD,MCI,0.0,14.9,90.0,7.0,FWD,MCI,0.0,14.9,90.0,2.0,FWD,MCI,0.0,14.8,90.0,2.0,FWD,MCI,0.0,14.8,90.0,0.0,FWD,MCI,0.0,14.8,90.0,8.0,FWD,MCI,0.0,14.8,83.0,13.0,FWD,MCI,0.0,14.8,90.0,2.0,FWD,MCI,0.0,62.0,14.8,6.0,FWD,MCI,0.0,14.7,90.0,12.0,FWD,MCI,0.0,14.7,90.0,6.0,FWD,MCI,0.0,14.7,86.0,5.0,FWD,MCI,0.25,14.7,0.0,0.0,FWD,MCI,0.0,14.7,90.0,8.0,FWD,MCI,0.0,14.7,90.0,2.0,FWD,MCI,0.0,14.8,90.0,7.0,FWD,MCI,1.0,14.8,0.0,0.0,FWD,MCI,1.0,14.8,0.0,0.0,FWD,MCI,0.0,0.0,14.8,0.0,FWD,MCI,1.0,14.8,0.0,0.0,FWD,MCI,0.0,0.0,0.0,0.0,FWD,MCI,0.0,14.8,0.0,0.0,2480.0,171.0
352,J.Alvarez,FWD,MCI,1.0,7.0,0.0,0.0,FWD,MCI,1.0,7.0,0.0,0.0,FWD,MCI,1.0,7.0,0.0,0.0,FWD,MCI,1.0,7.0,0.0,0.0,FWD,MCI,1.0,7.0,0.0,0.0,FWD,MCI,1.0,7.0,0.0,0.0,FWD,MCI,1.0,7.0,0.0,0.0,FWD,MCI,1.0,7.0,0.0,0.0,FWD,MCI,1.0,7.0,0.0,0.0,FWD,MCI,1.0,7.0,0.0,0.0,FWD,MCI,1.0,7.0,0.0,0.0,FWD,MCI,1.0,7.0,0.0,0.0,FWD,MCI,1.0,7.0,0.0,0.0,FWD,MCI,1.0,7.0,0.0,0.0,FWD,MCI,1.0,7.0,0.0,0.0,FWD,MCI,1.0,7.0,0.0,0.0,FWD,MCI,1.0,7.0,0.0,0.0,FWD,MCI,1.0,7.0,0.0,0.0,FWD,MCI,1.0,7.0,0.0,0.0,FWD,MCI,1.0,7.0,0.0,0.0,FWD,MCI,1.0,7.0,0.0,0.0,FWD,MCI,1.0,0.0,7.0,0.0,FWD,MCI,1.0,7.0,0.0,0.0,FWD,MCI,1.0,7.0,0.0,0.0,FWD,MCI,1.0,7.0,0.0,0.0,FWD,MCI,1.0,7.0,0.0,0.0,FWD,MCI,1.0,7.0,0.0,0.0,FWD,MCI,1.0,7.0,0.0,0.0,FWD,MCI,1.0,7.0,0.0,0.0,FWD,MCI,1.0,7.0,0.0,0.0,FWD,MCI,1.0,7.0,0.0,0.0,FWD,MCI,1.0,0.0,7.0,0.0,FWD,MCI,1.0,7.0,0.0,0.0,FWD,MCI,1.0,0.0,0.0,0.0,FWD,MCI,1.0,7.0,0.0,0.0,0.0,0.0
353,João Cancelo,DEF,MCI,0.0,5.5,0.0,0.0,DEF,MCI,0.0,5.4,0.0,0.0,DEF,MCI,1.0,5.3,0.0,0.0,DEF,MCI,1.0,5.3,0.0,0.0,DEF,MCI,1.0,5.3,0.0,0.0,DEF,MCI,1.0,5.3,0.0,0.0,DEF,MCI,1.0,5.3,0.0,0.0,DEF,MCI,1.0,5.3,0.0,0.0,DEF,MCI,1.0,5.3,0.0,0.0,DEF,MCI,1.0,5.3,0.0,0.0,DEF,MCI,1.0,5.3,0.0,0.0,DEF,MCI,1.0,5.3,0.0,0.0,DEF,MCI,1.0,5.3,0.0,0.0,DEF,MCI,1.0,5.3,0.0,0.0,DEF,MCI,1.0,5.3,0.0,0.0,DEF,MCI,1.0,5.3,0.0,0.0,DEF,MCI,1.0,5.3,0.0,0.0,DEF,MCI,1.0,5.3,0.0,0.0,DEF,MCI,1.0,5.3,0.0,0.0,DEF,MCI,1.0,5.3,0.0,0.0,DEF,MCI,1.0,5.3,0.0,0.0,DEF,MCI,1.0,0.0,5.3,0.0,DEF,MCI,1.0,5.3,0.0,0.0,DEF,MCI,1.0,5.3,0.0,0.0,DEF,MCI,1.0,5.3,0.0,0.0,DEF,MCI,1.0,5.3,0.0,0.0,DEF,MCI,1.0,5.3,0.0,0.0,DEF,MCI,1.0,5.3,0.0,0.0,DEF,MCI,1.0,5.3,0.0,0.0,DEF,MCI,1.0,5.3,0.0,0.0,DEF,MCI,1.0,5.3,0.0,0.0,DEF,MCI,1.0,0.0,5.3,0.0,DEF,MCI,1.0,5.3,0.0,0.0,DEF,MCI,1.0,0.0,0.0,0.0,DEF,MCI,1.0,5.3,0.0,0.0,0.0,0.0
354,Kovačić,MID,MCI,0.0,5.5,90.0,11.0,MID,MCI,0.25,5.5,49.0,1.0,MID,MCI,0.0,5.5,90.0,2.0,MID,MCI,0.0,5.5,45.0,0.0,MID,MCI,0.0,5.5,69.0,6.0,MID,MCI,0.0,5.5,90.0,1.0,MID,MCI,0.0,5.5,90.0,15.0,MID,MCI,0.0,5.6,85.0,2.0,MID,MCI,0.0,5.6,90.0,2.0,MID,MCI,0.0,5.6,90.0,2.0,MID,MCI,0.0,5.6,90.0,3.0,MID,MCI,1.0,5.5,0.0,0.0,MID,MCI,1.0,5.5,0.0,0.0,MID,MCI,1.0,5.4,0.0,0.0,MID,MCI,0.0,5.4,0.0,0.0,MID,MCI,0.0,5.4,22.0,1.0,MID,MCI,0.0,5.4,83.0,2.0,MID,MCI,0.0,5.4,84.0,2.0,MID,MCI,0.0,5.4,90.0,3.0,MID,MCI,0.0,5.4,60.0,2.0,MID,MCI,0.0,5.4,75.0,3.0,MID,MCI,0.0,71.0,5.4,13.0,MID,MCI,0.0,5.4,90.0,1.0,MID,MCI,0.0,5.4,90.0,2.0,MID,MCI,0.0,5.4,3.0,1.0,MID,MCI,0.0,5.4,12.0,1.0,MID,MCI,0.0,5.4,90.0,3.0,MID,MCI,0.0,5.4,29.0,1.0,MID,MCI,0.0,5.4,0.0,0.0,MID,MCI,0.0,5.4,0.0,0.0,MID,MCI,0.0,5.4,90.0,3.0,MID,MCI,0.0,86.0,5.4,10.0,MID,MCI,0.0,5.4,102.0,8.0,MID,MCI,0.0,0.0,0.0,0.0,MID,MCI,0.0,5.4,0.0,0.0,1955.0,101.0
355,R. Lewis,DEF,MCI,0.0,4.5,90.0,6.0,DEF,MCI,0.0,4.5,90.0,2.0,DEF,MCI,0.0,4.7,90.0,6.0,DEF,MCI,0.0,4.7,45.0,1.0,DEF,MCI,0.0,4.7,0.0,0.0,DEF,MCI,0.0,4.7,80.0,2.0,DEF,MCI,0.0,4.7,90.0,4.0,DEF,MCI,0.0,4.8,90.0,2.0,DEF,MCI,0.0,4.8,90.0,6.0,DEF,MCI,0.0,4.9,17.0,1.0,DEF,MCI,0.0,4.9,90.0,0.0,DEF,MCI,0.0,4.8,73.0,0.0,DEF,MCI,0.0,4.7,78.0,1.0,DEF,MCI,0.0,4.7,16.0,1.0,DEF,MCI,1.0,4.7,83.0,4.0,DEF,MCI,0.0,4.6,0.0,0.0,DEF,MCI,0.0,4.6,90.0,0.0,DEF,MCI,0.0,4.6,90.0,2.0,DEF,MCI,0.0,4.6,90.0,6.0,DEF,MCI,0.0,4.6,90.0,2.0,DEF,MCI,0.0,4.6,0.0,0.0,DEF,MCI,0.0,18.0,4.6,1.0,DEF,MCI,0.0,4.5,0.0,0.0,DEF,MCI,0.0,4.4,0.0,0.0,DEF,MCI,0.0,4.4,90.0,6.0,DEF,MCI,0.0,4.4,90.0,1.0,DEF,MCI,0.0,4.3,0.0,0.0,DEF,MCI,0.0,4.3,29.0,1.0,DEF,MCI,0.0,4.3,90.0,1.0,DEF,MCI,0.0,4.3,1.0,1.0,DEF,MCI,0.0,4.3,16.0,1.0,DEF,MCI,0.0,90.0,4.3,1.0,DEF,MCI,0.0,4.3,0.0,0.0,DEF,MCI,0.0,0.0,0.0,0.0,DEF,MCI,0.0,4.3,0.0,0.0,1806.0,59.0
356,Matheus N.,MID,MCI,0.0,5.0,0.0,0.0,MID,MCI,0.0,5.0,1.0,1.0,MID,MCI,0.0,4.9,18.0,4.0,MID,MCI,0.0,4.9,1.0,1.0,MID,MCI,0.0,4.9,0.0,0.0,MID,MCI,0.0,4.9,0.0,0.0,MID,MCI,0.0,4.9,1.0,1.0,MID,MCI,0.0,4.9,4.0,1.0,MID,MCI,0.0,4.9,85.0,6.0,MID,MCI,0.0,4.9,90.0,2.0,MID,MCI,0.25,4.9,90.0,2.0,MID,MCI,0.0,4.9,0.0,0.0,MID,MCI,0.0,4.9,56.0,0.0,MID,MCI,0.0,4.9,1.0,1.0,MID,MCI,0.0,4.9,90.0,7.0,MID,MCI,0.0,4.9,90.0,2.0,MID,MCI,0.25,4.9,0.0,0.0,MID,MCI,0.5,4.9,0.0,0.0,MID,MCI,0.5,4.9,0.0,0.0,MID,MCI,0.0,4.9,0.0,0.0,MID,MCI,0.0,4.9,90.0,2.0,MID,MCI,0.0,90.0,4.9,2.0,MID,MCI,0.0,4.9,90.0,5.0,MID,MCI,0.0,4.9,90.0,2.0,MID,MCI,0.0,4.9,3.0,1.0,MID,MCI,0.0,4.9,0.0,0.0,MID,MCI,0.0,4.9,90.0,3.0,MID,MCI,0.0,4.9,60.0,2.0,MID,MCI,0.0,4.9,0.0,0.0,MID,MCI,0.0,4.9,90.0,3.0,MID,MCI,0.0,4.9,90.0,3.0,MID,MCI,0.0,0.0,4.9,0.0,MID,MCI,0.0,4.9,180.0,16.0,MID,MCI,0.0,0.0,0.0,0.0,MID,MCI,0.0,4.9,0.0,0.0,1400.0,67.0
357,McAtee,MID,MCI,0.0,5.0,0.0,0.0,MID,MCI,0.0,4.9,1.0,1.0,MID,MCI,0.0,4.9,0.0,0.0,MID,MCI,0.0,4.8,0.0,0.0,MID,MCI,0.0,4.8,0.0,0.0,MID,MCI,0.0,4.8,0.0,0.0,MID,MCI,0.0,4.8,0.0,0.0,MID,MCI,0.0,4.7,0.0,0.0,MID,MCI,0.0,4.7,0.0,0.0,MID,MCI,0.0,4.7,0.0,0.0,MID,MCI,0.0,4.7,0.0,0.0,MID,MCI,0.0,4.7,0.0,0.0,MID,MCI,0.0,4.7,0.0,0.0,MID,MCI,0.0,4.6,1.0,1.0,MID,MCI,0.0,4.6,0.0,0.0,MID,MCI,0.0,4.6,0.0,0.0,MID,MCI,0.0,4.6,0.0,0.0,MID,MCI,0.0,4.6,0.0,0.0,MID,MCI,0.0,4.6,24.0,1.0,MID,MCI,0.0,4.6,10.0,1.0,MID,MCI,0.0,4.6,3.0,1.0,MID,MCI,0.0,27.0,4.6,6.0,MID,MCI,0.0,4.6,0.0,0.0,MID,MCI,0.0,4.6,18.0,1.0,MID,MCI,0.0,4.6,14.0,6.0,MID,MCI,0.0,4.6,24.0,1.0,MID,MCI,0.0,4.6,1.0,1.0,MID,MCI,0.0,4.6,0.0,0.0,MID,MCI,0.0,4.6,0.0,0.0,MID,MCI,0.0,4.6,12.0,1.0,MID,MCI,0.0,4.6,0.0,0.0,MID,MCI,0.0,81.0,4.6,6.0,MID,MCI,0.0,4.6,73.0,2.0,MID,MCI,0.0,0.0,0.0,0.0,MID,MCI,0.0,4.6,0.0,0.0,289.0,29.0
358,Ortega Moreno,GKP,MCI,0.0,5.5,0.0,0.0,GKP,MCI,0.0,5.5,0.0,0.0,GKP,MCI,0.0,5.4,0.0,0.0,GKP,MCI,0.0,5.4,0.0,0.0,GKP,MCI,0.0,5.4,0.0,0.0,GKP,MCI,0.0,5.3,0.0,0.0,GKP,MCI,0.0,5.3,0.0,0.0,GKP,MCI,0.0,5.3,0.0,0.0,GKP,MCI,0.0,5.3,0.0,0.0,GKP,MCI,0.0,5.3,0.0,0.0,GKP,MCI,0.0,5.3,0.0,0.0,GKP,MCI,0.0,5.2,0.0,0.0,GKP,MCI,0.0,5.2,90.0,2.0,GKP,MCI,0.0,5.2,90.0,7.0,GKP,MCI,0.0,5.2,90.0,1.0,GKP,MCI,0.0,5.2,0.0,0.0,GKP,MCI,0.0,5.2,90.0,2.0,GKP,MCI,0.0,5.2,90.0,2.0,GKP,MCI,0.0,5.2,90.0,6.0,GKP,MCI,0.0,5.2,90.0,3.0,GKP,MCI,0.0,5.2,90.0,2.0,GKP,MCI,0.0,0.0,5.2,0.0,GKP,MCI,0.0,5.2,0.0,0.0,GKP,MCI,0.0,5.2,90.0,0.0,GKP,MCI,0.0,5.2,0.0,0.0,GKP,MCI,0.0,5.2,0.0,0.0,GKP,MCI,0.0,5.2,0.0,0.0,GKP,MCI,0.0,5.2,0.0,0.0,GKP,MCI,0.0,5.2,90.0,1.0,GKP,MCI,0.0,5.2,0.0,0.0,GKP,MCI,0.0,5.2,0.0,0.0,GKP,MCI,0.0,19.0,5.2,1.0,GKP,MCI,0.0,5.2,180.0,8.0,GKP,MCI,0.0,0.0,0.0,0.0,GKP,MCI,0.0,5.2,0.0,0.0,1099.0,35.0
359,Phillips,MID,IPS,1.0,5.0,0.0,0.0,MID,IPS,0.0,5.0,0.0,0.0,MID,IPS,0.0,5.0,69.0,2.0,MID,IPS,0.0,5.0,90.0,2.0,MID,IPS,0.25,5.0,0.0,0.0,MID,IPS,0.0,4.9,68.0,2.0,MID,IPS,0.0,4.9,73.0,2.0,MID,IPS,0.0,4.9,70.0,2.0,MID,IPS,0.0,4.9,90.0,2.0,MID,IPS,1.0,4.9,76.0,-1.0,MID,IPS,0.0,4.9,0.0,0.0,MID,IPS,0.25,4.9,0.0,0.0,MID,IPS,0.25,4.9,0.0,0.0,MID,IPS,0.0,4.9,0.0,0.0,MID,IPS,0.0,4.8,0.0,0.0,MID,IPS,0.0,4.8,0.0,0.0,MID,IPS,0.0,4.8,28.0,1.0,MID,IPS,0.0,4.8,90.0,2.0,MID,IPS,0.0,4.8,13.0,1.0,MID,IPS,0.0,4.8,17.0,1.0,MID,IPS,1.0,4.8,83.0,2.0,MID,IPS,1.0,0.0,4.8,0.0,MID,IPS,0.0,4.8,90.0,2.0,MID,IPS,0.0,4.8,0.0,0.0,MID,IPS,0.0,4.8,90.0,1.0,MID,IPS,0.25,4.8,79.0,2.0,MID,IPS,0.5,4.8,0.0,0.0,MID,IPS,0.0,4.8,90.0,1.0,MID,IPS,0.0,4.8,85.0,1.0,MID,IPS,0.0,4.8,8.0,1.0,MID,IPS,0.0,4.8,0.0,0.0,MID,IPS,1.0,0.0,4.8,0.0,MID,IPS,1.0,4.8,0.0,0.0,MID,IPS,1.0,0.0,4.8,0.0,MID,IPS,0.0,4.8,22.0,1.0,1231.0,27.0
360,Rodrigo,MID,MCI,1.0,6.5,0.0,0.0,MID,MCI,0.75,6.4,0.0,0.0,MID,MCI,0.0,6.4,0.0,0.0,MID,MCI,0.0,6.4,45.0,1.0,MID,MCI,0.25,6.4,20.0,1.0,MID,MCI,1.0,6.3,0.0,0.0,MID,MCI,1.0,6.3,0.0,0.0,MID,MCI,1.0,6.3,0.0,0.0,MID,MCI,1.0,6.3,0.0,0.0,MID,MCI,1.0,6.3,0.0,0.0,MID,MCI,1.0,6.3,0.0,0.0,MID,MCI,1.0,6.3,0.0,0.0,MID,MCI,1.0,6.3,0.0,0.0,MID,MCI,1.0,6.3,0.0,0.0,MID,MCI,1.0,6.3,0.0,0.0,MID,MCI,1.0,6.3,0.0,0.0,MID,MCI,1.0,6.3,0.0,0.0,MID,MCI,1.0,6.3,0.0,0.0,MID,MCI,1.0,6.3,0.0,0.0,MID,MCI,1.0,6.3,0.0,0.0,MID,MCI,1.0,6.2,0.0,0.0,MID,MCI,1.0,0.0,6.2,0.0,MID,MCI,1.0,6.2,0.0,0.0,MID,MCI,1.0,6.2,0.0,0.0,MID,MCI,1.0,6.2,0.0,0.0,MID,MCI,1.0,6.2,0.0,0.0,MID,MCI,1.0,6.2,0.0,0.0,MID,MCI,1.0,6.2,0.0,0.0,MID,MCI,1.0,6.2,0.0,0.0,MID,MCI,1.0,6.2,0.0,0.0,MID,MCI,1.0,6.2,0.0,0.0,MID,MCI,1.0,0.0,6.2,0.0,MID,MCI,1.0,6.2,0.0,0.0,MID,MCI,1.0,0.0,0.0,0.0,MID,MCI,1.0,6.2,0.0,0.0,65.0,2.0
361,Rúben,DEF,MCI,0.0,5.5,90.0,6.0,DEF,MCI,0.0,5.5,90.0,1.0,DEF,MCI,0.0,5.5,90.0,0.0,DEF,MCI,0.0,5.5,6.0,1.0,DEF,MCI,0.0,5.5,90.0,0.0,DEF,MCI,0.0,5.5,90.0,1.0,DEF,MCI,0.0,5.5,90.0,1.0,DEF,MCI,0.0,5.5,90.0,2.0,DEF,MCI,0.0,5.5,90.0,7.0,DEF,MCI,1.0,5.5,0.0,0.0,DEF,MCI,0.5,5.4,0.0,0.0,DEF,MCI,0.0,5.4,0.0,0.0,DEF,MCI,0.0,5.4,90.0,1.0,DEF,MCI,0.0,5.4,90.0,6.0,DEF,MCI,0.0,5.4,90.0,1.0,DEF,MCI,0.0,5.4,90.0,1.0,DEF,MCI,1.0,5.4,0.0,0.0,DEF,MCI,1.0,5.4,0.0,0.0,DEF,MCI,1.0,5.4,0.0,0.0,DEF,MCI,0.5,5.4,0.0,0.0,DEF,MCI,0.75,5.4,0.0,0.0,DEF,MCI,0.75,90.0,5.4,6.0,DEF,MCI,1.0,5.4,0.0,0.0,DEF,MCI,0.0,5.4,0.0,0.0,DEF,MCI,0.0,5.4,0.0,0.0,DEF,MCI,0.0,5.4,13.0,1.0,DEF,MCI,0.0,5.4,90.0,6.0,DEF,MCI,0.0,5.4,90.0,2.0,DEF,MCI,0.0,5.4,90.0,1.0,DEF,MCI,0.0,5.4,90.0,6.0,DEF,MCI,0.0,5.4,90.0,5.0,DEF,MCI,0.75,90.0,5.4,1.0,DEF,MCI,0.0,5.4,180.0,9.0,DEF,MCI,0.75,0.0,0.0,0.0,DEF,MCI,0.0,5.5,0.0,0.0,1909.0,65.0
362,Stones,DEF,MCI,0.0,5.5,0.0,0.0,DEF,MCI,0.0,5.5,40.0,1.0,DEF,MCI,0.0,5.4,0.0,0.0,DEF,MCI,0.0,5.4,83.0,1.0,DEF,MCI,0.0,5.4,12.0,7.0,DEF,MCI,0.0,5.3,0.0,0.0,DEF,MCI,0.0,5.3,12.0,1.0,DEF,MCI,0.0,5.3,90.0,9.0,DEF,MCI,0.0,5.3,1.0,1.0,DEF,MCI,1.0,5.3,0.0,0.0,DEF,MCI,0.5,5.3,0.0,0.0,DEF,MCI,0.0,5.3,45.0,0.0,DEF,MCI,0.0,5.3,0.0,0.0,DEF,MCI,1.0,5.3,0.0,0.0,DEF,MCI,0.5,5.3,0.0,0.0,DEF,MCI,0.0,5.3,0.0,0.0,DEF,MCI,0.25,5.3,45.0,1.0,DEF,MCI,0.5,5.3,0.0,0.0,DEF,MCI,0.5,5.3,0.0,0.0,DEF,MCI,0.75,5.3,0.0,0.0,DEF,MCI,0.75,5.3,0.0,0.0,DEF,MCI,0.75,0.0,5.3,0.0,DEF,MCI,0.0,5.3,36.0,1.0,DEF,MCI,0.0,5.3,90.0,0.0,DEF,MCI,0.0,5.3,90.0,7.0,DEF,MCI,1.0,5.3,0.0,0.0,DEF,MCI,1.0,5.3,0.0,0.0,DEF,MCI,1.0,5.3,0.0,0.0,DEF,MCI,1.0,5.3,0.0,0.0,DEF,MCI,1.0,5.3,0.0,0.0,DEF,MCI,1.0,5.3,0.0,0.0,DEF,MCI,0.75,0.0,5.3,0.0,DEF,MCI,1.0,5.3,0.0,0.0,DEF,MCI,0.75,0.0,0.0,0.0,DEF,MCI,1.0,5.3,0.0,0.0,544.0,29.0
363,Walker,DEF,MCI,0.0,5.5,0.0,0.0,DEF,MCI,0.0,5.4,0.0,0.0,DEF,MCI,0.0,5.4,2.0,1.0,DEF,MCI,0.0,5.3,90.0,2.0,DEF,MCI,0.0,5.3,77.0,1.0,DEF,MCI,0.0,5.3,90.0,2.0,DEF,MCI,0.0,5.3,28.0,1.0,DEF,MCI,0.25,5.3,0.0,0.0,DEF,MCI,1.0,5.3,0.0,0.0,DEF,MCI,0.0,5.2,90.0,0.0,DEF,MCI,0.0,5.2,90.0,1.0,DEF,MCI,0.0,5.2,90.0,0.0,DEF,MCI,0.0,5.2,90.0,1.0,DEF,MCI,0.0,5.2,45.0,1.0,DEF,MCI,0.0,5.2,90.0,1.0,DEF,MCI,0.0,5.2,90.0,0.0,DEF,MCI,0.0,5.2,45.0,1.0,DEF,MCI,0.25,5.2,0.0,0.0,DEF,MCI,0.0,5.2,20.0,1.0,DEF,MCI,0.0,5.2,29.0,0.0,DEF,MCI,0.0,5.1,0.0,0.0,DEF,MCI,0.0,0.0,5.1,0.0,DEF,MCI,1.0,5.1,0.0,0.0,DEF,MCI,1.0,5.1,0.0,0.0,DEF,MCI,1.0,5.1,0.0,0.0,DEF,MCI,1.0,5.1,0.0,0.0,DEF,MCI,1.0,5.1,0.0,0.0,DEF,MCI,1.0,5.1,0.0,0.0,DEF,MCI,1.0,5.1,0.0,0.0,DEF,MCI,1.0,5.1,0.0,0.0,DEF,MCI,1.0,5.1,0.0,0.0,DEF,MCI,0.0,0.0,5.1,0.0,DEF,MCI,1.0,5.1,0.0,0.0,DEF,MCI,0.0,0.0,0.0,0.0,DEF,MCI,1.0,5.1,0.0,0.0,966.0,13.0
364,Amad,MID,MUN,0.0,5.0,60.0,3.0,MID,MUN,0.0,5.0,89.0,6.0,MID,MUN,0.0,5.0,21.0,1.0,MID,MUN,0.0,5.0,90.0,6.0,MID,MUN,0.0,5.0,75.0,3.0,MID,MUN,0.0,5.0,5.0,1.0,MID,MUN,0.0,5.0,0.0,0.0,MID,MUN,0.0,5.0,0.0,0.0,MID,MUN,0.0,4.9,31.0,1.0,MID,MUN,0.0,4.9,17.0,0.0,MID,MUN,0.0,4.9,90.0,6.0,MID,MUN,0.0,4.9,90.0,8.0,MID,MUN,0.0,4.9,90.0,11.0,MID,MUN,0.0,5.0,45.0,1.0,MID,MUN,0.0,5.1,90.0,5.0,MID,MUN,0.0,5.2,90.0,13.0,MID,MUN,0.0,5.3,90.0,2.0,MID,MUN,0.0,5.4,78.0,2.0,MID,MUN,0.0,5.4,90.0,2.0,MID,MUN,0.0,5.3,90.0,9.0,MID,MUN,0.0,5.5,90.0,20.0,MID,MUN,0.0,90.0,5.5,2.0,MID,MUN,0.0,5.6,90.0,3.0,MID,MUN,0.0,5.6,90.0,2.0,MID,MUN,1.0,5.5,0.0,0.0,MID,MUN,1.0,5.4,0.0,0.0,MID,MUN,1.0,5.4,0.0,0.0,MID,MUN,1.0,5.3,0.0,0.0,MID,MUN,1.0,5.3,0.0,0.0,MID,MUN,1.0,5.3,0.0,0.0,MID,MUN,1.0,5.3,0.0,0.0,MID,MUN,0.0,0.0,5.3,0.0,MID,MUN,0.5,5.3,0.0,0.0,MID,MUN,0.0,0.0,5.3,0.0,MID,MUN,0.0,5.3,45.0,6.0,1636.0,113.0
365,Antony,MID,MUN,0.0,6.0,0.0,0.0,MID,MUN,0.0,5.9,1.0,1.0,MID,MUN,0.0,5.9,0.0,0.0,MID,MUN,0.0,5.8,0.0,0.0,MID,MUN,0.0,5.8,0.0,0.0,MID,MUN,0.0,5.8,0.0,0.0,MID,MUN,0.0,5.8,26.0,1.0,MID,MUN,0.0,5.7,0.0,0.0,MID,MUN,0.75,5.7,0.0,0.0,MID,MUN,0.0,5.7,0.0,0.0,MID,MUN,0.0,5.7,0.0,0.0,MID,MUN,0.0,5.7,0.0,0.0,MID,MUN,0.0,5.7,0.0,0.0,MID,MUN,0.0,5.7,11.0,1.0,MID,MUN,0.0,5.7,0.0,0.0,MID,MUN,0.0,5.7,12.0,1.0,MID,MUN,0.0,5.7,0.0,0.0,MID,MUN,0.0,5.7,27.0,1.0,MID,MUN,0.0,5.7,7.0,1.0,MID,MUN,0.0,5.7,0.0,0.0,MID,MUN,0.0,5.7,45.0,1.0,MID,MUN,0.0,6.0,5.7,1.0,MID,MUN,1.0,5.7,0.0,0.0,MID,MUN,1.0,5.7,0.0,0.0,MID,MUN,1.0,5.7,0.0,0.0,MID,MUN,1.0,5.7,0.0,0.0,MID,MUN,1.0,5.7,0.0,0.0,MID,MUN,1.0,5.7,0.0,0.0,MID,MUN,1.0,5.7,0.0,0.0,MID,MUN,1.0,5.7,0.0,0.0,MID,MUN,1.0,5.7,0.0,0.0,MID,MUN,0.0,0.0,5.7,0.0,MID,MUN,1.0,5.7,0.0,0.0,MID,MUN,0.0,0.0,5.7,0.0,MID,MUN,1.0,5.7,0.0,0.0,135.0,8.0
366,B.Fernandes,MID,MUN,0.0,8.5,90.0,3.0,MID,MUN,0.0,8.5,78.0,2.0,MID,MUN,0.0,8.4,90.0,2.0,MID,MUN,0.0,8.4,90.0,5.0,MID,MUN,0.0,8.3,90.0,3.0,MID,MUN,1.0,8.2,41.0,-2.0,MID,MUN,0.0,8.2,90.0,3.0,MID,MUN,0.0,8.2,90.0,5.0,MID,MUN,0.0,8.2,90.0,2.0,MID,MUN,0.0,8.2,90.0,10.0,MID,MUN,0.0,8.4,90.0,17.0,MID,MUN,0.0,8.5,90.0,2.0,MID,MUN,0.0,8.5,65.0,9.0,MID,MUN,0.0,8.5,90.0,2.0,MID,MUN,0.0,8.5,75.0,9.0,MID,MUN,0.0,8.4,90.0,9.0,MID,MUN,0.0,8.4,90.0,2.0,MID,MUN,1.0,8.4,46.0,-2.0,MID,MUN,0.0,8.3,0.0,0.0,MID,MUN,0.0,8.3,90.0,7.0,MID,MUN,0.0,8.4,90.0,4.0,MID,MUN,0.0,90.0,8.4,8.0,MID,MUN,0.0,8.4,90.0,3.0,MID,MUN,0.0,8.3,90.0,1.0,MID,MUN,0.0,8.3,90.0,2.0,MID,MUN,0.0,8.3,90.0,10.0,MID,MUN,0.0,8.3,90.0,10.0,MID,MUN,0.0,8.4,90.0,9.0,MID,MUN,0.0,8.6,90.0,17.0,MID,MUN,0.0,8.6,90.0,2.0,MID,MUN,0.0,8.6,90.0,3.0,MID,MUN,0.0,81.0,8.6,2.0,MID,MUN,0.0,8.5,31.0,1.0,MID,MUN,0.0,90.0,8.5,4.0,MID,MUN,0.0,8.5,0.0,0.0,2757.0,164.0
367,Bayindir,GKP,MUN,0.0,4.5,0.0,0.0,GKP,MUN,0.0,4.5,0.0,0.0,GKP,MUN,0.0,4.4,0.0,0.0,GKP,MUN,0.0,4.4,0.0,0.0,GKP,MUN,0.0,4.4,0.0,0.0,GKP,MUN,0.0,4.4,0.0,0.0,GKP,MUN,0.0,4.4,0.0,0.0,GKP,MUN,0.0,4.4,0.0,0.0,GKP,MUN,0.0,4.4,0.0,0.0,GKP,MUN,0.0,4.3,0.0,0.0,GKP,MUN,0.0,4.3,0.0,0.0,GKP,MUN,0.0,4.3,0.0,0.0,GKP,MUN,0.0,4.3,0.0,0.0,GKP,MUN,0.0,4.3,0.0,0.0,GKP,MUN,0.0,4.3,0.0,0.0,GKP,MUN,0.0,4.3,0.0,0.0,GKP,MUN,0.0,4.3,0.0,0.0,GKP,MUN,0.0,4.3,0.0,0.0,GKP,MUN,0.0,4.3,0.0,0.0,GKP,MUN,0.0,4.3,0.0,0.0,GKP,MUN,0.0,4.3,0.0,0.0,GKP,MUN,0.0,0.0,4.3,0.0,GKP,MUN,0.0,4.3,0.0,0.0,GKP,MUN,0.0,4.3,0.0,0.0,GKP,MUN,0.75,4.3,0.0,0.0,GKP,MUN,1.0,4.3,0.0,0.0,GKP,MUN,1.0,4.3,0.0,0.0,GKP,MUN,1.0,4.3,0.0,0.0,GKP,MUN,1.0,4.3,0.0,0.0,GKP,MUN,0.0,4.3,0.0,0.0,GKP,MUN,0.0,4.3,0.0,0.0,GKP,MUN,0.0,90.0,4.3,0.0,GKP,MUN,0.0,4.3,0.0,0.0,GKP,MUN,0.0,0.0,4.3,0.0,GKP,MUN,0.0,4.3,90.0,1.0,180.0,1.0
368,Casemiro,MID,MUN,0.0,5.0,90.0,3.0,MID,MUN,0.0,5.0,90.0,2.0,MID,MUN,0.0,5.0,45.0,1.0,MID,MUN,0.0,4.9,3.0,1.0,MID,MUN,0.0,4.9,0.0,0.0,MID,MUN,0.0,4.8,45.0,1.0,MID,MUN,0.0,4.8,5.0,1.0,MID,MUN,0.25,4.8,87.0,2.0,MID,MUN,0.0,4.8,90.0,10.0,MID,MUN,0.0,4.8,90.0,1.0,MID,MUN,0.25,4.8,78.0,3.0,MID,MUN,0.0,4.8,55.0,1.0,MID,MUN,0.0,4.8,65.0,3.0,MID,MUN,0.0,4.8,0.0,0.0,MID,MUN,0.0,4.8,0.0,0.0,MID,MUN,0.0,4.8,0.0,0.0,MID,MUN,0.0,4.8,0.0,0.0,MID,MUN,0.0,4.8,27.0,1.0,MID,MUN,0.0,4.8,63.0,2.0,MID,MUN,0.0,4.8,0.0,0.0,MID,MUN,0.0,4.7,0.0,0.0,MID,MUN,0.0,0.0,4.7,0.0,MID,MUN,0.0,4.7,0.0,0.0,MID,MUN,0.0,4.7,0.0,0.0,MID,MUN,0.0,4.7,90.0,1.0,MID,MUN,0.0,4.7,61.0,2.0,MID,MUN,0.0,4.7,23.0,1.0,MID,MUN,0.0,4.7,90.0,2.0,MID,MUN,0.0,4.7,21.0,1.0,MID,MUN,0.0,4.7,58.0,0.0,MID,MUN,0.0,4.6,90.0,3.0,MID,MUN,0.0,0.0,4.6,0.0,MID,MUN,0.0,4.6,0.0,0.0,MID,MUN,0.0,64.0,4.6,2.0,MID,MUN,0.0,4.6,0.0,0.0,1330.0,44.0
369,Dalot,DEF,MUN,0.0,5.0,90.0,7.0,DEF,MUN,0.0,5.0,90.0,1.0,DEF,MUN,0.0,5.0,90.0,1.0,DEF,MUN,0.0,5.0,90.0,11.0,DEF,MUN,0.0,5.0,90.0,9.0,DEF,MUN,0.0,5.1,90.0,0.0,DEF,MUN,0.0,5.1,90.0,6.0,DEF,MUN,0.0,5.1,90.0,1.0,DEF,MUN,0.0,5.1,90.0,1.0,DEF,MUN,0.0,5.1,90.0,1.0,DEF,MUN,0.0,5.2,56.0,1.0,DEF,MUN,0.0,5.2,90.0,2.0,DEF,MUN,0.0,5.2,90.0,6.0,DEF,MUN,0.0,5.2,90.0,1.0,DEF,MUN,0.0,5.2,90.0,1.0,DEF,MUN,0.0,5.2,90.0,2.0,DEF,MUN,0.0,5.2,90.0,1.0,DEF,MUN,0.0,5.1,90.0,1.0,DEF,MUN,0.0,5.0,90.0,1.0,DEF,MUN,0.0,5.0,90.0,0.0,DEF,MUN,0.0,5.0,0.0,0.0,DEF,MUN,0.0,90.0,5.0,1.0,DEF,MUN,0.0,5.0,90.0,7.0,DEF,MUN,0.0,5.0,90.0,1.0,DEF,MUN,0.0,5.0,90.0,2.0,DEF,MUN,0.0,5.0,90.0,1.0,DEF,MUN,0.0,5.0,90.0,4.0,DEF,MUN,0.0,5.0,90.0,2.0,DEF,MUN,0.0,5.0,90.0,11.0,DEF,MUN,0.0,5.0,90.0,2.0,DEF,MUN,0.0,5.0,90.0,5.0,DEF,MUN,0.0,90.0,5.0,3.0,DEF,MUN,1.0,5.0,31.0,1.0,DEF,MUN,0.0,0.0,5.0,0.0,DEF,MUN,1.0,5.0,0.0,0.0,2787.0,94.0
370,Eriksen,MID,MUN,0.0,5.5,0.0,0.0,MID,MUN,0.0,5.4,0.0,0.0,MID,MUN,0.0,5.4,4.0,1.0,MID,MUN,0.0,5.4,72.0,2.0,MID,MUN,0.0,5.4,75.0,3.0,MID,MUN,0.0,5.4,18.0,1.0,MID,MUN,0.0,5.4,90.0,2.0,MID,MUN,0.0,5.4,90.0,2.0,MID,MUN,0.0,5.4,78.0,2.0,MID,MUN,0.0,5.4,0.0,0.0,MID,MUN,0.0,5.4,11.0,1.0,MID,MUN,0.0,5.4,67.0,2.0,MID,MUN,0.0,5.4,0.0,0.0,MID,MUN,0.0,5.4,0.0,0.0,MID,MUN,0.0,5.3,0.0,0.0,MID,MUN,0.0,5.3,0.0,0.0,MID,MUN,0.0,5.3,0.0,0.0,MID,MUN,0.0,5.3,27.0,1.0,MID,MUN,0.0,5.3,90.0,2.0,MID,MUN,0.0,5.3,0.0,0.0,MID,MUN,0.0,5.3,7.0,4.0,MID,MUN,0.0,0.0,5.3,0.0,MID,MUN,0.0,5.3,0.0,0.0,MID,MUN,0.0,5.2,3.0,1.0,MID,MUN,0.0,5.2,0.0,0.0,MID,MUN,0.0,5.2,0.0,0.0,MID,MUN,0.0,5.2,1.0,1.0,MID,MUN,0.0,5.2,75.0,2.0,MID,MUN,0.0,5.2,68.0,3.0,MID,MUN,0.0,5.2,31.0,0.0,MID,MUN,0.0,5.2,0.0,0.0,MID,MUN,0.0,90.0,5.2,2.0,MID,MUN,0.0,5.2,90.0,1.0,MID,MUN,0.0,1.0,5.2,1.0,MID,MUN,0.0,5.2,33.0,4.0,1021.0,38.0
371,Evans,DEF,MUN,0.0,4.5,9.0,1.0,DEF,MUN,0.0,4.5,0.0,0.0,DEF,MUN,0.0,4.4,0.0,0.0,DEF,MUN,0.0,4.4,13.0,1.0,DEF,MUN,0.0,4.4,0.0,0.0,DEF,MUN,0.0,4.4,0.0,0.0,DEF,MUN,0.0,4.4,90.0,9.0,DEF,MUN,0.0,4.4,88.0,1.0,DEF,MUN,0.0,4.4,0.0,0.0,DEF,MUN,0.0,4.4,0.0,0.0,DEF,MUN,0.0,4.4,33.0,1.0,DEF,MUN,0.0,4.4,55.0,1.0,DEF,MUN,0.0,4.4,0.0,0.0,DEF,MUN,1.0,4.4,0.0,0.0,DEF,MUN,0.5,4.4,0.0,0.0,DEF,MUN,0.0,4.4,0.0,0.0,DEF,MUN,0.0,4.4,0.0,0.0,DEF,MUN,0.0,4.4,0.0,0.0,DEF,MUN,0.0,4.4,0.0,0.0,DEF,MUN,0.0,4.4,0.0,0.0,DEF,MUN,0.75,4.4,0.0,0.0,DEF,MUN,0.75,0.0,4.4,0.0,DEF,MUN,1.0,4.4,0.0,0.0,DEF,MUN,1.0,4.4,0.0,0.0,DEF,MUN,1.0,4.4,0.0,0.0,DEF,MUN,1.0,4.4,0.0,0.0,DEF,MUN,1.0,4.4,0.0,0.0,DEF,MUN,1.0,4.4,0.0,0.0,DEF,MUN,1.0,4.4,0.0,0.0,DEF,MUN,1.0,4.4,0.0,0.0,DEF,MUN,1.0,4.4,0.0,0.0,DEF,MUN,0.75,0.0,4.4,0.0,DEF,MUN,0.0,4.4,0.0,0.0,DEF,MUN,0.75,0.0,4.4,0.0,DEF,MUN,0.0,4.4,0.0,0.0,288.0,14.0
372,Garnacho,MID,MUN,0.0,6.5,29.0,4.0,MID,MUN,0.0,6.5,25.0,1.0,MID,MUN,0.0,6.4,68.0,2.0,MID,MUN,0.0,6.4,17.0,6.0,MID,MUN,0.0,6.4,90.0,2.0,MID,MUN,0.0,6.3,90.0,2.0,MID,MUN,0.0,6.3,90.0,3.0,MID,MUN,0.0,6.2,90.0,10.0,MID,MUN,0.0,6.2,90.0,2.0,MID,MUN,0.0,6.3,90.0,2.0,MID,MUN,0.0,6.4,33.0,6.0,MID,MUN,0.0,6.4,85.0,2.0,MID,MUN,0.0,6.4,24.0,1.0,MID,MUN,0.0,6.3,58.0,1.0,MID,MUN,0.0,6.3,58.0,4.0,MID,MUN,0.0,6.2,0.0,0.0,MID,MUN,0.0,6.1,35.0,1.0,MID,MUN,0.0,6.1,11.0,1.0,MID,MUN,0.0,6.0,26.0,1.0,MID,MUN,0.0,6.0,18.0,1.0,MID,MUN,0.0,6.0,90.0,3.0,MID,MUN,0.0,26.0,6.0,1.0,MID,MUN,0.0,5.9,80.0,3.0,MID,MUN,0.0,5.9,90.0,2.0,MID,MUN,0.0,5.9,90.0,2.0,MID,MUN,0.0,5.9,28.0,1.0,MID,MUN,0.0,5.9,44.0,1.0,MID,MUN,0.0,5.9,90.0,5.0,MID,MUN,0.0,5.9,68.0,8.0,MID,MUN,0.0,5.9,90.0,1.0,MID,MUN,0.0,5.9,90.0,3.0,MID,MUN,0.0,54.0,5.9,6.0,MID,MUN,0.0,5.9,90.0,2.0,MID,MUN,0.0,90.0,5.9,2.0,MID,MUN,0.0,5.9,90.0,12.0,2137.0,104.0
373,Hannibal,MID,MUN,0.0,4.5,0.0,0.0,MID,MUN,0.0,4.5,0.0,0.0,MID,MUN,1.0,4.5,0.0,0.0,MID,MUN,1.0,4.5,0.0,0.0,MID,MUN,1.0,4.5,0.0,0.0,MID,MUN,1.0,4.5,0.0,0.0,MID,MUN,1.0,4.5,0.0,0.0,MID,MUN,1.0,4.5,0.0,0.0,MID,MUN,1.0,4.5,0.0,0.0,MID,MUN,1.0,4.5,0.0,0.0,MID,MUN,1.0,4.5,0.0,0.0,MID,MUN,1.0,4.5,0.0,0.0,MID,MUN,1.0,4.5,0.0,0.0,MID,MUN,1.0,4.5,0.0,0.0,MID,MUN,1.0,4.5,0.0,0.0,MID,MUN,1.0,4.5,0.0,0.0,MID,MUN,1.0,4.5,0.0,0.0,MID,MUN,1.0,4.5,0.0,0.0,MID,MUN,1.0,4.5,0.0,0.0,MID,MUN,1.0,4.5,0.0,0.0,MID,MUN,1.0,4.5,0.0,0.0,MID,MUN,1.0,0.0,4.5,0.0,MID,MUN,1.0,4.5,0.0,0.0,MID,MUN,1.0,4.5,0.0,0.0,MID,MUN,1.0,4.5,0.0,0.0,MID,MUN,1.0,4.5,0.0,0.0,MID,MUN,1.0,4.5,0.0,0.0,MID,MUN,1.0,4.5,0.0,0.0,MID,MUN,1.0,4.5,0.0,0.0,MID,MUN,1.0,4.5,0.0,0.0,MID,MUN,1.0,4.5,0.0,0.0,MID,MUN,1.0,0.0,4.5,0.0,MID,MUN,1.0,4.5,0.0,0.0,MID,MUN,1.0,0.0,4.5,0.0,MID,MUN,1.0,4.5,0.0,0.0,0.0,0.0
374,Heaton,GKP,MUN,0.0,4.0,0.0,0.0,GKP,MUN,0.0,4.0,0.0,0.0,GKP,MUN,0.0,4.0,0.0,0.0,GKP,MUN,0.0,4.0,0.0,0.0,GKP,MUN,0.0,4.0,0.0,0.0,GKP,MUN,0.0,4.0,0.0,0.0,GKP,MUN,0.0,4.0,0.0,0.0,GKP,MUN,0.0,4.0,0.0,0.0,GKP,MUN,0.0,4.0,0.0,0.0,GKP,MUN,0.0,4.0,0.0,0.0,GKP,MUN,0.0,4.0,0.0,0.0,GKP,MUN,0.0,4.0,0.0,0.0,GKP,MUN,0.0,4.0,0.0,0.0,GKP,MUN,0.0,4.0,0.0,0.0,GKP,MUN,0.0,4.0,0.0,0.0,GKP,MUN,0.0,4.0,0.0,0.0,GKP,MUN,0.0,4.0,0.0,0.0,GKP,MUN,0.0,4.0,0.0,0.0,GKP,MUN,0.0,4.0,0.0,0.0,GKP,MUN,0.0,4.0,0.0,0.0,GKP,MUN,0.0,3.9,0.0,0.0,GKP,MUN,0.0,0.0,3.9,0.0,GKP,MUN,0.0,3.9,0.0,0.0,GKP,MUN,0.0,3.9,0.0,0.0,GKP,MUN,0.0,3.9,0.0,0.0,GKP,MUN,1.0,3.9,0.0,0.0,GKP,MUN,1.0,3.9,0.0,0.0,GKP,MUN,1.0,3.9,0.0,0.0,GKP,MUN,1.0,3.9,0.0,0.0,GKP,MUN,0.0,3.9,0.0,0.0,GKP,MUN,0.0,3.9,0.0,0.0,GKP,MUN,0.0,0.0,3.9,0.0,GKP,MUN,0.0,3.9,0.0,0.0,GKP,MUN,0.0,0.0,3.9,0.0,GKP,MUN,0.0,3.9,0.0,0.0,0.0,0.0
375,Højlund,FWD,MUN,1.0,7.0,0.0,0.0,FWD,MUN,1.0,6.9,0.0,0.0,FWD,MUN,0.5,6.9,0.0,0.0,FWD,MUN,1.0,6.9,0.0,0.0,FWD,MUN,0.0,6.9,14.0,1.0,FWD,MUN,0.0,6.9,17.0,1.0,FWD,MUN,0.0,6.9,63.0,2.0,FWD,MUN,0.0,6.9,73.0,8.0,FWD,MUN,0.0,6.9,90.0,2.0,FWD,MUN,0.0,6.9,83.0,5.0,FWD,MUN,0.0,6.9,74.0,2.0,FWD,MUN,0.0,6.9,22.0,1.0,FWD,MUN,0.0,6.9,0.0,0.0,FWD,MUN,0.0,6.9,78.0,2.0,FWD,MUN,0.0,6.9,90.0,8.0,FWD,MUN,0.0,6.9,77.0,1.0,FWD,MUN,0.0,6.9,36.0,1.0,FWD,MUN,0.0,6.9,78.0,2.0,FWD,MUN,0.0,6.9,90.0,2.0,FWD,MUN,0.0,6.9,86.0,2.0,FWD,MUN,0.0,6.9,52.0,1.0,FWD,MUN,0.0,6.0,6.9,1.0,FWD,MUN,0.0,6.9,57.0,1.0,FWD,MUN,0.0,6.9,20.0,1.0,FWD,MUN,0.0,6.9,90.0,2.0,FWD,MUN,0.0,6.9,69.0,2.0,FWD,MUN,0.0,6.9,66.0,1.0,FWD,MUN,0.0,6.9,14.0,1.0,FWD,MUN,0.0,6.9,84.0,7.0,FWD,MUN,0.0,6.9,45.0,1.0,FWD,MUN,0.0,6.9,70.0,2.0,FWD,MUN,0.0,35.0,6.9,1.0,FWD,MUN,0.0,6.9,69.0,2.0,FWD,MUN,0.0,90.0,6.9,9.0,FWD,MUN,0.0,6.9,0.0,0.0,1738.0,72.0
376,Lindelof,DEF,MUN,0.0,4.5,0.0,0.0,DEF,MUN,1.0,4.5,0.0,0.0,DEF,MUN,1.0,4.4,0.0,0.0,DEF,MUN,1.0,4.4,0.0,0.0,DEF,MUN,1.0,4.4,0.0,0.0,DEF,MUN,0.0,4.3,0.0,0.0,DEF,MUN,0.0,4.3,45.0,0.0,DEF,MUN,0.0,4.3,1.0,1.0,DEF,MUN,0.0,4.3,6.0,1.0,DEF,MUN,0.0,4.3,6.0,1.0,DEF,MUN,0.0,4.3,0.0,0.0,DEF,MUN,0.25,4.3,0.0,0.0,DEF,MUN,0.5,4.3,0.0,0.0,DEF,MUN,1.0,4.3,0.0,0.0,DEF,MUN,0.0,4.3,0.0,0.0,DEF,MUN,0.0,4.3,1.0,1.0,DEF,MUN,0.75,4.3,0.0,0.0,DEF,MUN,0.75,4.3,0.0,0.0,DEF,MUN,0.75,4.3,0.0,0.0,DEF,MUN,0.75,4.3,0.0,0.0,DEF,MUN,0.75,4.3,0.0,0.0,DEF,MUN,0.75,0.0,4.3,0.0,DEF,MUN,0.0,4.3,0.0,0.0,DEF,MUN,0.0,4.3,0.0,0.0,DEF,MUN,0.0,4.3,0.0,0.0,DEF,MUN,0.0,4.3,0.0,0.0,DEF,MUN,0.0,4.3,1.0,1.0,DEF,MUN,0.0,4.3,90.0,2.0,DEF,MUN,0.0,4.3,90.0,6.0,DEF,MUN,0.0,4.3,0.0,0.0,DEF,MUN,0.0,4.3,32.0,1.0,DEF,MUN,0.75,90.0,4.3,0.0,DEF,MUN,0.0,4.3,77.0,2.0,DEF,MUN,0.75,24.0,4.3,1.0,DEF,MUN,0.0,4.3,14.0,1.0,477.0,18.0
377,Maguire,DEF,MUN,0.0,5.0,80.0,5.0,DEF,MUN,0.0,5.0,78.0,2.0,DEF,MUN,0.0,5.0,21.0,1.0,DEF,MUN,0.0,5.0,16.0,0.0,DEF,MUN,0.0,4.9,0.0,0.0,DEF,MUN,0.25,4.9,0.0,0.0,DEF,MUN,0.25,4.9,45.0,0.0,DEF,MUN,1.0,4.9,0.0,0.0,DEF,MUN,1.0,4.9,0.0,0.0,DEF,MUN,1.0,4.9,0.0,0.0,DEF,MUN,0.5,4.9,0.0,0.0,DEF,MUN,0.75,4.9,0.0,0.0,DEF,MUN,0.0,4.9,34.0,1.0,DEF,MUN,0.0,4.9,58.0,0.0,DEF,MUN,0.0,4.9,25.0,1.0,DEF,MUN,0.0,4.9,90.0,2.0,DEF,MUN,0.0,4.9,90.0,1.0,DEF,MUN,0.0,4.9,90.0,1.0,DEF,MUN,0.0,4.9,90.0,1.0,DEF,MUN,0.0,4.9,90.0,0.0,DEF,MUN,0.0,4.9,7.0,1.0,DEF,MUN,0.0,90.0,4.9,0.0,DEF,MUN,0.0,4.9,90.0,8.0,DEF,MUN,0.0,4.9,90.0,0.0,DEF,MUN,0.0,4.9,90.0,2.0,DEF,MUN,0.0,4.9,90.0,1.0,DEF,MUN,0.0,4.9,90.0,8.0,DEF,MUN,0.5,4.9,0.0,0.0,DEF,MUN,0.5,4.9,0.0,0.0,DEF,MUN,0.0,4.9,2.0,1.0,DEF,MUN,0.0,4.9,57.0,1.0,DEF,MUN,0.0,0.0,4.9,0.0,DEF,MUN,0.0,4.9,0.0,0.0,DEF,MUN,0.0,65.0,4.9,2.0,DEF,MUN,0.0,4.9,55.0,0.0,1533.0,39.0
378,Mainoo,MID,MUN,0.0,5.5,83.0,3.0,MID,MUN,0.0,5.5,90.0,1.0,MID,MUN,0.0,5.4,90.0,1.0,MID,MUN,0.0,5.4,90.0,2.0,MID,MUN,0.0,5.4,90.0,3.0,MID,MUN,0.25,5.3,44.0,1.0,MID,MUN,0.0,5.2,84.0,2.0,MID,MUN,1.0,5.2,0.0,0.0,MID,MUN,1.0,5.2,0.0,0.0,MID,MUN,1.0,5.2,0.0,0.0,MID,MUN,0.5,5.2,0.0,0.0,MID,MUN,0.0,5.2,0.0,0.0,MID,MUN,1.0,5.2,79.0,2.0,MID,MUN,0.0,5.2,0.0,0.0,MID,MUN,0.0,5.2,90.0,2.0,MID,MUN,0.0,5.2,76.0,2.0,MID,MUN,0.0,5.2,90.0,2.0,MID,MUN,0.0,5.2,62.0,2.0,MID,MUN,0.0,5.2,57.0,1.0,MID,MUN,0.0,5.2,71.0,2.0,MID,MUN,0.0,5.2,45.0,1.0,MID,MUN,0.0,63.0,5.2,2.0,MID,MUN,0.0,5.2,9.0,1.0,MID,MUN,0.0,5.2,69.0,2.0,MID,MUN,1.0,5.2,0.0,0.0,MID,MUN,1.0,5.2,0.0,0.0,MID,MUN,1.0,5.2,0.0,0.0,MID,MUN,1.0,5.2,0.0,0.0,MID,MUN,1.0,5.2,0.0,0.0,MID,MUN,0.25,5.2,0.0,0.0,MID,MUN,0.0,5.2,0.0,0.0,MID,MUN,0.0,8.0,5.2,1.0,MID,MUN,0.0,5.2,58.0,1.0,MID,MUN,0.0,64.0,5.2,2.0,MID,MUN,0.0,5.2,90.0,2.0,1502.0,38.0
379,Malacia,DEF,MUN,1.0,4.5,0.0,0.0,DEF,MUN,1.0,4.5,0.0,0.0,DEF,MUN,1.0,4.4,0.0,0.0,DEF,MUN,1.0,4.4,0.0,0.0,DEF,MUN,1.0,4.4,0.0,0.0,DEF,MUN,1.0,4.4,0.0,0.0,DEF,MUN,0.5,4.4,0.0,0.0,DEF,MUN,0.75,4.4,0.0,0.0,DEF,MUN,0.75,4.4,0.0,0.0,DEF,MUN,0.75,4.4,0.0,0.0,DEF,MUN,0.5,4.4,0.0,0.0,DEF,MUN,0.0,4.4,0.0,0.0,DEF,MUN,0.0,4.4,0.0,0.0,DEF,MUN,0.0,4.4,45.0,0.0,DEF,MUN,0.0,4.4,0.0,0.0,DEF,MUN,0.0,4.4,0.0,0.0,DEF,MUN,0.0,4.4,45.0,1.0,DEF,MUN,0.0,4.4,0.0,0.0,DEF,MUN,0.0,4.4,0.0,0.0,DEF,MUN,0.0,4.4,0.0,0.0,DEF,MUN,0.0,4.4,0.0,0.0,DEF,MUN,0.0,0.0,4.4,0.0,DEF,MUN,0.0,4.4,9.0,1.0,DEF,MUN,1.0,4.4,0.0,0.0,DEF,MUN,1.0,4.4,0.0,0.0,DEF,MUN,1.0,4.4,0.0,0.0,DEF,MUN,1.0,4.4,0.0,0.0,DEF,MUN,1.0,4.4,0.0,0.0,DEF,MUN,1.0,4.4,0.0,0.0,DEF,MUN,1.0,4.4,0.0,0.0,DEF,MUN,1.0,4.4,0.0,0.0,DEF,MUN,0.0,0.0,4.4,0.0,DEF,MUN,1.0,4.4,0.0,0.0,DEF,MUN,0.0,0.0,4.4,0.0,DEF,MUN,1.0,4.4,0.0,0.0,99.0,2.0
380,L. Martinez,DEF,MUN,0.0,4.5,90.0,7.0,DEF,MUN,0.0,4.5,90.0,1.0,DEF,MUN,0.0,4.5,90.0,0.0,DEF,MUN,0.25,4.5,76.0,6.0,DEF,MUN,0.0,4.5,90.0,5.0,DEF,MUN,0.0,4.5,90.0,0.0,DEF,MUN,0.0,4.5,0.0,0.0,DEF,MUN,0.0,4.5,90.0,2.0,DEF,MUN,0.0,4.5,90.0,1.0,DEF,MUN,0.0,4.4,90.0,1.0,DEF,MUN,0.25,4.4,90.0,6.0,DEF,MUN,0.25,4.4,0.0,0.0,DEF,MUN,1.0,4.4,90.0,5.0,DEF,MUN,0.0,4.4,0.0,0.0,DEF,MUN,0.0,4.4,90.0,1.0,DEF,MUN,0.0,4.4,90.0,6.0,DEF,MUN,0.0,4.4,90.0,1.0,DEF,MUN,0.0,4.4,90.0,1.0,DEF,MUN,0.0,4.4,64.0,0.0,DEF,MUN,0.0,4.4,90.0,7.0,DEF,MUN,0.0,4.4,90.0,1.0,DEF,MUN,0.0,0.0,4.4,0.0,DEF,MUN,0.0,4.4,90.0,15.0,DEF,MUN,1.0,4.4,81.0,2.0,DEF,MUN,1.0,4.4,0.0,0.0,DEF,MUN,1.0,4.4,0.0,0.0,DEF,MUN,1.0,4.3,0.0,0.0,DEF,MUN,1.0,4.3,0.0,0.0,DEF,MUN,1.0,4.3,0.0,0.0,DEF,MUN,1.0,4.3,0.0,0.0,DEF,MUN,1.0,4.3,0.0,0.0,DEF,MUN,0.0,0.0,4.3,0.0,DEF,MUN,1.0,4.3,0.0,0.0,DEF,MUN,0.0,0.0,4.3,0.0,DEF,MUN,1.0,4.3,0.0,0.0,1751.0,68.0
381,McTominay,MID,MUN,0.0,5.0,6.0,1.0,MID,MUN,0.0,4.9,11.0,1.0,MID,MUN,1.0,4.9,0.0,0.0,MID,MUN,1.0,4.9,0.0,0.0,MID,MUN,1.0,4.9,0.0,0.0,MID,MUN,1.0,4.9,0.0,0.0,MID,MUN,1.0,4.9,0.0,0.0,MID,MUN,1.0,4.9,0.0,0.0,MID,MUN,1.0,4.9,0.0,0.0,MID,MUN,1.0,4.9,0.0,0.0,MID,MUN,1.0,4.9,0.0,0.0,MID,MUN,1.0,4.9,0.0,0.0,MID,MUN,1.0,4.9,0.0,0.0,MID,MUN,1.0,4.9,0.0,0.0,MID,MUN,1.0,4.9,0.0,0.0,MID,MUN,1.0,4.9,0.0,0.0,MID,MUN,1.0,4.9,0.0,0.0,MID,MUN,1.0,4.9,0.0,0.0,MID,MUN,1.0,4.9,0.0,0.0,MID,MUN,1.0,4.9,0.0,0.0,MID,MUN,1.0,4.9,0.0,0.0,MID,MUN,1.0,0.0,4.9,0.0,MID,MUN,1.0,4.9,0.0,0.0,MID,MUN,1.0,4.9,0.0,0.0,MID,MUN,1.0,4.9,0.0,0.0,MID,MUN,1.0,4.9,0.0,0.0,MID,MUN,1.0,4.9,0.0,0.0,MID,MUN,1.0,4.9,0.0,0.0,MID,MUN,1.0,4.9,0.0,0.0,MID,MUN,1.0,4.9,0.0,0.0,MID,MUN,1.0,4.9,0.0,0.0,MID,MUN,1.0,0.0,4.9,0.0,MID,MUN,1.0,4.9,0.0,0.0,MID,MUN,1.0,0.0,4.9,0.0,MID,MUN,1.0,4.9,0.0,0.0,17.0,2.0
382,Mount,MID,MUN,0.0,6.5,60.0,2.0,MID,MUN,0.25,6.5,45.0,1.0,MID,MUN,1.0,6.4,0.0,0.0,MID,MUN,1.0,6.4,0.0,0.0,MID,MUN,0.0,6.3,0.0,0.0,MID,MUN,0.25,6.3,39.0,0.0,MID,MUN,0.25,6.3,0.0,0.0,MID,MUN,0.75,6.3,0.0,0.0,MID,MUN,0.75,6.3,0.0,0.0,MID,MUN,0.0,6.3,0.0,0.0,MID,MUN,0.0,6.3,0.0,0.0,MID,MUN,0.0,6.3,4.0,1.0,MID,MUN,0.0,6.3,10.0,1.0,MID,MUN,0.0,6.3,58.0,1.0,MID,MUN,0.0,6.3,14.0,1.0,MID,MUN,0.75,6.3,13.0,1.0,MID,MUN,1.0,6.3,0.0,0.0,MID,MUN,1.0,6.3,0.0,0.0,MID,MUN,1.0,6.3,0.0,0.0,MID,MUN,0.75,6.3,0.0,0.0,MID,MUN,0.75,6.3,0.0,0.0,MID,MUN,0.75,0.0,6.3,0.0,MID,MUN,1.0,6.3,0.0,0.0,MID,MUN,1.0,6.3,0.0,0.0,MID,MUN,1.0,6.3,0.0,0.0,MID,MUN,1.0,6.3,0.0,0.0,MID,MUN,1.0,6.3,0.0,0.0,MID,MUN,1.0,6.3,0.0,0.0,MID,MUN,0.0,6.3,0.0,0.0,MID,MUN,0.0,6.3,12.0,1.0,MID,MUN,0.0,6.3,19.0,0.0,MID,MUN,0.75,35.0,6.3,1.0,MID,MUN,0.0,6.3,31.0,1.0,MID,MUN,0.75,25.0,6.3,1.0,MID,MUN,0.0,6.3,56.0,6.0,421.0,18.0
383,Andre Onana,GKP,MUN,0.0,5.0,90.0,6.0,GKP,MUN,0.0,5.0,90.0,1.0,GKP,MUN,0.0,5.0,90.0,1.0,GKP,MUN,0.0,5.0,90.0,13.0,GKP,MUN,0.0,5.0,90.0,9.0,GKP,MUN,0.0,5.0,90.0,3.0,GKP,MUN,0.0,5.0,90.0,6.0,GKP,MUN,0.0,5.0,90.0,2.0,GKP,MUN,0.0,5.0,90.0,1.0,GKP,MUN,0.0,5.0,90.0,2.0,GKP,MUN,0.0,5.1,90.0,9.0,GKP,MUN,0.0,5.1,90.0,3.0,GKP,MUN,0.0,5.2,90.0,6.0,GKP,MUN,0.0,5.2,90.0,2.0,GKP,MUN,0.0,5.2,90.0,1.0,GKP,MUN,0.0,5.2,90.0,2.0,GKP,MUN,0.0,5.2,90.0,1.0,GKP,MUN,0.0,5.2,90.0,1.0,GKP,MUN,0.0,5.1,90.0,1.0,GKP,MUN,0.0,5.1,90.0,2.0,GKP,MUN,0.0,5.1,90.0,3.0,GKP,MUN,0.0,90.0,5.1,1.0,GKP,MUN,0.0,5.0,90.0,6.0,GKP,MUN,0.0,5.0,90.0,1.0,GKP,MUN,0.0,5.0,90.0,4.0,GKP,MUN,0.0,5.0,90.0,3.0,GKP,MUN,0.0,5.0,90.0,1.0,GKP,MUN,0.0,5.0,90.0,3.0,GKP,MUN,0.0,5.0,90.0,7.0,GKP,MUN,0.0,4.9,90.0,2.0,GKP,MUN,0.0,4.9,90.0,11.0,GKP,MUN,0.0,0.0,4.9,0.0,GKP,MUN,0.0,4.9,90.0,2.0,GKP,MUN,0.0,90.0,4.9,2.0,GKP,MUN,0.0,4.9,0.0,0.0,2970.0,118.0
384,Pellistri,MID,MUN,0.0,5.0,0.0,0.0,MID,MUN,1.0,5.0,0.0,0.0,MID,MUN,1.0,5.0,0.0,0.0,MID,MUN,1.0,5.0,0.0,0.0,MID,MUN,1.0,5.0,0.0,0.0,MID,MUN,1.0,5.0,0.0,0.0,MID,MUN,1.0,5.0,0.0,0.0,MID,MUN,1.0,5.0,0.0,0.0,MID,MUN,1.0,5.0,0.0,0.0,MID,MUN,1.0,5.0,0.0,0.0,MID,MUN,1.0,5.0,0.0,0.0,MID,MUN,1.0,5.0,0.0,0.0,MID,MUN,1.0,5.0,0.0,0.0,MID,MUN,1.0,5.0,0.0,0.0,MID,MUN,1.0,5.0,0.0,0.0,MID,MUN,1.0,5.0,0.0,0.0,MID,MUN,1.0,5.0,0.0,0.0,MID,MUN,1.0,5.0,0.0,0.0,MID,MUN,1.0,5.0,0.0,0.0,MID,MUN,1.0,5.0,0.0,0.0,MID,MUN,1.0,5.0,0.0,0.0,MID,MUN,1.0,0.0,5.0,0.0,MID,MUN,1.0,5.0,0.0,0.0,MID,MUN,1.0,5.0,0.0,0.0,MID,MUN,1.0,5.0,0.0,0.0,MID,MUN,1.0,5.0,0.0,0.0,MID,MUN,1.0,5.0,0.0,0.0,MID,MUN,1.0,5.0,0.0,0.0,MID,MUN,1.0,5.0,0.0,0.0,MID,MUN,1.0,5.0,0.0,0.0,MID,MUN,1.0,5.0,0.0,0.0,MID,MUN,1.0,0.0,5.0,0.0,MID,MUN,1.0,5.0,0.0,0.0,MID,MUN,1.0,0.0,5.0,0.0,MID,MUN,1.0,5.0,0.0,0.0,0.0,0.0
385,Rashford,MID,MUN,0.0,7.0,90.0,3.0,MID,MUN,0.0,7.0,64.0,2.0,MID,MUN,0.0,6.9,90.0,2.0,MID,MUN,0.0,6.9,72.0,8.0,MID,MUN,0.0,6.9,29.0,1.0,MID,MUN,0.0,6.9,72.0,2.0,MID,MUN,0.0,6.9,63.0,2.0,MID,MUN,0.0,6.9,90.0,6.0,MID,MUN,0.0,6.9,58.0,1.0,MID,MUN,0.0,6.9,72.0,2.0,MID,MUN,0.0,6.9,56.0,1.0,MID,MUN,0.0,6.9,67.0,8.0,MID,MUN,0.0,6.9,90.0,14.0,MID,MUN,0.0,7.0,31.0,1.0,MID,MUN,0.0,7.0,31.0,1.0,MID,MUN,0.0,6.8,0.0,0.0,MID,MUN,0.0,6.7,0.0,0.0,MID,MUN,0.0,6.7,0.0,0.0,MID,MUN,0.0,6.6,0.0,0.0,MID,MUN,0.75,6.6,0.0,0.0,MID,MUN,0.0,6.6,0.0,0.0,MID,MUN,0.0,0.0,6.6,0.0,MID,MUN,0.0,6.6,0.0,0.0,MID,AST,0.0,6.6,0.0,0.0,MID,AST,0.0,6.6,111.0,9.0,MID,AST,0.0,6.7,45.0,9.0,MID,AST,0.0,6.7,22.0,1.0,MID,AST,0.0,6.7,22.0,1.0,MID,AST,0.0,6.6,0.0,0.0,MID,AST,0.0,6.6,64.0,8.0,MID,AST,0.0,6.7,28.0,1.0,MID,AST,0.0,65.0,6.7,3.0,MID,AST,0.0,6.7,82.0,9.0,MID,AST,0.0,0.0,0.0,0.0,MID,AST,1.0,6.6,0.0,0.0,1414.0,95.0
386,Sancho,MID,MUN,0.0,6.4,0.0,0.0,MID,MUN,0.0,6.4,0.0,0.0,MID,CHE,0.0,6.3,0.0,0.0,MID,CHE,0.0,6.3,45.0,3.0,MID,CHE,0.0,6.3,56.0,4.0,MID,CHE,0.0,6.4,70.0,9.0,MID,CHE,0.0,6.4,89.0,2.0,MID,CHE,0.0,6.4,45.0,1.0,MID,CHE,1.0,6.4,0.0,0.0,MID,CHE,0.25,6.3,0.0,0.0,MID,CHE,0.25,6.3,0.0,0.0,MID,CHE,0.0,6.2,5.0,1.0,MID,CHE,0.0,6.2,70.0,3.0,MID,CHE,0.0,6.2,18.0,6.0,MID,CHE,0.0,6.2,90.0,8.0,MID,CHE,0.0,6.2,90.0,2.0,MID,CHE,0.0,6.2,90.0,3.0,MID,CHE,0.0,6.2,90.0,2.0,MID,CHE,0.0,6.2,25.0,1.0,MID,CHE,0.0,6.2,85.0,6.0,MID,CHE,0.0,6.2,90.0,2.0,MID,CHE,0.0,28.0,6.2,1.0,MID,CHE,0.0,6.2,72.0,2.0,MID,CHE,0.0,6.2,51.0,1.0,MID,CHE,0.0,6.2,69.0,2.0,MID,CHE,0.0,6.2,14.0,1.0,MID,CHE,0.0,6.2,67.0,3.0,MID,CHE,0.0,6.2,90.0,3.0,MID,CHE,0.0,6.2,75.0,2.0,MID,CHE,0.0,6.2,67.0,3.0,MID,CHE,0.0,6.2,90.0,3.0,MID,CHE,0.0,22.0,6.2,6.0,MID,CHE,0.0,6.2,45.0,1.0,MID,CHE,0.0,12.0,6.2,1.0,MID,CHE,0.0,6.2,18.0,0.0,1678.0,82.0
387,Shaw,DEF,MUN,1.0,5.0,0.0,0.0,DEF,MUN,1.0,4.9,0.0,0.0,DEF,MUN,0.5,4.9,0.0,0.0,DEF,MUN,1.0,4.9,0.0,0.0,DEF,MUN,1.0,4.9,0.0,0.0,DEF,MUN,0.5,4.9,0.0,0.0,DEF,MUN,0.5,4.9,0.0,0.0,DEF,MUN,0.75,4.9,0.0,0.0,DEF,MUN,0.75,4.9,0.0,0.0,DEF,MUN,0.75,4.9,0.0,0.0,DEF,MUN,0.5,4.9,0.0,0.0,DEF,MUN,0.0,4.9,34.0,1.0,DEF,MUN,0.0,4.9,34.0,1.0,DEF,MUN,1.0,4.9,0.0,0.0,DEF,MUN,1.0,4.9,0.0,0.0,DEF,MUN,1.0,4.9,0.0,0.0,DEF,MUN,1.0,4.9,0.0,0.0,DEF,MUN,1.0,4.9,0.0,0.0,DEF,MUN,1.0,4.9,0.0,0.0,DEF,MUN,0.75,4.9,0.0,0.0,DEF,MUN,0.75,4.9,0.0,0.0,DEF,MUN,0.75,0.0,4.9,0.0,DEF,MUN,1.0,4.9,0.0,0.0,DEF,MUN,0.75,4.9,0.0,0.0,DEF,MUN,1.0,4.9,0.0,0.0,DEF,MUN,1.0,4.9,0.0,0.0,DEF,MUN,1.0,4.9,0.0,0.0,DEF,MUN,1.0,4.9,0.0,0.0,DEF,MUN,1.0,4.9,0.0,0.0,DEF,MUN,1.0,4.9,0.0,0.0,DEF,MUN,0.0,4.9,0.0,0.0,DEF,MUN,0.75,12.0,4.9,1.0,DEF,MUN,0.0,4.9,0.0,0.0,DEF,MUN,0.75,90.0,4.9,1.0,DEF,MUN,0.0,4.9,45.0,-2.0,215.0,2.0
388,Wan-Bissaka,DEF,WHM,0.0,4.5,0.0,0.0,DEF,WHM,0.0,4.5,28.0,1.0,DEF,WHM,0.0,4.5,90.0,1.0,DEF,WHM,0.0,4.5,90.0,2.0,DEF,WHM,0.0,4.5,90.0,1.0,DEF,WHM,0.0,4.5,90.0,2.0,DEF,WHM,0.0,4.5,90.0,2.0,DEF,WHM,0.0,4.4,90.0,0.0,DEF,WHM,0.0,4.4,90.0,2.0,DEF,WHM,0.0,4.4,90.0,1.0,DEF,WHM,0.0,4.4,66.0,6.0,DEF,WHM,0.0,4.4,90.0,15.0,DEF,WHM,0.0,4.4,90.0,6.0,DEF,WHM,0.0,4.5,90.0,1.0,DEF,WHM,0.0,4.6,90.0,2.0,DEF,WHM,0.0,4.6,90.0,5.0,DEF,WHM,0.0,4.6,90.0,2.0,DEF,WHM,0.0,4.6,90.0,9.0,DEF,WHM,0.0,4.6,90.0,0.0,DEF,WHM,0.0,4.6,90.0,0.0,DEF,WHM,0.0,4.6,90.0,3.0,DEF,WHM,0.0,90.0,4.6,1.0,DEF,WHM,0.0,4.5,90.0,2.0,DEF,WHM,0.0,4.5,90.0,-1.0,DEF,WHM,0.0,4.4,90.0,2.0,DEF,WHM,0.0,4.4,90.0,12.0,DEF,WHM,0.0,4.4,90.0,7.0,DEF,WHM,0.0,4.5,90.0,2.0,DEF,WHM,0.0,4.5,90.0,2.0,DEF,WHM,0.0,4.5,90.0,2.0,DEF,WHM,0.0,4.5,90.0,1.0,DEF,WHM,0.0,90.0,4.5,1.0,DEF,WHM,0.25,4.5,0.0,0.0,DEF,WHM,0.0,90.0,4.5,1.0,DEF,WHM,0.0,4.4,90.0,7.0,2884.0,100.0
389,Zirkzee,FWD,MUN,0.0,7.0,29.0,8.0,FWD,MUN,0.0,7.1,45.0,1.0,FWD,MUN,0.0,7.0,85.0,1.0,FWD,MUN,0.0,7.0,90.0,2.0,FWD,MUN,0.0,7.0,60.0,2.0,FWD,MUN,0.0,6.9,45.0,1.0,FWD,MUN,0.0,6.8,26.0,1.0,FWD,MUN,0.0,6.7,16.0,1.0,FWD,MUN,0.0,6.7,11.0,4.0,FWD,MUN,0.0,6.6,6.0,1.0,FWD,MUN,0.0,6.6,15.0,1.0,FWD,MUN,0.0,6.6,22.0,1.0,FWD,MUN,0.0,6.6,90.0,13.0,FWD,MUN,0.0,6.6,31.0,1.0,FWD,MUN,0.0,6.6,14.0,1.0,FWD,MUN,0.0,6.6,12.0,1.0,FWD,MUN,0.0,6.6,53.0,1.0,FWD,MUN,0.0,6.6,11.0,1.0,FWD,MUN,0.0,6.5,32.0,1.0,FWD,MUN,0.0,6.5,4.0,1.0,FWD,MUN,0.0,6.5,37.0,1.0,FWD,MUN,0.0,83.0,6.5,5.0,FWD,MUN,0.0,6.5,32.0,1.0,FWD,MUN,0.0,6.5,20.0,1.0,FWD,MUN,0.0,6.5,90.0,2.0,FWD,MUN,0.0,6.5,90.0,2.0,FWD,MUN,0.0,6.5,90.0,1.0,FWD,MUN,0.0,6.5,75.0,2.0,FWD,MUN,0.0,6.5,21.0,1.0,FWD,MUN,0.0,6.5,77.0,2.0,FWD,MUN,0.0,6.5,19.0,1.0,FWD,MUN,0.0,54.0,6.5,1.0,FWD,MUN,1.0,6.5,0.0,0.0,FWD,MUN,0.0,0.0,6.5,0.0,FWD,MUN,1.0,6.5,0.0,0.0,1385.0,64.0
390,A.Murphy,DEF,NEW,0.0,4.0,0.0,0.0,DEF,NEW,0.0,4.0,0.0,0.0,DEF,NEW,0.0,4.0,0.0,0.0,DEF,NEW,0.0,4.0,0.0,0.0,DEF,NEW,0.0,4.0,0.0,0.0,DEF,NEW,0.0,4.0,0.0,0.0,DEF,NEW,0.0,4.0,0.0,0.0,DEF,NEW,0.0,4.0,0.0,0.0,DEF,NEW,0.0,4.0,0.0,0.0,DEF,NEW,0.0,4.0,0.0,0.0,DEF,NEW,0.0,4.0,0.0,0.0,DEF,NEW,0.0,4.0,0.0,0.0,DEF,NEW,0.0,4.0,0.0,0.0,DEF,NEW,0.0,4.0,0.0,0.0,DEF,NEW,0.0,4.0,0.0,0.0,DEF,NEW,0.0,4.0,0.0,0.0,DEF,NEW,0.0,4.0,0.0,0.0,DEF,NEW,0.0,4.0,0.0,0.0,DEF,NEW,0.0,4.0,0.0,0.0,DEF,NEW,0.0,4.0,0.0,0.0,DEF,NEW,0.0,4.0,0.0,0.0,DEF,NEW,0.0,0.0,4.0,0.0,DEF,NEW,1.0,4.0,0.0,0.0,DEF,NEW,1.0,4.0,0.0,0.0,DEF,NEW,1.0,4.0,0.0,0.0,DEF,NEW,1.0,4.0,0.0,0.0,DEF,NEW,1.0,4.0,0.0,0.0,DEF,NEW,1.0,4.0,0.0,0.0,DEF,NEW,1.0,4.0,0.0,0.0,DEF,NEW,1.0,4.0,0.0,0.0,DEF,NEW,1.0,4.0,0.0,0.0,DEF,NEW,0.0,0.0,4.0,0.0,DEF,NEW,1.0,4.0,0.0,0.0,DEF,NEW,0.0,0.0,4.0,0.0,DEF,NEW,1.0,4.0,0.0,0.0,0.0,0.0
390,A.Murphy,DEF,NEW,0.0,4.0,0.0,0.0,DEF,NEW,0.0,4.0,0.0,0.0,DEF,NEW,0.0,4.0,0.0,0.0,DEF,NEW,0.0,4.0,0.0,0.0,DEF,NEW,0.0,4.0,0.0,0.0,DEF,NEW,0.0,4.0,0.0,0.0,DEF,NEW,0.0,4.0,0.0,0.0,DEF,NEW,0.0,4.0,0.0,0.0,DEF,NEW,0.0,4.0,0.0,0.0,DEF,NEW,0.0,4.0,0.0,0.0,DEF,NEW,0.0,4.0,0.0,0.0,DEF,NEW,0.0,4.0,0.0,0.0,DEF,NEW,0.0,4.0,0.0,0.0,DEF,NEW,0.0,4.0,0.0,0.0,DEF,NEW,0.0,4.0,0.0,0.0,DEF,NEW,0.0,4.0,0.0,0.0,DEF,NEW,0.0,4.0,0.0,0.0,DEF,NEW,0.0,4.0,0.0,0.0,DEF,NEW,0.0,4.0,0.0,0.0,DEF,NEW,0.0,4.0,0.0,0.0,DEF,NEW,0.0,4.0,0.0,0.0,DEF,NEW,0.0,0.0,4.0,0.0,DEF,NEW,1.0,4.0,0.0,0.0,DEF,NEW,1.0,4.0,0.0,0.0,DEF,NEW,1.0,4.0,0.0,0.0,DEF,NEW,1.0,4.0,0.0,0.0,DEF,NEW,1.0,4.0,0.0,0.0,DEF,NEW,1.0,4.0,0.0,0.0,DEF,NEW,1.0,4.0,0.0,0.0,DEF,NEW,1.0,4.0,0.0,0.0,DEF,NEW,1.0,4.0,0.0,0.0,DEF,NEW,0.0,0.0,4.0,0.0,DEF,NEW,1.0,4.0,0.0,0.0,DEF,NEW,0.0,0.0,4.0,0.0,DEF,NEW,1.0,4.0,0.0,0.0,0.0,0.0
391,Almirón,MID,NEW,0.0,6.0,0.0,0.0,MID,NEW,0.0,5.9,1.0,1.0,MID,NEW,0.0,5.8,1.0,1.0,MID,NEW,0.0,5.8,0.0,0.0,MID,NEW,0.0,5.7,0.0,0.0,MID,NEW,0.0,5.6,0.0,0.0,MID,NEW,0.0,5.6,28.0,1.0,MID,NEW,0.0,5.6,5.0,1.0,MID,NEW,0.0,5.6,67.0,2.0,MID,NEW,0.0,5.6,0.0,0.0,MID,NEW,0.0,5.5,0.0,0.0,MID,NEW,0.0,5.5,0.0,0.0,MID,NEW,0.0,5.5,0.0,0.0,MID,NEW,0.0,5.5,0.0,0.0,MID,NEW,0.0,5.5,17.0,1.0,MID,NEW,0.0,5.5,0.0,0.0,MID,NEW,0.0,5.5,17.0,1.0,MID,NEW,0.0,5.5,0.0,0.0,MID,NEW,0.0,5.5,0.0,0.0,MID,NEW,0.0,5.4,0.0,0.0,MID,NEW,0.0,5.4,12.0,1.0,MID,NEW,0.0,0.0,5.4,0.0,MID,NEW,0.0,5.4,2.0,1.0,MID,NEW,1.0,5.4,0.0,0.0,MID,NEW,1.0,5.4,0.0,0.0,MID,NEW,1.0,5.4,0.0,0.0,MID,NEW,1.0,5.4,0.0,0.0,MID,NEW,1.0,5.4,0.0,0.0,MID,NEW,1.0,5.4,0.0,0.0,MID,NEW,1.0,5.4,0.0,0.0,MID,NEW,1.0,5.4,0.0,0.0,MID,NEW,0.0,0.0,5.4,0.0,MID,NEW,1.0,5.4,0.0,0.0,MID,NEW,0.0,0.0,5.4,0.0,MID,NEW,1.0,5.4,0.0,0.0,150.0,10.0
391,Almirón,MID,NEW,0.0,6.0,0.0,0.0,MID,NEW,0.0,5.9,1.0,1.0,MID,NEW,0.0,5.8,1.0,1.0,MID,NEW,0.0,5.8,0.0,0.0,MID,NEW,0.0,5.7,0.0,0.0,MID,NEW,0.0,5.6,0.0,0.0,MID,NEW,0.0,5.6,28.0,1.0,MID,NEW,0.0,5.6,5.0,1.0,MID,NEW,0.0,5.6,67.0,2.0,MID,NEW,0.0,5.6,0.0,0.0,MID,NEW,0.0,5.5,0.0,0.0,MID,NEW,0.0,5.5,0.0,0.0,MID,NEW,0.0,5.5,0.0,0.0,MID,NEW,0.0,5.5,0.0,0.0,MID,NEW,0.0,5.5,17.0,1.0,MID,NEW,0.0,5.5,0.0,0.0,MID,NEW,0.0,5.5,17.0,1.0,MID,NEW,0.0,5.5,0.0,0.0,MID,NEW,0.0,5.5,0.0,0.0,MID,NEW,0.0,5.4,0.0,0.0,MID,NEW,0.0,5.4,12.0,1.0,MID,NEW,0.0,0.0,5.4,0.0,MID,NEW,0.0,5.4,2.0,1.0,MID,NEW,1.0,5.4,0.0,0.0,MID,NEW,1.0,5.4,0.0,0.0,MID,NEW,1.0,5.4,0.0,0.0,MID,NEW,1.0,5.4,0.0,0.0,MID,NEW,1.0,5.4,0.0,0.0,MID,NEW,1.0,5.4,0.0,0.0,MID,NEW,1.0,5.4,0.0,0.0,MID,NEW,1.0,5.4,0.0,0.0,MID,NEW,0.0,0.0,5.4,0.0,MID,NEW,1.0,5.4,0.0,0.0,MID,NEW,0.0,0.0,5.4,0.0,MID,NEW,1.0,5.4,0.0,0.0,150.0,10.0
392,Barnes,MID,NEW,0.0,6.5,20.0,1.0,MID,NEW,0.0,6.4,32.0,5.0,MID,NEW,0.0,6.4,60.0,9.0,MID,NEW,0.0,6.4,45.0,8.0,MID,NEW,0.0,6.5,90.0,10.0,MID,NEW,0.0,6.5,76.0,2.0,MID,NEW,0.0,6.5,61.0,3.0,MID,NEW,0.0,6.5,25.0,1.0,MID,NEW,0.0,6.5,67.0,2.0,MID,NEW,0.0,6.4,5.0,1.0,MID,NEW,0.0,6.3,10.0,7.0,MID,NEW,0.0,6.3,45.0,1.0,MID,NEW,0.0,6.3,68.0,2.0,MID,NEW,0.0,6.2,16.0,1.0,MID,NEW,0.0,6.2,72.0,7.0,MID,NEW,0.0,6.2,26.0,1.0,MID,NEW,0.0,6.1,26.0,1.0,MID,NEW,0.0,6.1,12.0,1.0,MID,NEW,0.0,6.0,5.0,1.0,MID,NEW,0.0,6.0,12.0,1.0,MID,NEW,1.0,6.0,0.0,0.0,MID,NEW,1.0,0.0,6.0,0.0,MID,NEW,1.0,5.9,0.0,0.0,MID,NEW,1.0,5.9,0.0,0.0,MID,NEW,0.0,5.9,0.0,0.0,MID,NEW,0.0,5.9,20.0,1.0,MID,NEW,0.0,5.9,22.0,1.0,MID,NEW,0.0,5.9,78.0,6.0,MID,NEW,0.0,5.9,0.0,0.0,MID,NEW,0.0,5.9,90.0,5.0,MID,NEW,0.0,5.9,90.0,8.0,MID,NEW,1.0,90.0,5.9,15.0,MID,NEW,0.0,6.0,165.0,17.0,MID,NEW,1.0,76.0,6.0,3.0,MID,NEW,0.0,6.0,90.0,2.0,1494.0,123.0
392,Barnes,MID,NEW,0.0,6.5,20.0,1.0,MID,NEW,0.0,6.4,32.0,5.0,MID,NEW,0.0,6.4,60.0,9.0,MID,NEW,0.0,6.4,45.0,8.0,MID,NEW,0.0,6.5,90.0,10.0,MID,NEW,0.0,6.5,76.0,2.0,MID,NEW,0.0,6.5,61.0,3.0,MID,NEW,0.0,6.5,25.0,1.0,MID,NEW,0.0,6.5,67.0,2.0,MID,NEW,0.0,6.4,5.0,1.0,MID,NEW,0.0,6.3,10.0,7.0,MID,NEW,0.0,6.3,45.0,1.0,MID,NEW,0.0,6.3,68.0,2.0,MID,NEW,0.0,6.2,16.0,1.0,MID,NEW,0.0,6.2,72.0,7.0,MID,NEW,0.0,6.2,26.0,1.0,MID,NEW,0.0,6.1,26.0,1.0,MID,NEW,0.0,6.1,12.0,1.0,MID,NEW,0.0,6.0,5.0,1.0,MID,NEW,0.0,6.0,12.0,1.0,MID,NEW,1.0,6.0,0.0,0.0,MID,NEW,1.0,0.0,6.0,0.0,MID,NEW,1.0,5.9,0.0,0.0,MID,NEW,1.0,5.9,0.0,0.0,MID,NEW,0.0,5.9,0.0,0.0,MID,NEW,0.0,5.9,20.0,1.0,MID,NEW,0.0,5.9,22.0,1.0,MID,NEW,0.0,5.9,78.0,6.0,MID,NEW,0.0,5.9,0.0,0.0,MID,NEW,0.0,5.9,90.0,5.0,MID,NEW,0.0,5.9,90.0,8.0,MID,NEW,1.0,90.0,5.9,12.0,MID,NEW,0.0,6.0,165.0,20.0,MID,NEW,1.0,76.0,6.0,3.0,MID,NEW,0.0,6.0,90.0,2.0,1494.0,123.0
393,Botman,DEF,NEW,1.0,4.5,0.0,0.0,DEF,NEW,1.0,4.5,0.0,0.0,DEF,NEW,1.0,4.5,0.0,0.0,DEF,NEW,1.0,4.5,0.0,0.0,DEF,NEW,1.0,4.4,0.0,0.0,DEF,NEW,1.0,4.4,0.0,0.0,DEF,NEW,1.0,4.4,0.0,0.0,DEF,NEW,1.0,4.4,0.0,0.0,DEF,NEW,1.0,4.4,0.0,0.0,DEF,NEW,1.0,4.4,0.0,0.0,DEF,NEW,1.0,4.4,0.0,0.0,DEF,NEW,1.0,4.4,0.0,0.0,DEF,NEW,1.0,4.4,0.0,0.0,DEF,NEW,1.0,4.4,0.0,0.0,DEF,NEW,1.0,4.4,0.0,0.0,DEF,NEW,1.0,4.4,0.0,0.0,DEF,NEW,1.0,4.4,0.0,0.0,DEF,NEW,0.5,4.4,0.0,0.0,DEF,NEW,0.5,4.4,0.0,0.0,DEF,NEW,0.0,4.4,90.0,1.0,DEF,NEW,0.0,4.4,90.0,6.0,DEF,NEW,0.0,45.0,4.4,0.0,DEF,NEW,0.0,4.4,0.0,0.0,DEF,NEW,0.25,4.4,0.0,0.0,DEF,NEW,0.75,4.4,0.0,0.0,DEF,NEW,0.75,4.4,0.0,0.0,DEF,NEW,0.25,4.4,0.0,0.0,DEF,NEW,1.0,4.4,0.0,0.0,DEF,NEW,1.0,4.4,0.0,0.0,DEF,NEW,1.0,4.4,0.0,0.0,DEF,NEW,1.0,4.4,0.0,0.0,DEF,NEW,0.0,0.0,4.4,0.0,DEF,NEW,0.5,4.4,0.0,0.0,DEF,NEW,0.0,7.0,4.4,1.0,DEF,NEW,0.0,4.4,1.0,1.0,233.0,9.0
393,Botman,DEF,NEW,1.0,4.5,0.0,0.0,DEF,NEW,1.0,4.5,0.0,0.0,DEF,NEW,1.0,4.5,0.0,0.0,DEF,NEW,1.0,4.5,0.0,0.0,DEF,NEW,1.0,4.4,0.0,0.0,DEF,NEW,1.0,4.4,0.0,0.0,DEF,NEW,1.0,4.4,0.0,0.0,DEF,NEW,1.0,4.4,0.0,0.0,DEF,NEW,1.0,4.4,0.0,0.0,DEF,NEW,1.0,4.4,0.0,0.0,DEF,NEW,1.0,4.4,0.0,0.0,DEF,NEW,1.0,4.4,0.0,0.0,DEF,NEW,1.0,4.4,0.0,0.0,DEF,NEW,1.0,4.4,0.0,0.0,DEF,NEW,1.0,4.4,0.0,0.0,DEF,NEW,1.0,4.4,0.0,0.0,DEF,NEW,1.0,4.4,0.0,0.0,DEF,NEW,0.5,4.4,0.0,0.0,DEF,NEW,0.5,4.4,0.0,0.0,DEF,NEW,0.0,4.4,90.0,1.0,DEF,NEW,0.0,4.4,90.0,6.0,DEF,NEW,0.0,45.0,4.4,0.0,DEF,NEW,0.0,4.4,0.0,0.0,DEF,NEW,0.25,4.4,0.0,0.0,DEF,NEW,0.75,4.4,0.0,0.0,DEF,NEW,0.75,4.4,0.0,0.0,DEF,NEW,0.25,4.4,0.0,0.0,DEF,NEW,1.0,4.4,0.0,0.0,DEF,NEW,1.0,4.4,0.0,0.0,DEF,NEW,1.0,4.4,0.0,0.0,DEF,NEW,1.0,4.4,0.0,0.0,DEF,NEW,0.0,0.0,4.4,0.0,DEF,NEW,0.5,4.4,0.0,0.0,DEF,NEW,0.0,7.0,4.4,1.0,DEF,NEW,0.0,4.4,1.0,1.0,233.0,9.0
394,Bruno G.,MID,NEW,0.0,6.5,90.0,3.0,MID,NEW,0.0,6.5,90.0,2.0,MID,NEW,0.0,6.4,90.0,1.0,MID,NEW,0.0,6.4,86.0,7.0,MID,NEW,0.0,6.4,90.0,2.0,MID,NEW,0.0,6.3,90.0,1.0,MID,NEW,0.0,6.3,90.0,3.0,MID,NEW,0.0,6.2,84.0,2.0,MID,NEW,0.0,6.2,90.0,2.0,MID,NEW,0.0,6.2,90.0,3.0,MID,NEW,0.0,6.2,90.0,2.0,MID,NEW,0.25,6.2,83.0,2.0,MID,NEW,0.0,6.1,90.0,2.0,MID,NEW,0.0,6.1,90.0,8.0,MID,NEW,0.0,6.1,90.0,2.0,MID,NEW,0.0,6.1,63.0,7.0,MID,NEW,0.0,6.1,79.0,7.0,MID,NEW,0.0,6.1,90.0,3.0,MID,NEW,0.0,6.1,90.0,3.0,MID,NEW,0.0,6.1,90.0,6.0,MID,NEW,0.0,6.1,90.0,6.0,MID,NEW,0.0,90.0,6.1,9.0,MID,NEW,0.0,6.1,78.0,2.0,MID,NEW,0.0,6.1,86.0,2.0,MID,NEW,0.0,6.1,71.0,1.0,MID,NEW,0.0,6.1,90.0,2.0,MID,NEW,0.0,6.1,87.0,2.0,MID,NEW,0.0,6.1,87.0,11.0,MID,NEW,0.0,6.1,0.0,0.0,MID,NEW,0.0,6.1,90.0,2.0,MID,NEW,0.0,6.2,64.0,3.0,MID,NEW,0.0,84.0,6.2,8.0,MID,NEW,0.0,6.2,161.0,3.0,MID,NEW,0.0,90.0,6.2,3.0,MID,NEW,0.0,6.2,90.0,2.0,3003.0,124.0
394,Bruno G.,MID,NEW,0.0,6.5,90.0,3.0,MID,NEW,0.0,6.5,90.0,2.0,MID,NEW,0.0,6.4,90.0,1.0,MID,NEW,0.0,6.4,86.0,7.0,MID,NEW,0.0,6.4,90.0,2.0,MID,NEW,0.0,6.3,90.0,1.0,MID,NEW,0.0,6.3,90.0,3.0,MID,NEW,0.0,6.2,84.0,2.0,MID,NEW,0.0,6.2,90.0,2.0,MID,NEW,0.0,6.2,90.0,3.0,MID,NEW,0.0,6.2,90.0,2.0,MID,NEW,0.25,6.2,83.0,2.0,MID,NEW,0.0,6.1,90.0,2.0,MID,NEW,0.0,6.1,90.0,8.0,MID,NEW,0.0,6.1,90.0,2.0,MID,NEW,0.0,6.1,63.0,7.0,MID,NEW,0.0,6.1,79.0,7.0,MID,NEW,0.0,6.1,90.0,3.0,MID,NEW,0.0,6.1,90.0,3.0,MID,NEW,0.0,6.1,90.0,6.0,MID,NEW,0.0,6.1,90.0,6.0,MID,NEW,0.0,90.0,6.1,9.0,MID,NEW,0.0,6.1,78.0,2.0,MID,NEW,0.0,6.1,86.0,2.0,MID,NEW,0.0,6.1,71.0,1.0,MID,NEW,0.0,6.1,90.0,2.0,MID,NEW,0.0,6.1,87.0,2.0,MID,NEW,0.0,6.1,87.0,11.0,MID,NEW,0.0,6.1,0.0,0.0,MID,NEW,0.0,6.1,90.0,2.0,MID,NEW,0.0,6.2,64.0,3.0,MID,NEW,0.0,71.0,6.2,2.0,MID,NEW,0.0,6.2,174.0,9.0,MID,NEW,0.0,90.0,6.2,3.0,MID,NEW,0.0,6.2,90.0,2.0,3003.0,124.0
395,Burn,DEF,NEW,0.0,4.5,90.0,5.0,DEF,NEW,0.0,4.5,90.0,1.0,DEF,NEW,0.0,4.5,90.0,0.0,DEF,NEW,0.0,4.5,90.0,1.0,DEF,NEW,0.0,4.5,90.0,1.0,DEF,NEW,0.0,4.4,90.0,2.0,DEF,NEW,0.0,4.4,90.0,8.0,DEF,NEW,0.0,4.4,90.0,1.0,DEF,NEW,0.0,4.4,90.0,1.0,DEF,NEW,0.0,4.4,90.0,6.0,DEF,NEW,1.0,4.4,90.0,1.0,DEF,NEW,0.0,4.4,0.0,0.0,DEF,NEW,0.0,4.4,90.0,4.0,DEF,NEW,0.0,4.4,90.0,1.0,DEF,NEW,0.0,4.4,90.0,0.0,DEF,NEW,0.0,4.4,90.0,6.0,DEF,NEW,0.0,4.4,90.0,6.0,DEF,NEW,0.0,4.4,90.0,6.0,DEF,NEW,0.0,4.4,90.0,7.0,DEF,NEW,0.0,4.4,90.0,1.0,DEF,NEW,0.0,4.4,90.0,6.0,DEF,NEW,0.0,90.0,4.4,0.0,DEF,NEW,0.0,4.4,90.0,2.0,DEF,NEW,0.25,4.4,90.0,0.0,DEF,NEW,0.0,4.4,90.0,0.0,DEF,NEW,0.0,4.4,90.0,1.0,DEF,NEW,0.0,4.4,90.0,1.0,DEF,NEW,0.0,4.4,90.0,5.0,DEF,NEW,0.0,4.4,0.0,0.0,DEF,NEW,0.0,4.5,90.0,2.0,DEF,NEW,0.0,4.5,90.0,6.0,DEF,NEW,0.0,90.0,4.5,2.0,DEF,NEW,0.0,4.5,180.0,3.0,DEF,NEW,0.0,90.0,4.5,13.0,DEF,NEW,0.0,4.5,90.0,2.0,3060.0,101.0
395,Burn,DEF,NEW,0.0,4.5,90.0,5.0,DEF,NEW,0.0,4.5,90.0,1.0,DEF,NEW,0.0,4.5,90.0,0.0,DEF,NEW,0.0,4.5,90.0,1.0,DEF,NEW,0.0,4.5,90.0,1.0,DEF,NEW,0.0,4.4,90.0,2.0,DEF,NEW,0.0,4.4,90.0,8.0,DEF,NEW,0.0,4.4,90.0,1.0,DEF,NEW,0.0,4.4,90.0,1.0,DEF,NEW,0.0,4.4,90.0,6.0,DEF,NEW,1.0,4.4,90.0,1.0,DEF,NEW,0.0,4.4,0.0,0.0,DEF,NEW,0.0,4.4,90.0,4.0,DEF,NEW,0.0,4.4,90.0,1.0,DEF,NEW,0.0,4.4,90.0,0.0,DEF,NEW,0.0,4.4,90.0,6.0,DEF,NEW,0.0,4.4,90.0,6.0,DEF,NEW,0.0,4.4,90.0,6.0,DEF,NEW,0.0,4.4,90.0,7.0,DEF,NEW,0.0,4.4,90.0,1.0,DEF,NEW,0.0,4.4,90.0,6.0,DEF,NEW,0.0,90.0,4.4,0.0,DEF,NEW,0.0,4.4,90.0,2.0,DEF,NEW,0.25,4.4,90.0,0.0,DEF,NEW,0.0,4.4,90.0,0.0,DEF,NEW,0.0,4.4,90.0,1.0,DEF,NEW,0.0,4.4,90.0,1.0,DEF,NEW,0.0,4.4,90.0,5.0,DEF,NEW,0.0,4.4,0.0,0.0,DEF,NEW,0.0,4.5,90.0,2.0,DEF,NEW,0.0,4.5,90.0,6.0,DEF,NEW,0.0,90.0,4.5,5.0,DEF,NEW,0.0,4.5,180.0,0.0,DEF,NEW,0.0,90.0,4.5,13.0,DEF,NEW,0.0,4.5,90.0,2.0,3060.0,101.0
396,Dúbravka,GKP,NEW,0.0,4.5,0.0,0.0,GKP,NEW,0.0,4.4,0.0,0.0,GKP,NEW,0.0,4.4,0.0,0.0,GKP,NEW,0.0,4.3,0.0,0.0,GKP,NEW,0.0,4.3,0.0,0.0,GKP,NEW,0.0,4.3,0.0,0.0,GKP,NEW,0.5,4.3,0.0,0.0,GKP,NEW,0.25,4.3,0.0,0.0,GKP,NEW,0.25,4.3,0.0,0.0,GKP,NEW,0.0,4.3,0.0,0.0,GKP,NEW,0.0,4.3,0.0,0.0,GKP,NEW,0.0,4.2,0.0,0.0,GKP,NEW,0.0,4.2,0.0,0.0,GKP,NEW,0.0,4.2,0.0,0.0,GKP,NEW,0.0,4.2,0.0,0.0,GKP,NEW,0.0,4.2,90.0,6.0,GKP,NEW,0.0,4.2,90.0,6.0,GKP,NEW,0.0,4.2,90.0,6.0,GKP,NEW,0.0,4.2,90.0,6.0,GKP,NEW,0.0,4.2,90.0,3.0,GKP,NEW,0.0,4.3,90.0,10.0,GKP,NEW,0.0,90.0,4.3,2.0,GKP,NEW,0.0,4.3,90.0,3.0,GKP,NEW,0.0,4.3,90.0,1.0,GKP,NEW,0.0,4.3,90.0,1.0,GKP,NEW,0.0,4.3,0.0,0.0,GKP,NEW,0.0,4.3,0.0,0.0,GKP,NEW,0.0,4.3,0.0,0.0,GKP,NEW,0.0,4.2,0.0,0.0,GKP,NEW,0.0,4.2,0.0,0.0,GKP,NEW,0.0,4.1,0.0,0.0,GKP,NEW,0.0,0.0,4.1,0.0,GKP,NEW,0.0,4.1,0.0,0.0,GKP,NEW,0.0,0.0,4.1,0.0,GKP,NEW,0.0,4.0,0.0,0.0,900.0,44.0
396,Dúbravka,GKP,NEW,0.0,4.5,0.0,0.0,GKP,NEW,0.0,4.4,0.0,0.0,GKP,NEW,0.0,4.4,0.0,0.0,GKP,NEW,0.0,4.3,0.0,0.0,GKP,NEW,0.0,4.3,0.0,0.0,GKP,NEW,0.0,4.3,0.0,0.0,GKP,NEW,0.5,4.3,0.0,0.0,GKP,NEW,0.25,4.3,0.0,0.0,GKP,NEW,0.25,4.3,0.0,0.0,GKP,NEW,0.0,4.3,0.0,0.0,GKP,NEW,0.0,4.3,0.0,0.0,GKP,NEW,0.0,4.2,0.0,0.0,GKP,NEW,0.0,4.2,0.0,0.0,GKP,NEW,0.0,4.2,0.0,0.0,GKP,NEW,0.0,4.2,0.0,0.0,GKP,NEW,0.0,4.2,90.0,6.0,GKP,NEW,0.0,4.2,90.0,6.0,GKP,NEW,0.0,4.2,90.0,6.0,GKP,NEW,0.0,4.2,90.0,6.0,GKP,NEW,0.0,4.2,90.0,3.0,GKP,NEW,0.0,4.3,90.0,10.0,GKP,NEW,0.0,90.0,4.3,2.0,GKP,NEW,0.0,4.3,90.0,3.0,GKP,NEW,0.0,4.3,90.0,1.0,GKP,NEW,0.0,4.3,90.0,1.0,GKP,NEW,0.0,4.3,0.0,0.0,GKP,NEW,0.0,4.3,0.0,0.0,GKP,NEW,0.0,4.3,0.0,0.0,GKP,NEW,0.0,4.2,0.0,0.0,GKP,NEW,0.0,4.2,0.0,0.0,GKP,NEW,0.0,4.1,0.0,0.0,GKP,NEW,0.0,0.0,4.1,0.0,GKP,NEW,0.0,4.1,0.0,0.0,GKP,NEW,0.0,0.0,4.1,0.0,GKP,NEW,0.0,4.0,0.0,0.0,900.0,44.0
397,R. Fraser,MID,NEW,0.0,5.0,0.0,0.0,MID,NEW,0.0,5.0,0.0,0.0,MID,SOU,0.0,4.9,0.0,0.0,MID,SOU,0.0,4.9,26.0,1.0,MID,SOU,0.0,4.9,58.0,1.0,MID,SOU,0.0,4.9,45.0,1.0,MID,SOU,0.0,4.9,0.0,0.0,MID,SOU,1.0,4.8,11.0,-2.0,MID,SOU,0.0,4.8,0.0,0.0,MID,SOU,0.5,4.8,0.0,0.0,MID,SOU,0.25,4.8,0.0,0.0,MID,SOU,0.0,4.8,76.0,2.0,MID,SOU,0.0,4.8,24.0,1.0,MID,SOU,0.0,4.8,61.0,2.0,MID,SOU,0.0,4.8,0.0,0.0,MID,SOU,0.0,4.8,0.0,0.0,MID,SOU,0.0,4.8,0.0,0.0,MID,SOU,0.0,4.8,0.0,0.0,MID,SOU,0.0,4.8,0.0,0.0,MID,SOU,0.0,4.8,0.0,0.0,MID,SOU,0.0,4.8,0.0,0.0,MID,SOU,0.0,0.0,4.8,0.0,MID,SOU,0.0,4.8,2.0,1.0,MID,SOU,0.5,4.8,0.0,0.0,MID,SOU,0.5,4.8,0.0,0.0,MID,SOU,0.5,4.8,0.0,0.0,MID,SOU,0.5,4.8,0.0,0.0,MID,SOU,0.5,4.8,0.0,0.0,MID,SOU,0.5,4.8,0.0,0.0,MID,SOU,0.0,4.8,0.0,0.0,MID,SOU,0.0,4.8,0.0,0.0,MID,SOU,0.0,0.0,4.8,0.0,MID,SOU,0.0,4.8,0.0,0.0,MID,SOU,0.0,0.0,4.8,0.0,MID,SOU,0.0,4.8,0.0,0.0,303.0,7.0
398,Gordon,MID,NEW,0.0,7.5,69.0,3.0,MID,NEW,0.0,7.5,88.0,10.0,MID,NEW,0.0,7.4,90.0,2.0,MID,NEW,0.0,7.4,90.0,2.0,MID,NEW,0.0,7.4,82.0,2.0,MID,NEW,0.0,7.3,90.0,9.0,MID,NEW,0.0,7.3,90.0,1.0,MID,NEW,0.0,7.3,84.0,2.0,MID,NEW,0.25,7.2,0.0,0.0,MID,NEW,0.0,7.2,84.0,6.0,MID,NEW,0.25,7.2,79.0,2.0,MID,NEW,0.0,7.2,67.0,2.0,MID,NEW,0.0,7.2,74.0,5.0,MID,NEW,0.0,7.2,86.0,8.0,MID,NEW,0.0,7.2,30.0,1.0,MID,NEW,0.0,7.2,80.0,6.0,MID,NEW,0.0,7.2,90.0,6.0,MID,NEW,0.0,7.3,77.0,10.0,MID,NEW,0.0,7.4,84.0,6.0,MID,NEW,0.0,7.5,77.0,7.0,MID,NEW,0.0,7.7,77.0,9.0,MID,NEW,0.0,90.0,7.7,2.0,MID,NEW,0.0,7.7,87.0,5.0,MID,NEW,0.25,7.6,90.0,1.0,MID,NEW,0.0,7.5,72.0,2.0,MID,NEW,0.0,7.5,90.0,2.0,MID,NEW,1.0,7.4,90.0,2.0,MID,NEW,1.0,7.4,0.0,0.0,MID,NEW,1.0,7.4,0.0,0.0,MID,NEW,0.25,7.4,0.0,0.0,MID,NEW,0.25,7.4,0.0,0.0,MID,NEW,0.0,12.0,7.4,1.0,MID,NEW,0.0,7.4,53.0,2.0,MID,NEW,0.0,23.0,7.4,1.0,MID,NEW,0.0,7.4,34.0,1.0,2229.0,118.0
398,Gordon,MID,NEW,0.0,7.5,69.0,3.0,MID,NEW,0.0,7.5,88.0,10.0,MID,NEW,0.0,7.4,90.0,2.0,MID,NEW,0.0,7.4,90.0,2.0,MID,NEW,0.0,7.4,82.0,2.0,MID,NEW,0.0,7.3,90.0,9.0,MID,NEW,0.0,7.3,90.0,1.0,MID,NEW,0.0,7.3,84.0,2.0,MID,NEW,0.25,7.2,0.0,0.0,MID,NEW,0.0,7.2,84.0,6.0,MID,NEW,0.25,7.2,79.0,2.0,MID,NEW,0.0,7.2,67.0,2.0,MID,NEW,0.0,7.2,74.0,5.0,MID,NEW,0.0,7.2,86.0,8.0,MID,NEW,0.0,7.2,30.0,1.0,MID,NEW,0.0,7.2,80.0,6.0,MID,NEW,0.0,7.2,90.0,6.0,MID,NEW,0.0,7.3,77.0,10.0,MID,NEW,0.0,7.4,84.0,6.0,MID,NEW,0.0,7.5,77.0,7.0,MID,NEW,0.0,7.7,77.0,9.0,MID,NEW,0.0,90.0,7.7,2.0,MID,NEW,0.0,7.7,87.0,5.0,MID,NEW,0.25,7.6,90.0,1.0,MID,NEW,0.0,7.5,72.0,2.0,MID,NEW,0.0,7.5,90.0,2.0,MID,NEW,1.0,7.4,90.0,2.0,MID,NEW,1.0,7.4,0.0,0.0,MID,NEW,1.0,7.4,0.0,0.0,MID,NEW,0.25,7.4,0.0,0.0,MID,NEW,0.25,7.4,0.0,0.0,MID,NEW,0.0,28.0,7.4,1.0,MID,NEW,0.0,7.4,37.0,2.0,MID,NEW,0.0,23.0,7.4,1.0,MID,NEW,0.0,7.4,34.0,1.0,2229.0,118.0
399,Hall,DEF,NEW,0.0,4.5,69.0,5.0,DEF,NEW,0.0,4.5,21.0,1.0,DEF,NEW,0.0,4.5,22.0,1.0,DEF,NEW,0.0,4.4,90.0,2.0,DEF,NEW,0.0,4.4,45.0,1.0,DEF,NEW,0.0,4.3,90.0,2.0,DEF,NEW,0.0,4.3,90.0,5.0,DEF,NEW,0.0,4.3,90.0,1.0,DEF,NEW,0.0,4.3,88.0,4.0,DEF,NEW,0.0,4.3,90.0,8.0,DEF,NEW,0.0,4.4,90.0,2.0,DEF,NEW,0.0,4.4,90.0,1.0,DEF,NEW,0.0,4.4,90.0,2.0,DEF,NEW,0.0,4.4,90.0,1.0,DEF,NEW,0.0,4.5,82.0,1.0,DEF,NEW,0.0,4.6,90.0,15.0,DEF,NEW,0.0,4.6,90.0,7.0,DEF,NEW,0.0,4.7,90.0,6.0,DEF,NEW,0.0,4.8,90.0,12.0,DEF,NEW,0.0,4.9,90.0,2.0,DEF,NEW,0.0,5.0,90.0,6.0,DEF,NEW,0.0,65.0,5.0,4.0,DEF,NEW,0.0,5.1,90.0,2.0,DEF,NEW,0.0,5.1,86.0,1.0,DEF,NEW,0.0,5.0,90.0,0.0,DEF,NEW,0.0,5.0,90.0,9.0,DEF,NEW,0.25,5.0,90.0,1.0,DEF,NEW,1.0,4.9,0.0,0.0,DEF,NEW,1.0,4.8,0.0,0.0,DEF,NEW,1.0,4.8,0.0,0.0,DEF,NEW,1.0,4.8,0.0,0.0,DEF,NEW,0.0,0.0,4.8,0.0,DEF,NEW,1.0,4.7,0.0,0.0,DEF,NEW,0.0,0.0,4.7,0.0,DEF,NEW,1.0,4.7,0.0,0.0,2188.0,102.0
399,Hall,DEF,NEW,0.0,4.5,69.0,5.0,DEF,NEW,0.0,4.5,21.0,1.0,DEF,NEW,0.0,4.5,22.0,1.0,DEF,NEW,0.0,4.4,90.0,2.0,DEF,NEW,0.0,4.4,45.0,1.0,DEF,NEW,0.0,4.3,90.0,2.0,DEF,NEW,0.0,4.3,90.0,5.0,DEF,NEW,0.0,4.3,90.0,1.0,DEF,NEW,0.0,4.3,88.0,4.0,DEF,NEW,0.0,4.3,90.0,8.0,DEF,NEW,0.0,4.4,90.0,2.0,DEF,NEW,0.0,4.4,90.0,1.0,DEF,NEW,0.0,4.4,90.0,2.0,DEF,NEW,0.0,4.4,90.0,1.0,DEF,NEW,0.0,4.5,82.0,1.0,DEF,NEW,0.0,4.6,90.0,15.0,DEF,NEW,0.0,4.6,90.0,7.0,DEF,NEW,0.0,4.7,90.0,6.0,DEF,NEW,0.0,4.8,90.0,12.0,DEF,NEW,0.0,4.9,90.0,2.0,DEF,NEW,0.0,5.0,90.0,6.0,DEF,NEW,0.0,65.0,5.0,4.0,DEF,NEW,0.0,5.1,90.0,2.0,DEF,NEW,0.0,5.1,86.0,1.0,DEF,NEW,0.0,5.0,90.0,0.0,DEF,NEW,0.0,5.0,90.0,9.0,DEF,NEW,0.25,5.0,90.0,1.0,DEF,NEW,1.0,4.9,0.0,0.0,DEF,NEW,1.0,4.8,0.0,0.0,DEF,NEW,1.0,4.8,0.0,0.0,DEF,NEW,1.0,4.8,0.0,0.0,DEF,NEW,0.0,0.0,4.8,0.0,DEF,NEW,1.0,4.7,0.0,0.0,DEF,NEW,0.0,0.0,4.7,0.0,DEF,NEW,1.0,4.7,0.0,0.0,2188.0,102.0
400,Hayden,MID,NEW,0.0,4.5,0.0,0.0,MID,NEW,0.0,4.5,0.0,0.0,MID,NEW,0.0,4.5,0.0,0.0,MID,NEW,0.0,4.5,0.0,0.0,MID,NEW,0.0,4.5,0.0,0.0,MID,NEW,0.0,4.5,0.0,0.0,MID,NEW,0.0,4.5,0.0,0.0,MID,NEW,0.0,4.5,0.0,0.0,MID,NEW,0.0,4.5,0.0,0.0,MID,NEW,0.0,4.5,0.0,0.0,MID,NEW,0.0,4.5,0.0,0.0,MID,NEW,0.0,4.5,0.0,0.0,MID,NEW,0.0,4.5,0.0,0.0,MID,NEW,0.0,4.5,0.0,0.0,MID,NEW,0.0,4.4,0.0,0.0,MID,NEW,0.0,4.4,0.0,0.0,MID,NEW,0.0,4.4,0.0,0.0,MID,NEW,0.0,4.4,0.0,0.0,MID,NEW,0.0,4.4,0.0,0.0,MID,NEW,0.0,4.4,0.0,0.0,MID,NEW,1.0,4.4,0.0,0.0,MID,NEW,1.0,0.0,4.4,0.0,MID,NEW,1.0,4.4,0.0,0.0,MID,NEW,1.0,4.4,0.0,0.0,MID,NEW,1.0,4.4,0.0,0.0,MID,NEW,1.0,4.4,0.0,0.0,MID,NEW,1.0,4.4,0.0,0.0,MID,NEW,1.0,4.4,0.0,0.0,MID,NEW,1.0,4.4,0.0,0.0,MID,NEW,1.0,4.4,0.0,0.0,MID,NEW,1.0,4.4,0.0,0.0,MID,NEW,1.0,0.0,4.4,0.0,MID,NEW,1.0,4.4,0.0,0.0,MID,NEW,1.0,0.0,4.4,0.0,MID,NEW,1.0,4.4,0.0,0.0,0.0,0.0
400,Hayden,MID,NEW,0.0,4.5,0.0,0.0,MID,NEW,0.0,4.5,0.0,0.0,MID,NEW,0.0,4.5,0.0,0.0,MID,NEW,0.0,4.5,0.0,0.0,MID,NEW,0.0,4.5,0.0,0.0,MID,NEW,0.0,4.5,0.0,0.0,MID,NEW,0.0,4.5,0.0,0.0,MID,NEW,0.0,4.5,0.0,0.0,MID,NEW,0.0,4.5,0.0,0.0,MID,NEW,0.0,4.5,0.0,0.0,MID,NEW,0.0,4.5,0.0,0.0,MID,NEW,0.0,4.5,0.0,0.0,MID,NEW,0.0,4.5,0.0,0.0,MID,NEW,0.0,4.5,0.0,0.0,MID,NEW,0.0,4.4,0.0,0.0,MID,NEW,0.0,4.4,0.0,0.0,MID,NEW,0.0,4.4,0.0,0.0,MID,NEW,0.0,4.4,0.0,0.0,MID,NEW,0.0,4.4,0.0,0.0,MID,NEW,0.0,4.4,0.0,0.0,MID,NEW,1.0,4.4,0.0,0.0,MID,NEW,1.0,0.0,4.4,0.0,MID,NEW,1.0,4.4,0.0,0.0,MID,NEW,1.0,4.4,0.0,0.0,MID,NEW,1.0,4.4,0.0,0.0,MID,NEW,1.0,4.4,0.0,0.0,MID,NEW,1.0,4.4,0.0,0.0,MID,NEW,1.0,4.4,0.0,0.0,MID,NEW,1.0,4.4,0.0,0.0,MID,NEW,1.0,4.4,0.0,0.0,MID,NEW,1.0,4.4,0.0,0.0,MID,NEW,1.0,0.0,4.4,0.0,MID,NEW,1.0,4.4,0.0,0.0,MID,NEW,1.0,0.0,4.4,0.0,MID,NEW,1.0,4.4,0.0,0.0,0.0,0.0
401,Isak,FWD,NEW,0.0,8.5,90.0,5.0,FWD,NEW,0.0,8.5,90.0,2.0,FWD,NEW,0.0,8.5,90.0,9.0,FWD,NEW,0.25,8.4,45.0,1.0,FWD,NEW,0.0,8.3,90.0,2.0,FWD,NEW,0.5,8.3,0.0,0.0,FWD,NEW,0.5,8.3,0.0,0.0,FWD,NEW,0.0,8.3,90.0,2.0,FWD,NEW,0.0,8.3,90.0,6.0,FWD,NEW,0.0,8.3,90.0,9.0,FWD,NEW,0.0,8.5,90.0,11.0,FWD,NEW,0.0,8.5,90.0,2.0,FWD,NEW,0.25,8.5,21.0,1.0,FWD,NEW,0.0,8.4,90.0,11.0,FWD,NEW,0.0,8.6,90.0,8.0,FWD,NEW,0.0,8.7,72.0,11.0,FWD,NEW,0.0,8.9,72.0,17.0,FWD,NEW,0.0,9.1,90.0,8.0,FWD,NEW,0.0,9.2,90.0,7.0,FWD,NEW,0.0,9.3,85.0,7.0,FWD,NEW,0.0,9.4,77.0,16.0,FWD,NEW,0.0,90.0,9.4,2.0,FWD,NEW,0.0,9.5,78.0,13.0,FWD,NEW,0.0,9.5,90.0,2.0,FWD,NEW,0.0,9.5,89.0,2.0,FWD,NEW,0.0,9.5,86.0,13.0,FWD,NEW,0.0,9.4,0.0,0.0,FWD,NEW,0.0,9.4,78.0,2.0,FWD,NEW,0.0,9.3,0.0,0.0,FWD,NEW,0.25,9.5,65.0,8.0,FWD,NEW,0.0,9.5,71.0,2.0,FWD,NEW,0.0,77.0,9.5,5.0,FWD,NEW,0.0,9.6,146.0,8.0,FWD,NEW,0.0,76.0,9.6,6.0,FWD,NEW,0.0,9.6,90.0,9.0,2578.0,207.0
401,Isak,FWD,NEW,0.0,8.5,90.0,5.0,FWD,NEW,0.0,8.5,90.0,2.0,FWD,NEW,0.0,8.5,90.0,9.0,FWD,NEW,0.25,8.4,45.0,1.0,FWD,NEW,0.0,8.3,90.0,2.0,FWD,NEW,0.5,8.3,0.0,0.0,FWD,NEW,0.5,8.3,0.0,0.0,FWD,NEW,0.0,8.3,90.0,2.0,FWD,NEW,0.0,8.3,90.0,6.0,FWD,NEW,0.0,8.3,90.0,9.0,FWD,NEW,0.0,8.5,90.0,11.0,FWD,NEW,0.0,8.5,90.0,2.0,FWD,NEW,0.25,8.5,21.0,1.0,FWD,NEW,0.0,8.4,90.0,11.0,FWD,NEW,0.0,8.6,90.0,8.0,FWD,NEW,0.0,8.7,72.0,11.0,FWD,NEW,0.0,8.9,72.0,17.0,FWD,NEW,0.0,9.1,90.0,8.0,FWD,NEW,0.0,9.2,90.0,7.0,FWD,NEW,0.0,9.3,85.0,7.0,FWD,NEW,0.0,9.4,77.0,16.0,FWD,NEW,0.0,90.0,9.4,2.0,FWD,NEW,0.0,9.5,78.0,13.0,FWD,NEW,0.0,9.5,90.0,2.0,FWD,NEW,0.0,9.5,89.0,2.0,FWD,NEW,0.0,9.5,86.0,13.0,FWD,NEW,0.0,9.4,0.0,0.0,FWD,NEW,0.0,9.4,78.0,2.0,FWD,NEW,0.0,9.3,0.0,0.0,FWD,NEW,0.25,9.5,65.0,8.0,FWD,NEW,0.0,9.5,71.0,2.0,FWD,NEW,0.0,71.0,9.5,6.0,FWD,NEW,0.0,9.6,152.0,7.0,FWD,NEW,0.0,76.0,9.6,6.0,FWD,NEW,0.0,9.6,90.0,9.0,2578.0,207.0
402,J.Murphy,MID,NEW,0.0,5.5,29.0,1.0,MID,NEW,0.0,5.4,57.0,1.0,MID,NEW,0.0,5.4,29.0,4.0,MID,NEW,0.0,5.3,90.0,1.0,MID,NEW,0.0,5.2,45.0,4.0,MID,NEW,0.0,5.2,90.0,2.0,MID,NEW,0.0,5.2,68.0,3.0,MID,NEW,0.0,5.1,64.0,2.0,MID,NEW,0.0,5.1,22.0,1.0,MID,NEW,0.25,5.0,0.0,0.0,MID,NEW,0.0,5.0,0.0,0.0,MID,NEW,0.0,5.0,21.0,1.0,MID,NEW,0.0,5.0,0.0,0.0,MID,NEW,0.0,4.9,73.0,2.0,MID,NEW,0.0,4.9,59.0,7.0,MID,NEW,0.0,4.9,63.0,13.0,MID,NEW,0.0,4.9,63.0,13.0,MID,NEW,0.0,5.0,77.0,6.0,MID,NEW,0.0,5.1,84.0,3.0,MID,NEW,0.0,5.1,85.0,5.0,MID,NEW,0.0,5.1,77.0,3.0,MID,NEW,0.0,65.0,5.1,2.0,MID,NEW,0.0,5.1,90.0,6.0,MID,NEW,0.0,5.1,86.0,8.0,MID,NEW,0.0,5.1,90.0,2.0,MID,NEW,0.0,5.1,69.0,7.0,MID,NEW,0.0,5.1,90.0,1.0,MID,NEW,0.0,5.0,90.0,3.0,MID,NEW,0.0,5.0,0.0,0.0,MID,NEW,0.0,5.1,65.0,5.0,MID,NEW,0.0,5.2,71.0,16.0,MID,NEW,0.0,77.0,5.2,5.0,MID,NEW,0.0,5.2,125.0,16.0,MID,NEW,0.0,66.0,5.3,6.0,MID,NEW,0.0,5.3,55.0,1.0,2135.0,150.0
402,J.Murphy,MID,NEW,0.0,5.5,29.0,1.0,MID,NEW,0.0,5.4,57.0,1.0,MID,NEW,0.0,5.4,29.0,4.0,MID,NEW,0.0,5.3,90.0,1.0,MID,NEW,0.0,5.2,45.0,4.0,MID,NEW,0.0,5.2,90.0,2.0,MID,NEW,0.0,5.2,68.0,3.0,MID,NEW,0.0,5.1,64.0,2.0,MID,NEW,0.0,5.1,22.0,1.0,MID,NEW,0.25,5.0,0.0,0.0,MID,NEW,0.0,5.0,0.0,0.0,MID,NEW,0.0,5.0,21.0,1.0,MID,NEW,0.0,5.0,0.0,0.0,MID,NEW,0.0,4.9,73.0,2.0,MID,NEW,0.0,4.9,59.0,7.0,MID,NEW,0.0,4.9,63.0,13.0,MID,NEW,0.0,4.9,63.0,13.0,MID,NEW,0.0,5.0,77.0,6.0,MID,NEW,0.0,5.1,84.0,3.0,MID,NEW,0.0,5.1,85.0,5.0,MID,NEW,0.0,5.1,77.0,3.0,MID,NEW,0.0,65.0,5.1,2.0,MID,NEW,0.0,5.1,90.0,6.0,MID,NEW,0.0,5.1,86.0,8.0,MID,NEW,0.0,5.1,90.0,2.0,MID,NEW,0.0,5.1,69.0,7.0,MID,NEW,0.0,5.1,90.0,1.0,MID,NEW,0.0,5.0,90.0,3.0,MID,NEW,0.0,5.0,0.0,0.0,MID,NEW,0.0,5.1,65.0,5.0,MID,NEW,0.0,5.2,71.0,16.0,MID,NEW,0.0,61.0,5.2,14.0,MID,NEW,0.0,5.2,141.0,7.0,MID,NEW,0.0,66.0,5.3,6.0,MID,NEW,0.0,5.3,55.0,1.0,2135.0,150.0
403,Joelinton,MID,NEW,0.0,6.0,90.0,11.0,MID,NEW,0.0,6.0,90.0,1.0,MID,NEW,0.0,6.0,90.0,1.0,MID,NEW,0.0,6.0,45.0,0.0,MID,NEW,0.0,6.0,73.0,2.0,MID,NEW,0.0,6.0,90.0,1.0,MID,NEW,0.0,6.0,90.0,3.0,MID,NEW,0.0,6.0,90.0,2.0,MID,NEW,0.0,6.0,88.0,2.0,MID,NEW,0.0,6.0,90.0,3.0,MID,NEW,0.0,6.0,90.0,10.0,MID,NEW,0.0,6.0,68.0,2.0,MID,NEW,0.0,6.0,90.0,2.0,MID,NEW,0.0,6.0,87.0,2.0,MID,NEW,0.0,6.0,59.0,1.0,MID,NEW,1.0,6.0,90.0,2.0,MID,NEW,0.0,6.0,0.0,0.0,MID,NEW,0.0,6.0,90.0,13.0,MID,NEW,0.0,6.0,90.0,10.0,MID,NEW,0.0,6.0,90.0,1.0,MID,NEW,0.0,6.0,82.0,3.0,MID,NEW,0.0,90.0,6.0,1.0,MID,NEW,0.0,6.0,90.0,2.0,MID,NEW,1.0,6.0,63.0,1.0,MID,NEW,1.0,6.0,0.0,0.0,MID,NEW,0.75,6.0,0.0,0.0,MID,NEW,0.0,6.0,0.0,0.0,MID,NEW,0.0,6.0,90.0,3.0,MID,NEW,0.0,6.0,0.0,0.0,MID,NEW,0.25,6.0,90.0,2.0,MID,NEW,0.0,6.0,64.0,6.0,MID,NEW,0.0,84.0,6.0,5.0,MID,NEW,0.0,6.0,151.0,7.0,MID,NEW,0.0,0.0,6.0,0.0,MID,NEW,0.5,6.0,0.0,0.0,2394.0,99.0
403,Joelinton,MID,NEW,0.0,6.0,90.0,11.0,MID,NEW,0.0,6.0,90.0,1.0,MID,NEW,0.0,6.0,90.0,1.0,MID,NEW,0.0,6.0,45.0,0.0,MID,NEW,0.0,6.0,73.0,2.0,MID,NEW,0.0,6.0,90.0,1.0,MID,NEW,0.0,6.0,90.0,3.0,MID,NEW,0.0,6.0,90.0,2.0,MID,NEW,0.0,6.0,88.0,2.0,MID,NEW,0.0,6.0,90.0,3.0,MID,NEW,0.0,6.0,90.0,10.0,MID,NEW,0.0,6.0,68.0,2.0,MID,NEW,0.0,6.0,90.0,2.0,MID,NEW,0.0,6.0,87.0,2.0,MID,NEW,0.0,6.0,59.0,1.0,MID,NEW,1.0,6.0,90.0,2.0,MID,NEW,0.0,6.0,0.0,0.0,MID,NEW,0.0,6.0,90.0,13.0,MID,NEW,0.0,6.0,90.0,10.0,MID,NEW,0.0,6.0,90.0,1.0,MID,NEW,0.0,6.0,82.0,3.0,MID,NEW,0.0,90.0,6.0,1.0,MID,NEW,0.0,6.0,90.0,2.0,MID,NEW,1.0,6.0,63.0,1.0,MID,NEW,1.0,6.0,0.0,0.0,MID,NEW,0.75,6.0,0.0,0.0,MID,NEW,0.0,6.0,0.0,0.0,MID,NEW,0.0,6.0,90.0,3.0,MID,NEW,0.0,6.0,0.0,0.0,MID,NEW,0.25,6.0,90.0,2.0,MID,NEW,0.0,6.0,64.0,6.0,MID,NEW,0.0,61.0,6.0,6.0,MID,NEW,0.0,6.0,174.0,6.0,MID,NEW,0.0,0.0,6.0,0.0,MID,NEW,0.5,6.0,0.0,0.0,2394.0,99.0
404,Kelly,DEF,NEW,0.0,4.5,20.0,1.0,DEF,NEW,0.0,4.5,68.0,2.0,DEF,NEW,0.0,4.5,67.0,4.0,DEF,NEW,0.0,4.5,3.0,1.0,DEF,NEW,0.0,4.5,45.0,0.0,DEF,NEW,0.0,4.4,0.0,0.0,DEF,NEW,0.0,4.4,0.0,0.0,DEF,NEW,0.0,4.4,0.0,0.0,DEF,NEW,0.0,4.4,1.0,1.0,DEF,NEW,0.0,4.3,1.0,1.0,DEF,NEW,0.0,4.3,0.0,0.0,DEF,NEW,0.0,4.3,90.0,0.0,DEF,NEW,0.0,4.3,0.0,0.0,DEF,NEW,0.0,4.3,0.0,0.0,DEF,NEW,0.0,4.3,0.0,0.0,DEF,NEW,0.0,4.3,0.0,0.0,DEF,NEW,0.0,4.2,0.0,0.0,DEF,NEW,0.0,4.2,0.0,0.0,DEF,NEW,0.0,4.2,0.0,0.0,DEF,NEW,0.0,4.2,1.0,1.0,DEF,NEW,0.0,4.2,0.0,0.0,DEF,NEW,0.0,0.0,4.2,0.0,DEF,NEW,0.0,4.2,0.0,0.0,DEF,NEW,1.0,4.2,3.0,1.0,DEF,NEW,1.0,4.2,0.0,0.0,DEF,NEW,1.0,4.2,0.0,0.0,DEF,NEW,1.0,4.2,0.0,0.0,DEF,NEW,1.0,4.2,0.0,0.0,DEF,NEW,1.0,4.2,0.0,0.0,DEF,NEW,1.0,4.2,0.0,0.0,DEF,NEW,1.0,4.2,0.0,0.0,DEF,NEW,0.0,0.0,4.2,0.0,DEF,NEW,1.0,4.2,0.0,0.0,DEF,NEW,0.0,0.0,4.2,0.0,DEF,NEW,1.0,4.2,0.0,0.0,299.0,12.0
404,Kelly,DEF,NEW,0.0,4.5,20.0,1.0,DEF,NEW,0.0,4.5,68.0,2.0,DEF,NEW,0.0,4.5,67.0,4.0,DEF,NEW,0.0,4.5,3.0,1.0,DEF,NEW,0.0,4.5,45.0,0.0,DEF,NEW,0.0,4.4,0.0,0.0,DEF,NEW,0.0,4.4,0.0,0.0,DEF,NEW,0.0,4.4,0.0,0.0,DEF,NEW,0.0,4.4,1.0,1.0,DEF,NEW,0.0,4.3,1.0,1.0,DEF,NEW,0.0,4.3,0.0,0.0,DEF,NEW,0.0,4.3,90.0,0.0,DEF,NEW,0.0,4.3,0.0,0.0,DEF,NEW,0.0,4.3,0.0,0.0,DEF,NEW,0.0,4.3,0.0,0.0,DEF,NEW,0.0,4.3,0.0,0.0,DEF,NEW,0.0,4.2,0.0,0.0,DEF,NEW,0.0,4.2,0.0,0.0,DEF,NEW,0.0,4.2,0.0,0.0,DEF,NEW,0.0,4.2,1.0,1.0,DEF,NEW,0.0,4.2,0.0,0.0,DEF,NEW,0.0,0.0,4.2,0.0,DEF,NEW,0.0,4.2,0.0,0.0,DEF,NEW,1.0,4.2,3.0,1.0,DEF,NEW,1.0,4.2,0.0,0.0,DEF,NEW,1.0,4.2,0.0,0.0,DEF,NEW,1.0,4.2,0.0,0.0,DEF,NEW,1.0,4.2,0.0,0.0,DEF,NEW,1.0,4.2,0.0,0.0,DEF,NEW,1.0,4.2,0.0,0.0,DEF,NEW,1.0,4.2,0.0,0.0,DEF,NEW,0.0,0.0,4.2,0.0,DEF,NEW,1.0,4.2,0.0,0.0,DEF,NEW,0.0,0.0,4.2,0.0,DEF,NEW,1.0,4.2,0.0,0.0,299.0,12.0
405,Krafth,DEF,NEW,0.0,4.5,60.0,6.0,DEF,NEW,0.0,4.5,90.0,2.0,DEF,NEW,0.25,4.5,90.0,2.0,DEF,NEW,0.0,4.5,0.0,0.0,DEF,NEW,0.0,4.5,0.0,0.0,DEF,NEW,0.0,4.5,0.0,0.0,DEF,NEW,0.0,4.5,0.0,0.0,DEF,NEW,0.0,4.4,0.0,0.0,DEF,NEW,0.0,4.4,0.0,0.0,DEF,NEW,0.0,4.4,0.0,0.0,DEF,NEW,0.25,4.4,0.0,0.0,DEF,NEW,1.0,4.4,0.0,0.0,DEF,NEW,1.0,4.4,0.0,0.0,DEF,NEW,1.0,4.3,0.0,0.0,DEF,NEW,1.0,4.3,0.0,0.0,DEF,NEW,1.0,4.3,0.0,0.0,DEF,NEW,1.0,4.3,0.0,0.0,DEF,NEW,1.0,4.3,0.0,0.0,DEF,NEW,1.0,4.3,0.0,0.0,DEF,NEW,0.5,4.3,0.0,0.0,DEF,NEW,0.0,4.3,0.0,0.0,DEF,NEW,0.0,0.0,4.3,0.0,DEF,NEW,0.0,4.3,0.0,0.0,DEF,NEW,0.0,4.3,0.0,0.0,DEF,NEW,0.0,4.3,1.0,1.0,DEF,NEW,0.0,4.3,0.0,0.0,DEF,NEW,0.0,4.3,0.0,0.0,DEF,NEW,0.0,4.3,0.0,0.0,DEF,NEW,0.0,4.3,0.0,0.0,DEF,NEW,0.0,4.3,1.0,1.0,DEF,NEW,0.0,4.3,3.0,1.0,DEF,NEW,0.0,12.0,4.3,1.0,DEF,NEW,0.0,4.3,25.0,2.0,DEF,NEW,0.0,0.0,4.3,0.0,DEF,NEW,0.0,4.3,1.0,1.0,283.0,17.0
405,Krafth,DEF,NEW,0.0,4.5,60.0,6.0,DEF,NEW,0.0,4.5,90.0,2.0,DEF,NEW,0.25,4.5,90.0,2.0,DEF,NEW,0.0,4.5,0.0,0.0,DEF,NEW,0.0,4.5,0.0,0.0,DEF,NEW,0.0,4.5,0.0,0.0,DEF,NEW,0.0,4.5,0.0,0.0,DEF,NEW,0.0,4.4,0.0,0.0,DEF,NEW,0.0,4.4,0.0,0.0,DEF,NEW,0.0,4.4,0.0,0.0,DEF,NEW,0.25,4.4,0.0,0.0,DEF,NEW,1.0,4.4,0.0,0.0,DEF,NEW,1.0,4.4,0.0,0.0,DEF,NEW,1.0,4.3,0.0,0.0,DEF,NEW,1.0,4.3,0.0,0.0,DEF,NEW,1.0,4.3,0.0,0.0,DEF,NEW,1.0,4.3,0.0,0.0,DEF,NEW,1.0,4.3,0.0,0.0,DEF,NEW,1.0,4.3,0.0,0.0,DEF,NEW,0.5,4.3,0.0,0.0,DEF,NEW,0.0,4.3,0.0,0.0,DEF,NEW,0.0,0.0,4.3,0.0,DEF,NEW,0.0,4.3,0.0,0.0,DEF,NEW,0.0,4.3,0.0,0.0,DEF,NEW,0.0,4.3,1.0,1.0,DEF,NEW,0.0,4.3,0.0,0.0,DEF,NEW,0.0,4.3,0.0,0.0,DEF,NEW,0.0,4.3,0.0,0.0,DEF,NEW,0.0,4.3,0.0,0.0,DEF,NEW,0.0,4.3,1.0,1.0,DEF,NEW,0.0,4.3,3.0,1.0,DEF,NEW,0.0,11.0,4.3,1.0,DEF,NEW,0.0,4.3,26.0,2.0,DEF,NEW,0.0,0.0,4.3,0.0,DEF,NEW,0.0,4.3,1.0,1.0,283.0,17.0
406,Kuol,MID,NEW,0.0,4.5,0.0,0.0,MID,NEW,0.0,4.5,0.0,0.0,MID,NEW,0.0,4.5,0.0,0.0,MID,NEW,0.0,4.5,0.0,0.0,MID,NEW,0.0,4.5,0.0,0.0,MID,NEW,0.0,4.5,0.0,0.0,MID,NEW,0.0,4.5,0.0,0.0,MID,NEW,0.0,4.5,0.0,0.0,MID,NEW,0.0,4.5,0.0,0.0,MID,NEW,0.0,4.5,0.0,0.0,MID,NEW,0.0,4.5,0.0,0.0,MID,NEW,0.0,4.5,0.0,0.0,MID,NEW,0.0,4.5,0.0,0.0,MID,NEW,0.0,4.5,0.0,0.0,MID,NEW,0.0,4.4,0.0,0.0,MID,NEW,0.0,4.4,0.0,0.0,MID,NEW,0.0,4.4,0.0,0.0,MID,NEW,0.0,4.4,0.0,0.0,MID,NEW,0.0,4.4,0.0,0.0,MID,NEW,0.0,4.4,0.0,0.0,MID,NEW,0.0,4.4,0.0,0.0,MID,NEW,0.0,0.0,4.4,0.0,MID,NEW,0.0,4.4,0.0,0.0,MID,NEW,0.0,4.4,0.0,0.0,MID,NEW,0.0,4.4,0.0,0.0,MID,NEW,0.0,4.4,0.0,0.0,MID,NEW,0.0,4.4,0.0,0.0,MID,NEW,0.0,4.4,0.0,0.0,MID,NEW,0.0,4.4,0.0,0.0,MID,NEW,0.0,4.4,0.0,0.0,MID,NEW,0.0,4.4,0.0,0.0,MID,NEW,0.0,0.0,4.4,0.0,MID,NEW,0.0,4.4,0.0,0.0,MID,NEW,0.0,0.0,4.4,0.0,MID,NEW,0.0,4.4,0.0,0.0,0.0,0.0
406,Kuol,MID,NEW,0.0,4.5,0.0,0.0,MID,NEW,0.0,4.5,0.0,0.0,MID,NEW,0.0,4.5,0.0,0.0,MID,NEW,0.0,4.5,0.0,0.0,MID,NEW,0.0,4.5,0.0,0.0,MID,NEW,0.0,4.5,0.0,0.0,MID,NEW,0.0,4.5,0.0,0.0,MID,NEW,0.0,4.5,0.0,0.0,MID,NEW,0.0,4.5,0.0,0.0,MID,NEW,0.0,4.5,0.0,0.0,MID,NEW,0.0,4.5,0.0,0.0,MID,NEW,0.0,4.5,0.0,0.0,MID,NEW,0.0,4.5,0.0,0.0,MID,NEW,0.0,4.5,0.0,0.0,MID,NEW,0.0,4.4,0.0,0.0,MID,NEW,0.0,4.4,0.0,0.0,MID,NEW,0.0,4.4,0.0,0.0,MID,NEW,0.0,4.4,0.0,0.0,MID,NEW,0.0,4.4,0.0,0.0,MID,NEW,0.0,4.4,0.0,0.0,MID,NEW,0.0,4.4,0.0,0.0,MID,NEW,0.0,0.0,4.4,0.0,MID,NEW,0.0,4.4,0.0,0.0,MID,NEW,0.0,4.4,0.0,0.0,MID,NEW,0.0,4.4,0.0,0.0,MID,NEW,0.0,4.4,0.0,0.0,MID,NEW,0.0,4.4,0.0,0.0,MID,NEW,0.0,4.4,0.0,0.0,MID,NEW,0.0,4.4,0.0,0.0,MID,NEW,0.0,4.4,0.0,0.0,MID,NEW,0.0,4.4,0.0,0.0,MID,NEW,0.0,0.0,4.4,0.0,MID,NEW,0.0,4.4,0.0,0.0,MID,NEW,0.0,0.0,4.4,0.0,MID,NEW,0.0,4.4,0.0,0.0,0.0,0.0
407,Lascelles,DEF,NEW,1.0,4.5,0.0,0.0,DEF,NEW,1.0,4.5,0.0,0.0,DEF,NEW,1.0,4.5,0.0,0.0,DEF,NEW,1.0,4.5,0.0,0.0,DEF,NEW,1.0,4.5,0.0,0.0,DEF,NEW,1.0,4.5,0.0,0.0,DEF,NEW,1.0,4.5,0.0,0.0,DEF,NEW,1.0,4.5,0.0,0.0,DEF,NEW,1.0,4.5,0.0,0.0,DEF,NEW,1.0,4.5,0.0,0.0,DEF,NEW,1.0,4.5,0.0,0.0,DEF,NEW,1.0,4.5,0.0,0.0,DEF,NEW,1.0,4.5,0.0,0.0,DEF,NEW,1.0,4.5,0.0,0.0,DEF,NEW,1.0,4.5,0.0,0.0,DEF,NEW,1.0,4.5,0.0,0.0,DEF,NEW,1.0,4.5,0.0,0.0,DEF,NEW,1.0,4.5,0.0,0.0,DEF,NEW,1.0,4.5,0.0,0.0,DEF,NEW,1.0,4.5,0.0,0.0,DEF,NEW,1.0,4.5,0.0,0.0,DEF,NEW,1.0,0.0,4.5,0.0,DEF,NEW,1.0,4.5,0.0,0.0,DEF,NEW,1.0,4.5,0.0,0.0,DEF,NEW,1.0,4.5,0.0,0.0,DEF,NEW,1.0,4.5,0.0,0.0,DEF,NEW,1.0,4.5,0.0,0.0,DEF,NEW,1.0,4.5,0.0,0.0,DEF,NEW,1.0,4.5,0.0,0.0,DEF,NEW,1.0,4.5,0.0,0.0,DEF,NEW,1.0,4.5,0.0,0.0,DEF,NEW,1.0,0.0,4.5,0.0,DEF,NEW,1.0,4.5,0.0,0.0,DEF,NEW,1.0,0.0,4.5,0.0,DEF,NEW,0.75,4.5,0.0,0.0,0.0,0.0
407,Lascelles,DEF,NEW,1.0,4.5,0.0,0.0,DEF,NEW,1.0,4.5,0.0,0.0,DEF,NEW,1.0,4.5,0.0,0.0,DEF,NEW,1.0,4.5,0.0,0.0,DEF,NEW,1.0,4.5,0.0,0.0,DEF,NEW,1.0,4.5,0.0,0.0,DEF,NEW,1.0,4.5,0.0,0.0,DEF,NEW,1.0,4.5,0.0,0.0,DEF,NEW,1.0,4.5,0.0,0.0,DEF,NEW,1.0,4.5,0.0,0.0,DEF,NEW,1.0,4.5,0.0,0.0,DEF,NEW,1.0,4.5,0.0,0.0,DEF,NEW,1.0,4.5,0.0,0.0,DEF,NEW,1.0,4.5,0.0,0.0,DEF,NEW,1.0,4.5,0.0,0.0,DEF,NEW,1.0,4.5,0.0,0.0,DEF,NEW,1.0,4.5,0.0,0.0,DEF,NEW,1.0,4.5,0.0,0.0,DEF,NEW,1.0,4.5,0.0,0.0,DEF,NEW,1.0,4.5,0.0,0.0,DEF,NEW,1.0,4.5,0.0,0.0,DEF,NEW,1.0,0.0,4.5,0.0,DEF,NEW,1.0,4.5,0.0,0.0,DEF,NEW,1.0,4.5,0.0,0.0,DEF,NEW,1.0,4.5,0.0,0.0,DEF,NEW,1.0,4.5,0.0,0.0,DEF,NEW,1.0,4.5,0.0,0.0,DEF,NEW,1.0,4.5,0.0,0.0,DEF,NEW,1.0,4.5,0.0,0.0,DEF,NEW,1.0,4.5,0.0,0.0,DEF,NEW,1.0,4.5,0.0,0.0,DEF,NEW,1.0,0.0,4.5,0.0,DEF,NEW,1.0,4.5,0.0,0.0,DEF,NEW,1.0,0.0,4.5,0.0,DEF,NEW,0.75,4.5,0.0,0.0,0.0,0.0
408,J. Lewis,DEF,NEW,0.0,4.0,0.0,0.0,DEF,NEW,0.0,4.0,0.0,0.0,DEF,NEW,1.0,4.0,0.0,0.0,DEF,NEW,1.0,4.0,0.0,0.0,DEF,NEW,1.0,4.0,0.0,0.0,DEF,NEW,1.0,4.0,0.0,0.0,DEF,NEW,1.0,4.0,0.0,0.0,DEF,NEW,1.0,4.0,0.0,0.0,DEF,NEW,1.0,4.0,0.0,0.0,DEF,NEW,1.0,4.0,0.0,0.0,DEF,NEW,1.0,4.0,0.0,0.0,DEF,NEW,1.0,4.0,0.0,0.0,DEF,NEW,1.0,4.0,0.0,0.0,DEF,NEW,1.0,4.0,0.0,0.0,DEF,NEW,1.0,4.0,0.0,0.0,DEF,NEW,1.0,4.0,0.0,0.0,DEF,NEW,1.0,4.0,0.0,0.0,DEF,NEW,1.0,4.0,0.0,0.0,DEF,NEW,1.0,4.0,0.0,0.0,DEF,NEW,1.0,4.0,0.0,0.0,DEF,NEW,1.0,4.0,0.0,0.0,DEF,NEW,1.0,0.0,4.0,0.0,DEF,NEW,1.0,4.0,0.0,0.0,DEF,NEW,1.0,4.0,0.0,0.0,DEF,NEW,1.0,4.0,0.0,0.0,DEF,NEW,1.0,4.0,0.0,0.0,DEF,NEW,1.0,4.0,0.0,0.0,DEF,NEW,1.0,4.0,0.0,0.0,DEF,NEW,1.0,4.0,0.0,0.0,DEF,NEW,1.0,4.0,0.0,0.0,DEF,NEW,1.0,4.0,0.0,0.0,DEF,NEW,1.0,0.0,4.0,0.0,DEF,NEW,1.0,4.0,0.0,0.0,DEF,NEW,1.0,0.0,4.0,0.0,DEF,NEW,1.0,4.0,0.0,0.0,0.0,0.0
408,J. Lewis,DEF,NEW,0.0,4.0,0.0,0.0,DEF,NEW,0.0,4.0,0.0,0.0,DEF,NEW,1.0,4.0,0.0,0.0,DEF,NEW,1.0,4.0,0.0,0.0,DEF,NEW,1.0,4.0,0.0,0.0,DEF,NEW,1.0,4.0,0.0,0.0,DEF,NEW,1.0,4.0,0.0,0.0,DEF,NEW,1.0,4.0,0.0,0.0,DEF,NEW,1.0,4.0,0.0,0.0,DEF,NEW,1.0,4.0,0.0,0.0,DEF,NEW,1.0,4.0,0.0,0.0,DEF,NEW,1.0,4.0,0.0,0.0,DEF,NEW,1.0,4.0,0.0,0.0,DEF,NEW,1.0,4.0,0.0,0.0,DEF,NEW,1.0,4.0,0.0,0.0,DEF,NEW,1.0,4.0,0.0,0.0,DEF,NEW,1.0,4.0,0.0,0.0,DEF,NEW,1.0,4.0,0.0,0.0,DEF,NEW,1.0,4.0,0.0,0.0,DEF,NEW,1.0,4.0,0.0,0.0,DEF,NEW,1.0,4.0,0.0,0.0,DEF,NEW,1.0,0.0,4.0,0.0,DEF,NEW,1.0,4.0,0.0,0.0,DEF,NEW,1.0,4.0,0.0,0.0,DEF,NEW,1.0,4.0,0.0,0.0,DEF,NEW,1.0,4.0,0.0,0.0,DEF,NEW,1.0,4.0,0.0,0.0,DEF,NEW,1.0,4.0,0.0,0.0,DEF,NEW,1.0,4.0,0.0,0.0,DEF,NEW,1.0,4.0,0.0,0.0,DEF,NEW,1.0,4.0,0.0,0.0,DEF,NEW,1.0,0.0,4.0,0.0,DEF,NEW,1.0,4.0,0.0,0.0,DEF,NEW,1.0,0.0,4.0,0.0,DEF,NEW,1.0,4.0,0.0,0.0,0.0,0.0
409,Livramento,DEF,NEW,0.0,4.5,90.0,7.0,DEF,NEW,0.0,4.5,57.0,1.0,DEF,NEW,0.0,4.5,90.0,2.0,DEF,NEW,0.0,4.5,63.0,2.0,DEF,NEW,0.0,4.5,16.0,1.0,DEF,NEW,0.0,4.5,12.0,1.0,DEF,NEW,0.0,4.5,19.0,1.0,DEF,NEW,0.0,4.5,90.0,2.0,DEF,NEW,0.0,4.5,90.0,1.0,DEF,NEW,0.0,4.5,90.0,7.0,DEF,NEW,0.0,4.5,90.0,2.0,DEF,NEW,0.0,4.5,90.0,1.0,DEF,NEW,0.0,4.5,90.0,2.0,DEF,NEW,0.0,4.5,90.0,1.0,DEF,NEW,0.0,4.5,90.0,0.0,DEF,NEW,0.0,4.5,63.0,6.0,DEF,NEW,0.0,4.5,63.0,6.0,DEF,NEW,0.25,4.5,0.0,0.0,DEF,NEW,0.0,4.5,32.0,1.0,DEF,NEW,0.0,4.5,90.0,2.0,DEF,NEW,0.0,4.5,84.0,6.0,DEF,NEW,0.0,90.0,4.5,0.0,DEF,NEW,0.0,4.5,90.0,2.0,DEF,NEW,0.0,4.5,63.0,2.0,DEF,NEW,0.0,4.5,45.0,1.0,DEF,NEW,0.0,4.5,90.0,0.0,DEF,NEW,0.0,4.5,68.0,1.0,DEF,NEW,0.0,4.5,90.0,7.0,DEF,NEW,0.0,4.5,0.0,0.0,DEF,NEW,0.0,4.5,90.0,2.0,DEF,NEW,0.0,4.6,90.0,11.0,DEF,NEW,0.0,90.0,4.6,2.0,DEF,NEW,0.0,4.6,180.0,6.0,DEF,NEW,0.0,90.0,4.6,6.0,DEF,NEW,0.0,4.6,90.0,2.0,2565.0,94.0
409,Livramento,DEF,NEW,0.0,4.5,90.0,7.0,DEF,NEW,0.0,4.5,57.0,1.0,DEF,NEW,0.0,4.5,90.0,2.0,DEF,NEW,0.0,4.5,63.0,2.0,DEF,NEW,0.0,4.5,16.0,1.0,DEF,NEW,0.0,4.5,12.0,1.0,DEF,NEW,0.0,4.5,19.0,1.0,DEF,NEW,0.0,4.5,90.0,2.0,DEF,NEW,0.0,4.5,90.0,1.0,DEF,NEW,0.0,4.5,90.0,7.0,DEF,NEW,0.0,4.5,90.0,2.0,DEF,NEW,0.0,4.5,90.0,1.0,DEF,NEW,0.0,4.5,90.0,2.0,DEF,NEW,0.0,4.5,90.0,1.0,DEF,NEW,0.0,4.5,90.0,0.0,DEF,NEW,0.0,4.5,63.0,6.0,DEF,NEW,0.0,4.5,63.0,6.0,DEF,NEW,0.25,4.5,0.0,0.0,DEF,NEW,0.0,4.5,32.0,1.0,DEF,NEW,0.0,4.5,90.0,2.0,DEF,NEW,0.0,4.5,84.0,6.0,DEF,NEW,0.0,90.0,4.5,0.0,DEF,NEW,0.0,4.5,90.0,2.0,DEF,NEW,0.0,4.5,63.0,2.0,DEF,NEW,0.0,4.5,45.0,1.0,DEF,NEW,0.0,4.5,90.0,0.0,DEF,NEW,0.0,4.5,68.0,1.0,DEF,NEW,0.0,4.5,90.0,7.0,DEF,NEW,0.0,4.5,0.0,0.0,DEF,NEW,0.0,4.5,90.0,2.0,DEF,NEW,0.0,4.6,90.0,11.0,DEF,NEW,0.0,90.0,4.6,6.0,DEF,NEW,0.0,4.6,180.0,2.0,DEF,NEW,0.0,90.0,4.6,6.0,DEF,NEW,0.0,4.6,90.0,2.0,2565.0,94.0
410,Longstaff,MID,NEW,0.0,5.0,90.0,3.0,MID,NEW,0.0,5.0,69.0,2.0,MID,NEW,0.0,4.9,67.0,1.0,MID,NEW,0.0,4.9,45.0,1.0,MID,NEW,0.0,4.9,0.0,0.0,MID,NEW,0.0,4.8,12.0,1.0,MID,NEW,0.0,4.8,19.0,1.0,MID,NEW,0.0,4.7,5.0,1.0,MID,NEW,0.0,4.7,22.0,0.0,MID,NEW,0.0,4.7,90.0,3.0,MID,NEW,0.0,4.7,90.0,5.0,MID,NEW,0.0,4.7,56.0,1.0,MID,NEW,0.0,4.7,15.0,1.0,MID,NEW,0.0,4.7,3.0,1.0,MID,NEW,0.0,4.7,72.0,2.0,MID,NEW,0.0,4.7,26.0,1.0,MID,NEW,0.0,4.7,26.0,1.0,MID,NEW,0.0,4.7,0.0,0.0,MID,NEW,0.0,4.6,0.0,0.0,MID,NEW,0.0,4.6,4.0,1.0,MID,NEW,0.0,4.6,0.0,0.0,MID,NEW,0.0,0.0,4.6,0.0,MID,NEW,0.0,4.6,1.0,1.0,MID,NEW,0.0,4.5,0.0,0.0,MID,NEW,0.0,4.5,18.0,1.0,MID,NEW,0.0,4.5,0.0,0.0,MID,NEW,0.0,4.5,2.0,1.0,MID,NEW,0.0,4.5,2.0,1.0,MID,NEW,0.0,4.5,0.0,0.0,MID,NEW,0.0,4.5,0.0,0.0,MID,NEW,0.0,4.4,25.0,1.0,MID,NEW,0.0,5.0,4.4,1.0,MID,NEW,0.0,4.4,18.0,1.0,MID,NEW,0.0,0.0,4.4,0.0,MID,NEW,0.0,4.4,0.0,0.0,782.0,33.0
410,Longstaff,MID,NEW,0.0,5.0,90.0,3.0,MID,NEW,0.0,5.0,69.0,2.0,MID,NEW,0.0,4.9,67.0,1.0,MID,NEW,0.0,4.9,45.0,1.0,MID,NEW,0.0,4.9,0.0,0.0,MID,NEW,0.0,4.8,12.0,1.0,MID,NEW,0.0,4.8,19.0,1.0,MID,NEW,0.0,4.7,5.0,1.0,MID,NEW,0.0,4.7,22.0,0.0,MID,NEW,0.0,4.7,90.0,3.0,MID,NEW,0.0,4.7,90.0,5.0,MID,NEW,0.0,4.7,56.0,1.0,MID,NEW,0.0,4.7,15.0,1.0,MID,NEW,0.0,4.7,3.0,1.0,MID,NEW,0.0,4.7,72.0,2.0,MID,NEW,0.0,4.7,26.0,1.0,MID,NEW,0.0,4.7,26.0,1.0,MID,NEW,0.0,4.7,0.0,0.0,MID,NEW,0.0,4.6,0.0,0.0,MID,NEW,0.0,4.6,4.0,1.0,MID,NEW,0.0,4.6,0.0,0.0,MID,NEW,0.0,0.0,4.6,0.0,MID,NEW,0.0,4.6,1.0,1.0,MID,NEW,0.0,4.5,0.0,0.0,MID,NEW,0.0,4.5,18.0,1.0,MID,NEW,0.0,4.5,0.0,0.0,MID,NEW,0.0,4.5,2.0,1.0,MID,NEW,0.0,4.5,2.0,1.0,MID,NEW,0.0,4.5,0.0,0.0,MID,NEW,0.0,4.5,0.0,0.0,MID,NEW,0.0,4.4,25.0,1.0,MID,NEW,0.0,18.0,4.4,1.0,MID,NEW,0.0,4.4,5.0,1.0,MID,NEW,0.0,0.0,4.4,0.0,MID,NEW,0.0,4.4,0.0,0.0,782.0,33.0
411,Miley,MID,NEW,1.0,5.0,0.0,0.0,MID,NEW,1.0,5.0,0.0,0.0,MID,NEW,1.0,5.0,0.0,0.0,MID,NEW,1.0,5.0,0.0,0.0,MID,NEW,1.0,5.0,0.0,0.0,MID,NEW,1.0,5.0,0.0,0.0,MID,NEW,0.5,5.0,0.0,0.0,MID,NEW,0.0,5.0,0.0,0.0,MID,NEW,0.0,5.0,0.0,0.0,MID,NEW,0.0,5.0,0.0,0.0,MID,NEW,0.0,5.0,0.0,0.0,MID,NEW,0.0,5.0,0.0,0.0,MID,NEW,0.0,5.0,0.0,0.0,MID,NEW,0.0,5.0,0.0,0.0,MID,NEW,0.0,5.0,0.0,0.0,MID,NEW,0.0,5.0,0.0,0.0,MID,NEW,0.0,5.0,10.0,1.0,MID,NEW,0.0,5.0,1.0,1.0,MID,NEW,0.0,5.0,0.0,0.0,MID,NEW,0.0,5.0,0.0,0.0,MID,NEW,0.0,5.0,7.0,1.0,MID,NEW,0.0,0.0,5.0,0.0,MID,NEW,0.0,5.0,11.0,1.0,MID,NEW,0.0,5.0,3.0,1.0,MID,NEW,0.0,5.0,45.0,1.0,MID,NEW,0.0,5.0,90.0,8.0,MID,NEW,0.0,5.0,21.0,1.0,MID,NEW,0.0,5.0,0.0,0.0,MID,NEW,0.0,5.0,0.0,0.0,MID,NEW,0.0,5.0,1.0,1.0,MID,NEW,0.0,5.0,25.0,1.0,MID,NEW,0.0,5.0,5.0,1.0,MID,NEW,0.0,5.0,0.0,0.0,MID,NEW,0.0,23.0,5.0,1.0,MID,NEW,0.0,5.0,0.0,0.0,242.0,19.0
411,Miley,MID,NEW,1.0,5.0,0.0,0.0,MID,NEW,1.0,5.0,0.0,0.0,MID,NEW,1.0,5.0,0.0,0.0,MID,NEW,1.0,5.0,0.0,0.0,MID,NEW,1.0,5.0,0.0,0.0,MID,NEW,1.0,5.0,0.0,0.0,MID,NEW,0.5,5.0,0.0,0.0,MID,NEW,0.0,5.0,0.0,0.0,MID,NEW,0.0,5.0,0.0,0.0,MID,NEW,0.0,5.0,0.0,0.0,MID,NEW,0.0,5.0,0.0,0.0,MID,NEW,0.0,5.0,0.0,0.0,MID,NEW,0.0,5.0,0.0,0.0,MID,NEW,0.0,5.0,0.0,0.0,MID,NEW,0.0,5.0,0.0,0.0,MID,NEW,0.0,5.0,0.0,0.0,MID,NEW,0.0,5.0,10.0,1.0,MID,NEW,0.0,5.0,1.0,1.0,MID,NEW,0.0,5.0,0.0,0.0,MID,NEW,0.0,5.0,0.0,0.0,MID,NEW,0.0,5.0,7.0,1.0,MID,NEW,0.0,0.0,5.0,0.0,MID,NEW,0.0,5.0,11.0,1.0,MID,NEW,0.0,5.0,3.0,1.0,MID,NEW,0.0,5.0,45.0,1.0,MID,NEW,0.0,5.0,90.0,8.0,MID,NEW,0.0,5.0,21.0,1.0,MID,NEW,0.0,5.0,0.0,0.0,MID,NEW,0.0,5.0,0.0,0.0,MID,NEW,0.0,5.0,1.0,1.0,MID,NEW,0.0,5.0,25.0,1.0,MID,NEW,0.0,0.0,5.0,0.0,MID,NEW,0.0,5.0,5.0,1.0,MID,NEW,0.0,23.0,5.0,1.0,MID,NEW,0.0,5.0,0.0,0.0,242.0,19.0
412,Odysseas,GKP,NEW,0.0,4.5,0.0,0.0,GKP,NEW,0.0,4.5,0.0,0.0,GKP,NEW,0.0,4.4,0.0,0.0,GKP,NEW,0.0,4.4,0.0,0.0,GKP,NEW,0.0,4.4,0.0,0.0,GKP,NEW,0.0,4.4,0.0,0.0,GKP,NEW,0.0,4.4,0.0,0.0,GKP,NEW,0.0,4.4,0.0,0.0,GKP,NEW,0.0,4.4,0.0,0.0,GKP,NEW,0.0,4.3,0.0,0.0,GKP,NEW,0.0,4.3,0.0,0.0,GKP,NEW,0.0,4.3,0.0,0.0,GKP,NEW,0.0,4.3,0.0,0.0,GKP,NEW,0.0,4.3,0.0,0.0,GKP,NEW,0.0,4.3,0.0,0.0,GKP,NEW,0.0,4.3,0.0,0.0,GKP,NEW,0.0,4.3,0.0,0.0,GKP,NEW,0.0,4.3,0.0,0.0,GKP,NEW,0.0,4.3,0.0,0.0,GKP,NEW,0.0,4.3,0.0,0.0,GKP,NEW,0.0,4.3,0.0,0.0,GKP,NEW,0.0,0.0,4.3,0.0,GKP,NEW,0.0,4.3,0.0,0.0,GKP,NEW,0.0,4.3,0.0,0.0,GKP,NEW,0.0,4.3,0.0,0.0,GKP,NEW,0.0,4.3,0.0,0.0,GKP,NEW,0.0,4.2,0.0,0.0,GKP,NEW,0.0,4.2,0.0,0.0,GKP,NEW,0.0,4.2,0.0,0.0,GKP,NEW,0.0,4.2,0.0,0.0,GKP,NEW,0.0,4.2,0.0,0.0,GKP,NEW,0.0,0.0,4.2,0.0,GKP,NEW,0.0,4.2,0.0,0.0,GKP,NEW,0.0,0.0,4.2,0.0,GKP,NEW,0.0,4.2,0.0,0.0,0.0,0.0
412,Odysseas,GKP,NEW,0.0,4.5,0.0,0.0,GKP,NEW,0.0,4.5,0.0,0.0,GKP,NEW,0.0,4.4,0.0,0.0,GKP,NEW,0.0,4.4,0.0,0.0,GKP,NEW,0.0,4.4,0.0,0.0,GKP,NEW,0.0,4.4,0.0,0.0,GKP,NEW,0.0,4.4,0.0,0.0,GKP,NEW,0.0,4.4,0.0,0.0,GKP,NEW,0.0,4.4,0.0,0.0,GKP,NEW,0.0,4.3,0.0,0.0,GKP,NEW,0.0,4.3,0.0,0.0,GKP,NEW,0.0,4.3,0.0,0.0,GKP,NEW,0.0,4.3,0.0,0.0,GKP,NEW,0.0,4.3,0.0,0.0,GKP,NEW,0.0,4.3,0.0,0.0,GKP,NEW,0.0,4.3,0.0,0.0,GKP,NEW,0.0,4.3,0.0,0.0,GKP,NEW,0.0,4.3,0.0,0.0,GKP,NEW,0.0,4.3,0.0,0.0,GKP,NEW,0.0,4.3,0.0,0.0,GKP,NEW,0.0,4.3,0.0,0.0,GKP,NEW,0.0,0.0,4.3,0.0,GKP,NEW,0.0,4.3,0.0,0.0,GKP,NEW,0.0,4.3,0.0,0.0,GKP,NEW,0.0,4.3,0.0,0.0,GKP,NEW,0.0,4.3,0.0,0.0,GKP,NEW,0.0,4.2,0.0,0.0,GKP,NEW,0.0,4.2,0.0,0.0,GKP,NEW,0.0,4.2,0.0,0.0,GKP,NEW,0.0,4.2,0.0,0.0,GKP,NEW,0.0,4.2,0.0,0.0,GKP,NEW,0.0,0.0,4.2,0.0,GKP,NEW,0.0,4.2,0.0,0.0,GKP,NEW,0.0,0.0,4.2,0.0,GKP,NEW,0.0,4.2,0.0,0.0,0.0,0.0
413,Pope,GKP,NEW,0.0,5.0,90.0,9.0,GKP,NEW,0.0,5.0,90.0,3.0,GKP,NEW,0.0,5.0,90.0,4.0,GKP,NEW,0.0,5.0,90.0,3.0,GKP,NEW,0.0,5.0,90.0,3.0,GKP,NEW,0.0,5.0,90.0,3.0,GKP,NEW,0.0,5.0,90.0,6.0,GKP,NEW,0.0,5.0,90.0,3.0,GKP,NEW,0.0,5.0,90.0,2.0,GKP,NEW,0.0,5.0,90.0,5.0,GKP,NEW,0.0,5.0,90.0,2.0,GKP,NEW,0.0,5.0,90.0,2.0,GKP,NEW,0.0,5.0,90.0,2.0,GKP,NEW,0.0,5.0,90.0,0.0,GKP,NEW,0.0,5.0,90.0,1.0,GKP,NEW,1.0,5.0,0.0,0.0,GKP,NEW,1.0,4.9,0.0,0.0,GKP,NEW,1.0,4.9,0.0,0.0,GKP,NEW,1.0,4.9,0.0,0.0,GKP,NEW,0.5,4.9,0.0,0.0,GKP,NEW,0.75,4.9,0.0,0.0,GKP,NEW,0.75,0.0,4.9,0.0,GKP,NEW,0.0,4.9,0.0,0.0,GKP,NEW,0.0,4.9,0.0,0.0,GKP,NEW,0.0,4.9,0.0,0.0,GKP,NEW,0.0,4.9,90.0,1.0,GKP,NEW,0.0,4.9,90.0,1.0,GKP,NEW,0.0,4.9,90.0,6.0,GKP,NEW,0.0,4.9,0.0,0.0,GKP,NEW,0.0,4.9,90.0,2.0,GKP,NEW,0.0,4.9,90.0,6.0,GKP,NEW,0.75,90.0,4.9,3.0,GKP,NEW,0.0,4.9,180.0,14.0,GKP,NEW,0.75,90.0,5.0,6.0,GKP,NEW,0.0,5.0,90.0,2.0,2250.0,89.0
413,Pope,GKP,NEW,0.0,5.0,90.0,9.0,GKP,NEW,0.0,5.0,90.0,3.0,GKP,NEW,0.0,5.0,90.0,4.0,GKP,NEW,0.0,5.0,90.0,3.0,GKP,NEW,0.0,5.0,90.0,3.0,GKP,NEW,0.0,5.0,90.0,3.0,GKP,NEW,0.0,5.0,90.0,6.0,GKP,NEW,0.0,5.0,90.0,3.0,GKP,NEW,0.0,5.0,90.0,2.0,GKP,NEW,0.0,5.0,90.0,5.0,GKP,NEW,0.0,5.0,90.0,2.0,GKP,NEW,0.0,5.0,90.0,2.0,GKP,NEW,0.0,5.0,90.0,2.0,GKP,NEW,0.0,5.0,90.0,0.0,GKP,NEW,0.0,5.0,90.0,1.0,GKP,NEW,1.0,5.0,0.0,0.0,GKP,NEW,1.0,4.9,0.0,0.0,GKP,NEW,1.0,4.9,0.0,0.0,GKP,NEW,1.0,4.9,0.0,0.0,GKP,NEW,0.5,4.9,0.0,0.0,GKP,NEW,0.75,4.9,0.0,0.0,GKP,NEW,0.75,0.0,4.9,0.0,GKP,NEW,0.0,4.9,0.0,0.0,GKP,NEW,0.0,4.9,0.0,0.0,GKP,NEW,0.0,4.9,0.0,0.0,GKP,NEW,0.0,4.9,90.0,1.0,GKP,NEW,0.0,4.9,90.0,1.0,GKP,NEW,0.0,4.9,90.0,6.0,GKP,NEW,0.0,4.9,0.0,0.0,GKP,NEW,0.0,4.9,90.0,2.0,GKP,NEW,0.0,4.9,90.0,6.0,GKP,NEW,0.75,90.0,4.9,12.0,GKP,NEW,0.0,4.9,180.0,5.0,GKP,NEW,0.75,90.0,5.0,6.0,GKP,NEW,0.0,5.0,90.0,2.0,2250.0,89.0
414,Ruddy,GKP,NEW,0.0,4.0,0.0,0.0,GKP,NEW,0.0,4.0,0.0,0.0,GKP,NEW,0.0,4.0,0.0,0.0,GKP,NEW,0.0,4.0,0.0,0.0,GKP,NEW,0.0,4.0,0.0,0.0,GKP,NEW,0.0,4.0,0.0,0.0,GKP,NEW,0.0,4.0,0.0,0.0,GKP,NEW,0.0,4.0,0.0,0.0,GKP,NEW,0.0,4.0,0.0,0.0,GKP,NEW,0.0,4.0,0.0,0.0,GKP,NEW,0.0,4.0,0.0,0.0,GKP,NEW,0.0,4.0,0.0,0.0,GKP,NEW,0.0,4.0,0.0,0.0,GKP,NEW,0.0,4.0,0.0,0.0,GKP,NEW,0.0,4.0,0.0,0.0,GKP,NEW,0.0,4.0,0.0,0.0,GKP,NEW,0.0,4.0,0.0,0.0,GKP,NEW,0.0,4.0,0.0,0.0,GKP,NEW,0.0,4.0,0.0,0.0,GKP,NEW,0.0,4.0,0.0,0.0,GKP,NEW,0.0,4.0,0.0,0.0,GKP,NEW,0.0,0.0,4.0,0.0,GKP,NEW,0.0,3.9,0.0,0.0,GKP,NEW,0.0,3.9,0.0,0.0,GKP,NEW,0.0,3.9,0.0,0.0,GKP,NEW,0.0,3.9,0.0,0.0,GKP,NEW,0.0,3.9,0.0,0.0,GKP,NEW,0.0,3.9,0.0,0.0,GKP,NEW,0.0,3.9,0.0,0.0,GKP,NEW,0.0,3.9,0.0,0.0,GKP,NEW,0.0,3.9,0.0,0.0,GKP,NEW,0.0,0.0,3.9,0.0,GKP,NEW,0.0,3.9,0.0,0.0,GKP,NEW,0.0,0.0,3.9,0.0,GKP,NEW,0.0,3.9,0.0,0.0,0.0,0.0
414,Ruddy,GKP,NEW,0.0,4.0,0.0,0.0,GKP,NEW,0.0,4.0,0.0,0.0,GKP,NEW,0.0,4.0,0.0,0.0,GKP,NEW,0.0,4.0,0.0,0.0,GKP,NEW,0.0,4.0,0.0,0.0,GKP,NEW,0.0,4.0,0.0,0.0,GKP,NEW,0.0,4.0,0.0,0.0,GKP,NEW,0.0,4.0,0.0,0.0,GKP,NEW,0.0,4.0,0.0,0.0,GKP,NEW,0.0,4.0,0.0,0.0,GKP,NEW,0.0,4.0,0.0,0.0,GKP,NEW,0.0,4.0,0.0,0.0,GKP,NEW,0.0,4.0,0.0,0.0,GKP,NEW,0.0,4.0,0.0,0.0,GKP,NEW,0.0,4.0,0.0,0.0,GKP,NEW,0.0,4.0,0.0,0.0,GKP,NEW,0.0,4.0,0.0,0.0,GKP,NEW,0.0,4.0,0.0,0.0,GKP,NEW,0.0,4.0,0.0,0.0,GKP,NEW,0.0,4.0,0.0,0.0,GKP,NEW,0.0,4.0,0.0,0.0,GKP,NEW,0.0,0.0,4.0,0.0,GKP,NEW,0.0,3.9,0.0,0.0,GKP,NEW,0.0,3.9,0.0,0.0,GKP,NEW,0.0,3.9,0.0,0.0,GKP,NEW,0.0,3.9,0.0,0.0,GKP,NEW,0.0,3.9,0.0,0.0,GKP,NEW,0.0,3.9,0.0,0.0,GKP,NEW,0.0,3.9,0.0,0.0,GKP,NEW,0.0,3.9,0.0,0.0,GKP,NEW,0.0,3.9,0.0,0.0,GKP,NEW,0.0,0.0,3.9,0.0,GKP,NEW,0.0,3.9,0.0,0.0,GKP,NEW,0.0,0.0,3.9,0.0,GKP,NEW,0.0,3.9,0.0,0.0,0.0,0.0
415,Schär,DEF,NEW,1.0,5.5,27.0,-2.0,DEF,NEW,1.0,5.4,0.0,0.0,DEF,NEW,0.0,5.4,0.0,0.0,DEF,NEW,0.0,5.4,90.0,8.0,DEF,NEW,0.0,5.4,90.0,1.0,DEF,NEW,0.0,5.4,90.0,1.0,DEF,NEW,0.0,5.4,90.0,5.0,DEF,NEW,0.0,5.4,90.0,2.0,DEF,NEW,0.0,5.4,90.0,0.0,DEF,NEW,0.0,5.4,90.0,5.0,DEF,NEW,0.0,5.4,90.0,2.0,DEF,NEW,0.0,5.4,90.0,1.0,DEF,NEW,0.0,5.4,90.0,2.0,DEF,NEW,0.0,5.4,90.0,7.0,DEF,NEW,0.0,5.4,90.0,0.0,DEF,NEW,0.0,5.4,90.0,6.0,DEF,NEW,0.0,5.4,90.0,6.0,DEF,NEW,0.0,5.4,90.0,6.0,DEF,NEW,1.0,5.4,90.0,5.0,DEF,NEW,0.0,5.4,0.0,0.0,DEF,NEW,0.25,5.4,0.0,0.0,DEF,NEW,0.25,45.0,5.4,0.0,DEF,NEW,0.0,5.4,90.0,2.0,DEF,NEW,0.0,5.4,90.0,1.0,DEF,NEW,0.0,5.4,90.0,0.0,DEF,NEW,0.0,5.4,90.0,1.0,DEF,NEW,0.0,5.4,90.0,1.0,DEF,NEW,0.0,5.4,90.0,6.0,DEF,NEW,0.0,5.4,0.0,0.0,DEF,NEW,0.0,5.4,90.0,1.0,DEF,NEW,0.0,5.5,90.0,10.0,DEF,NEW,0.25,90.0,5.5,2.0,DEF,NEW,0.25,5.5,171.0,19.0,DEF,NEW,0.25,82.0,5.5,6.0,DEF,NEW,0.25,5.6,90.0,6.0,2665.0,110.0
415,Schär,DEF,NEW,1.0,5.5,27.0,-2.0,DEF,NEW,1.0,5.4,0.0,0.0,DEF,NEW,0.0,5.4,0.0,0.0,DEF,NEW,0.0,5.4,90.0,8.0,DEF,NEW,0.0,5.4,90.0,1.0,DEF,NEW,0.0,5.4,90.0,1.0,DEF,NEW,0.0,5.4,90.0,5.0,DEF,NEW,0.0,5.4,90.0,2.0,DEF,NEW,0.0,5.4,90.0,0.0,DEF,NEW,0.0,5.4,90.0,5.0,DEF,NEW,0.0,5.4,90.0,2.0,DEF,NEW,0.0,5.4,90.0,1.0,DEF,NEW,0.0,5.4,90.0,2.0,DEF,NEW,0.0,5.4,90.0,7.0,DEF,NEW,0.0,5.4,90.0,0.0,DEF,NEW,0.0,5.4,90.0,6.0,DEF,NEW,0.0,5.4,90.0,6.0,DEF,NEW,0.0,5.4,90.0,6.0,DEF,NEW,1.0,5.4,90.0,5.0,DEF,NEW,0.0,5.4,0.0,0.0,DEF,NEW,0.25,5.4,0.0,0.0,DEF,NEW,0.25,45.0,5.4,0.0,DEF,NEW,0.0,5.4,90.0,2.0,DEF,NEW,0.0,5.4,90.0,1.0,DEF,NEW,0.0,5.4,90.0,0.0,DEF,NEW,0.0,5.4,90.0,1.0,DEF,NEW,0.0,5.4,90.0,1.0,DEF,NEW,0.0,5.4,90.0,6.0,DEF,NEW,0.0,5.4,0.0,0.0,DEF,NEW,0.0,5.4,90.0,1.0,DEF,NEW,0.0,5.5,90.0,10.0,DEF,NEW,0.25,90.0,5.5,14.0,DEF,NEW,0.25,5.5,171.0,7.0,DEF,NEW,0.25,82.0,5.5,6.0,DEF,NEW,0.25,5.6,90.0,6.0,2665.0,110.0
416,Targett,DEF,NEW,0.0,4.0,0.0,0.0,DEF,NEW,0.0,4.0,0.0,0.0,DEF,NEW,0.0,4.0,0.0,0.0,DEF,NEW,0.0,4.0,0.0,0.0,DEF,NEW,0.0,4.0,0.0,0.0,DEF,NEW,0.5,4.0,0.0,0.0,DEF,NEW,0.5,4.0,0.0,0.0,DEF,NEW,0.75,4.0,0.0,0.0,DEF,NEW,0.75,4.0,0.0,0.0,DEF,NEW,0.5,4.0,0.0,0.0,DEF,NEW,0.0,4.0,0.0,0.0,DEF,NEW,0.0,4.0,0.0,0.0,DEF,NEW,0.0,4.0,0.0,0.0,DEF,NEW,0.0,4.0,0.0,0.0,DEF,NEW,0.0,4.0,0.0,0.0,DEF,NEW,0.0,4.0,0.0,0.0,DEF,NEW,0.0,4.0,0.0,0.0,DEF,NEW,0.0,4.0,12.0,1.0,DEF,NEW,0.0,4.0,0.0,0.0,DEF,NEW,0.0,4.0,0.0,0.0,DEF,NEW,0.0,4.0,0.0,0.0,DEF,NEW,0.0,0.0,4.0,0.0,DEF,NEW,0.0,4.0,0.0,0.0,DEF,NEW,0.0,4.0,0.0,0.0,DEF,NEW,0.0,4.0,0.0,0.0,DEF,NEW,0.0,3.9,0.0,0.0,DEF,NEW,0.0,3.9,0.0,0.0,DEF,NEW,0.0,3.9,0.0,0.0,DEF,NEW,0.0,3.9,0.0,0.0,DEF,NEW,0.25,3.9,0.0,0.0,DEF,NEW,0.0,3.9,0.0,0.0,DEF,NEW,0.0,0.0,3.9,0.0,DEF,NEW,0.0,3.9,8.0,1.0,DEF,NEW,0.0,0.0,3.9,0.0,DEF,NEW,0.75,3.9,0.0,0.0,20.0,2.0
416,Targett,DEF,NEW,0.0,4.0,0.0,0.0,DEF,NEW,0.0,4.0,0.0,0.0,DEF,NEW,0.0,4.0,0.0,0.0,DEF,NEW,0.0,4.0,0.0,0.0,DEF,NEW,0.0,4.0,0.0,0.0,DEF,NEW,0.5,4.0,0.0,0.0,DEF,NEW,0.5,4.0,0.0,0.0,DEF,NEW,0.75,4.0,0.0,0.0,DEF,NEW,0.75,4.0,0.0,0.0,DEF,NEW,0.5,4.0,0.0,0.0,DEF,NEW,0.0,4.0,0.0,0.0,DEF,NEW,0.0,4.0,0.0,0.0,DEF,NEW,0.0,4.0,0.0,0.0,DEF,NEW,0.0,4.0,0.0,0.0,DEF,NEW,0.0,4.0,0.0,0.0,DEF,NEW,0.0,4.0,0.0,0.0,DEF,NEW,0.0,4.0,0.0,0.0,DEF,NEW,0.0,4.0,12.0,1.0,DEF,NEW,0.0,4.0,0.0,0.0,DEF,NEW,0.0,4.0,0.0,0.0,DEF,NEW,0.0,4.0,0.0,0.0,DEF,NEW,0.0,0.0,4.0,0.0,DEF,NEW,0.0,4.0,0.0,0.0,DEF,NEW,0.0,4.0,0.0,0.0,DEF,NEW,0.0,4.0,0.0,0.0,DEF,NEW,0.0,3.9,0.0,0.0,DEF,NEW,0.0,3.9,0.0,0.0,DEF,NEW,0.0,3.9,0.0,0.0,DEF,NEW,0.0,3.9,0.0,0.0,DEF,NEW,0.25,3.9,0.0,0.0,DEF,NEW,0.0,3.9,0.0,0.0,DEF,NEW,0.0,0.0,3.9,0.0,DEF,NEW,0.0,3.9,8.0,1.0,DEF,NEW,0.0,0.0,3.9,0.0,DEF,NEW,0.75,3.9,0.0,0.0,20.0,2.0
417,Tonali,MID,NEW,1.0,5.5,0.0,0.0,MID,NEW,0.0,5.5,0.0,0.0,MID,NEW,0.0,5.5,22.0,1.0,MID,NEW,0.0,5.5,45.0,1.0,MID,NEW,0.0,5.5,16.0,1.0,MID,NEW,0.0,5.5,77.0,1.0,MID,NEW,0.0,5.5,70.0,3.0,MID,NEW,0.0,5.5,65.0,2.0,MID,NEW,0.0,5.5,67.0,1.0,MID,NEW,0.0,5.5,25.0,0.0,MID,NEW,0.0,5.5,21.0,4.0,MID,NEW,0.0,5.5,33.0,1.0,MID,NEW,0.0,5.5,90.0,2.0,MID,NEW,0.0,5.5,86.0,1.0,MID,NEW,0.0,5.5,30.0,1.0,MID,NEW,0.0,5.5,90.0,3.0,MID,NEW,0.0,5.5,90.0,3.0,MID,NEW,0.0,5.5,90.0,3.0,MID,NEW,0.0,5.5,90.0,3.0,MID,NEW,0.0,5.5,90.0,2.0,MID,NEW,0.0,5.5,90.0,3.0,MID,NEW,0.0,90.0,5.5,2.0,MID,NEW,0.0,5.5,90.0,9.0,MID,NEW,0.0,5.5,90.0,1.0,MID,NEW,0.0,5.5,90.0,2.0,MID,NEW,0.0,5.5,20.0,1.0,MID,NEW,0.0,5.5,68.0,2.0,MID,NEW,0.0,5.5,90.0,3.0,MID,NEW,0.0,5.5,0.0,0.0,MID,NEW,0.0,5.5,90.0,10.0,MID,NEW,0.0,5.5,90.0,3.0,MID,NEW,0.0,90.0,5.5,9.0,MID,NEW,0.0,5.5,180.0,8.0,MID,NEW,0.0,90.0,5.5,3.0,MID,NEW,0.0,5.5,90.0,2.0,2355.0,91.0
417,Tonali,MID,NEW,1.0,5.5,0.0,0.0,MID,NEW,0.0,5.5,0.0,0.0,MID,NEW,0.0,5.5,22.0,1.0,MID,NEW,0.0,5.5,45.0,1.0,MID,NEW,0.0,5.5,16.0,1.0,MID,NEW,0.0,5.5,77.0,1.0,MID,NEW,0.0,5.5,70.0,3.0,MID,NEW,0.0,5.5,65.0,2.0,MID,NEW,0.0,5.5,67.0,1.0,MID,NEW,0.0,5.5,25.0,0.0,MID,NEW,0.0,5.5,21.0,4.0,MID,NEW,0.0,5.5,33.0,1.0,MID,NEW,0.0,5.5,90.0,2.0,MID,NEW,0.0,5.5,86.0,1.0,MID,NEW,0.0,5.5,30.0,1.0,MID,NEW,0.0,5.5,90.0,3.0,MID,NEW,0.0,5.5,90.0,3.0,MID,NEW,0.0,5.5,90.0,3.0,MID,NEW,0.0,5.5,90.0,3.0,MID,NEW,0.0,5.5,90.0,2.0,MID,NEW,0.0,5.5,90.0,3.0,MID,NEW,0.0,90.0,5.5,2.0,MID,NEW,0.0,5.5,90.0,9.0,MID,NEW,0.0,5.5,90.0,1.0,MID,NEW,0.0,5.5,90.0,2.0,MID,NEW,0.0,5.5,20.0,1.0,MID,NEW,0.0,5.5,68.0,2.0,MID,NEW,0.0,5.5,90.0,3.0,MID,NEW,0.0,5.5,0.0,0.0,MID,NEW,0.0,5.5,90.0,10.0,MID,NEW,0.0,5.5,90.0,3.0,MID,NEW,0.0,90.0,5.5,6.0,MID,NEW,0.0,5.5,180.0,11.0,MID,NEW,0.0,90.0,5.5,3.0,MID,NEW,0.0,5.5,90.0,2.0,2355.0,91.0
418,Trippier,DEF,NEW,0.0,6.0,0.0,0.0,DEF,NEW,0.0,5.9,32.0,1.0,DEF,NEW,0.0,5.8,0.0,0.0,DEF,NEW,0.0,5.8,26.0,1.0,DEF,NEW,0.0,5.8,73.0,1.0,DEF,NEW,0.0,5.7,77.0,2.0,DEF,NEW,0.25,5.7,70.0,8.0,DEF,NEW,1.0,5.7,0.0,0.0,DEF,NEW,1.0,5.6,0.0,0.0,DEF,NEW,1.0,5.6,0.0,0.0,DEF,NEW,0.5,5.6,0.0,0.0,DEF,NEW,0.0,5.6,6.0,1.0,DEF,NEW,0.0,5.6,0.0,0.0,DEF,NEW,0.25,5.6,0.0,0.0,DEF,NEW,0.0,5.6,7.0,1.0,DEF,NEW,0.0,5.6,26.0,1.0,DEF,NEW,0.0,5.6,26.0,1.0,DEF,NEW,0.0,5.6,77.0,5.0,DEF,NEW,0.0,5.6,57.0,1.0,DEF,NEW,0.0,5.6,0.0,0.0,DEF,NEW,0.0,5.6,5.0,1.0,DEF,NEW,0.0,24.0,5.6,0.0,DEF,NEW,0.0,5.6,0.0,0.0,DEF,NEW,0.0,5.6,26.0,1.0,DEF,NEW,0.0,5.6,45.0,0.0,DEF,NEW,0.0,5.6,0.0,0.0,DEF,NEW,0.25,5.6,21.0,1.0,DEF,NEW,0.0,5.6,90.0,8.0,DEF,NEW,0.0,5.6,0.0,0.0,DEF,NEW,0.25,5.6,88.0,2.0,DEF,NEW,0.0,5.6,86.0,6.0,DEF,NEW,0.0,77.0,5.6,2.0,DEF,NEW,0.0,5.6,153.0,10.0,DEF,NEW,0.0,90.0,5.6,15.0,DEF,NEW,0.25,5.7,90.0,2.0,1272.0,71.0
418,Trippier,DEF,NEW,0.0,6.0,0.0,0.0,DEF,NEW,0.0,5.9,32.0,1.0,DEF,NEW,0.0,5.8,0.0,0.0,DEF,NEW,0.0,5.8,26.0,1.0,DEF,NEW,0.0,5.8,73.0,1.0,DEF,NEW,0.0,5.7,77.0,2.0,DEF,NEW,0.25,5.7,70.0,8.0,DEF,NEW,1.0,5.7,0.0,0.0,DEF,NEW,1.0,5.6,0.0,0.0,DEF,NEW,1.0,5.6,0.0,0.0,DEF,NEW,0.5,5.6,0.0,0.0,DEF,NEW,0.0,5.6,6.0,1.0,DEF,NEW,0.0,5.6,0.0,0.0,DEF,NEW,0.25,5.6,0.0,0.0,DEF,NEW,0.0,5.6,7.0,1.0,DEF,NEW,0.0,5.6,26.0,1.0,DEF,NEW,0.0,5.6,26.0,1.0,DEF,NEW,0.0,5.6,77.0,5.0,DEF,NEW,0.0,5.6,57.0,1.0,DEF,NEW,0.0,5.6,0.0,0.0,DEF,NEW,0.0,5.6,5.0,1.0,DEF,NEW,0.0,24.0,5.6,0.0,DEF,NEW,0.0,5.6,0.0,0.0,DEF,NEW,0.0,5.6,26.0,1.0,DEF,NEW,0.0,5.6,45.0,0.0,DEF,NEW,0.0,5.6,0.0,0.0,DEF,NEW,0.25,5.6,21.0,1.0,DEF,NEW,0.0,5.6,90.0,8.0,DEF,NEW,0.0,5.6,0.0,0.0,DEF,NEW,0.25,5.6,88.0,2.0,DEF,NEW,0.0,5.6,86.0,6.0,DEF,NEW,0.0,78.0,5.6,10.0,DEF,NEW,0.0,5.6,152.0,2.0,DEF,NEW,0.0,90.0,5.6,15.0,DEF,NEW,0.25,5.7,90.0,2.0,1272.0,71.0
419,J. White,MID,NEW,0.0,4.5,0.0,0.0,MID,NEW,0.0,4.5,0.0,0.0,MID,NEW,1.0,4.5,0.0,0.0,MID,NEW,1.0,4.5,0.0,0.0,MID,NEW,1.0,4.5,0.0,0.0,MID,NEW,1.0,4.5,0.0,0.0,MID,NEW,1.0,4.5,0.0,0.0,MID,NEW,1.0,4.5,0.0,0.0,MID,NEW,1.0,4.5,0.0,0.0,MID,NEW,1.0,4.5,0.0,0.0,MID,NEW,1.0,4.5,0.0,0.0,MID,NEW,1.0,4.5,0.0,0.0,MID,NEW,1.0,4.5,0.0,0.0,MID,NEW,1.0,4.5,0.0,0.0,MID,NEW,1.0,4.5,0.0,0.0,MID,NEW,1.0,4.5,0.0,0.0,MID,NEW,1.0,4.5,0.0,0.0,MID,NEW,1.0,4.5,0.0,0.0,MID,NEW,1.0,4.5,0.0,0.0,MID,NEW,1.0,4.5,0.0,0.0,MID,NEW,1.0,4.5,0.0,0.0,MID,NEW,1.0,0.0,4.5,0.0,MID,NEW,1.0,4.5,0.0,0.0,MID,NEW,1.0,4.5,0.0,0.0,MID,NEW,1.0,4.5,0.0,0.0,MID,NEW,1.0,4.5,0.0,0.0,MID,NEW,1.0,4.5,0.0,0.0,MID,NEW,1.0,4.5,0.0,0.0,MID,NEW,1.0,4.5,0.0,0.0,MID,NEW,1.0,4.5,0.0,0.0,MID,NEW,1.0,4.5,0.0,0.0,MID,NEW,1.0,0.0,4.5,0.0,MID,NEW,1.0,4.5,0.0,0.0,MID,NEW,1.0,0.0,4.5,0.0,MID,NEW,1.0,4.5,0.0,0.0,0.0,0.0
419,J. White,MID,NEW,0.0,4.5,0.0,0.0,MID,NEW,0.0,4.5,0.0,0.0,MID,NEW,1.0,4.5,0.0,0.0,MID,NEW,1.0,4.5,0.0,0.0,MID,NEW,1.0,4.5,0.0,0.0,MID,NEW,1.0,4.5,0.0,0.0,MID,NEW,1.0,4.5,0.0,0.0,MID,NEW,1.0,4.5,0.0,0.0,MID,NEW,1.0,4.5,0.0,0.0,MID,NEW,1.0,4.5,0.0,0.0,MID,NEW,1.0,4.5,0.0,0.0,MID,NEW,1.0,4.5,0.0,0.0,MID,NEW,1.0,4.5,0.0,0.0,MID,NEW,1.0,4.5,0.0,0.0,MID,NEW,1.0,4.5,0.0,0.0,MID,NEW,1.0,4.5,0.0,0.0,MID,NEW,1.0,4.5,0.0,0.0,MID,NEW,1.0,4.5,0.0,0.0,MID,NEW,1.0,4.5,0.0,0.0,MID,NEW,1.0,4.5,0.0,0.0,MID,NEW,1.0,4.5,0.0,0.0,MID,NEW,1.0,0.0,4.5,0.0,MID,NEW,1.0,4.5,0.0,0.0,MID,NEW,1.0,4.5,0.0,0.0,MID,NEW,1.0,4.5,0.0,0.0,MID,NEW,1.0,4.5,0.0,0.0,MID,NEW,1.0,4.5,0.0,0.0,MID,NEW,1.0,4.5,0.0,0.0,MID,NEW,1.0,4.5,0.0,0.0,MID,NEW,1.0,4.5,0.0,0.0,MID,NEW,1.0,4.5,0.0,0.0,MID,NEW,1.0,0.0,4.5,0.0,MID,NEW,1.0,4.5,0.0,0.0,MID,NEW,1.0,0.0,4.5,0.0,MID,NEW,1.0,4.5,0.0,0.0,0.0,0.0
420,Willock,MID,NEW,0.0,5.0,0.0,0.0,MID,NEW,0.0,5.0,20.0,1.0,MID,NEW,0.75,4.9,0.0,0.0,MID,NEW,0.0,4.8,45.0,4.0,MID,NEW,0.0,4.8,45.0,1.0,MID,NEW,0.0,4.8,13.0,1.0,MID,NEW,0.0,4.8,21.0,1.0,MID,NEW,0.0,4.8,24.0,1.0,MID,NEW,0.0,4.8,22.0,1.0,MID,NEW,0.0,4.8,64.0,2.0,MID,NEW,0.0,4.8,68.0,2.0,MID,NEW,0.25,4.8,45.0,1.0,MID,NEW,0.0,4.8,74.0,2.0,MID,NEW,0.0,4.8,2.0,1.0,MID,NEW,0.25,4.8,0.0,0.0,MID,NEW,0.0,4.8,9.0,1.0,MID,NEW,0.0,4.8,63.0,3.0,MID,NEW,0.0,4.8,12.0,1.0,MID,NEW,0.0,4.8,5.0,1.0,MID,NEW,0.0,4.8,4.0,1.0,MID,NEW,0.0,4.7,12.0,1.0,MID,NEW,0.0,24.0,4.7,1.0,MID,NEW,0.0,4.7,11.0,1.0,MID,NEW,0.0,4.7,26.0,1.0,MID,NEW,0.0,4.7,45.0,1.0,MID,NEW,0.0,4.7,69.0,5.0,MID,NEW,0.0,4.7,67.0,2.0,MID,NEW,0.0,4.7,11.0,1.0,MID,NEW,0.0,4.7,0.0,0.0,MID,NEW,0.0,4.7,24.0,1.0,MID,NEW,0.5,4.7,0.0,0.0,MID,NEW,0.0,0.0,4.7,0.0,MID,NEW,0.0,4.7,42.0,2.0,MID,NEW,0.0,66.0,4.7,3.0,MID,NEW,0.0,4.7,73.0,1.0,1006.0,45.0
420,Willock,MID,NEW,0.0,5.0,0.0,0.0,MID,NEW,0.0,5.0,20.0,1.0,MID,NEW,0.75,4.9,0.0,0.0,MID,NEW,0.0,4.8,45.0,4.0,MID,NEW,0.0,4.8,45.0,1.0,MID,NEW,0.0,4.8,13.0,1.0,MID,NEW,0.0,4.8,21.0,1.0,MID,NEW,0.0,4.8,24.0,1.0,MID,NEW,0.0,4.8,22.0,1.0,MID,NEW,0.0,4.8,64.0,2.0,MID,NEW,0.0,4.8,68.0,2.0,MID,NEW,0.25,4.8,45.0,1.0,MID,NEW,0.0,4.8,74.0,2.0,MID,NEW,0.0,4.8,2.0,1.0,MID,NEW,0.25,4.8,0.0,0.0,MID,NEW,0.0,4.8,9.0,1.0,MID,NEW,0.0,4.8,63.0,3.0,MID,NEW,0.0,4.8,12.0,1.0,MID,NEW,0.0,4.8,5.0,1.0,MID,NEW,0.0,4.8,4.0,1.0,MID,NEW,0.0,4.7,12.0,1.0,MID,NEW,0.0,24.0,4.7,1.0,MID,NEW,0.0,4.7,11.0,1.0,MID,NEW,0.0,4.7,26.0,1.0,MID,NEW,0.0,4.7,45.0,1.0,MID,NEW,0.0,4.7,69.0,5.0,MID,NEW,0.0,4.7,67.0,2.0,MID,NEW,0.0,4.7,11.0,1.0,MID,NEW,0.0,4.7,0.0,0.0,MID,NEW,0.0,4.7,24.0,1.0,MID,NEW,0.5,4.7,0.0,0.0,MID,NEW,0.0,28.0,4.7,1.0,MID,NEW,0.0,4.7,14.0,1.0,MID,NEW,0.0,66.0,4.7,3.0,MID,NEW,0.0,4.7,73.0,1.0,1006.0,45.0
421,C. Wilson,FWD,NEW,1.0,7.0,0.0,0.0,FWD,NEW,1.0,6.9,0.0,0.0,FWD,NEW,0.5,6.9,0.0,0.0,FWD,NEW,1.0,6.9,0.0,0.0,FWD,NEW,1.0,6.9,0.0,0.0,FWD,NEW,1.0,6.9,0.0,0.0,FWD,NEW,0.5,6.9,0.0,0.0,FWD,NEW,0.5,6.9,0.0,0.0,FWD,NEW,1.0,6.9,0.0,0.0,FWD,NEW,1.0,6.9,0.0,0.0,FWD,NEW,0.5,6.9,0.0,0.0,FWD,NEW,0.0,6.9,22.0,1.0,FWD,NEW,0.0,6.9,15.0,0.0,FWD,NEW,0.0,6.9,3.0,1.0,FWD,NEW,0.75,6.9,17.0,1.0,FWD,NEW,1.0,6.9,0.0,0.0,FWD,NEW,1.0,6.9,0.0,0.0,FWD,NEW,1.0,6.9,0.0,0.0,FWD,NEW,1.0,6.9,0.0,0.0,FWD,NEW,1.0,6.9,0.0,0.0,FWD,NEW,1.0,6.9,0.0,0.0,FWD,NEW,1.0,0.0,6.9,0.0,FWD,NEW,1.0,6.9,0.0,0.0,FWD,NEW,0.0,6.9,0.0,0.0,FWD,NEW,0.0,6.9,17.0,1.0,FWD,NEW,0.0,6.9,3.0,1.0,FWD,NEW,0.0,6.9,68.0,2.0,FWD,NEW,0.0,6.9,11.0,1.0,FWD,NEW,0.0,6.9,0.0,0.0,FWD,NEW,0.0,6.9,24.0,1.0,FWD,NEW,0.0,6.9,18.0,1.0,FWD,NEW,1.0,12.0,6.9,1.0,FWD,NEW,0.0,6.9,32.0,2.0,FWD,NEW,1.0,13.0,6.9,1.0,FWD,NEW,0.0,6.9,16.0,1.0,271.0,15.0
421,C. Wilson,FWD,NEW,1.0,7.0,0.0,0.0,FWD,NEW,1.0,6.9,0.0,0.0,FWD,NEW,0.5,6.9,0.0,0.0,FWD,NEW,1.0,6.9,0.0,0.0,FWD,NEW,1.0,6.9,0.0,0.0,FWD,NEW,1.0,6.9,0.0,0.0,FWD,NEW,0.5,6.9,0.0,0.0,FWD,NEW,0.5,6.9,0.0,0.0,FWD,NEW,1.0,6.9,0.0,0.0,FWD,NEW,1.0,6.9,0.0,0.0,FWD,NEW,0.5,6.9,0.0,0.0,FWD,NEW,0.0,6.9,22.0,1.0,FWD,NEW,0.0,6.9,15.0,0.0,FWD,NEW,0.0,6.9,3.0,1.0,FWD,NEW,0.75,6.9,17.0,1.0,FWD,NEW,1.0,6.9,0.0,0.0,FWD,NEW,1.0,6.9,0.0,0.0,FWD,NEW,1.0,6.9,0.0,0.0,FWD,NEW,1.0,6.9,0.0,0.0,FWD,NEW,1.0,6.9,0.0,0.0,FWD,NEW,1.0,6.9,0.0,0.0,FWD,NEW,1.0,0.0,6.9,0.0,FWD,NEW,1.0,6.9,0.0,0.0,FWD,NEW,0.0,6.9,0.0,0.0,FWD,NEW,0.0,6.9,17.0,1.0,FWD,NEW,0.0,6.9,3.0,1.0,FWD,NEW,0.0,6.9,68.0,2.0,FWD,NEW,0.0,6.9,11.0,1.0,FWD,NEW,0.0,6.9,0.0,0.0,FWD,NEW,0.0,6.9,24.0,1.0,FWD,NEW,0.0,6.9,18.0,1.0,FWD,NEW,1.0,18.0,6.9,1.0,FWD,NEW,0.0,6.9,26.0,2.0,FWD,NEW,1.0,13.0,6.9,1.0,FWD,NEW,0.0,6.9,16.0,1.0,271.0,15.0
422,Aina,DEF,NOT,0.25,4.5,53.0,1.0,DEF,NOT,0.0,4.4,90.0,9.0,DEF,NOT,0.0,4.4,90.0,2.0,DEF,NOT,0.0,4.4,90.0,8.0,DEF,NOT,0.0,4.5,90.0,0.0,DEF,NOT,0.0,4.5,90.0,2.0,DEF,NOT,0.0,4.5,90.0,2.0,DEF,NOT,0.0,4.5,90.0,6.0,DEF,NOT,0.0,4.5,90.0,2.0,DEF,NOT,0.0,4.7,88.0,15.0,DEF,NOT,0.0,4.8,90.0,1.0,DEF,NOT,0.0,4.8,90.0,0.0,DEF,NOT,0.0,4.9,90.0,8.0,DEF,NOT,0.0,4.9,62.0,1.0,DEF,NOT,0.0,4.9,90.0,1.0,DEF,NOT,0.0,4.9,90.0,2.0,DEF,NOT,0.0,5.0,90.0,15.0,DEF,NOT,0.0,5.1,90.0,6.0,DEF,NOT,0.0,5.2,90.0,8.0,DEF,NOT,0.0,5.2,90.0,6.0,DEF,NOT,0.0,5.3,90.0,2.0,DEF,NOT,0.0,90.0,5.3,4.0,DEF,NOT,0.0,5.4,78.0,1.0,DEF,NOT,0.0,5.4,90.0,6.0,DEF,NOT,0.0,5.4,90.0,1.0,DEF,NOT,0.0,5.4,90.0,0.0,DEF,NOT,0.0,5.3,90.0,6.0,DEF,NOT,0.0,5.3,90.0,6.0,DEF,NOT,0.0,5.4,90.0,1.0,DEF,NOT,1.0,5.3,39.0,1.0,DEF,NOT,1.0,5.2,0.0,0.0,DEF,NOT,0.0,0.0,5.2,0.0,DEF,NOT,0.5,5.2,0.0,0.0,DEF,NOT,0.0,74.0,5.2,1.0,DEF,NOT,0.0,5.2,90.0,1.0,2734.0,125.0
423,Anderson,MID,NOT,0.0,5.0,18.0,1.0,MID,NOT,0.0,5.0,74.0,3.0,MID,NOT,0.0,5.0,90.0,6.0,MID,NOT,0.0,5.0,60.0,3.0,MID,NOT,0.0,5.0,58.0,1.0,MID,NOT,0.0,5.0,56.0,1.0,MID,NOT,0.0,5.0,65.0,2.0,MID,NOT,0.0,5.0,77.0,2.0,MID,NOT,0.0,5.0,71.0,5.0,MID,NOT,0.0,5.0,27.0,3.0,MID,NOT,0.25,5.0,31.0,1.0,MID,NOT,0.25,5.0,0.0,0.0,MID,NOT,0.0,5.0,70.0,3.0,MID,NOT,0.0,5.0,27.0,1.0,MID,NOT,0.0,5.0,90.0,5.0,MID,NOT,0.0,5.0,90.0,7.0,MID,NOT,0.0,5.0,63.0,3.0,MID,NOT,0.0,5.0,81.0,2.0,MID,NOT,0.0,5.0,81.0,3.0,MID,NOT,0.0,5.0,68.0,2.0,MID,NOT,0.0,5.0,90.0,2.0,MID,NOT,0.0,90.0,5.0,8.0,MID,NOT,0.0,5.0,90.0,2.0,MID,NOT,0.0,5.0,81.0,3.0,MID,NOT,0.0,5.0,84.0,2.0,MID,NOT,0.0,5.0,76.0,1.0,MID,NOT,0.0,5.0,90.0,3.0,MID,NOT,0.0,5.0,90.0,3.0,MID,NOT,0.0,5.0,90.0,5.0,MID,NOT,0.0,5.0,66.0,3.0,MID,NOT,0.0,5.0,90.0,2.0,MID,NOT,0.0,90.0,5.0,2.0,MID,NOT,0.0,5.0,90.0,10.0,MID,NOT,0.0,60.0,5.0,1.0,MID,NOT,0.0,5.0,90.0,2.0,2464.0,103.0
424,Awoniyi,FWD,NOT,0.0,6.0,18.0,1.0,FWD,NOT,0.0,5.9,15.0,1.0,FWD,NOT,0.0,5.8,1.0,1.0,FWD,NOT,0.0,5.8,0.0,0.0,FWD,NOT,0.0,5.8,0.0,0.0,FWD,NOT,0.0,5.7,45.0,1.0,FWD,NOT,0.0,5.7,0.0,0.0,FWD,NOT,0.0,5.7,6.0,1.0,FWD,NOT,0.0,5.6,9.0,1.0,FWD,NOT,0.0,5.6,11.0,1.0,FWD,NOT,0.0,5.6,2.0,1.0,FWD,NOT,0.0,5.6,62.0,2.0,FWD,NOT,0.0,5.6,0.0,0.0,FWD,NOT,0.0,5.6,28.0,1.0,FWD,NOT,0.0,5.5,1.0,1.0,FWD,NOT,0.0,5.5,0.0,0.0,FWD,NOT,0.0,5.5,1.0,1.0,FWD,NOT,0.0,5.5,3.0,1.0,FWD,NOT,0.0,5.5,14.0,1.0,FWD,NOT,0.0,5.5,2.0,5.0,FWD,NOT,0.0,5.5,1.0,1.0,FWD,NOT,0.0,7.0,5.5,1.0,FWD,NOT,0.0,5.5,11.0,1.0,FWD,NOT,0.0,5.5,8.0,1.0,FWD,NOT,0.75,5.5,0.0,0.0,FWD,NOT,0.0,5.5,0.0,0.0,FWD,NOT,0.0,5.5,5.0,1.0,FWD,NOT,0.0,5.5,3.0,1.0,FWD,NOT,0.0,5.5,10.0,1.0,FWD,NOT,0.0,5.5,85.0,2.0,FWD,NOT,0.25,5.5,0.0,0.0,FWD,NOT,0.0,0.0,5.5,0.0,FWD,NOT,0.0,5.5,14.0,1.0,FWD,NOT,0.0,29.0,5.5,1.0,FWD,NOT,0.0,5.5,0.0,0.0,391.0,31.0
425,Boly,DEF,NOT,0.0,4.5,90.0,2.0,DEF,NOT,0.0,4.5,1.0,1.0,DEF,NOT,0.0,4.5,0.0,0.0,DEF,NOT,0.25,4.5,0.0,0.0,DEF,NOT,0.25,4.4,0.0,0.0,DEF,NOT,0.0,4.3,0.0,0.0,DEF,NOT,0.0,4.3,0.0,0.0,DEF,NOT,0.0,4.3,0.0,0.0,DEF,NOT,0.0,4.3,0.0,0.0,DEF,NOT,0.0,4.3,0.0,0.0,DEF,NOT,0.0,4.3,0.0,0.0,DEF,NOT,0.0,4.3,0.0,0.0,DEF,NOT,0.0,4.3,0.0,0.0,DEF,NOT,0.0,4.2,0.0,0.0,DEF,NOT,0.0,4.2,0.0,0.0,DEF,NOT,0.0,4.2,1.0,1.0,DEF,NOT,0.0,4.2,0.0,0.0,DEF,NOT,0.0,4.2,0.0,0.0,DEF,NOT,0.0,4.2,21.0,0.0,DEF,NOT,0.0,4.2,0.0,0.0,DEF,NOT,0.0,4.2,0.0,0.0,DEF,NOT,0.0,0.0,4.2,0.0,DEF,NOT,0.0,4.2,0.0,0.0,DEF,NOT,0.0,4.2,18.0,1.0,DEF,NOT,0.0,4.2,0.0,0.0,DEF,NOT,0.0,4.2,0.0,0.0,DEF,NOT,0.0,4.2,0.0,0.0,DEF,NOT,0.0,4.2,0.0,0.0,DEF,NOT,0.0,4.2,0.0,0.0,DEF,NOT,0.0,4.2,0.0,0.0,DEF,NOT,0.0,4.2,15.0,1.0,DEF,NOT,0.0,0.0,4.2,0.0,DEF,NOT,0.0,4.2,0.0,0.0,DEF,NOT,0.0,0.0,4.2,0.0,DEF,NOT,0.0,4.2,0.0,0.0,146.0,6.0
426,Bowler,MID,NOT,0.0,4.5,0.0,0.0,MID,NOT,0.0,4.5,0.0,0.0,MID,NOT,1.0,4.5,0.0,0.0,MID,NOT,1.0,4.5,0.0,0.0,MID,NOT,1.0,4.5,0.0,0.0,MID,NOT,1.0,4.5,0.0,0.0,MID,NOT,1.0,4.5,0.0,0.0,MID,NOT,1.0,4.5,0.0,0.0,MID,NOT,1.0,4.5,0.0,0.0,MID,NOT,1.0,4.5,0.0,0.0,MID,NOT,1.0,4.5,0.0,0.0,MID,NOT,1.0,4.5,0.0,0.0,MID,NOT,1.0,4.5,0.0,0.0,MID,NOT,1.0,4.5,0.0,0.0,MID,NOT,1.0,4.5,0.0,0.0,MID,NOT,1.0,4.5,0.0,0.0,MID,NOT,1.0,4.5,0.0,0.0,MID,NOT,1.0,4.5,0.0,0.0,MID,NOT,1.0,4.5,0.0,0.0,MID,NOT,1.0,4.5,0.0,0.0,MID,NOT,1.0,4.5,0.0,0.0,MID,NOT,1.0,0.0,4.5,0.0,MID,NOT,1.0,4.5,0.0,0.0,MID,NOT,1.0,4.5,0.0,0.0,MID,NOT,1.0,4.5,0.0,0.0,MID,NOT,1.0,4.5,0.0,0.0,MID,NOT,1.0,4.5,0.0,0.0,MID,NOT,1.0,4.5,0.0,0.0,MID,NOT,1.0,4.5,0.0,0.0,MID,NOT,1.0,4.5,0.0,0.0,MID,NOT,1.0,4.5,0.0,0.0,MID,NOT,1.0,0.0,4.5,0.0,MID,NOT,1.0,4.5,0.0,0.0,MID,NOT,1.0,0.0,4.5,0.0,MID,NOT,1.0,4.5,0.0,0.0,0.0,0.0
427,C.Miguel,GKP,NOT,0.0,4.5,0.0,0.0,GKP,NOT,0.0,4.4,0.0,0.0,GKP,NOT,0.0,4.4,0.0,0.0,GKP,NOT,0.0,4.3,0.0,0.0,GKP,NOT,0.0,4.3,0.0,0.0,GKP,NOT,0.0,4.3,0.0,0.0,GKP,NOT,0.0,4.3,0.0,0.0,GKP,NOT,0.0,4.3,0.0,0.0,GKP,NOT,0.0,4.3,0.0,0.0,GKP,NOT,0.0,4.3,0.0,0.0,GKP,NOT,0.0,4.2,0.0,0.0,GKP,NOT,0.0,4.2,0.0,0.0,GKP,NOT,0.0,4.2,0.0,0.0,GKP,NOT,0.0,4.2,0.0,0.0,GKP,NOT,0.0,4.2,0.0,0.0,GKP,NOT,0.0,4.2,0.0,0.0,GKP,NOT,0.0,4.2,0.0,0.0,GKP,NOT,0.0,4.2,0.0,0.0,GKP,NOT,0.0,4.2,0.0,0.0,GKP,NOT,0.0,4.2,0.0,0.0,GKP,NOT,0.0,4.2,0.0,0.0,GKP,NOT,0.0,0.0,4.2,0.0,GKP,NOT,0.0,4.2,0.0,0.0,GKP,NOT,0.0,4.1,0.0,0.0,GKP,NOT,0.75,4.1,0.0,0.0,GKP,NOT,0.75,4.1,0.0,0.0,GKP,NOT,0.75,4.1,0.0,0.0,GKP,NOT,0.75,4.1,0.0,0.0,GKP,NOT,0.75,4.1,0.0,0.0,GKP,NOT,0.0,4.1,0.0,0.0,GKP,NOT,0.0,4.1,0.0,0.0,GKP,NOT,0.0,0.0,4.1,0.0,GKP,NOT,0.0,4.1,0.0,0.0,GKP,NOT,0.0,0.0,4.1,0.0,GKP,NOT,0.0,4.1,0.0,0.0,0.0,0.0
428,Da Silva Moreira,MID,NOT,0.0,4.5,0.0,0.0,MID,NOT,0.0,4.5,0.0,0.0,MID,NOT,0.0,4.5,0.0,0.0,MID,NOT,0.0,4.5,0.0,0.0,MID,NOT,0.0,4.5,0.0,0.0,MID,NOT,0.0,4.5,0.0,0.0,MID,NOT,0.0,4.5,0.0,0.0,MID,NOT,0.0,4.5,0.0,0.0,MID,NOT,0.0,4.5,0.0,0.0,MID,NOT,0.0,4.5,1.0,1.0,MID,NOT,0.0,4.5,0.0,0.0,MID,NOT,0.0,4.5,0.0,0.0,MID,NOT,0.0,4.4,0.0,0.0,MID,NOT,0.0,4.4,27.0,1.0,MID,NOT,0.0,4.4,0.0,0.0,MID,NOT,0.0,4.4,0.0,0.0,MID,NOT,0.0,4.4,0.0,0.0,MID,NOT,0.0,4.4,0.0,0.0,MID,NOT,0.0,4.4,0.0,0.0,MID,NOT,0.0,4.4,0.0,0.0,MID,NOT,0.0,4.4,0.0,0.0,MID,NOT,0.0,0.0,4.4,0.0,MID,NOT,0.0,4.4,0.0,0.0,MID,NOT,0.0,4.4,0.0,0.0,MID,NOT,0.0,4.4,0.0,0.0,MID,NOT,0.0,4.4,0.0,0.0,MID,NOT,0.0,4.4,0.0,0.0,MID,NOT,0.0,4.4,0.0,0.0,MID,NOT,0.0,4.3,0.0,0.0,MID,NOT,0.0,4.3,0.0,0.0,MID,NOT,0.0,4.3,0.0,0.0,MID,NOT,0.0,0.0,4.3,0.0,MID,NOT,0.0,4.3,0.0,0.0,MID,NOT,0.0,0.0,4.3,0.0,MID,NOT,0.0,4.3,0.0,0.0,28.0,2.0
429,Danilo,MID,NOT,1.0,5.0,14.0,1.0,MID,NOT,1.0,4.9,0.0,0.0,MID,NOT,1.0,4.8,0.0,0.0,MID,NOT,1.0,4.8,0.0,0.0,MID,NOT,1.0,4.8,0.0,0.0,MID,NOT,1.0,4.8,0.0,0.0,MID,NOT,1.0,4.8,0.0,0.0,MID,NOT,1.0,4.8,0.0,0.0,MID,NOT,1.0,4.7,0.0,0.0,MID,NOT,1.0,4.7,0.0,0.0,MID,NOT,1.0,4.7,0.0,0.0,MID,NOT,1.0,4.7,0.0,0.0,MID,NOT,1.0,4.7,0.0,0.0,MID,NOT,1.0,4.7,0.0,0.0,MID,NOT,1.0,4.7,0.0,0.0,MID,NOT,1.0,4.7,0.0,0.0,MID,NOT,0.75,4.7,0.0,0.0,MID,NOT,0.75,4.7,0.0,0.0,MID,NOT,0.75,4.7,0.0,0.0,MID,NOT,0.5,4.7,0.0,0.0,MID,NOT,0.0,4.7,0.0,0.0,MID,NOT,0.0,0.0,4.7,0.0,MID,NOT,0.0,4.7,0.0,0.0,MID,NOT,0.0,4.7,64.0,3.0,MID,NOT,0.0,4.7,62.0,2.0,MID,NOT,0.0,4.7,0.0,0.0,MID,NOT,0.0,4.7,27.0,1.0,MID,NOT,0.0,4.7,0.0,0.0,MID,NOT,0.0,4.7,1.0,1.0,MID,NOT,0.0,4.7,39.0,1.0,MID,NOT,0.0,4.7,0.0,0.0,MID,NOT,0.0,0.0,4.7,0.0,MID,NOT,0.0,4.7,57.0,1.0,MID,NOT,0.0,0.0,4.7,0.0,MID,NOT,0.0,4.7,0.0,0.0,264.0,10.0
430,E. Dennis,FWD,NOT,0.0,5.0,0.0,0.0,FWD,NOT,0.0,5.0,0.0,0.0,FWD,NOT,0.0,5.0,0.0,0.0,FWD,NOT,0.0,4.9,0.0,0.0,FWD,NOT,0.0,4.9,0.0,0.0,FWD,NOT,0.0,4.9,0.0,0.0,FWD,NOT,0.0,4.9,0.0,0.0,FWD,NOT,0.0,4.9,0.0,0.0,FWD,NOT,0.0,4.9,0.0,0.0,FWD,NOT,0.0,4.9,0.0,0.0,FWD,NOT,0.0,4.9,0.0,0.0,FWD,NOT,0.0,4.9,0.0,0.0,FWD,NOT,0.0,4.9,0.0,0.0,FWD,NOT,0.0,4.9,0.0,0.0,FWD,NOT,0.0,4.9,0.0,0.0,FWD,NOT,0.0,4.9,0.0,0.0,FWD,NOT,0.0,4.9,0.0,0.0,FWD,NOT,0.0,4.9,0.0,0.0,FWD,NOT,0.0,4.9,0.0,0.0,FWD,NOT,0.0,4.9,0.0,0.0,FWD,NOT,0.0,4.9,0.0,0.0,FWD,NOT,0.0,0.0,4.9,0.0,FWD,NOT,0.0,4.9,0.0,0.0,FWD,NOT,1.0,4.9,0.0,0.0,FWD,NOT,1.0,4.9,0.0,0.0,FWD,NOT,1.0,4.9,0.0,0.0,FWD,NOT,1.0,4.9,0.0,0.0,FWD,NOT,1.0,4.9,0.0,0.0,FWD,NOT,1.0,4.9,0.0,0.0,FWD,NOT,1.0,4.9,0.0,0.0,FWD,NOT,1.0,4.9,0.0,0.0,FWD,NOT,0.0,0.0,4.9,0.0,FWD,NOT,1.0,4.9,0.0,0.0,FWD,NOT,0.0,0.0,4.9,0.0,FWD,NOT,1.0,4.9,0.0,0.0,0.0,0.0
431,Dominguez,MID,NOT,0.0,5.0,36.0,1.0,MID,NOT,0.0,5.0,15.0,0.0,MID,NOT,0.0,4.9,0.0,0.0,MID,NOT,0.0,4.9,53.0,1.0,MID,NOT,0.0,4.9,0.0,0.0,MID,NOT,0.0,4.9,56.0,1.0,MID,NOT,0.0,4.8,14.0,1.0,MID,NOT,0.0,4.8,90.0,2.0,MID,NOT,0.0,4.8,90.0,1.0,MID,NOT,0.0,4.8,90.0,3.0,MID,NOT,0.0,4.8,73.0,2.0,MID,NOT,0.0,4.8,62.0,2.0,MID,NOT,0.0,4.8,19.0,1.0,MID,NOT,0.0,4.8,90.0,1.0,MID,NOT,0.0,4.8,11.0,1.0,MID,NOT,0.0,4.8,76.0,2.0,MID,NOT,1.0,4.8,26.0,0.0,MID,NOT,0.0,4.8,0.0,0.0,MID,NOT,0.0,4.8,90.0,3.0,MID,NOT,0.0,4.8,59.0,0.0,MID,NOT,0.0,4.8,14.0,1.0,MID,NOT,0.0,82.0,4.8,2.0,MID,NOT,0.0,4.8,45.0,1.0,MID,NOT,0.0,4.8,25.0,1.0,MID,NOT,0.0,4.8,0.0,0.0,MID,NOT,0.0,4.8,75.0,1.0,MID,NOT,0.0,4.8,62.0,3.0,MID,NOT,0.0,4.8,68.0,3.0,MID,NOT,0.0,4.8,66.0,2.0,MID,NOT,0.0,4.8,23.0,1.0,MID,NOT,0.0,4.8,73.0,2.0,MID,NOT,0.0,74.0,4.8,3.0,MID,NOT,0.0,4.8,57.0,4.0,MID,NOT,0.0,45.0,4.8,1.0,MID,NOT,0.0,4.8,65.0,1.0,1724.0,48.0
432,Elanga,MID,NOT,0.25,5.5,53.0,1.0,MID,NOT,0.0,5.4,90.0,3.0,MID,NOT,0.0,5.4,90.0,2.0,MID,NOT,0.0,5.3,29.0,3.0,MID,NOT,0.0,5.3,45.0,1.0,MID,NOT,0.0,5.3,45.0,1.0,MID,NOT,0.0,5.2,8.0,1.0,MID,NOT,0.0,5.2,62.0,3.0,MID,NOT,0.0,5.2,75.0,2.0,MID,NOT,0.0,5.2,62.0,3.0,MID,NOT,0.0,5.2,87.0,5.0,MID,NOT,0.25,5.2,45.0,1.0,MID,NOT,0.0,5.1,12.0,1.0,MID,NOT,0.0,5.1,90.0,2.0,MID,NOT,0.0,5.1,11.0,1.0,MID,NOT,0.0,5.1,13.0,6.0,MID,NOT,0.0,5.1,63.0,9.0,MID,NOT,0.0,5.1,73.0,11.0,MID,NOT,0.0,5.2,90.0,6.0,MID,NOT,0.0,5.2,69.0,6.0,MID,NOT,0.0,5.3,90.0,7.0,MID,NOT,0.0,73.0,5.3,2.0,MID,NOT,0.0,5.3,90.0,2.0,MID,NOT,0.0,5.3,90.0,13.0,MID,NOT,0.0,5.3,90.0,2.0,MID,NOT,0.0,5.3,90.0,2.0,MID,NOT,0.0,5.3,61.0,3.0,MID,NOT,0.0,5.3,79.0,3.0,MID,NOT,0.0,5.3,66.0,16.0,MID,NOT,0.0,5.5,84.0,11.0,MID,NOT,0.25,5.5,45.0,1.0,MID,NOT,0.0,31.0,5.5,1.0,MID,NOT,0.0,5.4,45.0,4.0,MID,NOT,0.0,90.0,5.4,2.0,MID,NOT,0.0,5.5,90.0,2.0,2226.0,139.0
433,Gibbs-White,MID,NOT,0.0,6.5,90.0,2.0,MID,NOT,0.0,6.5,90.0,10.0,MID,NOT,0.0,6.5,90.0,1.0,MID,NOT,0.0,6.5,80.0,3.0,MID,NOT,1.0,6.4,82.0,-1.0,MID,NOT,0.0,6.3,0.0,0.0,MID,NOT,0.25,6.3,75.0,2.0,MID,NOT,0.5,6.3,0.0,0.0,MID,NOT,0.5,6.3,0.0,0.0,MID,NOT,0.0,6.3,62.0,3.0,MID,NOT,0.0,6.3,58.0,1.0,MID,NOT,0.25,6.3,0.0,0.0,MID,NOT,0.0,6.3,77.0,2.0,MID,NOT,0.0,6.3,62.0,1.0,MID,NOT,0.0,6.3,78.0,13.0,MID,NOT,0.0,6.3,90.0,8.0,MID,NOT,0.0,6.3,74.0,2.0,MID,NOT,0.0,6.3,81.0,6.0,MID,NOT,0.0,6.4,75.0,10.0,MID,NOT,0.0,6.4,87.0,8.0,MID,NOT,0.0,6.4,89.0,1.0,MID,NOT,0.0,82.0,6.4,5.0,MID,NOT,0.0,6.4,78.0,2.0,MID,NOT,0.0,6.5,71.0,16.0,MID,NOT,0.0,6.5,90.0,5.0,MID,NOT,0.0,6.5,90.0,5.0,MID,NOT,0.0,6.5,90.0,3.0,MID,NOT,0.0,6.5,90.0,5.0,MID,NOT,0.0,6.6,88.0,5.0,MID,NOT,0.0,6.6,90.0,3.0,MID,NOT,0.0,6.5,90.0,2.0,MID,NOT,0.0,90.0,6.5,2.0,MID,NOT,0.0,6.4,90.0,1.0,MID,NOT,0.0,74.0,6.4,1.0,MID,NOT,0.0,6.4,90.0,1.0,2543.0,128.0
434,Hudson-Odoi,MID,NOT,0.0,5.5,71.0,3.0,MID,NOT,0.0,5.5,90.0,3.0,MID,NOT,0.0,5.4,79.0,2.0,MID,NOT,0.0,5.4,36.0,7.0,MID,NOT,0.0,5.4,90.0,4.0,MID,NOT,0.0,5.4,33.0,1.0,MID,NOT,0.0,5.4,81.0,2.0,MID,NOT,0.25,5.4,83.0,3.0,MID,NOT,0.0,5.4,75.0,2.0,MID,NOT,0.0,5.4,88.0,10.0,MID,NOT,0.0,5.4,58.0,1.0,MID,NOT,0.0,5.4,90.0,2.0,MID,NOT,0.0,5.4,87.0,3.0,MID,NOT,0.0,5.4,0.0,0.0,MID,NOT,0.0,5.4,89.0,5.0,MID,NOT,0.0,5.4,90.0,2.0,MID,NOT,0.0,5.3,90.0,3.0,MID,NOT,0.0,5.3,86.0,3.0,MID,NOT,0.25,5.3,0.0,0.0,MID,NOT,0.0,5.2,90.0,6.0,MID,NOT,0.0,5.2,82.0,2.0,MID,NOT,0.0,37.0,5.2,6.0,MID,NOT,0.25,5.2,0.0,0.0,MID,NOT,1.0,5.2,0.0,0.0,MID,NOT,0.0,5.2,22.0,1.0,MID,NOT,0.0,5.2,90.0,8.0,MID,NOT,0.0,5.2,90.0,3.0,MID,NOT,0.0,5.2,86.0,10.0,MID,NOT,0.0,5.2,80.0,3.0,MID,NOT,0.0,5.3,0.0,0.0,MID,NOT,0.0,5.2,90.0,2.0,MID,NOT,0.0,90.0,5.2,2.0,MID,NOT,0.0,5.1,32.0,1.0,MID,NOT,0.0,45.0,5.1,1.0,MID,NOT,1.0,5.1,0.0,0.0,2150.0,101.0
435,Mighten,MID,NOT,0.0,4.5,0.0,0.0,MID,NOT,0.0,4.5,0.0,0.0,MID,NOT,1.0,4.5,0.0,0.0,MID,NOT,1.0,4.5,0.0,0.0,MID,NOT,1.0,4.5,0.0,0.0,MID,NOT,1.0,4.5,0.0,0.0,MID,NOT,1.0,4.5,0.0,0.0,MID,NOT,1.0,4.5,0.0,0.0,MID,NOT,1.0,4.5,0.0,0.0,MID,NOT,1.0,4.5,0.0,0.0,MID,NOT,1.0,4.5,0.0,0.0,MID,NOT,1.0,4.5,0.0,0.0,MID,NOT,1.0,4.5,0.0,0.0,MID,NOT,1.0,4.5,0.0,0.0,MID,NOT,1.0,4.5,0.0,0.0,MID,NOT,1.0,4.5,0.0,0.0,MID,NOT,1.0,4.5,0.0,0.0,MID,NOT,1.0,4.5,0.0,0.0,MID,NOT,1.0,4.5,0.0,0.0,MID,NOT,1.0,4.5,0.0,0.0,MID,NOT,1.0,4.5,0.0,0.0,MID,NOT,1.0,0.0,4.5,0.0,MID,NOT,1.0,4.5,0.0,0.0,MID,NOT,1.0,4.5,0.0,0.0,MID,NOT,1.0,4.5,0.0,0.0,MID,NOT,1.0,4.5,0.0,0.0,MID,NOT,1.0,4.5,0.0,0.0,MID,NOT,1.0,4.5,0.0,0.0,MID,NOT,1.0,4.5,0.0,0.0,MID,NOT,1.0,4.5,0.0,0.0,MID,NOT,1.0,4.5,0.0,0.0,MID,NOT,1.0,0.0,4.5,0.0,MID,NOT,1.0,4.5,0.0,0.0,MID,NOT,1.0,0.0,4.5,0.0,MID,NOT,1.0,4.5,0.0,0.0,0.0,0.0
436,Murillo,DEF,NOT,0.0,4.5,90.0,2.0,DEF,NOT,0.0,4.5,90.0,7.0,DEF,NOT,0.0,4.5,90.0,2.0,DEF,NOT,0.0,4.5,90.0,6.0,DEF,NOT,0.0,4.5,90.0,1.0,DEF,NOT,0.0,4.5,90.0,1.0,DEF,NOT,0.0,4.5,90.0,2.0,DEF,NOT,0.0,4.5,90.0,8.0,DEF,NOT,0.0,4.5,90.0,2.0,DEF,NOT,0.0,4.5,90.0,6.0,DEF,NOT,0.0,4.5,90.0,7.0,DEF,NOT,0.0,4.6,90.0,1.0,DEF,NOT,0.0,4.6,90.0,7.0,DEF,NOT,0.0,4.6,90.0,0.0,DEF,NOT,0.0,4.6,90.0,1.0,DEF,NOT,0.25,4.6,67.0,2.0,DEF,NOT,0.0,4.6,90.0,5.0,DEF,NOT,0.0,4.6,90.0,8.0,DEF,NOT,0.25,4.6,0.0,0.0,DEF,NOT,0.0,4.6,90.0,9.0,DEF,NOT,0.0,4.6,90.0,3.0,DEF,NOT,0.0,90.0,4.6,1.0,DEF,NOT,0.0,4.7,90.0,0.0,DEF,NOT,0.0,4.7,71.0,5.0,DEF,NOT,0.0,4.7,90.0,1.0,DEF,NOT,0.0,4.7,90.0,0.0,DEF,NOT,0.0,4.7,90.0,6.0,DEF,NOT,0.0,4.7,90.0,8.0,DEF,NOT,0.0,4.7,90.0,1.0,DEF,NOT,0.0,4.7,90.0,9.0,DEF,NOT,0.0,4.7,90.0,1.0,DEF,NOT,0.0,90.0,4.7,2.0,DEF,NOT,0.0,4.7,90.0,2.0,DEF,NOT,0.0,90.0,4.7,1.0,DEF,NOT,0.25,4.8,80.0,10.0,3008.0,127.0
437,N.Williams,DEF,NOT,0.0,4.5,90.0,1.0,DEF,NOT,0.0,4.5,90.0,6.0,DEF,NOT,0.0,4.5,90.0,2.0,DEF,NOT,0.0,4.5,10.0,1.0,DEF,NOT,0.0,4.5,45.0,0.0,DEF,NOT,0.0,4.5,6.0,1.0,DEF,NOT,0.0,4.5,8.0,0.0,DEF,NOT,0.0,4.4,12.0,1.0,DEF,NOT,0.0,4.4,18.0,1.0,DEF,NOT,0.0,4.4,0.0,0.0,DEF,NOT,0.0,4.3,0.0,0.0,DEF,NOT,0.0,4.3,18.0,1.0,DEF,NOT,0.0,4.3,76.0,6.0,DEF,NOT,0.0,4.3,0.0,0.0,DEF,NOT,0.0,4.3,90.0,0.0,DEF,NOT,0.0,4.3,90.0,2.0,DEF,NOT,0.0,4.3,90.0,11.0,DEF,NOT,0.0,4.3,90.0,6.0,DEF,NOT,0.0,4.3,81.0,6.0,DEF,NOT,0.0,4.3,90.0,6.0,DEF,NOT,0.0,4.3,89.0,2.0,DEF,NOT,0.0,90.0,4.3,1.0,DEF,NOT,0.0,4.4,65.0,1.0,DEF,NOT,0.0,4.4,90.0,12.0,DEF,NOT,0.0,4.4,90.0,1.0,DEF,NOT,0.0,4.4,90.0,0.0,DEF,NOT,0.0,4.4,90.0,9.0,DEF,NOT,0.0,4.4,90.0,6.0,DEF,NOT,0.0,4.4,90.0,1.0,DEF,NOT,0.0,4.4,90.0,5.0,DEF,NOT,0.0,4.4,90.0,4.0,DEF,NOT,0.0,90.0,4.5,2.0,DEF,NOT,0.0,4.5,90.0,2.0,DEF,NOT,0.0,90.0,4.5,0.0,DEF,NOT,0.0,4.5,90.0,5.0,2318.0,102.0
438,O.Richards,DEF,NOT,0.0,4.5,0.0,0.0,DEF,NOT,1.0,4.5,0.0,0.0,DEF,NOT,1.0,4.5,0.0,0.0,DEF,NOT,1.0,4.5,0.0,0.0,DEF,NOT,1.0,4.5,0.0,0.0,DEF,NOT,1.0,4.5,0.0,0.0,DEF,NOT,1.0,4.5,0.0,0.0,DEF,NOT,1.0,4.5,0.0,0.0,DEF,NOT,1.0,4.5,0.0,0.0,DEF,NOT,1.0,4.5,0.0,0.0,DEF,NOT,1.0,4.5,0.0,0.0,DEF,NOT,1.0,4.5,0.0,0.0,DEF,NOT,1.0,4.5,0.0,0.0,DEF,NOT,1.0,4.5,0.0,0.0,DEF,NOT,1.0,4.5,0.0,0.0,DEF,NOT,1.0,4.5,0.0,0.0,DEF,NOT,1.0,4.5,0.0,0.0,DEF,NOT,1.0,4.5,0.0,0.0,DEF,NOT,1.0,4.5,0.0,0.0,DEF,NOT,1.0,4.5,0.0,0.0,DEF,NOT,1.0,4.5,0.0,0.0,DEF,NOT,1.0,0.0,4.5,0.0,DEF,NOT,1.0,4.5,0.0,0.0,DEF,NOT,1.0,4.5,0.0,0.0,DEF,NOT,1.0,4.5,0.0,0.0,DEF,NOT,1.0,4.5,0.0,0.0,DEF,NOT,1.0,4.5,0.0,0.0,DEF,NOT,1.0,4.5,0.0,0.0,DEF,NOT,1.0,4.5,0.0,0.0,DEF,NOT,1.0,4.5,0.0,0.0,DEF,NOT,1.0,4.5,0.0,0.0,DEF,NOT,1.0,0.0,4.5,0.0,DEF,NOT,1.0,4.5,0.0,0.0,DEF,NOT,1.0,0.0,4.5,0.0,DEF,NOT,1.0,4.5,0.0,0.0,0.0,0.0
439,L. O'Brien,MID,NOT,1.0,5.0,0.0,0.0,MID,NOT,1.0,5.0,0.0,0.0,MID,NOT,1.0,5.0,0.0,0.0,MID,NOT,1.0,5.0,0.0,0.0,MID,NOT,1.0,5.0,0.0,0.0,MID,NOT,1.0,5.0,0.0,0.0,MID,NOT,1.0,5.0,0.0,0.0,MID,NOT,1.0,5.0,0.0,0.0,MID,NOT,1.0,5.0,0.0,0.0,MID,NOT,1.0,5.0,0.0,0.0,MID,NOT,1.0,5.0,0.0,0.0,MID,NOT,1.0,5.0,0.0,0.0,MID,NOT,1.0,5.0,0.0,0.0,MID,NOT,1.0,5.0,0.0,0.0,MID,NOT,1.0,5.0,0.0,0.0,MID,NOT,1.0,5.0,0.0,0.0,MID,NOT,1.0,5.0,0.0,0.0,MID,NOT,1.0,5.0,0.0,0.0,MID,NOT,1.0,5.0,0.0,0.0,MID,NOT,1.0,5.0,0.0,0.0,MID,NOT,1.0,5.0,0.0,0.0,MID,NOT,1.0,0.0,5.0,0.0,MID,NOT,1.0,5.0,0.0,0.0,MID,NOT,1.0,5.0,0.0,0.0,MID,NOT,1.0,5.0,0.0,0.0,MID,NOT,1.0,5.0,0.0,0.0,MID,NOT,1.0,5.0,0.0,0.0,MID,NOT,1.0,5.0,0.0,0.0,MID,NOT,1.0,5.0,0.0,0.0,MID,NOT,1.0,5.0,0.0,0.0,MID,NOT,1.0,5.0,0.0,0.0,MID,NOT,1.0,0.0,5.0,0.0,MID,NOT,1.0,5.0,0.0,0.0,MID,NOT,1.0,0.0,5.0,0.0,MID,NOT,1.0,5.0,0.0,0.0,0.0,0.0
440,Omobamidele,DEF,NOT,0.0,4.5,0.0,0.0,DEF,NOT,0.0,4.5,0.0,0.0,DEF,NOT,0.0,4.4,0.0,0.0,DEF,NOT,0.0,4.4,0.0,0.0,DEF,NOT,0.0,4.4,0.0,0.0,DEF,NOT,0.0,4.3,0.0,0.0,DEF,NOT,0.0,4.3,0.0,0.0,DEF,NOT,0.0,4.3,0.0,0.0,DEF,NOT,0.0,4.3,0.0,0.0,DEF,NOT,0.0,4.3,0.0,0.0,DEF,NOT,0.0,4.3,0.0,0.0,DEF,NOT,0.0,4.3,0.0,0.0,DEF,NOT,0.0,4.3,0.0,0.0,DEF,NOT,0.0,4.3,0.0,0.0,DEF,NOT,0.0,4.3,0.0,0.0,DEF,NOT,0.0,4.3,0.0,0.0,DEF,NOT,0.0,4.3,0.0,0.0,DEF,NOT,0.0,4.2,0.0,0.0,DEF,NOT,0.0,4.2,0.0,0.0,DEF,NOT,0.0,4.2,0.0,0.0,DEF,NOT,0.0,4.2,0.0,0.0,DEF,NOT,0.0,0.0,4.2,0.0,DEF,NOT,1.0,4.2,0.0,0.0,DEF,NOT,1.0,4.2,0.0,0.0,DEF,NOT,1.0,4.2,0.0,0.0,DEF,NOT,1.0,4.2,0.0,0.0,DEF,NOT,1.0,4.2,0.0,0.0,DEF,NOT,1.0,4.2,0.0,0.0,DEF,NOT,1.0,4.2,0.0,0.0,DEF,NOT,1.0,4.2,0.0,0.0,DEF,NOT,1.0,4.2,0.0,0.0,DEF,NOT,0.0,0.0,4.2,0.0,DEF,NOT,1.0,4.2,0.0,0.0,DEF,NOT,0.0,0.0,4.2,0.0,DEF,NOT,1.0,4.2,0.0,0.0,0.0,0.0
441,Panzo,DEF,NOT,1.0,4.0,0.0,0.0,DEF,NOT,1.0,4.0,0.0,0.0,DEF,NOT,1.0,4.0,0.0,0.0,DEF,NOT,1.0,4.0,0.0,0.0,DEF,NOT,1.0,4.0,0.0,0.0,DEF,NOT,1.0,4.0,0.0,0.0,DEF,NOT,1.0,4.0,0.0,0.0,DEF,NOT,1.0,4.0,0.0,0.0,DEF,NOT,1.0,4.0,0.0,0.0,DEF,NOT,1.0,4.0,0.0,0.0,DEF,NOT,1.0,4.0,0.0,0.0,DEF,NOT,1.0,4.0,0.0,0.0,DEF,NOT,1.0,4.0,0.0,0.0,DEF,NOT,1.0,4.0,0.0,0.0,DEF,NOT,1.0,4.0,0.0,0.0,DEF,NOT,1.0,4.0,0.0,0.0,DEF,NOT,1.0,4.0,0.0,0.0,DEF,NOT,1.0,4.0,0.0,0.0,DEF,NOT,1.0,4.0,0.0,0.0,DEF,NOT,1.0,4.0,0.0,0.0,DEF,NOT,1.0,4.0,0.0,0.0,DEF,NOT,1.0,0.0,4.0,0.0,DEF,NOT,1.0,4.0,0.0,0.0,DEF,NOT,1.0,4.0,0.0,0.0,DEF,NOT,1.0,4.0,0.0,0.0,DEF,NOT,1.0,4.0,0.0,0.0,DEF,NOT,1.0,4.0,0.0,0.0,DEF,NOT,1.0,4.0,0.0,0.0,DEF,NOT,1.0,4.0,0.0,0.0,DEF,NOT,1.0,4.0,0.0,0.0,DEF,NOT,1.0,4.0,0.0,0.0,DEF,NOT,1.0,0.0,4.0,0.0,DEF,NOT,1.0,4.0,0.0,0.0,DEF,NOT,1.0,0.0,4.0,0.0,DEF,NOT,1.0,4.0,0.0,0.0,0.0,0.0
442,Sangaré,MID,NOT,0.0,4.5,90.0,2.0,MID,NOT,0.0,4.5,65.0,2.0,MID,NOT,0.0,4.5,57.0,0.0,MID,NOT,0.25,4.5,0.0,0.0,MID,NOT,1.0,4.5,0.0,0.0,MID,NOT,1.0,4.5,0.0,0.0,MID,NOT,1.0,4.4,0.0,0.0,MID,NOT,1.0,4.4,0.0,0.0,MID,NOT,1.0,4.4,0.0,0.0,MID,NOT,1.0,4.4,0.0,0.0,MID,NOT,0.5,4.4,0.0,0.0,MID,NOT,1.0,4.4,0.0,0.0,MID,NOT,1.0,4.4,0.0,0.0,MID,NOT,1.0,4.4,0.0,0.0,MID,NOT,1.0,4.4,0.0,0.0,MID,NOT,1.0,4.4,0.0,0.0,MID,NOT,1.0,4.4,0.0,0.0,MID,NOT,1.0,4.4,0.0,0.0,MID,NOT,1.0,4.3,0.0,0.0,MID,NOT,1.0,4.3,0.0,0.0,MID,NOT,1.0,4.3,0.0,0.0,MID,NOT,1.0,0.0,4.3,0.0,MID,NOT,1.0,4.3,0.0,0.0,MID,NOT,0.0,4.3,8.0,4.0,MID,NOT,0.0,4.3,27.0,1.0,MID,NOT,0.0,4.3,13.0,1.0,MID,NOT,0.0,4.3,0.0,0.0,MID,NOT,0.0,4.3,10.0,1.0,MID,NOT,0.0,4.3,0.0,0.0,MID,NOT,0.0,4.3,4.0,1.0,MID,NOT,0.0,4.3,0.0,0.0,MID,NOT,1.0,0.0,4.3,0.0,MID,NOT,0.0,4.3,0.0,0.0,MID,NOT,1.0,15.0,4.3,1.0,MID,NOT,0.0,4.3,75.0,1.0,364.0,14.0
443,Sels,GKP,NOT,0.0,4.5,90.0,3.0,GKP,NOT,0.0,4.5,90.0,6.0,GKP,NOT,0.0,4.5,90.0,2.0,GKP,NOT,0.0,4.5,90.0,9.0,GKP,NOT,0.0,4.5,90.0,1.0,GKP,NOT,0.0,4.5,90.0,2.0,GKP,NOT,0.0,4.5,90.0,3.0,GKP,NOT,0.0,4.5,90.0,11.0,GKP,NOT,0.0,4.6,90.0,5.0,GKP,NOT,0.0,4.6,90.0,6.0,GKP,NOT,0.0,4.7,90.0,2.0,GKP,NOT,0.0,4.7,90.0,2.0,GKP,NOT,0.0,4.7,90.0,6.0,GKP,NOT,0.0,4.7,90.0,2.0,GKP,NOT,0.0,4.7,90.0,2.0,GKP,NOT,0.0,4.7,90.0,2.0,GKP,NOT,0.0,4.7,90.0,7.0,GKP,NOT,0.0,4.8,90.0,8.0,GKP,NOT,0.0,4.8,90.0,6.0,GKP,NOT,0.0,4.9,90.0,9.0,GKP,NOT,0.0,5.0,90.0,3.0,GKP,NOT,0.0,90.0,5.0,1.0,GKP,NOT,0.0,5.0,90.0,1.0,GKP,NOT,0.0,5.0,90.0,8.0,GKP,NOT,0.0,5.0,90.0,3.0,GKP,NOT,0.0,5.0,90.0,0.0,GKP,NOT,0.0,5.0,90.0,6.0,GKP,NOT,0.0,5.0,90.0,8.0,GKP,NOT,0.0,5.1,90.0,1.0,GKP,NOT,0.0,5.1,90.0,8.0,GKP,NOT,0.0,5.1,90.0,3.0,GKP,NOT,0.0,90.0,5.1,3.0,GKP,NOT,0.0,5.1,90.0,2.0,GKP,NOT,0.0,90.0,5.1,1.0,GKP,NOT,0.0,5.2,90.0,1.0,3150.0,143.0
444,Toffolo,DEF,NOT,0.0,4.5,36.0,1.0,DEF,NOT,0.0,4.5,0.0,0.0,DEF,NOT,0.0,4.4,0.0,0.0,DEF,NOT,0.0,4.4,0.0,0.0,DEF,NOT,0.0,4.4,0.0,0.0,DEF,NOT,0.0,4.4,0.0,0.0,DEF,NOT,0.0,4.3,0.0,0.0,DEF,NOT,0.0,4.3,0.0,0.0,DEF,NOT,0.0,4.3,0.0,0.0,DEF,NOT,0.0,4.3,0.0,0.0,DEF,NOT,0.0,4.3,0.0,0.0,DEF,NOT,0.0,4.3,0.0,0.0,DEF,NOT,0.0,4.3,0.0,0.0,DEF,NOT,0.0,4.3,0.0,0.0,DEF,NOT,0.0,4.3,0.0,0.0,DEF,NOT,0.0,4.3,0.0,0.0,DEF,NOT,0.0,4.3,1.0,1.0,DEF,NOT,0.0,4.2,0.0,0.0,DEF,NOT,0.0,4.2,8.0,1.0,DEF,NOT,0.0,4.2,0.0,0.0,DEF,NOT,0.0,4.2,0.0,0.0,DEF,NOT,0.0,0.0,4.2,0.0,DEF,NOT,0.0,4.2,0.0,0.0,DEF,NOT,0.0,4.2,0.0,0.0,DEF,NOT,0.0,4.2,0.0,0.0,DEF,NOT,0.0,4.2,0.0,0.0,DEF,NOT,0.0,4.2,0.0,0.0,DEF,NOT,0.0,4.2,0.0,0.0,DEF,NOT,0.0,4.2,0.0,0.0,DEF,NOT,0.0,4.2,0.0,0.0,DEF,NOT,0.0,4.2,0.0,0.0,DEF,NOT,0.0,0.0,4.2,0.0,DEF,NOT,0.0,4.2,90.0,1.0,DEF,NOT,0.0,0.0,4.2,0.0,DEF,NOT,0.0,4.2,0.0,0.0,135.0,4.0
445,Turner,GKP,NOT,0.0,4.0,0.0,0.0,GKP,NOT,0.0,4.0,0.0,0.0,GKP,CRY,0.0,4.0,0.0,0.0,GKP,CRY,0.0,4.0,0.0,0.0,GKP,CRY,0.0,4.0,0.0,0.0,GKP,CRY,0.0,4.0,0.0,0.0,GKP,CRY,1.0,4.0,0.0,0.0,GKP,CRY,0.0,4.0,0.0,0.0,GKP,CRY,0.0,4.0,0.0,0.0,GKP,CRY,0.0,4.0,0.0,0.0,GKP,CRY,0.0,4.0,0.0,0.0,GKP,CRY,0.0,4.0,0.0,0.0,GKP,CRY,0.0,4.0,0.0,0.0,GKP,CRY,0.0,4.0,0.0,0.0,GKP,CRY,0.0,4.0,0.0,0.0,GKP,CRY,0.0,4.0,0.0,0.0,GKP,CRY,0.0,4.0,0.0,0.0,GKP,CRY,0.0,4.0,0.0,0.0,GKP,CRY,0.0,3.9,0.0,0.0,GKP,CRY,0.0,3.9,0.0,0.0,GKP,CRY,0.0,3.9,0.0,0.0,GKP,CRY,0.0,0.0,3.9,0.0,GKP,CRY,0.0,3.9,0.0,0.0,GKP,CRY,0.0,3.9,0.0,0.0,GKP,CRY,0.0,3.9,0.0,0.0,GKP,CRY,0.0,3.9,0.0,0.0,GKP,CRY,0.0,3.9,0.0,0.0,GKP,CRY,0.0,3.9,0.0,0.0,GKP,CRY,0.0,3.9,0.0,0.0,GKP,CRY,0.0,3.9,0.0,0.0,GKP,CRY,0.0,3.9,0.0,0.0,GKP,CRY,0.0,0.0,3.9,0.0,GKP,CRY,1.0,3.9,0.0,0.0,GKP,CRY,0.0,0.0,0.0,0.0,GKP,CRY,0.0,3.9,0.0,0.0,0.0,0.0
445,Turner,GKP,NOT,0.0,4.0,0.0,0.0,GKP,NOT,0.0,4.0,0.0,0.0,GKP,CRY,0.0,4.0,0.0,0.0,GKP,CRY,0.0,4.0,0.0,0.0,GKP,CRY,0.0,4.0,0.0,0.0,GKP,CRY,0.0,4.0,0.0,0.0,GKP,CRY,1.0,4.0,0.0,0.0,GKP,CRY,0.0,4.0,0.0,0.0,GKP,CRY,0.0,4.0,0.0,0.0,GKP,CRY,0.0,4.0,0.0,0.0,GKP,CRY,0.0,4.0,0.0,0.0,GKP,CRY,0.0,4.0,0.0,0.0,GKP,CRY,0.0,4.0,0.0,0.0,GKP,CRY,0.0,4.0,0.0,0.0,GKP,CRY,0.0,4.0,0.0,0.0,GKP,CRY,0.0,4.0,0.0,0.0,GKP,CRY,0.0,4.0,0.0,0.0,GKP,CRY,0.0,4.0,0.0,0.0,GKP,CRY,0.0,3.9,0.0,0.0,GKP,CRY,0.0,3.9,0.0,0.0,GKP,CRY,0.0,3.9,0.0,0.0,GKP,CRY,0.0,0.0,3.9,0.0,GKP,CRY,0.0,3.9,0.0,0.0,GKP,CRY,0.0,3.9,0.0,0.0,GKP,CRY,0.0,3.9,0.0,0.0,GKP,CRY,0.0,3.9,0.0,0.0,GKP,CRY,0.0,3.9,0.0,0.0,GKP,CRY,0.0,3.9,0.0,0.0,GKP,CRY,0.0,3.9,0.0,0.0,GKP,CRY,0.0,3.9,0.0,0.0,GKP,CRY,0.0,3.9,0.0,0.0,GKP,CRY,0.0,0.0,3.9,0.0,GKP,CRY,1.0,3.9,0.0,0.0,GKP,CRY,0.0,0.0,0.0,0.0,GKP,CRY,0.0,3.9,0.0,0.0,0.0,0.0
446,Ui-jo,FWD,NOT,0.0,4.5,0.0,0.0,FWD,NOT,0.0,4.5,0.0,0.0,FWD,NOT,0.0,4.5,0.0,0.0,FWD,NOT,1.0,4.5,0.0,0.0,FWD,NOT,1.0,4.5,0.0,0.0,FWD,NOT,1.0,4.5,0.0,0.0,FWD,NOT,1.0,4.5,0.0,0.0,FWD,NOT,1.0,4.5,0.0,0.0,FWD,NOT,1.0,4.5,0.0,0.0,FWD,NOT,1.0,4.5,0.0,0.0,FWD,NOT,1.0,4.5,0.0,0.0,FWD,NOT,1.0,4.5,0.0,0.0,FWD,NOT,1.0,4.5,0.0,0.0,FWD,NOT,1.0,4.5,0.0,0.0,FWD,NOT,1.0,4.5,0.0,0.0,FWD,NOT,1.0,4.5,0.0,0.0,FWD,NOT,1.0,4.5,0.0,0.0,FWD,NOT,1.0,4.5,0.0,0.0,FWD,NOT,1.0,4.5,0.0,0.0,FWD,NOT,1.0,4.5,0.0,0.0,FWD,NOT,1.0,4.5,0.0,0.0,FWD,NOT,1.0,0.0,4.5,0.0,FWD,NOT,1.0,4.5,0.0,0.0,FWD,NOT,1.0,4.5,0.0,0.0,FWD,NOT,1.0,4.5,0.0,0.0,FWD,NOT,1.0,4.5,0.0,0.0,FWD,NOT,1.0,4.5,0.0,0.0,FWD,NOT,1.0,4.5,0.0,0.0,FWD,NOT,1.0,4.5,0.0,0.0,FWD,NOT,1.0,4.5,0.0,0.0,FWD,NOT,1.0,4.5,0.0,0.0,FWD,NOT,1.0,0.0,4.5,0.0,FWD,NOT,1.0,4.5,0.0,0.0,FWD,NOT,1.0,0.0,4.5,0.0,FWD,NOT,1.0,4.5,0.0,0.0,0.0,0.0
447,C. Wood,FWD,NOT,0.0,6.0,71.0,9.0,FWD,NOT,0.0,6.1,74.0,1.0,FWD,NOT,0.0,6.1,90.0,9.0,FWD,NOT,0.0,6.1,80.0,2.0,FWD,NOT,0.0,6.1,71.0,8.0,FWD,NOT,0.0,6.2,90.0,2.0,FWD,NOT,0.0,6.2,81.0,8.0,FWD,NOT,0.0,6.3,83.0,7.0,FWD,NOT,0.25,6.4,80.0,13.0,FWD,NOT,0.0,6.5,78.0,7.0,FWD,NOT,0.0,6.6,90.0,2.0,FWD,NOT,0.0,6.6,27.0,1.0,FWD,NOT,0.0,6.6,90.0,9.0,FWD,NOT,0.0,6.5,61.0,2.0,FWD,NOT,0.0,6.5,78.0,8.0,FWD,NOT,0.0,6.6,90.0,2.0,FWD,NOT,0.0,6.6,90.0,2.0,FWD,NOT,0.0,6.6,86.0,2.0,FWD,NOT,0.0,6.7,75.0,12.0,FWD,NOT,0.0,6.8,87.0,8.0,FWD,NOT,0.0,7.0,89.0,9.0,FWD,NOT,0.0,82.0,7.0,12.0,FWD,NOT,0.0,7.1,90.0,2.0,FWD,NOT,0.0,7.1,81.0,17.0,FWD,NOT,0.0,7.1,90.0,9.0,FWD,NOT,0.0,7.2,90.0,5.0,FWD,NOT,0.0,7.2,84.0,2.0,FWD,NOT,0.0,7.3,86.0,2.0,FWD,NOT,0.25,7.3,79.0,2.0,FWD,NOT,0.25,7.1,0.0,0.0,FWD,NOT,0.25,7.0,0.0,0.0,FWD,NOT,0.0,90.0,7.0,2.0,FWD,NOT,0.0,7.0,75.0,8.0,FWD,NOT,0.0,90.0,7.0,2.0,FWD,NOT,0.0,7.1,90.0,2.0,2688.0,188.0
448,Worrall,DEF,NOT,0.0,4.5,0.0,0.0,DEF,NOT,0.0,4.5,0.0,0.0,DEF,NOT,1.0,4.5,0.0,0.0,DEF,NOT,1.0,4.5,0.0,0.0,DEF,NOT,1.0,4.5,0.0,0.0,DEF,NOT,1.0,4.5,0.0,0.0,DEF,NOT,1.0,4.5,0.0,0.0,DEF,NOT,1.0,4.5,0.0,0.0,DEF,NOT,1.0,4.5,0.0,0.0,DEF,NOT,1.0,4.5,0.0,0.0,DEF,NOT,1.0,4.5,0.0,0.0,DEF,NOT,1.0,4.5,0.0,0.0,DEF,NOT,1.0,4.5,0.0,0.0,DEF,NOT,1.0,4.5,0.0,0.0,DEF,NOT,1.0,4.5,0.0,0.0,DEF,NOT,1.0,4.5,0.0,0.0,DEF,NOT,1.0,4.5,0.0,0.0,DEF,NOT,1.0,4.5,0.0,0.0,DEF,NOT,1.0,4.5,0.0,0.0,DEF,NOT,1.0,4.5,0.0,0.0,DEF,NOT,1.0,4.5,0.0,0.0,DEF,NOT,1.0,0.0,4.5,0.0,DEF,NOT,1.0,4.5,0.0,0.0,DEF,NOT,1.0,4.5,0.0,0.0,DEF,NOT,1.0,4.5,0.0,0.0,DEF,NOT,1.0,4.5,0.0,0.0,DEF,NOT,1.0,4.5,0.0,0.0,DEF,NOT,1.0,4.5,0.0,0.0,DEF,NOT,1.0,4.5,0.0,0.0,DEF,NOT,1.0,4.5,0.0,0.0,DEF,NOT,1.0,4.5,0.0,0.0,DEF,NOT,1.0,0.0,4.5,0.0,DEF,NOT,1.0,4.5,0.0,0.0,DEF,NOT,1.0,0.0,4.5,0.0,DEF,NOT,1.0,4.5,0.0,0.0,0.0,0.0
449,Yates,MID,NOT,0.0,5.0,75.0,7.0,MID,NOT,0.0,5.0,24.0,1.0,MID,NOT,0.0,5.0,32.0,1.0,MID,NOT,0.0,5.0,90.0,2.0,MID,NOT,0.0,5.0,45.0,1.0,MID,NOT,0.0,5.0,90.0,1.0,MID,NOT,0.0,4.9,90.0,2.0,MID,NOT,0.0,4.9,90.0,3.0,MID,NOT,0.0,4.9,90.0,8.0,MID,NOT,0.0,4.9,90.0,3.0,MID,NOT,0.0,4.9,90.0,1.0,MID,NOT,0.0,4.9,90.0,1.0,MID,NOT,0.0,4.9,90.0,3.0,MID,NOT,0.0,4.9,45.0,1.0,MID,NOT,0.0,4.9,90.0,2.0,MID,NOT,0.25,4.9,67.0,2.0,MID,NOT,0.0,4.9,26.0,1.0,MID,NOT,1.0,4.9,90.0,2.0,MID,NOT,0.0,4.9,0.0,0.0,MID,NOT,0.0,4.9,20.0,1.0,MID,NOT,0.0,4.9,75.0,1.0,MID,NOT,0.0,7.0,4.9,1.0,MID,NOT,0.0,4.9,45.0,1.0,MID,NOT,0.0,4.9,0.0,0.0,MID,NOT,0.0,4.8,0.0,0.0,MID,NOT,0.0,4.8,14.0,5.0,MID,NOT,0.0,4.8,28.0,1.0,MID,NOT,0.0,4.8,21.0,0.0,MID,NOT,0.0,4.8,23.0,1.0,MID,NOT,0.0,4.8,90.0,6.0,MID,NOT,0.0,4.8,90.0,2.0,MID,NOT,0.0,15.0,4.8,1.0,MID,NOT,0.0,4.8,32.0,0.0,MID,NOT,0.0,84.0,4.8,2.0,MID,NOT,0.0,4.8,14.0,0.0,1862.0,64.0
450,Alcaraz,MID,SOU,0.0,5.0,9.0,1.0,MID,SOU,0.0,5.0,0.0,0.0,MID,SOU,1.0,4.9,0.0,0.0,MID,SOU,1.0,4.9,0.0,0.0,MID,SOU,1.0,4.9,0.0,0.0,MID,SOU,1.0,4.9,0.0,0.0,MID,SOU,1.0,4.9,0.0,0.0,MID,SOU,1.0,4.9,0.0,0.0,MID,SOU,1.0,4.9,0.0,0.0,MID,SOU,1.0,4.9,0.0,0.0,MID,SOU,1.0,4.9,0.0,0.0,MID,SOU,1.0,4.9,0.0,0.0,MID,SOU,1.0,4.9,0.0,0.0,MID,SOU,1.0,4.9,0.0,0.0,MID,SOU,1.0,4.9,0.0,0.0,MID,SOU,1.0,4.9,0.0,0.0,MID,SOU,1.0,4.9,0.0,0.0,MID,SOU,1.0,4.9,0.0,0.0,MID,SOU,1.0,4.9,0.0,0.0,MID,SOU,1.0,4.9,0.0,0.0,MID,SOU,1.0,4.9,0.0,0.0,MID,SOU,1.0,0.0,4.9,0.0,MID,SOU,1.0,4.9,0.0,0.0,MID,EVE,0.0,4.9,13.0,1.0,MID,EVE,0.0,4.9,85.0,13.0,MID,EVE,0.0,4.9,9.0,1.0,MID,EVE,0.0,4.9,90.0,1.0,MID,EVE,0.0,4.9,27.0,0.0,MID,EVE,0.0,4.9,90.0,2.0,MID,EVE,0.0,4.9,77.0,2.0,MID,EVE,0.0,4.8,15.0,0.0,MID,EVE,1.0,23.0,4.8,1.0,MID,EVE,0.0,4.7,11.0,1.0,MID,EVE,1.0,45.0,4.7,1.0,MID,EVE,0.0,4.7,89.0,4.0,583.0,28.0
451,Amo-Ameyaw,MID,SOU,0.0,4.5,9.0,1.0,MID,SOU,0.0,4.5,0.0,0.0,MID,SOU,0.0,4.5,0.0,0.0,MID,SOU,0.0,4.5,0.0,0.0,MID,SOU,0.0,4.5,0.0,0.0,MID,SOU,0.0,4.5,0.0,0.0,MID,SOU,0.0,4.5,0.0,0.0,MID,SOU,0.0,4.5,0.0,0.0,MID,SOU,0.0,4.5,0.0,0.0,MID,SOU,0.0,4.5,0.0,0.0,MID,SOU,0.0,4.5,0.0,0.0,MID,SOU,0.0,4.4,0.0,0.0,MID,SOU,0.0,4.4,0.0,0.0,MID,SOU,0.0,4.4,0.0,0.0,MID,SOU,0.0,4.4,17.0,0.0,MID,SOU,0.0,4.4,0.0,0.0,MID,SOU,0.0,4.4,0.0,0.0,MID,SOU,0.0,4.4,0.0,0.0,MID,SOU,0.0,4.4,0.0,0.0,MID,SOU,0.0,4.4,0.0,0.0,MID,SOU,0.0,4.4,0.0,0.0,MID,SOU,0.0,0.0,4.4,0.0,MID,SOU,0.0,4.4,0.0,0.0,MID,SOU,1.0,4.4,0.0,0.0,MID,SOU,1.0,4.4,0.0,0.0,MID,SOU,1.0,4.4,0.0,0.0,MID,SOU,1.0,4.4,0.0,0.0,MID,SOU,1.0,4.4,0.0,0.0,MID,SOU,1.0,4.4,0.0,0.0,MID,SOU,1.0,4.4,0.0,0.0,MID,SOU,1.0,4.4,0.0,0.0,MID,SOU,0.0,0.0,4.4,0.0,MID,SOU,1.0,4.4,0.0,0.0,MID,SOU,0.0,0.0,4.4,0.0,MID,SOU,1.0,4.4,0.0,0.0,26.0,1.0
452,Aribo,MID,SOU,0.0,5.0,69.0,2.0,MID,SOU,0.0,5.0,75.0,2.0,MID,SOU,0.0,5.0,81.0,2.0,MID,SOU,0.0,5.0,0.0,0.0,MID,SOU,0.0,5.0,1.0,1.0,MID,SOU,0.0,4.9,45.0,1.0,MID,SOU,0.0,4.9,90.0,2.0,MID,SOU,0.0,4.9,90.0,9.0,MID,SOU,0.0,4.9,30.0,1.0,MID,SOU,0.0,4.9,45.0,1.0,MID,SOU,0.0,4.9,72.0,2.0,MID,SOU,0.0,4.9,53.0,1.0,MID,SOU,0.0,4.9,24.0,1.0,MID,SOU,0.0,4.9,90.0,8.0,MID,SOU,0.0,4.9,45.0,1.0,MID,SOU,0.0,4.9,90.0,2.0,MID,SOU,0.0,4.9,56.0,1.0,MID,SOU,0.0,4.9,29.0,1.0,MID,SOU,0.0,4.9,50.0,1.0,MID,SOU,0.0,4.9,86.0,2.0,MID,SOU,0.0,4.9,72.0,3.0,MID,SOU,0.0,90.0,4.9,1.0,MID,SOU,0.0,4.9,87.0,2.0,MID,SOU,0.0,4.9,90.0,10.0,MID,SOU,0.0,4.9,84.0,3.0,MID,SOU,0.0,4.9,90.0,2.0,MID,SOU,0.0,4.9,90.0,2.0,MID,SOU,0.0,4.9,7.0,1.0,MID,SOU,0.0,4.9,90.0,2.0,MID,SOU,0.0,4.9,19.0,1.0,MID,SOU,0.0,4.9,63.0,2.0,MID,SOU,0.0,0.0,4.9,0.0,MID,SOU,0.0,4.9,0.0,0.0,MID,SOU,0.0,0.0,4.9,0.0,MID,SOU,0.0,4.9,0.0,0.0,1903.0,70.0
453,A. Armstrong,FWD,SOU,0.0,5.5,90.0,2.0,FWD,SOU,0.0,5.5,70.0,1.0,FWD,SOU,0.0,5.5,45.0,1.0,FWD,SOU,0.0,5.4,0.0,0.0,FWD,SOU,0.0,5.4,8.0,1.0,FWD,SOU,0.0,5.3,0.0,0.0,FWD,SOU,0.0,5.3,16.0,1.0,FWD,SOU,0.0,5.2,0.0,0.0,FWD,SOU,0.0,5.2,45.0,0.0,FWD,SOU,0.0,5.1,90.0,7.0,FWD,SOU,0.0,5.1,90.0,2.0,FWD,SOU,0.0,5.1,76.0,7.0,FWD,SOU,0.0,5.1,90.0,5.0,FWD,SOU,0.0,5.1,61.0,1.0,FWD,SOU,0.0,5.1,90.0,2.0,FWD,SOU,0.0,5.1,81.0,2.0,FWD,SOU,0.0,5.1,90.0,2.0,FWD,SOU,0.0,5.1,72.0,2.0,FWD,SOU,0.0,5.1,64.0,5.0,FWD,SOU,0.0,5.1,35.0,1.0,FWD,SOU,0.0,5.1,17.0,1.0,FWD,SOU,0.0,57.0,5.1,1.0,FWD,SOU,0.0,5.1,59.0,1.0,FWD,SOU,1.0,5.1,0.0,0.0,FWD,SOU,1.0,5.1,0.0,0.0,FWD,SOU,1.0,5.1,0.0,0.0,FWD,SOU,1.0,5.1,0.0,0.0,FWD,SOU,1.0,5.1,0.0,0.0,FWD,SOU,1.0,5.1,0.0,0.0,FWD,SOU,1.0,5.1,0.0,0.0,FWD,SOU,1.0,5.1,0.0,0.0,FWD,SOU,0.0,0.0,5.1,0.0,FWD,SOU,1.0,5.1,0.0,0.0,FWD,SOU,0.0,0.0,5.1,0.0,FWD,SOU,1.0,5.1,0.0,0.0,1246.0,45.0
454,Bazunu,GKP,SOU,0.0,4.5,0.0,0.0,GKP,SOU,1.0,4.5,0.0,0.0,GKP,SOU,1.0,4.4,0.0,0.0,GKP,SOU,1.0,4.4,0.0,0.0,GKP,SOU,1.0,4.4,0.0,0.0,GKP,SOU,1.0,4.4,0.0,0.0,GKP,SOU,1.0,4.4,0.0,0.0,GKP,SOU,1.0,4.4,0.0,0.0,GKP,SOU,1.0,4.4,0.0,0.0,GKP,SOU,1.0,4.3,0.0,0.0,GKP,SOU,1.0,4.3,0.0,0.0,GKP,SOU,1.0,4.3,0.0,0.0,GKP,SOU,1.0,4.3,0.0,0.0,GKP,SOU,1.0,4.3,0.0,0.0,GKP,SOU,1.0,4.3,0.0,0.0,GKP,SOU,1.0,4.3,0.0,0.0,GKP,SOU,1.0,4.3,0.0,0.0,GKP,SOU,1.0,4.3,0.0,0.0,GKP,SOU,1.0,4.3,0.0,0.0,GKP,SOU,1.0,4.3,0.0,0.0,GKP,SOU,0.25,4.3,0.0,0.0,GKP,SOU,0.25,0.0,4.3,0.0,GKP,SOU,0.0,4.3,0.0,0.0,GKP,SOU,1.0,4.3,0.0,0.0,GKP,SOU,1.0,4.3,0.0,0.0,GKP,SOU,1.0,4.3,0.0,0.0,GKP,SOU,1.0,4.3,0.0,0.0,GKP,SOU,1.0,4.3,0.0,0.0,GKP,SOU,1.0,4.3,0.0,0.0,GKP,SOU,1.0,4.3,0.0,0.0,GKP,SOU,1.0,4.3,0.0,0.0,GKP,SOU,0.25,0.0,4.3,0.0,GKP,SOU,1.0,4.3,0.0,0.0,GKP,SOU,0.25,0.0,4.3,0.0,GKP,SOU,1.0,4.3,0.0,0.0,0.0,0.0
455,Bednarek,DEF,SOU,0.0,4.0,80.0,2.0,DEF,SOU,0.0,4.0,90.0,1.0,DEF,SOU,0.0,4.0,90.0,1.0,DEF,SOU,0.0,4.0,90.0,1.0,DEF,SOU,0.0,4.0,90.0,2.0,DEF,SOU,0.0,4.0,90.0,1.0,DEF,SOU,0.0,4.0,90.0,0.0,DEF,SOU,0.0,4.0,90.0,1.0,DEF,SOU,0.0,4.0,90.0,2.0,DEF,SOU,0.0,4.0,90.0,5.0,DEF,SOU,0.0,4.0,90.0,1.0,DEF,SOU,1.0,4.0,0.0,0.0,DEF,SOU,1.0,4.0,0.0,0.0,DEF,SOU,0.5,4.0,0.0,0.0,DEF,SOU,0.5,4.0,0.0,0.0,DEF,SOU,0.0,4.0,90.0,0.0,DEF,SOU,0.0,4.0,90.0,8.0,DEF,SOU,0.0,4.0,90.0,2.0,DEF,SOU,0.0,4.0,90.0,0.0,DEF,SOU,0.0,4.0,90.0,0.0,DEF,SOU,0.0,4.0,82.0,2.0,DEF,SOU,0.0,90.0,4.0,7.0,DEF,SOU,0.0,4.0,90.0,7.0,DEF,SOU,0.0,4.0,90.0,1.0,DEF,SOU,0.0,4.0,90.0,1.0,DEF,SOU,0.25,4.0,11.0,1.0,DEF,SOU,0.5,4.0,0.0,0.0,DEF,SOU,0.25,4.0,18.0,1.0,DEF,SOU,0.0,4.0,0.0,0.0,DEF,SOU,0.0,4.0,90.0,1.0,DEF,SOU,0.0,4.0,90.0,1.0,DEF,SOU,0.0,90.0,4.0,0.0,DEF,SOU,0.0,4.0,90.0,2.0,DEF,SOU,0.0,90.0,4.0,1.0,DEF,SOU,0.0,4.0,90.0,1.0,2441.0,53.0
456,Bella-Kotchap,DEF,SOU,0.0,4.0,0.0,0.0,DEF,SOU,0.0,4.0,0.0,0.0,DEF,SOU,0.0,4.0,0.0,0.0,DEF,SOU,0.0,4.0,0.0,0.0,DEF,SOU,0.0,4.0,0.0,0.0,DEF,SOU,0.0,4.0,0.0,0.0,DEF,SOU,0.0,4.0,0.0,0.0,DEF,SOU,0.0,3.9,0.0,0.0,DEF,SOU,0.0,3.9,0.0,0.0,DEF,SOU,0.0,3.9,0.0,0.0,DEF,SOU,0.0,3.9,0.0,0.0,DEF,SOU,0.0,3.9,0.0,0.0,DEF,SOU,0.0,3.9,0.0,0.0,DEF,SOU,0.0,3.9,0.0,0.0,DEF,SOU,0.0,3.9,0.0,0.0,DEF,SOU,0.0,3.9,0.0,0.0,DEF,SOU,0.0,3.9,0.0,0.0,DEF,SOU,0.0,3.9,0.0,0.0,DEF,SOU,0.0,3.9,0.0,0.0,DEF,SOU,0.0,3.9,0.0,0.0,DEF,SOU,0.0,3.9,0.0,0.0,DEF,SOU,0.0,0.0,3.9,0.0,DEF,SOU,0.0,3.9,0.0,0.0,DEF,SOU,0.0,3.9,0.0,0.0,DEF,SOU,0.0,3.9,0.0,0.0,DEF,SOU,0.0,3.9,78.0,0.0,DEF,SOU,0.0,3.9,90.0,0.0,DEF,SOU,0.0,3.9,71.0,1.0,DEF,SOU,0.0,3.9,90.0,1.0,DEF,SOU,0.0,3.9,0.0,0.0,DEF,SOU,0.0,3.9,0.0,0.0,DEF,SOU,0.0,0.0,3.9,0.0,DEF,SOU,0.0,3.9,0.0,0.0,DEF,SOU,0.0,0.0,3.9,0.0,DEF,SOU,0.0,3.9,0.0,0.0,329.0,2.0
457,Bree,DEF,SOU,0.0,4.0,0.0,0.0,DEF,SOU,0.0,4.0,0.0,0.0,DEF,SOU,0.0,4.0,0.0,0.0,DEF,SOU,0.0,4.0,0.0,0.0,DEF,SOU,0.0,4.0,0.0,0.0,DEF,SOU,0.0,4.0,0.0,0.0,DEF,SOU,0.0,4.0,0.0,0.0,DEF,SOU,0.0,4.0,0.0,0.0,DEF,SOU,0.0,4.0,13.0,1.0,DEF,SOU,0.0,3.9,0.0,0.0,DEF,SOU,0.0,3.9,0.0,0.0,DEF,SOU,0.0,3.9,0.0,0.0,DEF,SOU,0.0,3.9,0.0,0.0,DEF,SOU,0.0,3.9,77.0,0.0,DEF,SOU,0.0,3.9,45.0,1.0,DEF,SOU,0.25,3.9,0.0,0.0,DEF,SOU,0.25,3.9,10.0,1.0,DEF,SOU,0.0,3.9,29.0,1.0,DEF,SOU,0.0,3.9,90.0,1.0,DEF,SOU,0.0,3.9,45.0,1.0,DEF,SOU,0.0,3.9,90.0,1.0,DEF,SOU,0.0,85.0,3.9,1.0,DEF,SOU,0.0,3.9,87.0,4.0,DEF,SOU,0.0,3.9,90.0,2.0,DEF,SOU,0.0,3.9,90.0,1.0,DEF,SOU,0.0,3.9,90.0,0.0,DEF,SOU,0.0,3.9,45.0,0.0,DEF,SOU,1.0,3.9,0.0,0.0,DEF,SOU,1.0,3.9,0.0,0.0,DEF,SOU,0.0,3.9,0.0,0.0,DEF,SOU,0.0,3.9,0.0,0.0,DEF,SOU,0.0,0.0,3.9,0.0,DEF,SOU,0.0,3.9,0.0,0.0,DEF,SOU,0.0,4.0,3.9,1.0,DEF,SOU,0.0,3.9,0.0,0.0,890.0,16.0
458,Charles,MID,SOU,0.0,4.5,0.0,0.0,MID,SOU,0.0,4.5,0.0,0.0,MID,SOU,1.0,4.5,0.0,0.0,MID,SOU,1.0,4.5,0.0,0.0,MID,SOU,1.0,4.5,0.0,0.0,MID,SOU,1.0,4.5,0.0,0.0,MID,SOU,1.0,4.5,0.0,0.0,MID,SOU,1.0,4.5,0.0,0.0,MID,SOU,1.0,4.5,0.0,0.0,MID,SOU,1.0,4.5,0.0,0.0,MID,SOU,1.0,4.5,0.0,0.0,MID,SOU,1.0,4.5,0.0,0.0,MID,SOU,1.0,4.5,0.0,0.0,MID,SOU,1.0,4.5,0.0,0.0,MID,SOU,1.0,4.5,0.0,0.0,MID,SOU,1.0,4.5,0.0,0.0,MID,SOU,1.0,4.5,0.0,0.0,MID,SOU,1.0,4.5,0.0,0.0,MID,SOU,1.0,4.5,0.0,0.0,MID,SOU,1.0,4.5,0.0,0.0,MID,SOU,1.0,4.5,0.0,0.0,MID,SOU,1.0,0.0,4.5,0.0,MID,SOU,1.0,4.5,0.0,0.0,MID,SOU,1.0,4.5,0.0,0.0,MID,SOU,1.0,4.5,0.0,0.0,MID,SOU,1.0,4.5,0.0,0.0,MID,SOU,1.0,4.5,0.0,0.0,MID,SOU,1.0,4.5,0.0,0.0,MID,SOU,1.0,4.5,0.0,0.0,MID,SOU,1.0,4.5,0.0,0.0,MID,SOU,1.0,4.5,0.0,0.0,MID,SOU,1.0,0.0,4.5,0.0,MID,SOU,1.0,4.5,0.0,0.0,MID,SOU,1.0,0.0,4.5,0.0,MID,SOU,1.0,4.5,0.0,0.0,0.0,0.0
459,S. Edozie,MID,SOU,0.0,5.0,45.0,0.0,MID,SOU,0.0,5.0,19.0,1.0,MID,SOU,0.0,4.9,0.0,0.0,MID,SOU,1.0,4.9,0.0,0.0,MID,SOU,1.0,4.9,0.0,0.0,MID,SOU,1.0,4.9,0.0,0.0,MID,SOU,1.0,4.9,0.0,0.0,MID,SOU,1.0,4.9,0.0,0.0,MID,SOU,1.0,4.9,0.0,0.0,MID,SOU,1.0,4.9,0.0,0.0,MID,SOU,1.0,4.9,0.0,0.0,MID,SOU,1.0,4.9,0.0,0.0,MID,SOU,1.0,4.9,0.0,0.0,MID,SOU,1.0,4.9,0.0,0.0,MID,SOU,1.0,4.9,0.0,0.0,MID,SOU,1.0,4.9,0.0,0.0,MID,SOU,1.0,4.9,0.0,0.0,MID,SOU,1.0,4.9,0.0,0.0,MID,SOU,1.0,4.9,0.0,0.0,MID,SOU,1.0,4.9,0.0,0.0,MID,SOU,1.0,4.9,0.0,0.0,MID,SOU,1.0,0.0,4.9,0.0,MID,SOU,1.0,4.9,0.0,0.0,MID,SOU,1.0,4.9,0.0,0.0,MID,SOU,1.0,4.9,0.0,0.0,MID,SOU,1.0,4.9,0.0,0.0,MID,SOU,1.0,4.9,0.0,0.0,MID,SOU,1.0,4.9,0.0,0.0,MID,SOU,1.0,4.9,0.0,0.0,MID,SOU,1.0,4.9,0.0,0.0,MID,SOU,1.0,4.9,0.0,0.0,MID,SOU,1.0,0.0,4.9,0.0,MID,SOU,1.0,4.9,0.0,0.0,MID,SOU,1.0,0.0,4.9,0.0,MID,SOU,1.0,4.9,0.0,0.0,64.0,1.0
460,Edwards,DEF,SOU,0.0,4.0,0.0,0.0,DEF,SOU,0.0,4.0,0.0,0.0,DEF,SOU,0.0,4.0,0.0,0.0,DEF,SOU,0.0,4.0,0.0,0.0,DEF,SOU,0.0,4.0,0.0,0.0,DEF,SOU,0.0,4.0,0.0,0.0,DEF,SOU,0.0,4.0,0.0,0.0,DEF,SOU,0.0,3.9,0.0,0.0,DEF,SOU,0.0,3.9,0.0,0.0,DEF,SOU,0.0,3.9,0.0,0.0,DEF,SOU,0.0,3.9,0.0,0.0,DEF,SOU,0.0,3.9,0.0,0.0,DEF,SOU,0.0,3.9,0.0,0.0,DEF,SOU,0.0,3.9,12.0,1.0,DEF,SOU,0.0,3.9,0.0,0.0,DEF,SOU,0.0,3.9,0.0,0.0,DEF,SOU,0.0,3.9,0.0,0.0,DEF,SOU,0.0,3.9,0.0,0.0,DEF,SOU,0.0,3.9,0.0,0.0,DEF,SOU,1.0,3.9,0.0,0.0,DEF,SOU,1.0,3.9,0.0,0.0,DEF,SOU,1.0,0.0,3.9,0.0,DEF,SOU,1.0,3.9,0.0,0.0,DEF,SOU,1.0,3.9,0.0,0.0,DEF,SOU,1.0,3.9,0.0,0.0,DEF,SOU,1.0,3.9,0.0,0.0,DEF,SOU,1.0,3.9,0.0,0.0,DEF,SOU,1.0,3.9,0.0,0.0,DEF,SOU,1.0,3.9,0.0,0.0,DEF,SOU,1.0,3.9,0.0,0.0,DEF,SOU,1.0,3.9,0.0,0.0,DEF,SOU,1.0,0.0,3.9,0.0,DEF,SOU,1.0,3.9,0.0,0.0,DEF,SOU,1.0,0.0,3.9,0.0,DEF,SOU,1.0,3.9,0.0,0.0,12.0,1.0
461,Harwood-Bellis,DEF,SOU,0.0,4.0,90.0,1.0,DEF,SOU,0.0,4.0,75.0,2.0,DEF,SOU,0.0,4.0,55.0,0.0,DEF,SOU,0.0,4.0,9.0,1.0,DEF,SOU,0.0,4.0,90.0,2.0,DEF,SOU,0.0,4.0,90.0,7.0,DEF,SOU,0.0,4.0,90.0,1.0,DEF,SOU,0.0,4.0,90.0,0.0,DEF,SOU,0.0,4.1,90.0,2.0,DEF,SOU,0.0,4.1,90.0,6.0,DEF,SOU,0.0,4.1,90.0,0.0,DEF,SOU,0.0,4.1,90.0,1.0,DEF,SOU,1.0,4.1,90.0,1.0,DEF,SOU,0.0,4.1,0.0,0.0,DEF,SOU,0.0,4.1,90.0,2.0,DEF,SOU,0.0,4.1,90.0,0.0,DEF,SOU,0.0,4.1,90.0,8.0,DEF,SOU,0.0,4.1,90.0,2.0,DEF,SOU,0.0,4.1,90.0,0.0,DEF,SOU,0.0,4.1,90.0,-1.0,DEF,SOU,0.0,4.1,90.0,1.0,DEF,SOU,0.0,90.0,4.1,1.0,DEF,SOU,0.0,4.0,90.0,1.0,DEF,SOU,0.25,4.0,45.0,1.0,DEF,SOU,1.0,4.0,0.0,0.0,DEF,SOU,1.0,4.0,0.0,0.0,DEF,SOU,0.0,4.0,45.0,1.0,DEF,SOU,0.0,4.0,90.0,1.0,DEF,SOU,0.0,4.0,90.0,1.0,DEF,SOU,0.0,4.0,90.0,2.0,DEF,SOU,0.0,4.0,90.0,1.0,DEF,SOU,0.0,90.0,4.0,0.0,DEF,SOU,0.0,4.0,84.0,2.0,DEF,SOU,0.0,90.0,4.0,1.0,DEF,SOU,0.0,3.9,90.0,0.0,2653.0,48.0
462,Kamaldeen,MID,SOU,1.0,5.0,0.0,0.0,MID,SOU,0.75,5.0,0.0,0.0,MID,SOU,0.5,5.0,0.0,0.0,MID,SOU,1.0,5.0,0.0,0.0,MID,SOU,0.5,5.0,0.0,0.0,MID,SOU,1.0,5.0,0.0,0.0,MID,SOU,0.5,5.0,0.0,0.0,MID,SOU,0.0,5.0,12.0,1.0,MID,SOU,0.0,5.0,3.0,1.0,MID,SOU,0.0,5.0,0.0,0.0,MID,SOU,0.0,5.0,0.0,0.0,MID,SOU,0.0,5.0,0.0,0.0,MID,SOU,0.0,5.0,2.0,1.0,MID,SOU,0.0,5.0,28.0,1.0,MID,SOU,0.0,5.0,1.0,1.0,MID,SOU,0.0,5.0,14.0,1.0,MID,SOU,0.0,5.0,0.0,0.0,MID,SOU,0.0,5.0,17.0,1.0,MID,SOU,0.0,5.0,25.0,1.0,MID,SOU,0.0,5.0,54.0,1.0,MID,SOU,0.0,5.0,90.0,2.0,MID,SOU,0.0,32.0,5.0,1.0,MID,SOU,0.25,5.0,0.0,0.0,MID,SOU,0.0,5.0,20.0,4.0,MID,SOU,0.0,5.0,84.0,9.0,MID,SOU,0.0,5.0,90.0,2.0,MID,SOU,0.0,5.0,90.0,2.0,MID,SOU,0.0,5.0,90.0,2.0,MID,SOU,0.0,5.0,82.0,2.0,MID,SOU,0.0,5.0,80.0,3.0,MID,SOU,0.0,5.0,90.0,5.0,MID,SOU,0.0,60.0,5.0,3.0,MID,SOU,0.0,5.0,73.0,2.0,MID,SOU,0.0,77.0,5.0,1.0,MID,SOU,0.0,5.0,56.0,0.0,1170.0,47.0
463,Lallana,MID,SOU,1.0,5.0,0.0,0.0,MID,SOU,0.75,5.0,0.0,0.0,MID,SOU,0.0,5.0,8.0,4.0,MID,SOU,0.0,5.0,27.0,1.0,MID,SOU,0.0,5.0,58.0,4.0,MID,SOU,0.0,5.0,20.0,0.0,MID,SOU,0.0,5.0,0.0,0.0,MID,SOU,0.0,5.0,0.0,0.0,MID,SOU,0.0,5.0,59.0,0.0,MID,SOU,0.0,5.0,45.0,1.0,MID,SOU,0.0,5.0,59.0,1.0,MID,SOU,0.5,5.0,36.0,0.0,MID,SOU,1.0,5.0,0.0,0.0,MID,SOU,1.0,5.0,0.0,0.0,MID,SOU,0.5,5.0,0.0,0.0,MID,SOU,0.0,5.0,0.0,0.0,MID,SOU,0.0,5.0,0.0,0.0,MID,SOU,0.0,5.0,3.0,1.0,MID,SOU,0.0,5.0,4.0,1.0,MID,SOU,0.0,5.0,3.0,1.0,MID,SOU,0.0,5.0,0.0,0.0,MID,SOU,0.0,0.0,5.0,0.0,MID,SOU,0.0,5.0,2.0,1.0,MID,SOU,0.0,5.0,9.0,1.0,MID,SOU,0.5,5.0,0.0,0.0,MID,SOU,1.0,5.0,0.0,0.0,MID,SOU,1.0,5.0,0.0,0.0,MID,SOU,0.0,5.0,19.0,1.0,MID,SOU,0.0,5.0,0.0,0.0,MID,SOU,0.0,5.0,0.0,0.0,MID,SOU,0.0,5.0,0.0,0.0,MID,SOU,0.0,0.0,5.0,0.0,MID,SOU,0.0,5.0,0.0,0.0,MID,SOU,0.0,0.0,5.0,0.0,MID,SOU,0.0,5.0,0.0,0.0,352.0,17.0
464,Larios,DEF,SOU,1.0,4.0,0.0,0.0,DEF,SOU,0.75,4.0,0.0,0.0,DEF,SOU,0.0,4.0,0.0,0.0,DEF,SOU,0.0,4.0,0.0,0.0,DEF,SOU,0.0,4.0,0.0,0.0,DEF,SOU,0.0,4.0,0.0,0.0,DEF,SOU,0.0,4.0,0.0,0.0,DEF,SOU,0.0,4.0,0.0,0.0,DEF,SOU,0.0,4.0,0.0,0.0,DEF,SOU,0.0,4.0,0.0,0.0,DEF,SOU,0.0,4.0,0.0,0.0,DEF,SOU,0.0,4.0,0.0,0.0,DEF,SOU,1.0,4.0,0.0,0.0,DEF,SOU,1.0,4.0,0.0,0.0,DEF,SOU,1.0,4.0,0.0,0.0,DEF,SOU,1.0,4.0,0.0,0.0,DEF,SOU,1.0,4.0,0.0,0.0,DEF,SOU,1.0,4.0,0.0,0.0,DEF,SOU,1.0,4.0,0.0,0.0,DEF,SOU,1.0,4.0,0.0,0.0,DEF,SOU,1.0,4.0,0.0,0.0,DEF,SOU,1.0,0.0,4.0,0.0,DEF,SOU,1.0,3.9,0.0,0.0,DEF,SOU,1.0,3.9,0.0,0.0,DEF,SOU,1.0,3.9,0.0,0.0,DEF,SOU,0.75,3.9,0.0,0.0,DEF,SOU,0.75,3.9,0.0,0.0,DEF,SOU,0.5,3.9,0.0,0.0,DEF,SOU,0.5,3.9,0.0,0.0,DEF,SOU,0.5,3.9,0.0,0.0,DEF,SOU,0.0,3.9,0.0,0.0,DEF,SOU,1.0,0.0,3.9,0.0,DEF,SOU,0.0,3.9,0.0,0.0,DEF,SOU,1.0,0.0,3.9,0.0,DEF,SOU,0.0,3.9,0.0,0.0,0.0,0.0
465,Lis,GKP,SOU,0.0,4.0,0.0,0.0,GKP,SOU,1.0,4.0,0.0,0.0,GKP,SOU,1.0,4.0,0.0,0.0,GKP,SOU,1.0,4.0,0.0,0.0,GKP,SOU,1.0,4.0,0.0,0.0,GKP,SOU,1.0,4.0,0.0,0.0,GKP,SOU,1.0,4.0,0.0,0.0,GKP,SOU,1.0,4.0,0.0,0.0,GKP,SOU,1.0,4.0,0.0,0.0,GKP,SOU,1.0,4.0,0.0,0.0,GKP,SOU,1.0,4.0,0.0,0.0,GKP,SOU,1.0,4.0,0.0,0.0,GKP,SOU,1.0,4.0,0.0,0.0,GKP,SOU,1.0,4.0,0.0,0.0,GKP,SOU,1.0,4.0,0.0,0.0,GKP,SOU,1.0,4.0,0.0,0.0,GKP,SOU,1.0,4.0,0.0,0.0,GKP,SOU,1.0,4.0,0.0,0.0,GKP,SOU,1.0,4.0,0.0,0.0,GKP,SOU,1.0,4.0,0.0,0.0,GKP,SOU,1.0,4.0,0.0,0.0,GKP,SOU,1.0,0.0,4.0,0.0,GKP,SOU,1.0,4.0,0.0,0.0,GKP,SOU,1.0,4.0,0.0,0.0,GKP,SOU,1.0,4.0,0.0,0.0,GKP,SOU,1.0,4.0,0.0,0.0,GKP,SOU,1.0,4.0,0.0,0.0,GKP,SOU,1.0,4.0,0.0,0.0,GKP,SOU,1.0,4.0,0.0,0.0,GKP,SOU,1.0,4.0,0.0,0.0,GKP,SOU,1.0,4.0,0.0,0.0,GKP,SOU,1.0,0.0,4.0,0.0,GKP,SOU,1.0,4.0,0.0,0.0,GKP,SOU,1.0,0.0,4.0,0.0,GKP,SOU,1.0,4.0,0.0,0.0,0.0,0.0
466,Lumley,GKP,SOU,0.0,4.0,0.0,0.0,GKP,SOU,0.0,4.0,0.0,0.0,GKP,SOU,0.0,4.0,0.0,0.0,GKP,SOU,0.0,4.0,0.0,0.0,GKP,SOU,0.0,4.0,0.0,0.0,GKP,SOU,0.0,4.0,0.0,0.0,GKP,SOU,0.0,4.0,0.0,0.0,GKP,SOU,0.0,4.0,0.0,0.0,GKP,SOU,0.0,4.0,0.0,0.0,GKP,SOU,0.0,4.0,0.0,0.0,GKP,SOU,0.0,4.0,0.0,0.0,GKP,SOU,0.0,4.0,0.0,0.0,GKP,SOU,0.0,4.0,90.0,3.0,GKP,SOU,0.0,4.0,90.0,2.0,GKP,SOU,0.0,4.0,90.0,3.0,GKP,SOU,0.0,4.0,0.0,0.0,GKP,SOU,0.0,4.0,0.0,0.0,GKP,SOU,0.0,4.0,0.0,0.0,GKP,SOU,0.0,4.0,0.0,0.0,GKP,SOU,0.0,4.0,0.0,0.0,GKP,SOU,0.0,4.0,0.0,0.0,GKP,SOU,0.0,0.0,4.0,0.0,GKP,SOU,0.0,4.0,0.0,0.0,GKP,SOU,0.0,4.0,0.0,0.0,GKP,SOU,0.0,4.0,0.0,0.0,GKP,SOU,0.0,4.0,0.0,0.0,GKP,SOU,0.0,4.0,0.0,0.0,GKP,SOU,0.0,4.0,0.0,0.0,GKP,SOU,0.0,4.0,0.0,0.0,GKP,SOU,0.0,4.0,0.0,0.0,GKP,SOU,0.0,4.0,0.0,0.0,GKP,SOU,0.0,0.0,4.0,0.0,GKP,SOU,0.0,4.0,0.0,0.0,GKP,SOU,0.0,0.0,4.0,0.0,GKP,SOU,0.0,4.0,0.0,0.0,270.0,8.0
467,Manning,DEF,SOU,0.0,4.5,0.0,0.0,DEF,SOU,0.0,4.5,0.0,0.0,DEF,SOU,0.0,4.4,0.0,0.0,DEF,SOU,0.0,4.4,0.0,0.0,DEF,SOU,0.0,4.4,0.0,0.0,DEF,SOU,0.0,4.3,0.0,0.0,DEF,SOU,0.0,4.3,73.0,1.0,DEF,SOU,0.0,4.3,77.0,3.0,DEF,SOU,0.0,4.3,76.0,2.0,DEF,SOU,0.0,4.3,58.0,1.0,DEF,SOU,0.0,4.3,45.0,1.0,DEF,SOU,0.0,4.3,0.0,0.0,DEF,SOU,0.0,4.3,90.0,2.0,DEF,SOU,0.0,4.3,90.0,0.0,DEF,SOU,0.0,4.3,90.0,2.0,DEF,SOU,0.0,4.3,61.0,0.0,DEF,SOU,0.0,4.3,0.0,0.0,DEF,SOU,0.0,4.3,4.0,1.0,DEF,SOU,0.0,4.3,4.0,1.0,DEF,SOU,0.0,4.3,0.0,0.0,DEF,SOU,0.0,4.3,0.0,0.0,DEF,SOU,0.0,33.0,4.3,1.0,DEF,SOU,0.0,4.3,59.0,0.0,DEF,SOU,0.0,4.3,0.0,0.0,DEF,SOU,0.0,4.3,5.0,1.0,DEF,SOU,0.0,4.3,0.0,0.0,DEF,SOU,0.0,4.3,31.0,0.0,DEF,SOU,0.0,4.3,82.0,1.0,DEF,SOU,0.0,4.3,90.0,1.0,DEF,SOU,0.0,4.3,80.0,6.0,DEF,SOU,0.0,4.3,63.0,1.0,DEF,SOU,0.0,81.0,4.3,1.0,DEF,SOU,0.0,4.3,84.0,2.0,DEF,SOU,0.0,90.0,4.3,4.0,DEF,SOU,0.0,4.3,90.0,1.0,1456.0,33.0
468,Mara,FWD,SOU,0.0,5.0,0.0,0.0,FWD,SOU,0.0,5.0,0.0,0.0,FWD,SOU,1.0,5.0,0.0,0.0,FWD,SOU,1.0,5.0,0.0,0.0,FWD,SOU,1.0,5.0,0.0,0.0,FWD,SOU,1.0,5.0,0.0,0.0,FWD,SOU,1.0,5.0,0.0,0.0,FWD,SOU,1.0,5.0,0.0,0.0,FWD,SOU,1.0,5.0,0.0,0.0,FWD,SOU,1.0,5.0,0.0,0.0,FWD,SOU,1.0,5.0,0.0,0.0,FWD,SOU,1.0,5.0,0.0,0.0,FWD,SOU,1.0,5.0,0.0,0.0,FWD,SOU,1.0,5.0,0.0,0.0,FWD,SOU,1.0,5.0,0.0,0.0,FWD,SOU,1.0,5.0,0.0,0.0,FWD,SOU,1.0,5.0,0.0,0.0,FWD,SOU,1.0,5.0,0.0,0.0,FWD,SOU,1.0,5.0,0.0,0.0,FWD,SOU,1.0,5.0,0.0,0.0,FWD,SOU,1.0,5.0,0.0,0.0,FWD,SOU,1.0,0.0,5.0,0.0,FWD,SOU,1.0,5.0,0.0,0.0,FWD,SOU,1.0,5.0,0.0,0.0,FWD,SOU,1.0,5.0,0.0,0.0,FWD,SOU,1.0,5.0,0.0,0.0,FWD,SOU,1.0,5.0,0.0,0.0,FWD,SOU,1.0,5.0,0.0,0.0,FWD,SOU,1.0,5.0,0.0,0.0,FWD,SOU,1.0,5.0,0.0,0.0,FWD,SOU,1.0,5.0,0.0,0.0,FWD,SOU,1.0,0.0,5.0,0.0,FWD,SOU,1.0,5.0,0.0,0.0,FWD,SOU,1.0,0.0,5.0,0.0,FWD,SOU,1.0,5.0,0.0,0.0,0.0,0.0
469,McCarthy,GKP,SOU,0.0,4.5,90.0,2.0,GKP,SOU,0.0,4.5,90.0,4.0,GKP,SOU,0.0,4.5,0.0,0.0,GKP,SOU,0.0,4.5,0.0,0.0,GKP,SOU,0.0,4.5,0.0,0.0,GKP,SOU,0.0,4.4,0.0,0.0,GKP,SOU,0.0,4.4,0.0,0.0,GKP,SOU,0.0,4.4,0.0,0.0,GKP,SOU,0.0,4.4,0.0,0.0,GKP,SOU,0.0,4.4,0.0,0.0,GKP,SOU,0.0,4.4,0.0,0.0,GKP,SOU,0.0,4.3,90.0,3.0,GKP,SOU,0.0,4.3,0.0,0.0,GKP,SOU,0.0,4.3,0.0,0.0,GKP,SOU,0.0,4.3,0.0,0.0,GKP,SOU,0.0,4.3,90.0,1.0,GKP,SOU,0.0,4.3,0.0,0.0,GKP,SOU,0.0,4.3,0.0,0.0,GKP,SOU,0.0,4.3,0.0,0.0,GKP,SOU,0.0,4.3,0.0,0.0,GKP,SOU,0.0,4.3,0.0,0.0,GKP,SOU,0.0,0.0,4.3,0.0,GKP,SOU,0.0,4.3,90.0,2.0,GKP,SOU,0.0,4.3,0.0,0.0,GKP,SOU,0.0,4.3,0.0,0.0,GKP,SOU,0.0,4.3,0.0,0.0,GKP,SOU,0.0,4.3,0.0,0.0,GKP,SOU,0.0,4.3,0.0,0.0,GKP,SOU,0.0,4.2,0.0,0.0,GKP,SOU,0.0,4.2,0.0,0.0,GKP,SOU,0.0,4.2,0.0,0.0,GKP,SOU,0.0,0.0,4.2,0.0,GKP,SOU,0.0,4.2,0.0,0.0,GKP,SOU,0.0,0.0,4.2,0.0,GKP,SOU,0.0,4.2,0.0,0.0,450.0,12.0
470,Onuachu,FWD,SOU,0.0,5.0,0.0,0.0,FWD,SOU,0.0,5.0,0.0,0.0,FWD,SOU,0.0,5.0,0.0,0.0,FWD,SOU,0.0,5.0,0.0,0.0,FWD,SOU,0.0,5.0,0.0,0.0,FWD,SOU,0.0,4.9,0.0,0.0,FWD,SOU,0.0,4.9,16.0,1.0,FWD,SOU,0.0,4.9,22.0,1.0,FWD,SOU,0.0,4.9,3.0,1.0,FWD,SOU,0.0,4.9,1.0,0.0,FWD,SOU,0.0,4.9,17.0,1.0,FWD,SOU,0.25,4.9,51.0,1.0,FWD,SOU,0.25,4.9,0.0,0.0,FWD,SOU,0.75,4.9,0.0,0.0,FWD,SOU,0.75,4.9,0.0,0.0,FWD,SOU,0.0,4.9,0.0,0.0,FWD,SOU,0.0,4.9,1.0,1.0,FWD,SOU,0.0,4.9,90.0,2.0,FWD,SOU,0.0,4.9,64.0,2.0,FWD,SOU,0.0,4.9,54.0,1.0,FWD,SOU,0.0,4.9,7.0,1.0,FWD,SOU,0.0,32.0,4.9,5.0,FWD,SOU,0.0,4.9,90.0,2.0,FWD,SOU,0.0,4.9,90.0,7.0,FWD,SOU,0.0,4.9,90.0,5.0,FWD,SOU,0.0,4.9,18.0,1.0,FWD,SOU,0.0,4.9,58.0,0.0,FWD,SOU,0.0,4.9,6.0,0.0,FWD,SOU,0.0,4.9,45.0,7.0,FWD,SOU,0.25,4.9,88.0,7.0,FWD,SOU,0.0,4.9,17.0,1.0,FWD,SOU,0.0,45.0,4.9,1.0,FWD,SOU,0.0,4.9,68.0,1.0,FWD,SOU,0.0,0.0,4.9,0.0,FWD,SOU,0.0,4.9,45.0,1.0,1018.0,50.0
471,Smallbone,MID,SOU,0.0,5.0,90.0,2.0,MID,SOU,0.0,5.0,83.0,2.0,MID,SOU,0.0,5.0,45.0,1.0,MID,SOU,0.25,5.0,0.0,0.0,MID,SOU,0.5,5.0,0.0,0.0,MID,SOU,1.0,5.0,0.0,0.0,MID,SOU,0.5,5.0,0.0,0.0,MID,SOU,0.25,5.0,22.0,1.0,MID,SOU,1.0,5.0,0.0,0.0,MID,SOU,1.0,5.0,0.0,0.0,MID,SOU,1.0,5.0,0.0,0.0,MID,SOU,1.0,5.0,0.0,0.0,MID,SOU,1.0,5.0,0.0,0.0,MID,SOU,1.0,5.0,0.0,0.0,MID,SOU,1.0,5.0,0.0,0.0,MID,SOU,1.0,5.0,0.0,0.0,MID,SOU,0.75,5.0,0.0,0.0,MID,SOU,0.75,5.0,0.0,0.0,MID,SOU,0.25,5.0,0.0,0.0,MID,SOU,0.25,5.0,0.0,0.0,MID,SOU,0.0,5.0,27.0,1.0,MID,SOU,0.0,4.0,5.0,1.0,MID,SOU,0.0,5.0,11.0,1.0,MID,SOU,0.0,5.0,34.0,1.0,MID,SOU,0.0,5.0,55.0,0.0,MID,SOU,0.0,5.0,18.0,1.0,MID,SOU,0.0,5.0,90.0,2.0,MID,SOU,0.0,5.0,70.0,7.0,MID,SOU,1.0,5.0,0.0,0.0,MID,SOU,0.25,5.0,0.0,0.0,MID,SOU,0.0,5.0,26.0,1.0,MID,SOU,0.0,29.0,5.0,1.0,MID,SOU,0.0,5.0,0.0,0.0,MID,SOU,0.0,0.0,5.0,0.0,MID,SOU,0.0,5.0,33.0,1.0,637.0,23.0
472,Stephens,DEF,SOU,0.0,4.0,90.0,1.0,DEF,SOU,0.0,4.0,90.0,2.0,DEF,SOU,0.0,4.0,90.0,1.0,DEF,SOU,1.0,4.0,78.0,-2.0,DEF,SOU,1.0,4.0,0.0,0.0,DEF,SOU,0.0,4.0,0.0,0.0,DEF,SOU,1.0,4.0,0.0,0.0,DEF,SOU,0.0,4.0,0.0,0.0,DEF,SOU,0.0,4.0,90.0,2.0,DEF,SOU,0.0,4.0,78.0,6.0,DEF,SOU,0.0,4.0,59.0,0.0,DEF,SOU,0.0,4.0,90.0,0.0,DEF,SOU,0.0,4.0,90.0,4.0,DEF,SOU,1.0,4.0,38.0,-4.0,DEF,SOU,1.0,4.0,0.0,0.0,DEF,SOU,1.0,4.0,0.0,0.0,DEF,SOU,0.0,4.0,0.0,0.0,DEF,SOU,0.75,4.0,0.0,0.0,DEF,SOU,1.0,4.0,0.0,0.0,DEF,SOU,1.0,4.0,0.0,0.0,DEF,SOU,1.0,4.0,0.0,0.0,DEF,SOU,1.0,0.0,4.0,0.0,DEF,SOU,0.5,4.0,0.0,0.0,DEF,SOU,0.75,4.0,10.0,1.0,DEF,SOU,0.5,4.0,0.0,0.0,DEF,SOU,0.0,4.0,0.0,0.0,DEF,SOU,0.0,4.0,0.0,0.0,DEF,SOU,0.0,4.0,0.0,0.0,DEF,SOU,0.0,4.0,1.0,1.0,DEF,SOU,0.0,4.0,90.0,2.0,DEF,SOU,0.0,4.0,0.0,0.0,DEF,SOU,1.0,90.0,4.0,1.0,DEF,SOU,0.0,4.0,90.0,2.0,DEF,SOU,1.0,90.0,4.0,7.0,DEF,SOU,0.0,4.0,45.0,0.0,1209.0,24.0
473,Stewart,FWD,SOU,1.0,4.5,0.0,0.0,FWD,SOU,0.75,4.5,0.0,0.0,FWD,SOU,0.5,4.5,0.0,0.0,FWD,SOU,0.0,4.5,28.0,1.0,FWD,SOU,0.0,4.5,31.0,0.0,FWD,SOU,0.0,4.6,45.0,1.0,FWD,SOU,0.25,4.6,26.0,1.0,FWD,SOU,1.0,4.6,0.0,0.0,FWD,SOU,1.0,4.6,0.0,0.0,FWD,SOU,1.0,4.5,0.0,0.0,FWD,SOU,1.0,4.5,0.0,0.0,FWD,SOU,1.0,4.5,0.0,0.0,FWD,SOU,1.0,4.5,0.0,0.0,FWD,SOU,1.0,4.4,0.0,0.0,FWD,SOU,1.0,4.4,0.0,0.0,FWD,SOU,1.0,4.4,0.0,0.0,FWD,SOU,1.0,4.4,0.0,0.0,FWD,SOU,1.0,4.4,0.0,0.0,FWD,SOU,1.0,4.4,0.0,0.0,FWD,SOU,1.0,4.4,0.0,0.0,FWD,SOU,1.0,4.4,0.0,0.0,FWD,SOU,1.0,0.0,4.4,0.0,FWD,SOU,1.0,4.4,0.0,0.0,FWD,SOU,1.0,4.4,0.0,0.0,FWD,SOU,1.0,4.4,0.0,0.0,FWD,SOU,0.75,4.4,0.0,0.0,FWD,SOU,0.75,4.4,0.0,0.0,FWD,SOU,0.5,4.4,0.0,0.0,FWD,SOU,0.5,4.4,0.0,0.0,FWD,SOU,0.5,4.4,0.0,0.0,FWD,SOU,0.0,4.4,7.0,1.0,FWD,SOU,1.0,29.0,4.4,1.0,FWD,SOU,0.0,4.4,5.0,1.0,FWD,SOU,1.0,65.0,4.4,2.0,FWD,SOU,0.0,4.4,45.0,1.0,281.0,9.0
474,Sugawara,DEF,SOU,0.0,4.5,45.0,1.0,DEF,SOU,0.0,4.5,71.0,2.0,DEF,SOU,0.0,4.5,90.0,7.0,DEF,SOU,0.0,4.5,90.0,1.0,DEF,SOU,0.0,4.5,90.0,2.0,DEF,SOU,0.0,4.5,90.0,0.0,DEF,SOU,0.0,4.5,89.0,1.0,DEF,SOU,0.25,4.5,61.0,5.0,DEF,SOU,0.0,4.5,0.0,0.0,DEF,SOU,0.0,4.5,11.0,4.0,DEF,SOU,0.0,4.5,30.0,1.0,DEF,SOU,0.0,4.5,13.0,1.0,DEF,SOU,0.0,4.5,65.0,2.0,DEF,SOU,0.0,4.5,18.0,0.0,DEF,SOU,0.0,4.4,0.0,0.0,DEF,SOU,0.0,4.4,28.0,1.0,DEF,SOU,0.0,4.3,79.0,5.0,DEF,SOU,0.0,4.3,60.0,2.0,DEF,SOU,0.0,4.3,0.0,0.0,DEF,SOU,0.0,4.3,45.0,-1.0,DEF,SOU,0.0,4.3,90.0,1.0,DEF,SOU,0.0,56.0,4.3,0.0,DEF,SOU,0.0,4.3,30.0,1.0,DEF,SOU,0.0,4.2,9.0,0.0,DEF,SOU,0.0,4.2,45.0,1.0,DEF,SOU,0.0,4.2,45.0,0.0,DEF,SOU,0.0,4.2,88.0,0.0,DEF,SOU,0.0,4.2,26.0,1.0,DEF,SOU,0.0,4.2,68.0,1.0,DEF,SOU,0.0,4.2,1.0,1.0,DEF,SOU,0.0,4.2,17.0,1.0,DEF,SOU,0.0,8.0,4.2,1.0,DEF,SOU,0.0,4.2,0.0,0.0,DEF,SOU,0.0,0.0,4.2,0.0,DEF,SOU,0.0,4.2,0.0,0.0,1458.0,42.0
475,C. Taylor,DEF,SOU,0.0,4.0,0.0,0.0,DEF,SOU,0.0,4.0,14.0,1.0,DEF,SOU,0.0,4.0,0.0,0.0,DEF,SOU,0.0,4.0,0.0,0.0,DEF,SOU,0.0,4.0,90.0,1.0,DEF,SOU,0.0,4.0,90.0,1.0,DEF,SOU,0.0,4.0,1.0,1.0,DEF,SOU,0.0,4.0,12.0,1.0,DEF,SOU,0.0,3.9,0.0,0.0,DEF,SOU,0.0,3.9,0.0,0.0,DEF,SOU,0.0,3.9,0.0,0.0,DEF,SOU,0.0,3.9,0.0,0.0,DEF,SOU,0.0,3.9,0.0,0.0,DEF,SOU,0.0,3.9,11.0,1.0,DEF,SOU,0.0,3.9,0.0,0.0,DEF,SOU,0.0,3.9,0.0,0.0,DEF,SOU,0.0,3.9,0.0,0.0,DEF,SOU,0.0,3.9,0.0,0.0,DEF,SOU,0.0,3.9,0.0,0.0,DEF,SOU,0.0,3.9,45.0,-1.0,DEF,SOU,0.0,3.9,0.0,0.0,DEF,SOU,0.0,0.0,3.9,0.0,DEF,SOU,0.0,3.9,0.0,0.0,DEF,SOU,0.0,3.9,0.0,0.0,DEF,SOU,0.0,3.9,0.0,0.0,DEF,SOU,0.0,3.9,0.0,0.0,DEF,SOU,0.0,3.9,0.0,0.0,DEF,SOU,0.0,3.9,0.0,0.0,DEF,SOU,0.0,3.9,0.0,0.0,DEF,SOU,0.0,3.9,0.0,0.0,DEF,SOU,0.75,3.9,0.0,0.0,DEF,SOU,0.0,0.0,3.9,0.0,DEF,SOU,0.75,3.9,0.0,0.0,DEF,SOU,0.0,0.0,3.9,0.0,DEF,SOU,0.0,3.9,0.0,0.0,263.0,5.0
476,Walker-Peters,DEF,SOU,0.0,4.5,80.0,2.0,DEF,SOU,0.0,4.5,90.0,2.0,DEF,SOU,0.0,4.5,90.0,1.0,DEF,SOU,0.0,4.5,90.0,1.0,DEF,SOU,0.0,4.5,0.0,0.0,DEF,SOU,0.0,4.5,0.0,0.0,DEF,SOU,0.0,4.4,90.0,0.0,DEF,SOU,0.0,4.4,90.0,4.0,DEF,SOU,0.0,4.4,90.0,2.0,DEF,SOU,0.0,4.4,90.0,9.0,DEF,SOU,0.0,4.4,90.0,0.0,DEF,SOU,0.0,4.4,90.0,1.0,DEF,SOU,0.0,4.4,90.0,1.0,DEF,SOU,0.0,4.4,90.0,3.0,DEF,SOU,0.0,4.4,90.0,2.0,DEF,SOU,0.0,4.4,90.0,0.0,DEF,SOU,0.25,4.4,90.0,6.0,DEF,SOU,0.0,4.3,85.0,2.0,DEF,SOU,0.0,4.3,85.0,1.0,DEF,SOU,0.0,4.3,90.0,-1.0,DEF,SOU,0.0,4.3,90.0,1.0,DEF,SOU,0.0,90.0,4.3,0.0,DEF,SOU,0.0,4.3,90.0,1.0,DEF,SOU,0.0,4.3,90.0,2.0,DEF,SOU,0.0,4.3,90.0,1.0,DEF,SOU,0.0,4.3,90.0,0.0,DEF,SOU,0.0,4.3,58.0,0.0,DEF,SOU,0.0,4.3,90.0,1.0,DEF,SOU,0.0,4.3,90.0,1.0,DEF,SOU,0.0,4.2,90.0,2.0,DEF,SOU,0.0,4.2,90.0,1.0,DEF,SOU,0.0,90.0,4.2,1.0,DEF,SOU,0.0,4.2,90.0,5.0,DEF,SOU,0.0,90.0,4.2,1.0,DEF,SOU,0.0,4.2,90.0,1.0,2918.0,54.0
477,N. Wood,DEF,SOU,0.0,4.0,0.0,0.0,DEF,SOU,0.0,4.0,0.0,0.0,DEF,SOU,0.0,4.0,0.0,0.0,DEF,SOU,0.0,4.0,0.0,0.0,DEF,SOU,0.0,4.0,0.0,0.0,DEF,SOU,0.0,4.0,0.0,0.0,DEF,SOU,0.0,4.0,0.0,0.0,DEF,SOU,0.0,4.0,0.0,0.0,DEF,SOU,0.0,4.0,0.0,0.0,DEF,SOU,0.0,4.0,0.0,0.0,DEF,SOU,0.0,4.0,0.0,0.0,DEF,SOU,0.0,4.0,0.0,0.0,DEF,SOU,0.0,4.0,0.0,0.0,DEF,SOU,0.0,4.0,90.0,0.0,DEF,SOU,0.0,4.0,90.0,1.0,DEF,SOU,0.0,4.0,75.0,1.0,DEF,SOU,0.0,4.0,90.0,8.0,DEF,SOU,0.0,4.0,90.0,1.0,DEF,SOU,0.0,4.0,90.0,1.0,DEF,SOU,0.0,4.0,45.0,1.0,DEF,SOU,0.0,4.0,7.0,0.0,DEF,SOU,0.0,0.0,4.0,0.0,DEF,SOU,0.0,4.0,0.0,0.0,DEF,SOU,0.0,4.0,0.0,0.0,DEF,SOU,0.0,4.0,45.0,0.0,DEF,SOU,0.0,4.0,0.0,0.0,DEF,SOU,0.0,4.0,0.0,0.0,DEF,SOU,0.0,4.0,0.0,0.0,DEF,SOU,0.0,4.0,0.0,0.0,DEF,SOU,0.0,4.0,0.0,0.0,DEF,SOU,0.0,4.0,0.0,0.0,DEF,SOU,0.0,0.0,4.0,0.0,DEF,SOU,0.0,4.0,0.0,0.0,DEF,SOU,0.0,0.0,4.0,0.0,DEF,SOU,0.0,4.0,0.0,0.0,622.0,13.0
478,A.Phillips,DEF,TOT,0.0,4.0,0.0,0.0,DEF,TOT,0.0,4.0,0.0,0.0,DEF,TOT,1.0,4.0,0.0,0.0,DEF,TOT,1.0,4.0,0.0,0.0,DEF,TOT,1.0,4.0,0.0,0.0,DEF,TOT,1.0,4.0,0.0,0.0,DEF,TOT,1.0,4.0,0.0,0.0,DEF,TOT,1.0,4.0,0.0,0.0,DEF,TOT,1.0,4.0,0.0,0.0,DEF,TOT,1.0,4.0,0.0,0.0,DEF,TOT,1.0,4.0,0.0,0.0,DEF,TOT,1.0,4.0,0.0,0.0,DEF,TOT,1.0,4.0,0.0,0.0,DEF,TOT,1.0,4.0,0.0,0.0,DEF,TOT,1.0,4.0,0.0,0.0,DEF,TOT,1.0,4.0,0.0,0.0,DEF,TOT,1.0,4.0,0.0,0.0,DEF,TOT,1.0,4.0,0.0,0.0,DEF,TOT,1.0,4.0,0.0,0.0,DEF,TOT,1.0,4.0,0.0,0.0,DEF,TOT,1.0,4.0,0.0,0.0,DEF,TOT,1.0,0.0,4.0,0.0,DEF,TOT,1.0,4.0,0.0,0.0,DEF,TOT,1.0,4.0,0.0,0.0,DEF,TOT,1.0,4.0,0.0,0.0,DEF,TOT,1.0,4.0,0.0,0.0,DEF,TOT,1.0,4.0,0.0,0.0,DEF,TOT,1.0,4.0,0.0,0.0,DEF,TOT,1.0,4.0,0.0,0.0,DEF,TOT,1.0,4.0,0.0,0.0,DEF,TOT,1.0,4.0,0.0,0.0,DEF,TOT,1.0,0.0,4.0,0.0,DEF,TOT,1.0,4.0,0.0,0.0,DEF,TOT,1.0,0.0,4.0,0.0,DEF,TOT,1.0,4.0,0.0,0.0,0.0,0.0
479,Austin,GKP,TOT,0.0,4.0,0.0,0.0,GKP,TOT,0.0,4.0,0.0,0.0,GKP,TOT,0.0,4.0,0.0,0.0,GKP,TOT,0.0,4.0,0.0,0.0,GKP,TOT,0.0,4.0,0.0,0.0,GKP,TOT,0.0,4.0,0.0,0.0,GKP,TOT,0.0,4.0,0.0,0.0,GKP,TOT,0.0,4.0,0.0,0.0,GKP,TOT,0.0,4.0,0.0,0.0,GKP,TOT,0.0,4.0,0.0,0.0,GKP,TOT,0.0,4.0,0.0,0.0,GKP,TOT,0.0,4.0,0.0,0.0,GKP,TOT,0.0,4.0,0.0,0.0,GKP,TOT,0.0,4.0,0.0,0.0,GKP,TOT,0.0,4.0,0.0,0.0,GKP,TOT,0.0,4.0,0.0,0.0,GKP,TOT,0.0,4.0,0.0,0.0,GKP,TOT,0.0,4.0,0.0,0.0,GKP,TOT,0.0,4.0,0.0,0.0,GKP,TOT,0.0,4.0,90.0,1.0,GKP,TOT,0.0,4.0,0.0,0.0,GKP,TOT,0.0,0.0,4.0,0.0,GKP,TOT,0.0,4.0,0.0,0.0,GKP,TOT,0.0,4.0,0.0,0.0,GKP,TOT,0.0,4.0,0.0,0.0,GKP,TOT,0.0,4.0,0.0,0.0,GKP,TOT,0.0,4.0,0.0,0.0,GKP,TOT,0.0,4.0,0.0,0.0,GKP,TOT,0.0,4.0,0.0,0.0,GKP,TOT,0.0,4.0,0.0,0.0,GKP,TOT,0.0,4.0,0.0,0.0,GKP,TOT,0.0,0.0,4.0,0.0,GKP,TOT,0.0,4.0,0.0,0.0,GKP,TOT,0.0,0.0,4.0,0.0,GKP,TOT,0.0,4.0,0.0,0.0,90.0,1.0
480,Bentancur,MID,TOT,0.5,5.0,77.0,1.0,MID,TOT,0.5,5.0,0.0,0.0,MID,TOT,0.0,5.0,8.0,0.0,MID,TOT,0.0,5.0,67.0,1.0,MID,TOT,0.0,5.0,62.0,2.0,MID,TOT,0.0,5.0,90.0,3.0,MID,TOT,0.0,5.0,78.0,2.0,MID,TOT,0.0,5.0,9.0,1.0,MID,TOT,0.0,5.0,3.0,1.0,MID,TOT,0.0,5.0,55.0,1.0,MID,TOT,1.0,5.0,83.0,7.0,MID,TOT,1.0,5.0,0.0,0.0,MID,TOT,1.0,5.0,0.0,0.0,MID,TOT,1.0,5.0,0.0,0.0,MID,TOT,1.0,4.9,0.0,0.0,MID,TOT,1.0,4.9,0.0,0.0,MID,TOT,0.0,4.9,0.0,0.0,MID,TOT,0.0,4.9,63.0,2.0,MID,TOT,1.0,4.9,90.0,6.0,MID,TOT,0.0,4.9,0.0,0.0,MID,TOT,1.0,4.9,0.0,0.0,MID,TOT,1.0,0.0,4.9,0.0,MID,TOT,0.0,4.9,90.0,2.0,MID,TOT,0.0,4.9,90.0,3.0,MID,TOT,0.25,4.9,77.0,3.0,MID,TOT,0.0,4.9,90.0,2.0,MID,TOT,0.0,4.9,66.0,1.0,MID,TOT,0.0,4.9,60.0,1.0,MID,TOT,0.0,4.9,85.0,2.0,MID,TOT,0.0,4.9,90.0,2.0,MID,TOT,0.0,4.9,56.0,1.0,MID,TOT,1.0,35.0,4.9,1.0,MID,TOT,0.0,4.9,90.0,2.0,MID,TOT,1.0,0.0,4.9,0.0,MID,TOT,0.0,4.9,0.0,0.0,1514.0,47.0
481,Bergvall,MID,TOT,0.0,4.5,12.0,1.0,MID,TOT,0.0,4.5,11.0,1.0,MID,TOT,0.0,4.5,8.0,1.0,MID,TOT,0.0,4.5,0.0,0.0,MID,TOT,0.0,4.5,2.0,1.0,MID,TOT,0.0,4.5,13.0,1.0,MID,TOT,0.0,4.5,0.0,0.0,MID,TOT,0.0,4.5,0.0,0.0,MID,TOT,0.0,4.5,0.0,0.0,MID,TOT,0.0,4.4,0.0,0.0,MID,TOT,0.0,4.4,0.0,0.0,MID,TOT,0.0,4.4,1.0,1.0,MID,TOT,0.0,4.4,5.0,1.0,MID,TOT,0.0,4.4,10.0,1.0,MID,TOT,0.0,4.4,11.0,1.0,MID,TOT,0.0,4.4,90.0,2.0,MID,TOT,0.0,4.4,32.0,0.0,MID,TOT,0.0,4.4,26.0,1.0,MID,TOT,0.0,4.4,0.0,0.0,MID,TOT,0.0,4.4,61.0,2.0,MID,TOT,0.0,4.4,90.0,2.0,MID,TOT,0.0,90.0,4.4,1.0,MID,TOT,0.0,4.4,90.0,2.0,MID,TOT,0.0,4.4,45.0,1.0,MID,TOT,0.0,4.4,63.0,6.0,MID,TOT,0.0,4.4,84.0,2.0,MID,TOT,0.0,4.4,90.0,2.0,MID,TOT,0.0,4.4,45.0,4.0,MID,TOT,0.0,4.4,45.0,1.0,MID,TOT,0.0,4.4,63.0,2.0,MID,TOT,0.0,4.4,79.0,3.0,MID,TOT,0.0,35.0,4.4,1.0,MID,TOT,0.0,4.4,9.0,1.0,MID,TOT,0.0,90.0,4.4,2.0,MID,TOT,1.0,4.4,0.0,0.0,1200.0,44.0
482,Bissouma,MID,TOT,1.0,5.0,0.0,0.0,MID,TOT,0.0,5.0,71.0,9.0,MID,TOT,0.0,5.0,81.0,1.0,MID,TOT,0.25,5.0,0.0,0.0,MID,TOT,0.0,4.9,27.0,0.0,MID,TOT,0.0,4.9,0.0,0.0,MID,TOT,0.0,4.9,11.0,1.0,MID,TOT,0.0,4.9,80.0,10.0,MID,TOT,0.0,4.9,86.0,2.0,MID,TOT,0.0,4.9,34.0,1.0,MID,TOT,0.0,4.9,6.0,1.0,MID,TOT,0.0,4.9,90.0,2.0,MID,TOT,0.0,4.9,90.0,2.0,MID,TOT,0.0,4.9,79.0,1.0,MID,TOT,1.0,4.9,78.0,1.0,MID,TOT,0.0,4.9,0.0,0.0,MID,TOT,0.0,4.9,90.0,2.0,MID,TOT,0.0,4.9,3.0,1.0,MID,TOT,0.0,4.9,63.0,2.0,MID,TOT,0.0,4.9,28.0,1.0,MID,TOT,0.25,4.9,45.0,1.0,MID,TOT,0.25,0.0,4.9,0.0,MID,TOT,0.0,4.8,0.0,0.0,MID,TOT,0.0,4.8,67.0,3.0,MID,TOT,0.0,4.8,12.0,1.0,MID,TOT,0.0,4.8,5.0,1.0,MID,TOT,0.0,4.8,0.0,0.0,MID,TOT,0.0,4.8,45.0,0.0,MID,TOT,0.0,4.8,45.0,1.0,MID,TOT,0.0,4.8,0.0,0.0,MID,TOT,0.0,4.8,10.0,1.0,MID,TOT,0.25,54.0,4.8,0.0,MID,TOT,0.0,4.8,0.0,0.0,MID,TOT,0.25,0.0,4.8,0.0,MID,TOT,0.0,4.8,90.0,2.0,1290.0,47.0
483,Bryan,MID,TOT,1.0,5.0,0.0,0.0,MID,TOT,1.0,5.0,0.0,0.0,MID,TOT,1.0,5.0,0.0,0.0,MID,TOT,1.0,5.0,0.0,0.0,MID,TOT,1.0,5.0,0.0,0.0,MID,TOT,1.0,5.0,0.0,0.0,MID,TOT,1.0,5.0,0.0,0.0,MID,TOT,1.0,5.0,0.0,0.0,MID,TOT,1.0,5.0,0.0,0.0,MID,TOT,1.0,5.0,0.0,0.0,MID,TOT,1.0,5.0,0.0,0.0,MID,TOT,1.0,5.0,0.0,0.0,MID,TOT,1.0,5.0,0.0,0.0,MID,TOT,1.0,5.0,0.0,0.0,MID,TOT,1.0,5.0,0.0,0.0,MID,TOT,1.0,5.0,0.0,0.0,MID,TOT,1.0,5.0,0.0,0.0,MID,TOT,1.0,5.0,0.0,0.0,MID,TOT,1.0,5.0,0.0,0.0,MID,TOT,1.0,5.0,0.0,0.0,MID,TOT,1.0,5.0,0.0,0.0,MID,TOT,1.0,0.0,5.0,0.0,MID,TOT,1.0,5.0,0.0,0.0,MID,TOT,1.0,5.0,0.0,0.0,MID,TOT,1.0,5.0,0.0,0.0,MID,TOT,1.0,5.0,0.0,0.0,MID,TOT,1.0,5.0,0.0,0.0,MID,TOT,1.0,5.0,0.0,0.0,MID,TOT,1.0,5.0,0.0,0.0,MID,TOT,1.0,5.0,0.0,0.0,MID,TOT,1.0,5.0,0.0,0.0,MID,TOT,1.0,0.0,5.0,0.0,MID,TOT,1.0,5.0,0.0,0.0,MID,TOT,1.0,0.0,5.0,0.0,MID,TOT,1.0,5.0,0.0,0.0,0.0,0.0
484,B. Davies,DEF,TOT,0.0,4.5,0.0,0.0,DEF,TOT,0.0,4.5,0.0,0.0,DEF,TOT,0.0,4.4,0.0,0.0,DEF,TOT,0.0,4.4,0.0,0.0,DEF,TOT,0.0,4.4,0.0,0.0,DEF,TOT,0.0,4.4,0.0,0.0,DEF,TOT,0.0,4.4,0.0,0.0,DEF,TOT,0.0,4.4,0.0,0.0,DEF,TOT,0.0,4.3,0.0,0.0,DEF,TOT,0.0,4.3,29.0,1.0,DEF,TOT,0.0,4.3,0.0,0.0,DEF,TOT,0.0,4.3,90.0,6.0,DEF,TOT,0.0,4.3,90.0,2.0,DEF,TOT,1.0,4.3,61.0,1.0,DEF,TOT,1.0,4.3,0.0,0.0,DEF,TOT,1.0,4.3,0.0,0.0,DEF,TOT,1.0,4.3,0.0,0.0,DEF,TOT,0.75,4.3,0.0,0.0,DEF,TOT,1.0,4.3,0.0,0.0,DEF,TOT,1.0,4.3,0.0,0.0,DEF,TOT,0.25,4.3,0.0,0.0,DEF,TOT,0.25,90.0,4.3,1.0,DEF,TOT,0.0,4.3,90.0,1.0,DEF,TOT,0.0,4.3,90.0,6.0,DEF,TOT,0.0,4.3,90.0,5.0,DEF,TOT,0.0,4.3,0.0,0.0,DEF,TOT,0.5,4.3,0.0,0.0,DEF,TOT,0.25,4.3,0.0,0.0,DEF,TOT,0.0,4.3,90.0,1.0,DEF,TOT,0.0,4.3,0.0,0.0,DEF,TOT,0.0,4.3,90.0,2.0,DEF,TOT,0.25,90.0,4.3,-1.0,DEF,TOT,0.0,4.3,45.0,1.0,DEF,TOT,0.25,90.0,4.3,0.0,DEF,TOT,0.0,4.3,90.0,1.0,1125.0,27.0
485,Devine,MID,TOT,0.0,4.5,0.0,0.0,MID,TOT,0.0,4.5,0.0,0.0,MID,TOT,0.0,4.5,0.0,0.0,MID,TOT,1.0,4.5,0.0,0.0,MID,TOT,1.0,4.5,0.0,0.0,MID,TOT,1.0,4.5,0.0,0.0,MID,TOT,1.0,4.5,0.0,0.0,MID,TOT,1.0,4.5,0.0,0.0,MID,TOT,1.0,4.5,0.0,0.0,MID,TOT,1.0,4.5,0.0,0.0,MID,TOT,1.0,4.5,0.0,0.0,MID,TOT,1.0,4.5,0.0,0.0,MID,TOT,1.0,4.5,0.0,0.0,MID,TOT,1.0,4.5,0.0,0.0,MID,TOT,1.0,4.5,0.0,0.0,MID,TOT,1.0,4.5,0.0,0.0,MID,TOT,1.0,4.5,0.0,0.0,MID,TOT,1.0,4.5,0.0,0.0,MID,TOT,1.0,4.5,0.0,0.0,MID,TOT,1.0,4.5,0.0,0.0,MID,TOT,1.0,4.5,0.0,0.0,MID,TOT,1.0,0.0,4.5,0.0,MID,TOT,1.0,4.5,0.0,0.0,MID,TOT,1.0,4.5,0.0,0.0,MID,TOT,1.0,4.5,0.0,0.0,MID,TOT,1.0,4.5,0.0,0.0,MID,TOT,1.0,4.5,0.0,0.0,MID,TOT,1.0,4.5,0.0,0.0,MID,TOT,1.0,4.5,0.0,0.0,MID,TOT,1.0,4.5,0.0,0.0,MID,TOT,1.0,4.5,0.0,0.0,MID,TOT,1.0,0.0,4.5,0.0,MID,TOT,1.0,4.5,0.0,0.0,MID,TOT,1.0,0.0,4.5,0.0,MID,TOT,1.0,4.5,0.0,0.0,0.0,0.0
486,Dragusin,DEF,TOT,0.0,4.5,0.0,0.0,DEF,TOT,0.0,4.4,0.0,0.0,DEF,TOT,0.0,4.4,90.0,1.0,DEF,TOT,0.0,4.4,0.0,0.0,DEF,TOT,0.0,4.4,0.0,0.0,DEF,TOT,0.0,4.4,9.0,1.0,DEF,TOT,0.0,4.3,0.0,0.0,DEF,TOT,0.0,4.3,0.0,0.0,DEF,TOT,0.0,4.3,0.0,0.0,DEF,TOT,0.0,4.3,90.0,2.0,DEF,TOT,0.0,4.3,90.0,1.0,DEF,TOT,0.0,4.3,90.0,6.0,DEF,TOT,0.0,4.3,90.0,2.0,DEF,TOT,0.0,4.3,90.0,2.0,DEF,TOT,0.0,4.3,75.0,0.0,DEF,TOT,0.0,4.3,90.0,6.0,DEF,TOT,0.0,4.3,90.0,-1.0,DEF,TOT,0.25,4.3,86.0,1.0,DEF,TOT,0.0,4.3,90.0,1.0,DEF,TOT,0.0,4.3,45.0,0.0,DEF,TOT,0.0,4.3,90.0,1.0,DEF,TOT,0.0,45.0,4.3,0.0,DEF,TOT,0.0,4.3,90.0,1.0,DEF,TOT,1.0,4.3,0.0,0.0,DEF,TOT,1.0,4.3,0.0,0.0,DEF,TOT,1.0,4.3,0.0,0.0,DEF,TOT,1.0,4.3,0.0,0.0,DEF,TOT,1.0,4.3,0.0,0.0,DEF,TOT,1.0,4.3,0.0,0.0,DEF,TOT,1.0,4.3,0.0,0.0,DEF,TOT,1.0,4.3,0.0,0.0,DEF,TOT,0.0,0.0,4.3,0.0,DEF,TOT,1.0,4.3,0.0,0.0,DEF,TOT,0.0,0.0,4.3,0.0,DEF,TOT,1.0,4.3,0.0,0.0,1250.0,24.0
487,E.Royal,DEF,TOT,1.0,4.5,0.0,0.0,DEF,TOT,1.0,4.5,0.0,0.0,DEF,TOT,1.0,4.5,0.0,0.0,DEF,TOT,1.0,4.5,0.0,0.0,DEF,TOT,1.0,4.5,0.0,0.0,DEF,TOT,1.0,4.5,0.0,0.0,DEF,TOT,1.0,4.5,0.0,0.0,DEF,TOT,1.0,4.5,0.0,0.0,DEF,TOT,1.0,4.5,0.0,0.0,DEF,TOT,1.0,4.5,0.0,0.0,DEF,TOT,1.0,4.5,0.0,0.0,DEF,TOT,1.0,4.5,0.0,0.0,DEF,TOT,1.0,4.5,0.0,0.0,DEF,TOT,1.0,4.5,0.0,0.0,DEF,TOT,1.0,4.5,0.0,0.0,DEF,TOT,1.0,4.5,0.0,0.0,DEF,TOT,1.0,4.5,0.0,0.0,DEF,TOT,1.0,4.5,0.0,0.0,DEF,TOT,1.0,4.5,0.0,0.0,DEF,TOT,1.0,4.5,0.0,0.0,DEF,TOT,1.0,4.5,0.0,0.0,DEF,TOT,1.0,0.0,4.5,0.0,DEF,TOT,1.0,4.5,0.0,0.0,DEF,TOT,1.0,4.5,0.0,0.0,DEF,TOT,1.0,4.5,0.0,0.0,DEF,TOT,1.0,4.5,0.0,0.0,DEF,TOT,1.0,4.5,0.0,0.0,DEF,TOT,1.0,4.5,0.0,0.0,DEF,TOT,1.0,4.5,0.0,0.0,DEF,TOT,1.0,4.5,0.0,0.0,DEF,TOT,1.0,4.5,0.0,0.0,DEF,TOT,1.0,0.0,4.5,0.0,DEF,TOT,1.0,4.5,0.0,0.0,DEF,TOT,1.0,0.0,4.5,0.0,DEF,TOT,1.0,4.5,0.0,0.0,0.0,0.0
488,Forster,GKP,TOT,0.0,4.5,0.0,0.0,GKP,TOT,0.0,4.5,0.0,0.0,GKP,TOT,0.0,4.5,0.0,0.0,GKP,TOT,0.0,4.4,0.0,0.0,GKP,TOT,0.0,4.4,0.0,0.0,GKP,TOT,0.0,4.4,0.0,0.0,GKP,TOT,0.0,4.4,0.0,0.0,GKP,TOT,0.0,4.4,0.0,0.0,GKP,TOT,0.0,4.4,0.0,0.0,GKP,TOT,0.0,4.4,0.0,0.0,GKP,TOT,0.0,4.4,0.0,0.0,GKP,TOT,0.0,4.3,0.0,0.0,GKP,TOT,0.0,4.3,90.0,3.0,GKP,TOT,0.0,4.3,90.0,4.0,GKP,TOT,0.0,4.3,90.0,1.0,GKP,TOT,0.0,4.3,90.0,7.0,GKP,TOT,0.0,4.3,90.0,1.0,GKP,TOT,0.0,4.3,90.0,2.0,GKP,TOT,0.0,4.3,90.0,1.0,GKP,TOT,0.0,4.3,0.0,0.0,GKP,TOT,0.0,4.3,0.0,0.0,GKP,TOT,0.0,0.0,4.3,0.0,GKP,TOT,0.0,4.3,0.0,0.0,GKP,TOT,0.0,4.3,0.0,0.0,GKP,TOT,0.0,4.3,0.0,0.0,GKP,TOT,0.0,4.3,0.0,0.0,GKP,TOT,0.0,4.3,0.0,0.0,GKP,TOT,0.0,4.3,0.0,0.0,GKP,TOT,0.0,4.3,0.0,0.0,GKP,TOT,0.0,4.3,0.0,0.0,GKP,TOT,0.0,4.3,0.0,0.0,GKP,TOT,0.0,0.0,4.3,0.0,GKP,TOT,0.0,4.3,0.0,0.0,GKP,TOT,0.0,0.0,4.3,0.0,GKP,TOT,0.0,4.3,0.0,0.0,630.0,19.0
489,Gray,MID,TOT,0.0,5.0,12.0,1.0,MID,TOT,0.0,5.0,18.0,1.0,MID,TOT,0.0,4.9,0.0,0.0,MID,TOT,0.0,4.9,0.0,0.0,MID,TOT,0.0,4.8,2.0,1.0,MID,TOT,0.0,4.8,0.0,0.0,MID,TOT,0.0,4.8,0.0,0.0,MID,TOT,0.0,4.7,2.0,1.0,MID,TOT,0.0,4.7,0.0,0.0,MID,TOT,0.0,4.7,8.0,1.0,MID,TOT,0.0,4.7,0.0,0.0,MID,TOT,0.0,4.7,0.0,0.0,MID,TOT,0.25,4.7,10.0,1.0,MID,TOT,0.0,4.7,90.0,2.0,MID,TOT,0.0,4.6,11.0,1.0,MID,TOT,0.0,4.6,90.0,3.0,MID,TOT,0.0,4.6,90.0,2.0,MID,TOT,0.0,4.6,90.0,2.0,MID,TOT,0.0,4.6,90.0,2.0,MID,TOT,0.0,4.6,90.0,2.0,MID,TOT,0.0,4.6,90.0,2.0,MID,TOT,0.0,90.0,4.6,0.0,MID,TOT,0.0,4.6,90.0,2.0,MID,TOT,0.0,4.6,90.0,3.0,MID,TOT,0.0,4.6,12.0,1.0,MID,TOT,0.0,4.6,90.0,2.0,MID,TOT,0.0,4.6,90.0,2.0,MID,TOT,0.0,4.6,0.0,0.0,MID,TOT,0.0,4.6,90.0,2.0,MID,TOT,0.0,4.6,0.0,0.0,MID,TOT,0.0,4.6,10.0,1.0,MID,TOT,0.0,90.0,4.6,2.0,MID,TOT,0.0,4.6,0.0,0.0,MID,TOT,0.0,45.0,4.6,1.0,MID,TOT,0.0,4.6,90.0,2.0,1480.0,40.0
490,Højbjerg,MID,TOT,1.0,5.0,0.0,0.0,MID,TOT,1.0,5.0,0.0,0.0,MID,TOT,1.0,5.0,0.0,0.0,MID,TOT,1.0,5.0,0.0,0.0,MID,TOT,1.0,5.0,0.0,0.0,MID,TOT,1.0,5.0,0.0,0.0,MID,TOT,1.0,5.0,0.0,0.0,MID,TOT,1.0,5.0,0.0,0.0,MID,TOT,1.0,5.0,0.0,0.0,MID,TOT,1.0,5.0,0.0,0.0,MID,TOT,1.0,5.0,0.0,0.0,MID,TOT,1.0,5.0,0.0,0.0,MID,TOT,1.0,5.0,0.0,0.0,MID,TOT,1.0,5.0,0.0,0.0,MID,TOT,1.0,5.0,0.0,0.0,MID,TOT,1.0,5.0,0.0,0.0,MID,TOT,1.0,5.0,0.0,0.0,MID,TOT,1.0,5.0,0.0,0.0,MID,TOT,1.0,5.0,0.0,0.0,MID,TOT,1.0,5.0,0.0,0.0,MID,TOT,1.0,5.0,0.0,0.0,MID,TOT,1.0,0.0,5.0,0.0,MID,TOT,1.0,5.0,0.0,0.0,MID,TOT,1.0,5.0,0.0,0.0,MID,TOT,1.0,5.0,0.0,0.0,MID,TOT,1.0,5.0,0.0,0.0,MID,TOT,1.0,5.0,0.0,0.0,MID,TOT,1.0,5.0,0.0,0.0,MID,TOT,1.0,5.0,0.0,0.0,MID,TOT,1.0,5.0,0.0,0.0,MID,TOT,1.0,5.0,0.0,0.0,MID,TOT,1.0,0.0,5.0,0.0,MID,TOT,1.0,5.0,0.0,0.0,MID,TOT,1.0,0.0,5.0,0.0,MID,TOT,1.0,5.0,0.0,0.0,0.0,0.0
491,Brennan Johnson,MID,TOT,0.0,6.5,77.0,2.0,MID,TOT,0.0,6.5,90.0,3.0,MID,TOT,0.0,6.4,45.0,4.0,MID,TOT,0.0,6.4,67.0,2.0,MID,TOT,0.0,6.4,69.0,7.0,MID,TOT,0.0,6.4,75.0,11.0,MID,TOT,0.0,6.5,90.0,7.0,MID,TOT,0.0,6.7,90.0,2.0,MID,TOT,0.0,6.7,90.0,1.0,MID,TOT,0.0,6.7,90.0,8.0,MID,TOT,0.0,6.8,83.0,2.0,MID,TOT,0.0,6.7,27.0,6.0,MID,TOT,0.0,6.7,90.0,10.0,MID,TOT,0.0,6.7,90.0,2.0,MID,TOT,0.0,6.7,52.0,4.0,MID,TOT,0.0,6.6,45.0,0.0,MID,TOT,0.0,6.6,32.0,4.0,MID,TOT,0.0,6.5,90.0,2.0,MID,TOT,0.0,6.5,63.0,9.0,MID,TOT,0.0,6.5,90.0,2.0,MID,TOT,0.25,6.4,45.0,1.0,MID,TOT,0.25,0.0,6.4,0.0,MID,TOT,1.0,6.3,0.0,0.0,MID,TOT,0.5,6.2,0.0,0.0,MID,TOT,0.0,6.2,26.0,1.0,MID,TOT,0.0,6.2,63.0,14.0,MID,TOT,0.0,6.2,90.0,2.0,MID,TOT,0.0,6.2,45.0,1.0,MID,TOT,0.0,6.2,45.0,1.0,MID,TOT,0.0,6.2,26.0,0.0,MID,TOT,0.0,6.2,90.0,18.0,MID,TOT,0.25,90.0,6.2,5.0,MID,TOT,0.0,6.2,23.0,1.0,MID,TOT,0.25,90.0,6.2,2.0,MID,TOT,0.0,6.2,0.0,0.0,2078.0,134.0
492,Kulusevski,MID,TOT,0.0,6.5,11.0,1.0,MID,TOT,0.0,6.4,66.0,6.0,MID,TOT,0.0,6.4,90.0,2.0,MID,TOT,0.0,6.3,90.0,1.0,MID,TOT,0.0,6.3,90.0,2.0,MID,TOT,0.0,6.2,90.0,11.0,MID,TOT,0.0,6.2,90.0,1.0,MID,TOT,0.0,6.2,90.0,9.0,MID,TOT,0.0,6.3,61.0,1.0,MID,TOT,0.0,6.3,90.0,5.0,MID,TOT,0.0,6.3,90.0,2.0,MID,TOT,0.0,6.3,90.0,6.0,MID,TOT,0.0,6.3,22.0,1.0,MID,TOT,0.0,6.3,90.0,2.0,MID,TOT,0.0,6.3,78.0,7.0,MID,TOT,0.0,6.3,90.0,8.0,MID,TOT,0.0,6.3,90.0,7.0,MID,TOT,0.0,6.4,90.0,2.0,MID,TOT,0.0,6.4,90.0,5.0,MID,TOT,0.0,6.5,90.0,2.0,MID,TOT,0.0,6.4,90.0,2.0,MID,TOT,0.0,90.0,6.4,9.0,MID,TOT,0.0,6.4,90.0,2.0,MID,TOT,0.0,6.3,90.0,3.0,MID,TOT,0.0,6.3,90.0,3.0,MID,TOT,0.0,6.3,90.0,9.0,MID,TOT,0.0,6.3,24.0,1.0,MID,TOT,0.75,6.2,0.0,0.0,MID,TOT,0.5,6.2,0.0,0.0,MID,TOT,1.0,6.2,0.0,0.0,MID,TOT,1.0,6.2,0.0,0.0,MID,TOT,0.0,15.0,6.2,1.0,MID,TOT,0.0,6.2,66.0,2.0,MID,TOT,0.0,45.0,6.2,1.0,MID,TOT,0.0,6.2,90.0,2.0,2368.0,116.0
493,Lo Celso,MID,TOT,0.0,5.0,0.0,0.0,MID,TOT,0.0,4.9,0.0,0.0,MID,TOT,1.0,4.9,0.0,0.0,MID,TOT,1.0,4.9,0.0,0.0,MID,TOT,1.0,4.9,0.0,0.0,MID,TOT,1.0,4.9,0.0,0.0,MID,TOT,1.0,4.9,0.0,0.0,MID,TOT,1.0,4.9,0.0,0.0,MID,TOT,1.0,4.9,0.0,0.0,MID,TOT,1.0,4.9,0.0,0.0,MID,TOT,1.0,4.9,0.0,0.0,MID,TOT,1.0,4.9,0.0,0.0,MID,TOT,1.0,4.9,0.0,0.0,MID,TOT,1.0,4.9,0.0,0.0,MID,TOT,1.0,4.9,0.0,0.0,MID,TOT,1.0,4.9,0.0,0.0,MID,TOT,1.0,4.9,0.0,0.0,MID,TOT,1.0,4.9,0.0,0.0,MID,TOT,1.0,4.9,0.0,0.0,MID,TOT,1.0,4.9,0.0,0.0,MID,TOT,1.0,4.9,0.0,0.0,MID,TOT,1.0,0.0,4.9,0.0,MID,TOT,1.0,4.9,0.0,0.0,MID,TOT,1.0,4.9,0.0,0.0,MID,TOT,1.0,4.9,0.0,0.0,MID,TOT,1.0,4.9,0.0,0.0,MID,TOT,1.0,4.9,0.0,0.0,MID,TOT,1.0,4.9,0.0,0.0,MID,TOT,1.0,4.9,0.0,0.0,MID,TOT,1.0,4.9,0.0,0.0,MID,TOT,1.0,4.9,0.0,0.0,MID,TOT,1.0,0.0,4.9,0.0,MID,TOT,1.0,4.9,0.0,0.0,MID,TOT,1.0,0.0,4.9,0.0,MID,TOT,1.0,4.9,0.0,0.0,0.0,0.0
494,Maddison,MID,TOT,0.0,7.5,78.0,5.0,MID,TOT,0.0,7.5,78.0,6.0,MID,TOT,0.0,7.5,81.0,1.0,MID,TOT,0.0,7.5,79.0,2.0,MID,TOT,0.0,7.5,87.0,12.0,MID,TOT,0.0,7.5,76.0,3.0,MID,TOT,0.0,7.5,84.0,10.0,MID,TOT,0.0,7.6,45.0,4.0,MID,TOT,0.0,7.6,61.0,2.0,MID,TOT,0.0,7.6,8.0,6.0,MID,TOT,0.0,7.6,6.0,1.0,MID,TOT,0.0,7.6,88.0,16.0,MID,TOT,0.0,7.6,84.0,2.0,MID,TOT,0.0,7.6,79.0,2.0,MID,TOT,0.0,7.6,11.0,4.0,MID,TOT,0.0,7.6,76.0,15.0,MID,TOT,0.0,7.6,57.0,6.0,MID,TOT,0.0,7.7,26.0,0.0,MID,TOT,0.0,7.7,26.0,1.0,MID,TOT,0.0,7.6,28.0,1.0,MID,TOT,0.0,7.5,45.0,1.0,MID,TOT,0.0,90.0,7.5,2.0,MID,TOT,0.25,7.4,0.0,0.0,MID,TOT,0.5,7.4,0.0,0.0,MID,TOT,0.0,7.4,63.0,10.0,MID,TOT,0.0,7.4,26.0,4.0,MID,TOT,0.0,7.4,81.0,1.0,MID,TOT,0.0,7.4,29.0,0.0,MID,TOT,0.0,7.4,22.0,1.0,MID,TOT,0.0,7.4,87.0,2.0,MID,TOT,0.0,7.4,79.0,7.0,MID,TOT,0.0,74.0,7.4,2.0,MID,TOT,0.0,7.4,0.0,0.0,MID,TOT,0.0,45.0,7.4,4.0,MID,TOT,1.0,7.4,0.0,0.0,1799.0,133.0
495,Pedro Porro,DEF,TOT,0.25,5.5,90.0,9.0,DEF,TOT,0.0,5.5,90.0,6.0,DEF,TOT,0.0,5.5,90.0,1.0,DEF,TOT,0.0,5.5,90.0,2.0,DEF,TOT,0.0,5.6,87.0,2.0,DEF,TOT,0.0,5.5,90.0,5.0,DEF,TOT,0.0,5.5,90.0,1.0,DEF,TOT,0.0,5.5,90.0,2.0,DEF,TOT,0.0,5.5,90.0,2.0,DEF,TOT,0.0,5.5,90.0,1.0,DEF,TOT,0.0,5.5,90.0,4.0,DEF,TOT,0.0,5.5,90.0,14.0,DEF,TOT,0.0,5.6,90.0,2.0,DEF,TOT,0.0,5.6,28.0,1.0,DEF,TOT,0.0,5.6,90.0,3.0,DEF,TOT,0.0,5.6,62.0,6.0,DEF,TOT,0.0,5.5,90.0,-1.0,DEF,TOT,0.0,5.5,9.0,1.0,DEF,TOT,0.0,5.5,90.0,4.0,DEF,TOT,0.0,5.5,90.0,4.0,DEF,TOT,0.0,5.4,90.0,1.0,DEF,TOT,0.0,90.0,5.4,1.0,DEF,TOT,0.0,5.4,90.0,6.0,DEF,TOT,0.0,5.4,90.0,6.0,DEF,TOT,0.0,5.4,90.0,6.0,DEF,TOT,0.0,5.4,25.0,1.0,DEF,TOT,0.0,5.3,90.0,2.0,DEF,TOT,0.0,5.3,86.0,1.0,DEF,TOT,0.0,5.3,0.0,0.0,DEF,TOT,0.0,5.3,2.0,0.0,DEF,TOT,0.0,5.3,90.0,1.0,DEF,TOT,0.0,0.0,5.3,0.0,DEF,TOT,0.0,5.3,90.0,5.0,DEF,TOT,0.0,0.0,5.3,0.0,DEF,TOT,0.0,5.3,0.0,0.0,2459.0,99.0
496,Reguilón,DEF,TOT,0.0,4.5,0.0,0.0,DEF,TOT,0.0,4.4,0.0,0.0,DEF,TOT,0.0,4.4,0.0,0.0,DEF,TOT,0.0,4.4,0.0,0.0,DEF,TOT,0.0,4.3,0.0,0.0,DEF,TOT,0.0,4.3,0.0,0.0,DEF,TOT,0.0,4.3,0.0,0.0,DEF,TOT,0.0,4.3,0.0,0.0,DEF,TOT,0.0,4.3,0.0,0.0,DEF,TOT,0.0,4.2,0.0,0.0,DEF,TOT,0.0,4.2,0.0,0.0,DEF,TOT,0.0,4.2,0.0,0.0,DEF,TOT,0.0,4.2,0.0,0.0,DEF,TOT,0.0,4.2,0.0,0.0,DEF,TOT,0.0,4.2,0.0,0.0,DEF,TOT,0.0,4.2,0.0,0.0,DEF,TOT,0.0,4.2,0.0,0.0,DEF,TOT,0.0,4.2,0.0,0.0,DEF,TOT,0.0,4.2,40.0,1.0,DEF,TOT,0.0,4.2,45.0,0.0,DEF,TOT,0.0,4.2,0.0,0.0,DEF,TOT,0.0,0.0,4.2,0.0,DEF,TOT,0.0,4.2,36.0,0.0,DEF,TOT,0.0,4.2,0.0,0.0,DEF,TOT,0.0,4.2,0.0,0.0,DEF,TOT,0.0,4.2,0.0,0.0,DEF,TOT,0.0,4.1,0.0,0.0,DEF,TOT,0.0,4.1,0.0,0.0,DEF,TOT,0.0,4.1,0.0,0.0,DEF,TOT,0.0,4.1,0.0,0.0,DEF,TOT,0.0,4.1,0.0,0.0,DEF,TOT,0.0,0.0,4.1,0.0,DEF,TOT,0.0,4.1,0.0,0.0,DEF,TOT,0.0,0.0,4.1,0.0,DEF,TOT,0.0,4.1,0.0,0.0,121.0,1.0
497,Richarlison,FWD,TOT,0.0,7.0,1.0,1.0,FWD,TOT,0.0,7.0,24.0,1.0,FWD,TOT,1.0,6.9,0.0,0.0,FWD,TOT,1.0,6.9,0.0,0.0,FWD,TOT,1.0,6.9,0.0,0.0,FWD,TOT,1.0,6.8,0.0,0.0,FWD,TOT,1.0,6.8,0.0,0.0,FWD,TOT,0.0,6.8,9.0,1.0,FWD,TOT,0.0,6.8,28.0,0.0,FWD,TOT,1.0,6.8,25.0,4.0,FWD,TOT,1.0,6.8,0.0,0.0,FWD,TOT,1.0,6.8,0.0,0.0,FWD,TOT,1.0,6.8,0.0,0.0,FWD,TOT,1.0,6.8,0.0,0.0,FWD,TOT,1.0,6.8,0.0,0.0,FWD,TOT,1.0,6.8,0.0,0.0,FWD,TOT,1.0,6.8,0.0,0.0,FWD,TOT,1.0,6.8,0.0,0.0,FWD,TOT,1.0,6.8,0.0,0.0,FWD,TOT,0.5,6.8,0.0,0.0,FWD,TOT,0.0,6.8,12.0,1.0,FWD,TOT,0.0,45.0,6.8,5.0,FWD,TOT,0.25,6.8,53.0,5.0,FWD,TOT,0.25,6.8,78.0,2.0,FWD,TOT,1.0,6.8,0.0,0.0,FWD,TOT,1.0,6.8,0.0,0.0,FWD,TOT,0.5,6.8,0.0,0.0,FWD,TOT,1.0,6.8,0.0,0.0,FWD,TOT,0.5,6.8,0.0,0.0,FWD,TOT,0.25,6.8,0.0,0.0,FWD,TOT,0.0,6.8,0.0,0.0,FWD,TOT,0.0,15.0,6.8,5.0,FWD,TOT,0.0,6.8,90.0,6.0,FWD,TOT,0.0,23.0,6.8,0.0,FWD,TOT,0.0,6.8,67.0,2.0,470.0,33.0
498,Romero,DEF,TOT,0.0,5.0,90.0,2.0,DEF,TOT,0.0,5.0,90.0,14.0,DEF,TOT,0.0,5.1,90.0,1.0,DEF,TOT,0.0,5.1,90.0,2.0,DEF,TOT,0.0,5.1,90.0,2.0,DEF,TOT,0.0,5.1,90.0,6.0,DEF,TOT,0.0,5.1,90.0,1.0,DEF,TOT,0.0,5.1,90.0,2.0,DEF,TOT,0.0,5.1,90.0,2.0,DEF,TOT,0.25,5.1,60.0,1.0,DEF,TOT,0.0,5.0,90.0,1.0,DEF,TOT,0.5,5.0,0.0,0.0,DEF,TOT,0.5,5.0,0.0,0.0,DEF,TOT,0.25,5.0,0.0,0.0,DEF,TOT,1.0,5.0,14.0,1.0,DEF,TOT,1.0,5.0,0.0,0.0,DEF,TOT,1.0,5.0,0.0,0.0,DEF,TOT,1.0,4.9,0.0,0.0,DEF,TOT,1.0,4.9,0.0,0.0,DEF,TOT,1.0,4.9,0.0,0.0,DEF,TOT,1.0,4.9,0.0,0.0,DEF,TOT,1.0,0.0,4.9,0.0,DEF,TOT,0.5,4.9,0.0,0.0,DEF,TOT,1.0,4.9,0.0,0.0,DEF,TOT,1.0,4.9,0.0,0.0,DEF,TOT,1.0,4.9,0.0,0.0,DEF,TOT,0.5,4.9,0.0,0.0,DEF,TOT,0.0,4.9,60.0,2.0,DEF,TOT,0.0,4.9,67.0,7.0,DEF,TOT,0.0,4.9,90.0,1.0,DEF,TOT,0.0,4.9,90.0,2.0,DEF,TOT,1.0,90.0,4.9,3.0,DEF,TOT,0.0,4.9,45.0,-1.0,DEF,TOT,1.0,0.0,4.9,0.0,DEF,TOT,0.0,4.9,0.0,0.0,1416.0,49.0
499,P.M.Sarr,MID,TOT,0.0,5.0,77.0,2.0,MID,TOT,0.0,5.0,23.0,1.0,MID,TOT,0.0,4.9,45.0,0.0,MID,TOT,0.0,4.9,22.0,1.0,MID,TOT,0.0,4.9,20.0,1.0,MID,TOT,0.0,4.9,13.0,4.0,MID,TOT,0.0,4.9,11.0,1.0,MID,TOT,0.0,4.9,45.0,4.0,MID,TOT,0.0,4.9,28.0,1.0,MID,TOT,0.0,4.8,90.0,2.0,MID,TOT,0.25,4.8,65.0,2.0,MID,TOT,0.0,4.8,89.0,2.0,MID,TOT,0.0,4.8,84.0,2.0,MID,TOT,0.0,4.8,56.0,1.0,MID,TOT,0.0,4.8,90.0,1.0,MID,TOT,0.0,4.8,90.0,9.0,MID,TOT,0.0,4.8,57.0,1.0,MID,TOT,0.0,4.8,63.0,2.0,MID,TOT,0.0,4.8,26.0,1.0,MID,TOT,0.0,4.8,61.0,2.0,MID,TOT,0.0,4.8,45.0,0.0,MID,TOT,0.0,72.0,4.8,2.0,MID,TOT,0.0,4.8,53.0,1.0,MID,TOT,0.0,4.8,22.0,6.0,MID,TOT,0.0,4.8,26.0,1.0,MID,TOT,0.0,4.8,0.0,0.0,MID,TOT,0.0,4.7,23.0,0.0,MID,TOT,0.0,4.7,90.0,10.0,MID,TOT,0.0,4.7,0.0,0.0,MID,TOT,0.0,4.7,26.0,0.0,MID,TOT,0.0,4.7,33.0,1.0,MID,TOT,0.0,54.0,4.7,1.0,MID,TOT,0.0,4.7,80.0,2.0,MID,TOT,0.0,45.0,4.7,1.0,MID,TOT,0.0,4.7,90.0,2.0,1714.0,67.0
500,Scarlett,FWD,TOT,1.0,4.5,0.0,0.0,FWD,TOT,1.0,4.5,0.0,0.0,FWD,TOT,1.0,4.5,0.0,0.0,FWD,TOT,1.0,4.5,0.0,0.0,FWD,TOT,1.0,4.5,0.0,0.0,FWD,TOT,1.0,4.5,0.0,0.0,FWD,TOT,1.0,4.5,0.0,0.0,FWD,TOT,1.0,4.5,0.0,0.0,FWD,TOT,1.0,4.5,0.0,0.0,FWD,TOT,1.0,4.5,0.0,0.0,FWD,TOT,1.0,4.5,0.0,0.0,FWD,TOT,1.0,4.5,0.0,0.0,FWD,TOT,1.0,4.5,0.0,0.0,FWD,TOT,1.0,4.5,0.0,0.0,FWD,TOT,1.0,4.5,0.0,0.0,FWD,TOT,1.0,4.5,0.0,0.0,FWD,TOT,1.0,4.5,0.0,0.0,FWD,TOT,1.0,4.5,0.0,0.0,FWD,TOT,1.0,4.5,0.0,0.0,FWD,TOT,1.0,4.5,0.0,0.0,FWD,TOT,1.0,4.5,0.0,0.0,FWD,TOT,1.0,0.0,4.5,0.0,FWD,TOT,1.0,4.5,0.0,0.0,FWD,TOT,0.0,4.4,11.0,1.0,FWD,TOT,0.0,4.4,0.0,0.0,FWD,TOT,0.0,4.4,16.0,4.0,FWD,TOT,0.0,4.4,0.0,0.0,FWD,TOT,0.0,4.4,0.0,0.0,FWD,TOT,0.0,4.4,4.0,1.0,FWD,TOT,0.0,4.4,0.0,0.0,FWD,TOT,0.0,4.4,0.0,0.0,FWD,TOT,1.0,0.0,4.4,0.0,FWD,TOT,0.0,4.4,0.0,0.0,FWD,TOT,1.0,0.0,4.4,0.0,FWD,TOT,0.0,4.4,0.0,0.0,31.0,6.0
501,Skipp,MID,TOT,0.0,5.0,0.0,0.0,MID,LEI,0.0,5.0,19.0,1.0,MID,LEI,0.0,4.9,67.0,1.0,MID,LEI,0.0,4.9,90.0,2.0,MID,LEI,0.0,4.9,0.0,0.0,MID,LEI,0.0,4.9,90.0,1.0,MID,LEI,0.0,4.9,90.0,3.0,MID,LEI,0.0,4.9,45.0,1.0,MID,LEI,0.0,4.9,0.0,0.0,MID,LEI,0.0,4.9,0.0,0.0,MID,LEI,0.0,4.8,0.0,0.0,MID,LEI,0.0,4.8,79.0,1.0,MID,LEI,0.0,4.8,26.0,1.0,MID,LEI,0.0,4.8,0.0,0.0,MID,LEI,0.0,4.8,38.0,1.0,MID,LEI,0.0,4.8,90.0,1.0,MID,LEI,0.0,4.8,45.0,1.0,MID,LEI,0.0,4.8,25.0,1.0,MID,LEI,0.0,4.7,0.0,0.0,MID,LEI,0.0,4.7,0.0,0.0,MID,LEI,0.0,4.7,24.0,1.0,MID,LEI,0.0,25.0,4.7,1.0,MID,LEI,0.0,4.7,4.0,1.0,MID,LEI,0.0,4.7,0.0,0.0,MID,LEI,0.0,4.7,0.0,0.0,MID,LEI,0.0,4.7,13.0,1.0,MID,LEI,0.0,4.7,0.0,0.0,MID,LEI,0.0,4.7,0.0,0.0,MID,LEI,0.0,4.7,0.0,0.0,MID,LEI,0.0,4.7,45.0,0.0,MID,LEI,0.0,4.7,0.0,0.0,MID,LEI,0.0,29.0,4.7,0.0,MID,LEI,0.0,4.7,7.0,1.0,MID,LEI,0.0,45.0,4.7,0.0,MID,LEI,0.0,4.7,90.0,2.0,986.0,22.0
502,Solomon,MID,TOT,0.0,5.5,0.0,0.0,MID,TOT,0.0,5.4,0.0,0.0,MID,TOT,1.0,5.4,0.0,0.0,MID,TOT,1.0,5.4,0.0,0.0,MID,TOT,1.0,5.4,0.0,0.0,MID,TOT,1.0,5.4,0.0,0.0,MID,TOT,1.0,5.4,0.0,0.0,MID,TOT,1.0,5.4,0.0,0.0,MID,TOT,1.0,5.4,0.0,0.0,MID,TOT,1.0,5.4,0.0,0.0,MID,TOT,1.0,5.4,0.0,0.0,MID,TOT,1.0,5.4,0.0,0.0,MID,TOT,1.0,5.4,0.0,0.0,MID,TOT,1.0,5.4,0.0,0.0,MID,TOT,1.0,5.4,0.0,0.0,MID,TOT,1.0,5.4,0.0,0.0,MID,TOT,1.0,5.4,0.0,0.0,MID,TOT,1.0,5.4,0.0,0.0,MID,TOT,1.0,5.4,0.0,0.0,MID,TOT,1.0,5.4,0.0,0.0,MID,TOT,1.0,5.4,0.0,0.0,MID,TOT,1.0,0.0,5.4,0.0,MID,TOT,1.0,5.4,0.0,0.0,MID,TOT,1.0,5.4,0.0,0.0,MID,TOT,1.0,5.4,0.0,0.0,MID,TOT,1.0,5.4,0.0,0.0,MID,TOT,1.0,5.4,0.0,0.0,MID,TOT,1.0,5.4,0.0,0.0,MID,TOT,1.0,5.4,0.0,0.0,MID,TOT,1.0,5.4,0.0,0.0,MID,TOT,1.0,5.4,0.0,0.0,MID,TOT,1.0,0.0,5.4,0.0,MID,TOT,1.0,5.4,0.0,0.0,MID,TOT,1.0,0.0,5.4,0.0,MID,TOT,1.0,5.4,0.0,0.0,0.0,0.0
503,Son,MID,TOT,0.0,10.0,90.0,2.0,MID,TOT,0.0,10.0,90.0,16.0,MID,TOT,0.0,10.0,90.0,3.0,MID,TOT,0.0,10.0,90.0,2.0,MID,TOT,0.0,10.0,90.0,10.0,MID,TOT,0.25,9.9,0.0,0.0,MID,TOT,0.75,9.9,0.0,0.0,MID,TOT,0.0,9.9,69.0,8.0,MID,TOT,0.75,9.9,0.0,0.0,MID,TOT,0.0,9.9,55.0,4.0,MID,TOT,0.0,9.9,90.0,2.0,MID,TOT,0.0,9.9,62.0,6.0,MID,TOT,0.0,9.9,90.0,2.0,MID,TOT,0.0,9.8,33.0,1.0,MID,TOT,0.0,9.8,90.0,7.0,MID,TOT,0.0,9.8,45.0,14.0,MID,TOT,0.0,9.8,81.0,2.0,MID,TOT,0.0,9.8,80.0,2.0,MID,TOT,0.0,9.9,63.0,0.0,MID,TOT,0.0,9.8,28.0,1.0,MID,TOT,0.0,9.8,77.0,8.0,MID,TOT,0.0,90.0,9.8,2.0,MID,TOT,0.0,9.8,90.0,2.0,MID,TOT,0.0,9.8,90.0,10.0,MID,TOT,0.25,9.7,86.0,3.0,MID,TOT,0.0,9.7,73.0,8.0,MID,TOT,0.0,9.7,23.0,1.0,MID,TOT,0.0,9.7,45.0,6.0,MID,TOT,0.0,9.7,45.0,1.0,MID,TOT,0.0,9.7,90.0,2.0,MID,TOT,0.0,9.8,56.0,1.0,MID,TOT,0.0,0.0,9.8,0.0,MID,TOT,1.0,9.7,0.0,0.0,MID,TOT,0.0,0.0,9.7,0.0,MID,TOT,0.5,9.7,0.0,0.0,2001.0,126.0
504,Spence,DEF,TOT,0.0,4.5,1.0,1.0,DEF,TOT,0.0,4.5,17.0,1.0,DEF,TOT,0.0,4.4,0.0,0.0,DEF,TOT,0.0,4.4,0.0,0.0,DEF,TOT,0.0,4.4,0.0,0.0,DEF,TOT,0.0,4.4,45.0,0.0,DEF,TOT,0.0,4.4,0.0,0.0,DEF,TOT,0.25,4.4,0.0,0.0,DEF,TOT,0.5,4.4,0.0,0.0,DEF,TOT,0.25,4.4,0.0,0.0,DEF,TOT,0.0,4.4,0.0,0.0,DEF,TOT,0.0,4.4,1.0,1.0,DEF,TOT,0.0,4.4,0.0,0.0,DEF,TOT,0.0,4.4,0.0,0.0,DEF,TOT,0.0,4.4,0.0,0.0,DEF,TOT,0.0,4.4,76.0,9.0,DEF,TOT,0.0,4.4,90.0,-1.0,DEF,TOT,1.0,4.4,90.0,-1.0,DEF,TOT,0.0,4.4,0.0,0.0,DEF,TOT,0.0,4.4,90.0,1.0,DEF,TOT,0.0,4.4,90.0,1.0,DEF,TOT,0.0,90.0,4.4,1.0,DEF,TOT,0.25,4.4,0.0,0.0,DEF,TOT,0.0,4.4,90.0,9.0,DEF,TOT,0.0,4.4,90.0,9.0,DEF,TOT,0.0,4.4,90.0,8.0,DEF,TOT,0.0,4.4,23.0,1.0,DEF,TOT,0.0,4.4,90.0,1.0,DEF,TOT,0.0,4.4,90.0,1.0,DEF,TOT,0.0,4.4,90.0,1.0,DEF,TOT,0.0,4.4,90.0,5.0,DEF,TOT,0.0,90.0,4.4,-2.0,DEF,TOT,0.0,4.4,90.0,1.0,DEF,TOT,0.0,90.0,4.4,0.0,DEF,TOT,0.0,4.4,90.0,2.0,1603.0,49.0
505,Udogie,DEF,TOT,0.0,5.0,90.0,2.0,DEF,TOT,0.0,5.0,72.0,6.0,DEF,TOT,0.0,5.0,90.0,1.0,DEF,TOT,0.0,5.0,90.0,1.0,DEF,TOT,0.0,5.0,90.0,2.0,DEF,TOT,0.25,5.0,45.0,1.0,DEF,TOT,0.0,4.9,90.0,0.0,DEF,TOT,0.0,4.9,87.0,5.0,DEF,TOT,0.0,4.9,90.0,2.0,DEF,TOT,0.0,4.9,81.0,2.0,DEF,TOT,0.0,4.9,90.0,1.0,DEF,TOT,0.0,4.9,89.0,6.0,DEF,TOT,0.0,4.9,90.0,2.0,DEF,TOT,0.0,4.9,90.0,2.0,DEF,TOT,0.0,4.9,90.0,0.0,DEF,TOT,0.25,4.9,27.0,1.0,DEF,TOT,0.25,4.9,0.0,0.0,DEF,TOT,0.0,4.9,80.0,2.0,DEF,TOT,0.25,4.9,49.0,1.0,DEF,TOT,1.0,4.9,0.0,0.0,DEF,TOT,1.0,4.8,0.0,0.0,DEF,TOT,1.0,0.0,4.8,0.0,DEF,TOT,1.0,4.8,0.0,0.0,DEF,TOT,0.5,4.8,0.0,0.0,DEF,TOT,0.0,4.8,0.0,0.0,DEF,TOT,0.0,4.8,64.0,2.0,DEF,TOT,0.0,4.8,66.0,2.0,DEF,TOT,0.0,4.8,3.0,1.0,DEF,TOT,0.0,4.8,90.0,1.0,DEF,TOT,0.0,4.8,90.0,2.0,DEF,TOT,0.0,4.8,0.0,0.0,DEF,TOT,1.0,0.0,4.8,0.0,DEF,TOT,0.0,4.8,0.0,0.0,DEF,TOT,1.0,90.0,4.8,-2.0,DEF,TOT,0.0,4.8,0.0,0.0,1833.0,43.0
506,Van de Ven,DEF,TOT,0.0,4.5,90.0,2.0,DEF,TOT,0.0,4.5,90.0,9.0,DEF,TOT,0.25,4.5,0.0,0.0,DEF,TOT,0.0,4.5,90.0,1.0,DEF,TOT,0.0,4.5,90.0,1.0,DEF,TOT,0.0,4.5,80.0,11.0,DEF,TOT,0.0,4.6,90.0,1.0,DEF,TOT,0.0,4.7,90.0,1.0,DEF,TOT,0.0,4.7,90.0,1.0,DEF,TOT,1.0,4.6,0.0,0.0,DEF,TOT,0.5,4.6,0.0,0.0,DEF,TOT,1.0,4.6,0.0,0.0,DEF,TOT,1.0,4.6,0.0,0.0,DEF,TOT,1.0,4.5,0.0,0.0,DEF,TOT,1.0,4.5,78.0,1.0,DEF,TOT,1.0,4.5,0.0,0.0,DEF,TOT,1.0,4.5,0.0,0.0,DEF,TOT,1.0,4.5,0.0,0.0,DEF,TOT,1.0,4.5,0.0,0.0,DEF,TOT,1.0,4.5,0.0,0.0,DEF,TOT,1.0,4.5,0.0,0.0,DEF,TOT,1.0,0.0,4.5,0.0,DEF,TOT,0.5,4.5,0.0,0.0,DEF,TOT,0.0,4.5,0.0,0.0,DEF,TOT,1.0,4.5,0.0,0.0,DEF,TOT,1.0,4.5,0.0,0.0,DEF,TOT,0.5,4.5,0.0,0.0,DEF,TOT,0.0,4.5,29.0,1.0,DEF,TOT,0.0,4.5,0.0,0.0,DEF,TOT,0.0,4.5,87.0,2.0,DEF,TOT,0.0,4.5,0.0,0.0,DEF,TOT,1.0,0.0,4.5,0.0,DEF,TOT,0.0,4.5,45.0,0.0,DEF,TOT,1.0,0.0,4.5,0.0,DEF,TOT,0.0,4.5,0.0,0.0,949.0,31.0
507,Veliz,FWD,TOT,1.0,5.0,0.0,0.0,FWD,TOT,1.0,5.0,0.0,0.0,FWD,TOT,1.0,5.0,0.0,0.0,FWD,TOT,1.0,5.0,0.0,0.0,FWD,TOT,1.0,5.0,0.0,0.0,FWD,TOT,1.0,5.0,0.0,0.0,FWD,TOT,1.0,5.0,0.0,0.0,FWD,TOT,1.0,5.0,0.0,0.0,FWD,TOT,1.0,5.0,0.0,0.0,FWD,TOT,1.0,5.0,0.0,0.0,FWD,TOT,1.0,5.0,0.0,0.0,FWD,TOT,1.0,5.0,0.0,0.0,FWD,TOT,1.0,5.0,0.0,0.0,FWD,TOT,1.0,5.0,0.0,0.0,FWD,TOT,1.0,5.0,0.0,0.0,FWD,TOT,1.0,5.0,0.0,0.0,FWD,TOT,1.0,5.0,0.0,0.0,FWD,TOT,1.0,5.0,0.0,0.0,FWD,TOT,1.0,5.0,0.0,0.0,FWD,TOT,1.0,5.0,0.0,0.0,FWD,TOT,1.0,5.0,0.0,0.0,FWD,TOT,1.0,0.0,5.0,0.0,FWD,TOT,1.0,5.0,0.0,0.0,FWD,TOT,1.0,5.0,0.0,0.0,FWD,TOT,1.0,5.0,0.0,0.0,FWD,TOT,1.0,5.0,0.0,0.0,FWD,TOT,1.0,5.0,0.0,0.0,FWD,TOT,1.0,5.0,0.0,0.0,FWD,TOT,1.0,5.0,0.0,0.0,FWD,TOT,1.0,5.0,0.0,0.0,FWD,TOT,1.0,5.0,0.0,0.0,FWD,TOT,1.0,0.0,5.0,0.0,FWD,TOT,1.0,5.0,0.0,0.0,FWD,TOT,1.0,0.0,5.0,0.0,FWD,TOT,1.0,5.0,0.0,0.0,0.0,0.0
508,Vicario,GKP,TOT,0.0,5.0,90.0,2.0,GKP,TOT,0.0,5.0,90.0,6.0,GKP,TOT,0.0,5.0,90.0,1.0,GKP,TOT,0.0,5.0,90.0,2.0,GKP,TOT,0.0,5.0,90.0,3.0,GKP,TOT,0.0,5.0,90.0,6.0,GKP,TOT,0.0,5.0,90.0,1.0,GKP,TOT,0.0,5.0,90.0,2.0,GKP,TOT,0.0,5.0,90.0,3.0,GKP,TOT,0.0,5.0,90.0,2.0,GKP,TOT,0.0,5.0,90.0,1.0,GKP,TOT,1.0,5.0,90.0,8.0,GKP,TOT,1.0,5.0,0.0,0.0,GKP,TOT,1.0,4.9,0.0,0.0,GKP,TOT,1.0,4.9,0.0,0.0,GKP,TOT,1.0,4.9,0.0,0.0,GKP,TOT,1.0,4.9,0.0,0.0,GKP,TOT,1.0,4.8,0.0,0.0,GKP,TOT,1.0,4.8,0.0,0.0,GKP,TOT,1.0,4.8,0.0,0.0,GKP,TOT,1.0,4.8,0.0,0.0,GKP,TOT,1.0,0.0,4.8,0.0,GKP,TOT,1.0,4.8,0.0,0.0,GKP,TOT,0.5,4.8,0.0,0.0,GKP,TOT,0.0,4.8,90.0,9.0,GKP,TOT,0.0,4.8,90.0,3.0,GKP,TOT,0.0,4.8,90.0,3.0,GKP,TOT,0.0,4.8,90.0,3.0,GKP,TOT,0.0,4.8,90.0,1.0,GKP,TOT,0.0,4.8,90.0,3.0,GKP,TOT,0.0,4.8,90.0,3.0,GKP,TOT,1.0,90.0,4.8,0.0,GKP,TOT,0.0,4.8,90.0,1.0,GKP,TOT,1.0,90.0,4.8,0.0,GKP,TOT,0.0,4.8,90.0,2.0,2070.0,65.0
509,Werner,MID,TOT,0.0,6.5,12.0,1.0,MID,TOT,0.0,6.4,0.0,0.0,MID,TOT,0.0,6.4,16.0,1.0,MID,TOT,0.0,6.3,10.0,1.0,MID,TOT,0.0,6.3,0.0,0.0,MID,TOT,0.0,6.2,76.0,3.0,MID,TOT,0.0,6.2,78.0,5.0,MID,TOT,0.0,6.2,20.0,1.0,MID,TOT,0.0,6.2,28.0,1.0,MID,TOT,0.75,6.2,0.0,0.0,MID,TOT,0.0,6.2,24.0,1.0,MID,TOT,0.0,6.2,1.0,4.0,MID,TOT,0.0,6.2,67.0,7.0,MID,TOT,0.0,6.2,10.0,1.0,MID,TOT,0.0,6.2,37.0,1.0,MID,TOT,0.0,6.2,13.0,1.0,MID,TOT,0.25,6.2,8.0,1.0,MID,TOT,0.0,6.2,9.0,1.0,MID,TOT,0.0,6.2,26.0,1.0,MID,TOT,0.0,6.2,61.0,2.0,MID,TOT,1.0,6.2,0.0,0.0,MID,TOT,1.0,0.0,6.2,0.0,MID,TOT,1.0,6.2,0.0,0.0,MID,TOT,0.5,6.2,0.0,0.0,MID,TOT,0.5,6.2,0.0,0.0,MID,TOT,0.5,6.2,0.0,0.0,MID,TOT,0.0,6.2,8.0,1.0,MID,TOT,0.0,6.2,0.0,0.0,MID,TOT,0.0,6.2,0.0,0.0,MID,TOT,0.0,6.2,0.0,0.0,MID,TOT,0.0,6.2,0.0,0.0,MID,TOT,1.0,0.0,6.2,0.0,MID,TOT,0.0,6.2,0.0,0.0,MID,TOT,1.0,0.0,6.2,0.0,MID,TOT,0.0,6.2,0.0,0.0,504.0,34.0
510,Whiteman,GKP,TOT,0.0,4.0,0.0,0.0,GKP,TOT,0.0,4.0,0.0,0.0,GKP,TOT,0.0,4.0,0.0,0.0,GKP,TOT,0.0,4.0,0.0,0.0,GKP,TOT,0.0,4.0,0.0,0.0,GKP,TOT,0.0,4.0,0.0,0.0,GKP,TOT,0.0,4.0,0.0,0.0,GKP,TOT,0.0,4.0,0.0,0.0,GKP,TOT,0.0,4.0,0.0,0.0,GKP,TOT,0.0,4.0,0.0,0.0,GKP,TOT,0.0,4.0,0.0,0.0,GKP,TOT,0.0,4.0,0.0,0.0,GKP,TOT,0.0,4.0,0.0,0.0,GKP,TOT,0.0,4.0,0.0,0.0,GKP,TOT,0.0,4.0,0.0,0.0,GKP,TOT,0.0,4.0,0.0,0.0,GKP,TOT,0.0,4.0,0.0,0.0,GKP,TOT,0.0,4.0,0.0,0.0,GKP,TOT,0.0,4.0,0.0,0.0,GKP,TOT,0.0,4.0,0.0,0.0,GKP,TOT,0.0,4.0,0.0,0.0,GKP,TOT,0.0,0.0,4.0,0.0,GKP,TOT,0.0,3.9,0.0,0.0,GKP,TOT,0.0,3.9,0.0,0.0,GKP,TOT,0.0,3.9,0.0,0.0,GKP,TOT,0.0,3.9,0.0,0.0,GKP,TOT,0.0,3.9,0.0,0.0,GKP,TOT,0.0,3.9,0.0,0.0,GKP,TOT,0.0,3.9,0.0,0.0,GKP,TOT,0.0,3.9,0.0,0.0,GKP,TOT,0.0,3.9,0.0,0.0,GKP,TOT,0.0,0.0,3.9,0.0,GKP,TOT,0.0,3.9,0.0,0.0,GKP,TOT,0.0,0.0,3.9,0.0,GKP,TOT,0.0,3.9,0.0,0.0,0.0,0.0
511,Álvarez,MID,WHM,0.75,5.0,0.0,0.0,MID,WHM,0.0,5.0,12.0,1.0,MID,WHM,0.0,5.0,76.0,2.0,MID,WHM,0.0,5.0,81.0,1.0,MID,WHM,0.0,5.0,53.0,0.0,MID,WHM,0.0,5.0,0.0,0.0,MID,WHM,0.0,5.0,20.0,1.0,MID,WHM,0.0,5.0,29.0,1.0,MID,WHM,0.0,5.0,90.0,2.0,MID,WHM,1.0,5.0,46.0,-2.0,MID,WHM,0.0,5.0,0.0,0.0,MID,WHM,0.0,5.0,0.0,0.0,MID,WHM,0.0,5.0,45.0,1.0,MID,WHM,0.0,5.0,90.0,1.0,MID,WHM,0.0,5.0,87.0,2.0,MID,WHM,0.0,5.0,74.0,2.0,MID,WHM,0.0,5.0,89.0,2.0,MID,WHM,0.0,5.0,45.0,1.0,MID,WHM,0.0,5.0,45.0,1.0,MID,WHM,0.0,5.0,86.0,2.0,MID,WHM,0.0,5.0,90.0,2.0,MID,WHM,0.0,82.0,5.0,1.0,MID,WHM,0.0,5.0,88.0,4.0,MID,WHM,0.25,5.0,0.0,0.0,MID,WHM,0.0,5.0,90.0,2.0,MID,WHM,0.0,5.0,87.0,3.0,MID,WHM,0.0,5.0,65.0,3.0,MID,WHM,0.0,5.0,64.0,2.0,MID,WHM,0.0,5.0,0.0,0.0,MID,WHM,0.0,5.0,45.0,1.0,MID,WHM,0.0,5.0,53.0,1.0,MID,WHM,0.0,0.0,5.0,0.0,MID,WHM,0.75,5.0,0.0,0.0,MID,WHM,0.0,0.0,5.0,0.0,MID,WHM,0.0,5.0,0.0,0.0,1632.0,37.0
512,Antonio,FWD,WHM,0.0,5.5,72.0,2.0,FWD,WHM,0.0,5.5,61.0,2.0,FWD,WHM,0.0,5.5,70.0,2.0,FWD,WHM,0.0,5.5,45.0,1.0,FWD,WHM,0.0,5.5,36.0,0.0,FWD,WHM,0.0,5.4,74.0,5.0,FWD,WHM,0.0,5.4,69.0,18.0,FWD,WHM,0.0,5.4,60.0,2.0,FWD,WHM,0.0,5.4,70.0,2.0,FWD,WHM,0.0,5.4,45.0,1.0,FWD,WHM,0.0,5.4,66.0,2.0,FWD,WHM,0.0,5.4,74.0,2.0,FWD,WHM,0.0,5.4,64.0,2.0,FWD,WHM,0.0,5.4,28.0,1.0,FWD,WHM,1.0,5.4,0.0,0.0,FWD,WHM,1.0,5.4,0.0,0.0,FWD,WHM,1.0,5.4,0.0,0.0,FWD,WHM,1.0,5.3,0.0,0.0,FWD,WHM,1.0,5.3,0.0,0.0,FWD,WHM,1.0,5.3,0.0,0.0,FWD,WHM,1.0,5.3,0.0,0.0,FWD,WHM,1.0,0.0,5.3,0.0,FWD,WHM,1.0,5.3,0.0,0.0,FWD,WHM,1.0,5.3,0.0,0.0,FWD,WHM,1.0,5.3,0.0,0.0,FWD,WHM,1.0,5.3,0.0,0.0,FWD,WHM,1.0,5.3,0.0,0.0,FWD,WHM,1.0,5.3,0.0,0.0,FWD,WHM,1.0,5.3,0.0,0.0,FWD,WHM,1.0,5.3,0.0,0.0,FWD,WHM,1.0,5.2,0.0,0.0,FWD,WHM,1.0,0.0,5.2,0.0,FWD,WHM,1.0,5.2,0.0,0.0,FWD,WHM,1.0,0.0,5.2,0.0,FWD,WHM,1.0,5.2,0.0,0.0,834.0,42.0
513,Areola,GKP,WHM,0.0,4.5,90.0,1.0,GKP,WHM,0.0,4.5,90.0,6.0,GKP,WHM,0.25,4.5,45.0,1.0,GKP,WHM,0.0,4.5,90.0,3.0,GKP,WHM,0.0,4.5,90.0,1.0,GKP,WHM,0.0,4.5,90.0,2.0,GKP,WHM,0.0,4.5,90.0,2.0,GKP,WHM,0.0,4.4,90.0,-1.0,GKP,WHM,0.0,4.4,0.0,0.0,GKP,WHM,0.0,4.4,0.0,0.0,GKP,WHM,0.0,4.3,0.0,0.0,GKP,WHM,0.0,4.3,0.0,0.0,GKP,WHM,0.0,4.3,0.0,0.0,GKP,WHM,0.0,4.3,0.0,0.0,GKP,WHM,0.0,4.2,0.0,0.0,GKP,WHM,0.0,4.2,0.0,0.0,GKP,WHM,0.0,4.2,0.0,0.0,GKP,WHM,0.0,4.2,54.0,1.0,GKP,WHM,0.0,4.2,90.0,2.0,GKP,WHM,0.0,4.2,90.0,1.0,GKP,WHM,0.75,4.2,0.0,0.0,GKP,WHM,0.75,0.0,4.2,0.0,GKP,WHM,0.0,4.2,90.0,3.0,GKP,WHM,0.0,4.2,90.0,2.0,GKP,WHM,0.0,4.2,90.0,3.0,GKP,WHM,0.0,4.2,90.0,6.0,GKP,WHM,0.0,4.2,90.0,6.0,GKP,WHM,0.0,4.2,90.0,3.0,GKP,WHM,0.0,4.2,90.0,3.0,GKP,WHM,0.0,4.2,90.0,2.0,GKP,WHM,0.0,4.2,90.0,2.0,GKP,WHM,0.75,90.0,4.2,2.0,GKP,WHM,0.0,4.2,90.0,3.0,GKP,WHM,0.75,90.0,4.2,3.0,GKP,WHM,0.0,4.2,90.0,2.0,2079.0,59.0
514,Bowen,MID,WHM,0.0,7.5,72.0,2.0,MID,WHM,0.0,7.5,90.0,8.0,MID,WHM,0.0,7.5,85.0,5.0,MID,WHM,0.0,7.5,90.0,5.0,MID,WHM,0.0,7.5,90.0,2.0,MID,WHM,0.0,7.4,90.0,2.0,MID,WHM,0.0,7.4,90.0,12.0,MID,WHM,0.0,7.4,90.0,2.0,MID,WHM,0.0,7.4,90.0,7.0,MID,WHM,0.0,7.5,90.0,2.0,MID,WHM,0.0,7.5,90.0,3.0,MID,WHM,0.0,7.4,90.0,7.0,MID,WHM,0.0,7.4,90.0,2.0,MID,WHM,0.0,7.4,90.0,2.0,MID,WHM,0.0,7.4,90.0,12.0,MID,WHM,0.0,7.4,90.0,2.0,MID,WHM,0.0,7.5,90.0,6.0,MID,WHM,0.0,7.5,90.0,8.0,MID,WHM,1.0,7.5,59.0,1.0,MID,WHM,1.0,7.4,0.0,0.0,MID,WHM,1.0,7.3,0.0,0.0,MID,WHM,1.0,0.0,7.3,0.0,MID,WHM,0.5,7.3,0.0,0.0,MID,WHM,0.0,7.3,90.0,10.0,MID,WHM,0.0,7.3,90.0,2.0,MID,WHM,0.0,7.3,81.0,10.0,MID,WHM,0.0,7.4,90.0,6.0,MID,WHM,0.0,7.5,90.0,2.0,MID,WHM,0.0,7.6,90.0,5.0,MID,WHM,0.0,7.6,90.0,2.0,MID,WHM,0.0,7.6,90.0,7.0,MID,WHM,1.0,90.0,7.5,2.0,MID,WHM,0.0,7.5,85.0,9.0,MID,WHM,1.0,90.0,7.6,10.0,MID,WHM,0.0,7.7,90.0,9.0,2722.0,164.0
515,Cornet,MID,WHM,0.0,5.0,0.0,0.0,MID,WHM,0.0,5.0,0.0,0.0,MID,SOU,0.0,4.9,0.0,0.0,MID,SOU,0.0,4.9,26.0,0.0,MID,SOU,0.0,4.9,0.0,0.0,MID,SOU,0.0,4.9,45.0,1.0,MID,SOU,0.0,4.8,0.0,0.0,MID,SOU,0.0,4.8,0.0,0.0,MID,SOU,0.0,4.8,0.0,0.0,MID,SOU,0.0,4.8,0.0,0.0,MID,SOU,0.0,4.8,0.0,0.0,MID,SOU,0.0,4.7,0.0,0.0,MID,SOU,0.0,4.7,0.0,0.0,MID,SOU,0.0,4.7,0.0,0.0,MID,SOU,0.0,4.7,0.0,0.0,MID,SOU,0.0,4.7,0.0,0.0,MID,SOU,1.0,4.7,0.0,0.0,MID,SOU,0.0,4.7,0.0,0.0,MID,SOU,0.0,4.7,0.0,0.0,MID,SOU,0.0,4.7,0.0,0.0,MID,SOU,0.0,4.7,0.0,0.0,MID,SOU,0.0,0.0,4.7,0.0,MID,SOU,1.0,4.7,0.0,0.0,MID,SOU,1.0,4.7,0.0,0.0,MID,SOU,1.0,4.7,0.0,0.0,MID,SOU,1.0,4.7,0.0,0.0,MID,SOU,1.0,4.7,0.0,0.0,MID,SOU,1.0,4.7,0.0,0.0,MID,SOU,1.0,4.7,0.0,0.0,MID,SOU,1.0,4.7,0.0,0.0,MID,SOU,1.0,4.7,0.0,0.0,MID,SOU,0.0,0.0,4.7,0.0,MID,SOU,1.0,4.7,0.0,0.0,MID,SOU,0.0,0.0,4.7,0.0,MID,SOU,1.0,4.7,0.0,0.0,71.0,1.0
516,Coufal,DEF,WHM,0.0,4.5,84.0,1.0,DEF,WHM,0.0,4.5,62.0,6.0,DEF,WHM,0.0,4.5,19.0,1.0,DEF,WHM,0.0,4.5,33.0,1.0,DEF,WHM,0.0,4.5,0.0,0.0,DEF,WHM,0.0,4.4,0.0,0.0,DEF,WHM,0.0,4.4,0.0,0.0,DEF,WHM,0.0,4.4,0.0,0.0,DEF,WHM,0.0,4.3,0.0,0.0,DEF,WHM,0.0,4.3,0.0,0.0,DEF,WHM,0.0,4.3,23.0,0.0,DEF,WHM,0.0,4.3,15.0,1.0,DEF,WHM,0.0,4.3,25.0,1.0,DEF,WHM,0.0,4.2,61.0,0.0,DEF,WHM,0.0,4.2,0.0,0.0,DEF,WHM,0.0,4.2,90.0,2.0,DEF,WHM,0.0,4.2,19.0,1.0,DEF,WHM,0.0,4.2,2.0,1.0,DEF,WHM,0.0,4.2,45.0,0.0,DEF,WHM,0.0,4.2,90.0,-2.0,DEF,WHM,0.0,4.2,0.0,0.0,DEF,WHM,0.0,0.0,4.2,0.0,DEF,WHM,0.0,4.2,90.0,3.0,DEF,WHM,0.0,4.1,71.0,2.0,DEF,WHM,0.0,4.1,0.0,0.0,DEF,WHM,0.75,4.1,0.0,0.0,DEF,WHM,0.5,4.1,0.0,0.0,DEF,WHM,0.25,4.1,0.0,0.0,DEF,WHM,0.0,4.1,0.0,0.0,DEF,WHM,0.0,4.1,0.0,0.0,DEF,WHM,0.0,4.1,0.0,0.0,DEF,WHM,0.0,33.0,4.1,0.0,DEF,WHM,0.0,4.1,90.0,1.0,DEF,WHM,0.0,4.0,4.1,0.0,DEF,WHM,0.0,4.1,10.0,1.0,866.0,20.0
517,Cresswell,DEF,WHM,0.0,4.0,0.0,0.0,DEF,WHM,0.0,4.0,1.0,1.0,DEF,WHM,0.75,4.0,0.0,0.0,DEF,WHM,0.0,4.0,0.0,0.0,DEF,WHM,0.0,4.0,17.0,1.0,DEF,WHM,0.0,4.0,0.0,0.0,DEF,WHM,0.0,4.0,7.0,1.0,DEF,WHM,0.0,4.0,0.0,0.0,DEF,WHM,0.0,4.0,1.0,0.0,DEF,WHM,0.0,4.0,0.0,0.0,DEF,WHM,0.0,4.0,0.0,0.0,DEF,WHM,0.0,4.0,0.0,0.0,DEF,WHM,0.0,4.0,0.0,0.0,DEF,WHM,0.0,4.0,0.0,0.0,DEF,WHM,0.0,4.0,2.0,1.0,DEF,WHM,0.0,3.9,0.0,0.0,DEF,WHM,0.0,3.9,0.0,0.0,DEF,WHM,0.0,3.9,22.0,1.0,DEF,WHM,0.0,3.9,0.0,0.0,DEF,WHM,0.0,3.9,0.0,0.0,DEF,WHM,0.0,3.9,9.0,1.0,DEF,WHM,0.0,55.0,3.9,1.0,DEF,WHM,0.0,3.9,90.0,1.0,DEF,WHM,0.0,3.9,86.0,1.0,DEF,WHM,0.0,3.9,0.0,0.0,DEF,WHM,0.0,3.9,90.0,6.0,DEF,WHM,0.0,3.9,90.0,9.0,DEF,WHM,0.0,3.9,68.0,2.0,DEF,WHM,0.0,3.9,0.0,0.0,DEF,WHM,0.0,3.9,45.0,1.0,DEF,WHM,0.0,3.9,0.0,0.0,DEF,WHM,0.0,0.0,3.9,0.0,DEF,WHM,0.0,3.9,0.0,0.0,DEF,WHM,0.0,0.0,3.9,0.0,DEF,WHM,0.0,3.9,87.0,2.0,670.0,29.0
518,Downes,MID,SOU,0.0,5.0,90.0,2.0,MID,SOU,0.0,5.0,90.0,1.0,MID,SOU,0.0,5.0,90.0,2.0,MID,SOU,0.0,4.9,90.0,2.0,MID,SOU,0.0,4.9,90.0,1.0,MID,SOU,0.0,4.9,90.0,1.0,MID,SOU,0.0,4.9,90.0,2.0,MID,SOU,0.0,4.9,90.0,2.0,MID,SOU,0.0,4.8,86.0,1.0,MID,SOU,0.0,4.8,90.0,3.0,MID,SOU,0.0,4.8,0.0,0.0,MID,SOU,0.0,4.8,90.0,2.0,MID,SOU,1.0,4.8,65.0,6.0,MID,SOU,0.0,4.8,0.0,0.0,MID,SOU,0.0,4.8,78.0,1.0,MID,SOU,0.0,4.8,90.0,2.0,MID,SOU,0.0,4.8,90.0,2.0,MID,SOU,0.0,4.8,60.0,2.0,MID,SOU,0.25,4.8,0.0,0.0,MID,SOU,0.25,4.8,0.0,0.0,MID,SOU,0.0,4.7,17.0,0.0,MID,SOU,0.0,45.0,4.7,0.0,MID,SOU,0.0,4.7,0.0,0.0,MID,SOU,0.0,4.7,0.0,0.0,MID,SOU,0.0,4.7,0.0,0.0,MID,SOU,0.0,4.7,0.0,0.0,MID,SOU,0.0,4.7,82.0,2.0,MID,SOU,0.0,4.7,0.0,0.0,MID,SOU,0.0,4.7,7.0,1.0,MID,SOU,1.0,4.7,89.0,2.0,MID,SOU,1.0,4.7,0.0,0.0,MID,SOU,0.0,0.0,4.7,0.0,MID,SOU,0.0,4.7,90.0,2.0,MID,SOU,0.0,90.0,4.7,2.0,MID,SOU,0.0,4.7,90.0,2.0,1879.0,43.0
519,Earthy,MID,WHM,1.0,4.5,0.0,0.0,MID,WHM,1.0,4.5,0.0,0.0,MID,WHM,1.0,4.5,0.0,0.0,MID,WHM,1.0,4.5,0.0,0.0,MID,WHM,1.0,4.5,0.0,0.0,MID,WHM,1.0,4.5,0.0,0.0,MID,WHM,1.0,4.5,0.0,0.0,MID,WHM,1.0,4.5,0.0,0.0,MID,WHM,1.0,4.5,0.0,0.0,MID,WHM,1.0,4.5,0.0,0.0,MID,WHM,1.0,4.5,0.0,0.0,MID,WHM,1.0,4.5,0.0,0.0,MID,WHM,1.0,4.5,0.0,0.0,MID,WHM,1.0,4.5,0.0,0.0,MID,WHM,1.0,4.5,0.0,0.0,MID,WHM,1.0,4.5,0.0,0.0,MID,WHM,1.0,4.5,0.0,0.0,MID,WHM,1.0,4.5,0.0,0.0,MID,WHM,1.0,4.5,0.0,0.0,MID,WHM,1.0,4.5,0.0,0.0,MID,WHM,1.0,4.5,0.0,0.0,MID,WHM,1.0,0.0,4.5,0.0,MID,WHM,1.0,4.5,0.0,0.0,MID,WHM,1.0,4.5,0.0,0.0,MID,WHM,1.0,4.5,0.0,0.0,MID,WHM,1.0,4.5,0.0,0.0,MID,WHM,1.0,4.5,0.0,0.0,MID,WHM,1.0,4.5,0.0,0.0,MID,WHM,1.0,4.5,0.0,0.0,MID,WHM,1.0,4.5,0.0,0.0,MID,WHM,1.0,4.5,0.0,0.0,MID,WHM,1.0,0.0,4.5,0.0,MID,WHM,1.0,4.5,0.0,0.0,MID,WHM,1.0,0.0,4.5,0.0,MID,WHM,1.0,4.5,0.0,0.0,0.0,0.0
520,Emerson,DEF,WHM,0.0,4.5,90.0,1.0,DEF,WHM,0.0,4.5,88.0,6.0,DEF,WHM,0.0,4.5,70.0,0.0,DEF,WHM,0.25,4.5,56.0,1.0,DEF,WHM,0.0,4.5,72.0,1.0,DEF,WHM,0.0,4.4,45.0,0.0,DEF,WHM,0.0,4.4,82.0,2.0,DEF,WHM,0.0,4.4,90.0,0.0,DEF,WHM,0.0,4.4,90.0,1.0,DEF,WHM,0.0,4.4,78.0,1.0,DEF,WHM,0.0,4.4,90.0,6.0,DEF,WHM,0.0,4.4,74.0,9.0,DEF,WHM,0.0,4.4,64.0,5.0,DEF,WHM,0.0,4.4,28.0,1.0,DEF,WHM,1.0,4.4,87.0,1.0,DEF,WHM,0.0,4.4,0.0,0.0,DEF,WHM,0.0,4.4,70.0,2.0,DEF,WHM,0.0,4.4,87.0,6.0,DEF,WHM,0.0,4.4,90.0,0.0,DEF,WHM,0.25,4.4,0.0,0.0,DEF,WHM,0.0,4.4,80.0,1.0,DEF,WHM,0.0,55.0,4.4,1.0,DEF,WHM,0.0,4.4,74.0,10.0,DEF,WHM,0.0,4.4,70.0,2.0,DEF,WHM,0.0,4.4,45.0,1.0,DEF,WHM,0.0,4.4,0.0,0.0,DEF,WHM,0.0,4.4,24.0,1.0,DEF,WHM,0.0,4.4,0.0,0.0,DEF,WHM,0.0,4.4,90.0,2.0,DEF,WHM,0.0,4.4,13.0,1.0,DEF,WHM,0.0,4.4,45.0,1.0,DEF,WHM,0.0,0.0,4.4,0.0,DEF,WHM,0.0,4.4,79.0,8.0,DEF,WHM,0.0,85.0,4.4,2.0,DEF,WHM,0.0,4.4,90.0,2.0,2101.0,75.0
521,Fabianski,GKP,WHM,0.0,4.0,0.0,0.0,GKP,WHM,0.0,4.0,0.0,0.0,GKP,WHM,0.0,4.0,45.0,1.0,GKP,WHM,0.0,4.0,0.0,0.0,GKP,WHM,0.0,4.0,0.0,0.0,GKP,WHM,0.0,4.0,0.0,0.0,GKP,WHM,0.0,4.0,0.0,0.0,GKP,WHM,0.0,4.0,0.0,0.0,GKP,WHM,0.0,4.0,90.0,3.0,GKP,WHM,0.0,4.0,90.0,2.0,GKP,WHM,0.0,4.0,90.0,9.0,GKP,WHM,0.0,4.1,90.0,6.0,GKP,WHM,0.0,4.1,90.0,-1.0,GKP,WHM,0.0,4.1,90.0,2.0,GKP,WHM,0.0,4.1,90.0,2.0,GKP,WHM,0.0,4.1,90.0,4.0,GKP,WHM,0.0,4.1,90.0,3.0,GKP,WHM,0.75,4.1,35.0,2.0,GKP,WHM,0.75,4.1,0.0,0.0,GKP,WHM,0.25,4.1,0.0,0.0,GKP,WHM,0.0,4.1,90.0,1.0,GKP,WHM,0.0,90.0,4.1,2.0,GKP,WHM,0.0,4.1,0.0,0.0,GKP,WHM,0.0,4.1,0.0,0.0,GKP,WHM,0.0,4.1,0.0,0.0,GKP,WHM,0.0,4.1,0.0,0.0,GKP,WHM,0.0,4.1,0.0,0.0,GKP,WHM,0.0,4.1,0.0,0.0,GKP,WHM,0.0,4.0,0.0,0.0,GKP,WHM,0.0,4.0,0.0,0.0,GKP,WHM,0.0,4.0,0.0,0.0,GKP,WHM,0.0,0.0,4.0,0.0,GKP,WHM,0.0,4.0,0.0,0.0,GKP,WHM,0.0,0.0,4.0,0.0,GKP,WHM,0.0,4.0,0.0,0.0,1070.0,36.0
522,Foderingham,GKP,WHM,0.0,4.5,0.0,0.0,GKP,WHM,0.0,4.5,0.0,0.0,GKP,WHM,0.0,4.5,0.0,0.0,GKP,WHM,0.0,4.5,0.0,0.0,GKP,WHM,0.0,4.4,0.0,0.0,GKP,WHM,0.0,4.4,0.0,0.0,GKP,WHM,0.0,4.4,0.0,0.0,GKP,WHM,0.0,4.4,0.0,0.0,GKP,WHM,0.0,4.4,0.0,0.0,GKP,WHM,0.0,4.4,0.0,0.0,GKP,WHM,0.0,4.4,0.0,0.0,GKP,WHM,0.0,4.3,0.0,0.0,GKP,WHM,0.0,4.3,0.0,0.0,GKP,WHM,0.0,4.3,0.0,0.0,GKP,WHM,0.0,4.3,0.0,0.0,GKP,WHM,0.0,4.3,0.0,0.0,GKP,WHM,0.0,4.3,0.0,0.0,GKP,WHM,0.0,4.3,0.0,0.0,GKP,WHM,0.0,4.3,0.0,0.0,GKP,WHM,0.0,4.3,0.0,0.0,GKP,WHM,0.0,4.3,0.0,0.0,GKP,WHM,0.0,0.0,4.3,0.0,GKP,WHM,0.0,4.3,0.0,0.0,GKP,WHM,0.0,4.3,0.0,0.0,GKP,WHM,0.0,4.3,0.0,0.0,GKP,WHM,0.0,4.3,0.0,0.0,GKP,WHM,0.0,4.3,0.0,0.0,GKP,WHM,0.0,4.3,0.0,0.0,GKP,WHM,0.0,4.3,0.0,0.0,GKP,WHM,0.0,4.2,0.0,0.0,GKP,WHM,0.0,4.2,0.0,0.0,GKP,WHM,0.0,0.0,4.2,0.0,GKP,WHM,0.0,4.2,0.0,0.0,GKP,WHM,0.0,0.0,4.2,0.0,GKP,WHM,0.0,4.2,0.0,0.0,0.0,0.0
523,Ings,FWD,WHM,0.0,5.0,5.0,1.0,FWD,WHM,0.0,5.0,0.0,0.0,FWD,WHM,0.0,5.0,0.0,0.0,FWD,WHM,0.0,5.0,8.0,8.0,FWD,WHM,0.0,5.0,0.0,0.0,FWD,WHM,0.0,5.0,15.0,1.0,FWD,WHM,0.0,5.0,0.0,0.0,FWD,WHM,0.0,5.0,0.0,0.0,FWD,WHM,0.0,5.0,19.0,8.0,FWD,WHM,0.0,5.0,0.0,0.0,FWD,WHM,0.0,5.0,23.0,1.0,FWD,WHM,0.0,5.0,15.0,1.0,FWD,WHM,0.0,5.0,25.0,1.0,FWD,WHM,0.25,5.0,45.0,1.0,FWD,WHM,0.0,5.0,17.0,1.0,FWD,WHM,0.0,5.0,0.0,0.0,FWD,WHM,0.0,5.0,0.0,0.0,FWD,WHM,0.0,5.0,0.0,0.0,FWD,WHM,0.0,5.0,0.0,0.0,FWD,WHM,0.0,5.0,3.0,1.0,FWD,WHM,0.0,5.0,27.0,4.0,FWD,WHM,0.0,34.0,5.0,1.0,FWD,WHM,0.0,5.0,15.0,1.0,FWD,WHM,0.0,5.0,13.0,1.0,FWD,WHM,0.0,4.9,0.0,0.0,FWD,WHM,0.0,4.9,0.0,0.0,FWD,WHM,0.0,4.9,0.0,0.0,FWD,WHM,0.0,4.9,6.0,1.0,FWD,WHM,0.0,4.9,0.0,0.0,FWD,WHM,0.0,4.9,0.0,0.0,FWD,WHM,0.0,4.9,0.0,0.0,FWD,WHM,0.0,0.0,4.9,0.0,FWD,WHM,0.0,4.9,0.0,0.0,FWD,WHM,0.0,0.0,4.9,0.0,FWD,WHM,0.0,4.9,0.0,0.0,270.0,32.0
524,Kilman,DEF,WHM,0.0,4.5,90.0,1.0,DEF,WHM,0.0,4.5,90.0,12.0,DEF,WHM,0.0,4.5,90.0,0.0,DEF,WHM,0.0,4.5,90.0,2.0,DEF,WHM,0.0,4.5,90.0,0.0,DEF,WHM,0.0,4.5,90.0,1.0,DEF,WHM,0.0,4.5,90.0,2.0,DEF,WHM,0.0,4.5,90.0,0.0,DEF,WHM,0.0,4.5,90.0,2.0,DEF,WHM,0.0,4.5,90.0,1.0,DEF,WHM,0.0,4.5,90.0,6.0,DEF,WHM,0.0,4.5,90.0,6.0,DEF,WHM,0.0,4.5,90.0,0.0,DEF,WHM,0.0,4.5,90.0,1.0,DEF,WHM,0.0,4.5,90.0,2.0,DEF,WHM,0.0,4.5,90.0,2.0,DEF,WHM,0.0,4.5,90.0,2.0,DEF,WHM,0.75,4.4,18.0,1.0,DEF,WHM,0.0,4.4,90.0,0.0,DEF,WHM,0.0,4.4,90.0,0.0,DEF,WHM,0.0,4.4,90.0,1.0,DEF,WHM,0.0,90.0,4.4,1.0,DEF,WHM,0.0,4.3,90.0,2.0,DEF,WHM,0.0,4.3,90.0,1.0,DEF,WHM,0.0,4.3,90.0,2.0,DEF,WHM,0.0,4.3,90.0,8.0,DEF,WHM,0.0,4.3,90.0,6.0,DEF,WHM,0.0,4.3,90.0,2.0,DEF,WHM,0.0,4.3,90.0,2.0,DEF,WHM,0.0,4.3,90.0,2.0,DEF,WHM,0.0,4.3,90.0,1.0,DEF,WHM,0.0,90.0,4.3,1.0,DEF,WHM,0.0,4.3,90.0,1.0,DEF,WHM,0.0,90.0,4.3,1.0,DEF,WHM,0.0,4.3,90.0,2.0,3078.0,74.0
525,Kudus,MID,WHM,0.0,6.5,90.0,2.0,MID,WHM,0.0,6.5,87.0,3.0,MID,WHM,0.0,6.4,90.0,2.0,MID,WHM,0.0,6.4,90.0,2.0,MID,WHM,0.0,6.3,90.0,2.0,MID,WHM,0.0,6.3,45.0,1.0,MID,WHM,0.0,6.3,85.0,7.0,MID,WHM,1.0,6.3,85.0,4.0,MID,WHM,1.0,6.2,0.0,0.0,MID,WHM,1.0,6.2,0.0,0.0,MID,WHM,1.0,6.2,0.0,0.0,MID,WHM,1.0,6.2,0.0,0.0,MID,WHM,0.0,6.2,0.0,0.0,MID,WHM,0.0,6.2,78.0,2.0,MID,WHM,0.0,6.2,86.0,7.0,MID,WHM,0.0,6.2,74.0,3.0,MID,WHM,0.0,6.2,90.0,9.0,MID,WHM,0.0,6.2,90.0,3.0,MID,WHM,0.0,6.2,80.0,2.0,MID,WHM,0.0,6.2,71.0,2.0,MID,WHM,0.0,6.2,62.0,2.0,MID,WHM,0.0,90.0,6.2,2.0,MID,WHM,0.0,6.2,90.0,2.0,MID,WHM,0.0,6.2,90.0,2.0,MID,WHM,0.0,6.2,90.0,2.0,MID,WHM,0.0,6.2,90.0,3.0,MID,WHM,0.0,6.2,72.0,6.0,MID,WHM,0.0,6.2,90.0,2.0,MID,WHM,0.0,6.2,90.0,2.0,MID,WHM,0.25,6.2,0.0,0.0,MID,WHM,0.0,6.2,83.0,4.0,MID,WHM,0.0,90.0,6.2,2.0,MID,WHM,0.0,6.2,74.0,3.0,MID,WHM,0.0,90.0,6.2,7.0,MID,WHM,0.0,6.2,90.0,1.0,2422.0,91.0
526,L.Guilherme,MID,WHM,0.0,5.0,0.0,0.0,MID,WHM,0.0,4.9,0.0,0.0,MID,WHM,0.0,4.9,0.0,0.0,MID,WHM,0.0,4.9,0.0,0.0,MID,WHM,0.0,4.8,0.0,0.0,MID,WHM,0.0,4.8,0.0,0.0,MID,WHM,0.0,4.8,4.0,1.0,MID,WHM,0.0,4.8,0.0,0.0,MID,WHM,0.0,4.8,0.0,0.0,MID,WHM,0.0,4.7,0.0,0.0,MID,WHM,0.0,4.7,7.0,1.0,MID,WHM,0.0,4.7,0.0,0.0,MID,WHM,0.0,4.7,0.0,0.0,MID,WHM,0.0,4.7,0.0,0.0,MID,WHM,0.0,4.7,0.0,0.0,MID,WHM,0.0,4.7,0.0,0.0,MID,WHM,0.0,4.7,0.0,0.0,MID,WHM,0.0,4.7,0.0,0.0,MID,WHM,0.0,4.7,9.0,1.0,MID,WHM,0.0,4.7,18.0,1.0,MID,WHM,0.0,4.7,0.0,0.0,MID,WHM,0.0,7.0,4.7,1.0,MID,WHM,0.0,4.6,0.0,0.0,MID,WHM,0.0,4.6,3.0,1.0,MID,WHM,0.0,4.6,2.0,1.0,MID,WHM,0.0,4.6,0.0,0.0,MID,WHM,0.0,4.6,0.0,0.0,MID,WHM,0.0,4.6,0.0,0.0,MID,WHM,0.0,4.6,0.0,0.0,MID,WHM,0.0,4.6,45.0,1.0,MID,WHM,0.0,4.6,6.0,1.0,MID,WHM,0.0,12.0,4.6,1.0,MID,WHM,0.0,4.6,15.0,1.0,MID,WHM,0.0,0.0,4.6,0.0,MID,WHM,0.0,4.6,0.0,0.0,128.0,11.0
527,L.Paquetá,MID,WHM,0.0,6.0,73.0,6.0,MID,WHM,0.0,6.0,90.0,3.0,MID,WHM,0.0,6.0,90.0,2.0,MID,WHM,0.0,6.0,45.0,1.0,MID,WHM,0.0,6.0,71.0,2.0,MID,WHM,0.0,5.9,75.0,2.0,MID,WHM,0.0,5.9,82.0,8.0,MID,WHM,0.0,5.9,60.0,1.0,MID,WHM,0.0,5.9,45.0,0.0,MID,WHM,0.0,5.8,90.0,1.0,MID,WHM,0.0,5.8,90.0,3.0,MID,WHM,0.0,5.8,90.0,3.0,MID,WHM,0.0,5.8,76.0,5.0,MID,WHM,0.0,5.8,28.0,1.0,MID,WHM,0.0,5.7,26.0,1.0,MID,WHM,0.0,5.7,90.0,10.0,MID,WHM,1.0,5.7,70.0,1.0,MID,WHM,0.0,5.7,0.0,0.0,MID,WHM,0.0,5.7,90.0,2.0,MID,WHM,0.0,5.7,90.0,2.0,MID,WHM,0.0,5.7,90.0,7.0,MID,WHM,0.0,55.0,5.7,1.0,MID,WHM,0.0,5.7,90.0,2.0,MID,WHM,0.25,5.7,0.0,0.0,MID,WHM,0.0,5.7,90.0,2.0,MID,WHM,1.0,5.7,0.0,0.0,MID,WHM,1.0,5.7,0.0,0.0,MID,WHM,0.0,5.7,25.0,1.0,MID,WHM,0.0,5.7,82.0,2.0,MID,WHM,0.0,5.7,90.0,2.0,MID,WHM,0.0,5.7,90.0,2.0,MID,WHM,0.0,90.0,5.7,1.0,MID,WHM,0.0,5.7,90.0,2.0,MID,WHM,0.0,90.0,5.7,2.0,MID,WHM,0.0,5.7,79.0,1.0,2332.0,79.0
528,Mavropanos,DEF,WHM,0.0,4.5,90.0,1.0,DEF,WHM,0.0,4.5,90.0,8.0,DEF,WHM,0.0,4.5,90.0,1.0,DEF,WHM,0.0,4.5,90.0,2.0,DEF,WHM,0.0,4.5,90.0,1.0,DEF,WHM,0.0,4.5,45.0,1.0,DEF,WHM,0.0,4.5,0.0,0.0,DEF,WHM,0.0,4.5,20.0,1.0,DEF,WHM,0.0,4.5,45.0,0.0,DEF,WHM,0.0,4.5,90.0,1.0,DEF,WHM,0.0,4.5,0.0,0.0,DEF,WHM,0.0,4.4,33.0,1.0,DEF,WHM,0.25,4.4,0.0,0.0,DEF,WHM,0.0,4.4,90.0,1.0,DEF,WHM,0.0,4.4,90.0,2.0,DEF,WHM,0.0,4.4,90.0,2.0,DEF,WHM,0.0,4.4,45.0,0.0,DEF,WHM,0.0,4.4,90.0,8.0,DEF,WHM,0.0,4.4,90.0,0.0,DEF,WHM,0.0,4.3,37.0,0.0,DEF,WHM,0.0,4.3,90.0,1.0,DEF,WHM,0.0,79.0,4.3,-2.0,DEF,WHM,0.0,4.3,0.0,0.0,DEF,WHM,0.0,4.3,18.0,1.0,DEF,WHM,0.0,4.3,87.0,2.0,DEF,WHM,0.0,4.3,28.0,1.0,DEF,WHM,0.0,4.3,24.0,1.0,DEF,WHM,0.0,4.3,25.0,1.0,DEF,WHM,0.0,4.3,90.0,2.0,DEF,WHM,0.0,4.3,90.0,1.0,DEF,WHM,0.0,4.3,6.0,1.0,DEF,WHM,0.0,90.0,4.3,1.0,DEF,WHM,0.0,4.3,4.0,1.0,DEF,WHM,0.0,90.0,4.3,0.0,DEF,WHM,0.0,4.3,2.0,1.0,1938.0,42.0
529,N.Aguerd,DEF,WHM,0.0,4.5,0.0,0.0,DEF,WHM,0.0,4.4,0.0,0.0,DEF,WHM,1.0,4.4,0.0,0.0,DEF,WHM,1.0,4.4,0.0,0.0,DEF,WHM,1.0,4.4,0.0,0.0,DEF,WHM,1.0,4.4,0.0,0.0,DEF,WHM,1.0,4.4,0.0,0.0,DEF,WHM,1.0,4.4,0.0,0.0,DEF,WHM,1.0,4.4,0.0,0.0,DEF,WHM,1.0,4.4,0.0,0.0,DEF,WHM,1.0,4.4,0.0,0.0,DEF,WHM,1.0,4.4,0.0,0.0,DEF,WHM,1.0,4.4,0.0,0.0,DEF,WHM,1.0,4.4,0.0,0.0,DEF,WHM,1.0,4.4,0.0,0.0,DEF,WHM,1.0,4.4,0.0,0.0,DEF,WHM,1.0,4.4,0.0,0.0,DEF,WHM,1.0,4.4,0.0,0.0,DEF,WHM,1.0,4.4,0.0,0.0,DEF,WHM,1.0,4.4,0.0,0.0,DEF,WHM,1.0,4.4,0.0,0.0,DEF,WHM,1.0,0.0,4.4,0.0,DEF,WHM,1.0,4.4,0.0,0.0,DEF,WHM,1.0,4.4,0.0,0.0,DEF,WHM,1.0,4.4,0.0,0.0,DEF,WHM,1.0,4.4,0.0,0.0,DEF,WHM,1.0,4.4,0.0,0.0,DEF,WHM,1.0,4.4,0.0,0.0,DEF,WHM,1.0,4.4,0.0,0.0,DEF,WHM,1.0,4.4,0.0,0.0,DEF,WHM,1.0,4.4,0.0,0.0,DEF,WHM,1.0,0.0,4.4,0.0,DEF,WHM,1.0,4.4,0.0,0.0,DEF,WHM,1.0,0.0,4.4,0.0,DEF,WHM,1.0,4.4,0.0,0.0,0.0,0.0
530,Souček,MID,WHM,0.0,5.0,90.0,5.0,MID,WHM,0.0,5.0,77.0,8.0,MID,WHM,0.0,5.0,13.0,1.0,MID,WHM,0.0,5.0,45.0,1.0,MID,WHM,0.0,5.0,52.0,0.0,MID,WHM,0.0,5.0,90.0,10.0,MID,WHM,0.0,5.0,90.0,2.0,MID,WHM,0.0,5.0,60.0,1.0,MID,WHM,0.0,5.0,45.0,1.0,MID,WHM,0.0,5.0,0.0,0.0,MID,WHM,0.0,4.9,90.0,3.0,MID,WHM,0.0,4.9,90.0,10.0,MID,WHM,0.0,4.9,90.0,1.0,MID,WHM,0.0,4.9,61.0,2.0,MID,WHM,0.0,4.9,90.0,9.0,MID,WHM,0.0,4.9,90.0,2.0,MID,WHM,0.0,4.9,90.0,2.0,MID,WHM,1.0,4.9,90.0,2.0,MID,WHM,0.0,4.9,0.0,0.0,MID,WHM,0.0,4.9,90.0,5.0,MID,WHM,0.0,4.9,90.0,6.0,MID,WHM,0.0,90.0,4.9,2.0,MID,WHM,0.0,4.9,90.0,1.0,MID,WHM,0.0,4.9,90.0,2.0,MID,WHM,0.0,4.9,45.0,0.0,MID,WHM,0.0,4.9,90.0,3.0,MID,WHM,0.0,4.9,89.0,10.0,MID,WHM,0.0,4.9,64.0,2.0,MID,WHM,0.0,4.9,90.0,10.0,MID,WHM,0.0,4.9,13.0,1.0,MID,WHM,0.0,4.9,53.0,1.0,MID,WHM,0.0,0.0,4.9,0.0,MID,WHM,0.0,4.8,10.0,1.0,MID,WHM,0.0,90.0,4.8,7.0,MID,WHM,0.0,4.8,79.0,2.0,2326.0,113.0
531,Ward-Prowse,MID,WHM,0.0,6.5,16.0,1.0,MID,WHM,0.0,6.4,0.0,0.0,MID,NOT,0.0,6.3,0.0,0.0,MID,NOT,0.0,6.3,90.0,3.0,MID,NOT,0.0,6.3,45.0,1.0,MID,NOT,0.0,6.2,74.0,2.0,MID,NOT,1.0,6.2,77.0,-1.0,MID,NOT,0.0,6.2,0.0,0.0,MID,NOT,1.0,6.2,0.0,0.0,MID,NOT,0.0,6.2,0.0,0.0,MID,NOT,0.0,6.2,2.0,1.0,MID,NOT,0.0,6.2,90.0,2.0,MID,NOT,0.0,6.2,0.0,0.0,MID,NOT,0.0,6.2,0.0,0.0,MID,NOT,0.0,6.2,0.0,0.0,MID,NOT,0.0,6.2,0.0,0.0,MID,NOT,0.0,6.2,0.0,0.0,MID,NOT,0.0,6.2,8.0,1.0,MID,NOT,0.0,6.2,8.0,1.0,MID,NOT,0.0,6.2,2.0,4.0,MID,NOT,0.0,6.2,0.0,0.0,MID,NOT,0.0,0.0,6.2,0.0,MID,NOT,0.0,6.1,0.0,0.0,MID,WHM,0.0,6.1,0.0,0.0,MID,WHM,0.0,6.1,45.0,1.0,MID,WHM,0.0,6.1,90.0,2.0,MID,WHM,0.0,6.1,90.0,3.0,MID,WHM,0.0,6.1,83.0,2.0,MID,WHM,0.0,6.1,90.0,2.0,MID,WHM,0.0,6.1,76.0,2.0,MID,WHM,0.0,6.1,90.0,4.0,MID,WHM,0.0,90.0,6.1,2.0,MID,WHM,0.0,6.1,85.0,3.0,MID,WHM,0.0,45.0,6.1,1.0,MID,WHM,0.0,6.1,10.0,1.0,1206.0,38.0
532,Zouma,DEF,WHM,0.0,4.5,0.0,0.0,DEF,WHM,0.0,4.4,0.0,0.0,DEF,WHM,1.0,4.4,0.0,0.0,DEF,WHM,1.0,4.4,0.0,0.0,DEF,WHM,1.0,4.4,0.0,0.0,DEF,WHM,1.0,4.4,0.0,0.0,DEF,WHM,1.0,4.4,0.0,0.0,DEF,WHM,1.0,4.4,0.0,0.0,DEF,WHM,1.0,4.4,0.0,0.0,DEF,WHM,1.0,4.4,0.0,0.0,DEF,WHM,1.0,4.4,0.0,0.0,DEF,WHM,1.0,4.4,0.0,0.0,DEF,WHM,1.0,4.4,0.0,0.0,DEF,WHM,1.0,4.4,0.0,0.0,DEF,WHM,1.0,4.4,0.0,0.0,DEF,WHM,1.0,4.4,0.0,0.0,DEF,WHM,1.0,4.4,0.0,0.0,DEF,WHM,1.0,4.4,0.0,0.0,DEF,WHM,1.0,4.4,0.0,0.0,DEF,WHM,1.0,4.4,0.0,0.0,DEF,WHM,1.0,4.4,0.0,0.0,DEF,WHM,1.0,0.0,4.4,0.0,DEF,WHM,1.0,4.4,0.0,0.0,DEF,WHM,1.0,4.4,0.0,0.0,DEF,WHM,1.0,4.4,0.0,0.0,DEF,WHM,1.0,4.4,0.0,0.0,DEF,WHM,1.0,4.4,0.0,0.0,DEF,WHM,1.0,4.4,0.0,0.0,DEF,WHM,1.0,4.4,0.0,0.0,DEF,WHM,1.0,4.4,0.0,0.0,DEF,WHM,1.0,4.4,0.0,0.0,DEF,WHM,1.0,0.0,4.4,0.0,DEF,WHM,1.0,4.4,0.0,0.0,DEF,WHM,1.0,0.0,4.4,0.0,DEF,WHM,1.0,4.4,0.0,0.0,0.0,0.0
533,Aït-Nouri,DEF,WOL,0.0,4.5,83.0,1.0,DEF,WOL,0.0,4.5,67.0,2.0,DEF,WOL,0.0,4.5,59.0,1.0,DEF,WOL,0.25,4.5,85.0,0.0,DEF,WOL,0.0,4.4,90.0,0.0,DEF,WOL,0.0,4.4,90.0,9.0,DEF,WOL,0.0,4.4,90.0,9.0,DEF,WOL,0.0,4.4,90.0,1.0,DEF,WOL,0.0,4.5,90.0,6.0,DEF,WOL,0.0,4.7,90.0,1.0,DEF,WOL,0.0,4.7,90.0,6.0,DEF,WOL,0.0,4.8,90.0,2.0,DEF,WOL,0.0,4.9,90.0,0.0,DEF,WOL,0.0,4.9,90.0,0.0,DEF,WOL,0.0,4.9,85.0,4.0,DEF,WOL,1.0,4.8,90.0,-2.0,DEF,WOL,0.0,4.8,0.0,0.0,DEF,WOL,0.0,4.8,86.0,6.0,DEF,WOL,0.0,4.8,90.0,10.0,DEF,WOL,0.0,4.8,90.0,1.0,DEF,WOL,0.0,4.8,90.0,1.0,DEF,WOL,0.0,73.0,4.8,1.0,DEF,WOL,0.0,4.7,86.0,2.0,DEF,WOL,0.0,4.7,72.0,7.0,DEF,WOL,0.0,4.7,90.0,1.0,DEF,WOL,0.0,4.7,79.0,6.0,DEF,WOL,0.0,4.7,90.0,1.0,DEF,WOL,0.0,4.8,90.0,2.0,DEF,WOL,0.0,4.8,79.0,2.0,DEF,WOL,0.0,4.8,81.0,8.0,DEF,WOL,0.0,4.8,87.0,2.0,DEF,WOL,0.0,69.0,4.8,14.0,DEF,WOL,0.0,5.0,81.0,5.0,DEF,WOL,0.0,76.0,5.0,11.0,DEF,WOL,0.0,5.1,90.0,2.0,2868.0,122.0
534,B.Traore,MID,WOL,0.0,5.0,0.0,0.0,MID,WOL,0.0,5.0,0.0,0.0,MID,WOL,1.0,4.9,0.0,0.0,MID,WOL,1.0,4.9,0.0,0.0,MID,WOL,1.0,4.9,0.0,0.0,MID,WOL,1.0,4.9,0.0,0.0,MID,WOL,1.0,4.9,0.0,0.0,MID,WOL,1.0,4.8,0.0,0.0,MID,WOL,1.0,4.8,0.0,0.0,MID,WOL,1.0,4.8,0.0,0.0,MID,WOL,1.0,4.8,0.0,0.0,MID,WOL,1.0,4.8,0.0,0.0,MID,WOL,1.0,4.8,0.0,0.0,MID,WOL,1.0,4.8,0.0,0.0,MID,WOL,1.0,4.8,0.0,0.0,MID,WOL,1.0,4.8,0.0,0.0,MID,WOL,1.0,4.8,0.0,0.0,MID,WOL,1.0,4.8,0.0,0.0,MID,WOL,1.0,4.8,0.0,0.0,MID,WOL,1.0,4.8,0.0,0.0,MID,WOL,0.25,4.8,0.0,0.0,MID,WOL,0.25,0.0,4.8,0.0,MID,WOL,0.75,4.8,0.0,0.0,MID,WOL,0.25,4.8,0.0,0.0,MID,WOL,0.0,4.8,0.0,0.0,MID,WOL,0.0,4.8,0.0,0.0,MID,WOL,0.0,4.8,0.0,0.0,MID,WOL,0.0,4.8,0.0,0.0,MID,WOL,0.0,4.8,0.0,0.0,MID,WOL,0.0,4.8,1.0,1.0,MID,WOL,0.0,4.8,0.0,0.0,MID,WOL,0.25,0.0,4.8,0.0,MID,WOL,0.0,4.8,0.0,0.0,MID,WOL,0.25,0.0,4.8,0.0,MID,WOL,0.0,4.8,0.0,0.0,1.0,1.0
535,Bellegarde,MID,WOL,0.0,5.0,56.0,1.0,MID,WOL,0.0,5.0,67.0,2.0,MID,WOL,0.0,5.0,74.0,6.0,MID,WOL,0.0,5.0,70.0,3.0,MID,WOL,0.0,5.0,70.0,3.0,MID,WOL,0.0,5.0,52.0,1.0,MID,WOL,0.0,5.0,13.0,4.0,MID,WOL,0.0,5.0,1.0,1.0,MID,WOL,0.0,5.0,0.0,0.0,MID,WOL,0.0,5.0,27.0,1.0,MID,WOL,0.0,5.0,45.0,0.0,MID,WOL,0.0,5.0,86.0,2.0,MID,WOL,0.0,5.0,63.0,5.0,MID,WOL,0.0,5.0,0.0,0.0,MID,WOL,0.0,5.0,28.0,1.0,MID,WOL,0.0,5.0,71.0,2.0,MID,WOL,0.0,5.0,1.0,1.0,MID,WOL,0.0,4.9,1.0,1.0,MID,WOL,0.0,4.9,45.0,0.0,MID,WOL,0.0,4.9,31.0,1.0,MID,WOL,0.0,4.9,21.0,1.0,MID,WOL,0.0,16.0,4.9,1.0,MID,WOL,0.0,4.9,15.0,1.0,MID,WOL,0.0,4.9,87.0,11.0,MID,WOL,0.0,4.9,45.0,4.0,MID,WOL,0.0,4.9,79.0,3.0,MID,WOL,0.0,4.9,64.0,2.0,MID,WOL,0.0,4.9,82.0,5.0,MID,WOL,0.0,4.9,68.0,11.0,MID,WOL,0.0,4.9,89.0,3.0,MID,WOL,0.0,4.9,64.0,2.0,MID,WOL,0.0,41.0,4.9,1.0,MID,WOL,0.25,4.9,0.0,0.0,MID,WOL,0.0,6.0,4.9,1.0,MID,WOL,0.0,4.9,65.0,2.0,1543.0,83.0
536,Bentley,GKP,WOL,0.0,4.0,0.0,0.0,GKP,WOL,0.0,4.0,0.0,0.0,GKP,WOL,0.0,4.0,0.0,0.0,GKP,WOL,0.0,4.0,0.0,0.0,GKP,WOL,0.0,4.0,0.0,0.0,GKP,WOL,0.0,4.0,0.0,0.0,GKP,WOL,0.0,4.0,0.0,0.0,GKP,WOL,0.0,4.0,0.0,0.0,GKP,WOL,0.0,4.0,0.0,0.0,GKP,WOL,0.0,4.0,0.0,0.0,GKP,WOL,0.0,4.0,0.0,0.0,GKP,WOL,0.0,4.0,0.0,0.0,GKP,WOL,0.0,4.0,0.0,0.0,GKP,WOL,0.0,4.0,0.0,0.0,GKP,WOL,0.0,4.0,0.0,0.0,GKP,WOL,0.0,4.0,0.0,0.0,GKP,WOL,0.0,4.0,0.0,0.0,GKP,WOL,0.0,4.0,0.0,0.0,GKP,WOL,0.0,4.0,0.0,0.0,GKP,WOL,0.0,3.9,0.0,0.0,GKP,WOL,0.0,3.9,0.0,0.0,GKP,WOL,0.0,0.0,3.9,0.0,GKP,WOL,0.0,3.9,0.0,0.0,GKP,WOL,0.0,3.9,0.0,0.0,GKP,WOL,0.0,3.9,0.0,0.0,GKP,WOL,0.0,3.9,0.0,0.0,GKP,WOL,0.0,3.9,0.0,0.0,GKP,WOL,0.0,3.9,0.0,0.0,GKP,WOL,0.0,3.9,0.0,0.0,GKP,WOL,0.0,3.9,0.0,0.0,GKP,WOL,0.0,3.9,0.0,0.0,GKP,WOL,0.0,0.0,3.9,0.0,GKP,WOL,0.0,3.9,90.0,7.0,GKP,WOL,0.0,0.0,3.9,0.0,GKP,WOL,0.0,3.9,0.0,0.0,90.0,7.0
537,Chiquinho,MID,WOL,0.0,4.5,6.0,1.0,MID,WOL,0.0,4.5,0.0,0.0,MID,WOL,1.0,4.5,0.0,0.0,MID,WOL,1.0,4.5,0.0,0.0,MID,WOL,1.0,4.5,0.0,0.0,MID,WOL,1.0,4.5,0.0,0.0,MID,WOL,1.0,4.5,0.0,0.0,MID,WOL,1.0,4.5,0.0,0.0,MID,WOL,1.0,4.5,0.0,0.0,MID,WOL,1.0,4.5,0.0,0.0,MID,WOL,1.0,4.5,0.0,0.0,MID,WOL,1.0,4.5,0.0,0.0,MID,WOL,1.0,4.5,0.0,0.0,MID,WOL,1.0,4.5,0.0,0.0,MID,WOL,1.0,4.5,0.0,0.0,MID,WOL,1.0,4.5,0.0,0.0,MID,WOL,1.0,4.5,0.0,0.0,MID,WOL,1.0,4.5,0.0,0.0,MID,WOL,1.0,4.5,0.0,0.0,MID,WOL,1.0,4.5,0.0,0.0,MID,WOL,1.0,4.5,0.0,0.0,MID,WOL,1.0,0.0,4.5,0.0,MID,WOL,1.0,4.5,0.0,0.0,MID,WOL,1.0,4.5,0.0,0.0,MID,WOL,1.0,4.5,0.0,0.0,MID,WOL,1.0,4.5,0.0,0.0,MID,WOL,1.0,4.5,0.0,0.0,MID,WOL,1.0,4.5,0.0,0.0,MID,WOL,1.0,4.5,0.0,0.0,MID,WOL,1.0,4.5,0.0,0.0,MID,WOL,1.0,4.5,0.0,0.0,MID,WOL,1.0,0.0,4.5,0.0,MID,WOL,1.0,4.5,0.0,0.0,MID,WOL,1.0,0.0,4.5,0.0,MID,WOL,1.0,4.5,0.0,0.0,6.0,1.0
538,Chirewa,MID,WOL,0.0,4.5,0.0,0.0,MID,WOL,0.0,4.5,0.0,0.0,MID,WOL,1.0,4.5,0.0,0.0,MID,WOL,1.0,4.5,0.0,0.0,MID,WOL,1.0,4.5,0.0,0.0,MID,WOL,1.0,4.5,0.0,0.0,MID,WOL,1.0,4.5,0.0,0.0,MID,WOL,1.0,4.5,0.0,0.0,MID,WOL,1.0,4.5,0.0,0.0,MID,WOL,1.0,4.5,0.0,0.0,MID,WOL,1.0,4.5,0.0,0.0,MID,WOL,1.0,4.5,0.0,0.0,MID,WOL,1.0,4.5,0.0,0.0,MID,WOL,1.0,4.5,0.0,0.0,MID,WOL,1.0,4.5,0.0,0.0,MID,WOL,1.0,4.5,0.0,0.0,MID,WOL,1.0,4.5,0.0,0.0,MID,WOL,1.0,4.5,0.0,0.0,MID,WOL,1.0,4.5,0.0,0.0,MID,WOL,1.0,4.5,0.0,0.0,MID,WOL,1.0,4.5,0.0,0.0,MID,WOL,1.0,0.0,4.5,0.0,MID,WOL,1.0,4.5,0.0,0.0,MID,WOL,1.0,4.5,0.0,0.0,MID,WOL,1.0,4.5,0.0,0.0,MID,WOL,1.0,4.5,0.0,0.0,MID,WOL,1.0,4.5,0.0,0.0,MID,WOL,1.0,4.5,0.0,0.0,MID,WOL,1.0,4.5,0.0,0.0,MID,WOL,1.0,4.5,0.0,0.0,MID,WOL,1.0,4.5,0.0,0.0,MID,WOL,1.0,0.0,4.5,0.0,MID,WOL,1.0,4.5,0.0,0.0,MID,WOL,1.0,0.0,4.5,0.0,MID,WOL,1.0,4.5,0.0,0.0,0.0,0.0
539,Chiwome,FWD,WOL,1.0,4.5,0.0,0.0,FWD,WOL,1.0,4.5,0.0,0.0,FWD,WOL,1.0,4.5,0.0,0.0,FWD,WOL,0.0,4.5,0.0,0.0,FWD,WOL,0.0,4.5,0.0,0.0,FWD,WOL,0.0,4.5,0.0,0.0,FWD,WOL,0.0,4.5,0.0,0.0,FWD,WOL,0.0,4.5,0.0,0.0,FWD,WOL,0.0,4.5,0.0,0.0,FWD,WOL,0.0,4.5,0.0,0.0,FWD,WOL,0.0,4.5,0.0,0.0,FWD,WOL,0.0,4.5,0.0,0.0,FWD,WOL,0.0,4.5,0.0,0.0,FWD,WOL,0.0,4.5,0.0,0.0,FWD,WOL,0.0,4.5,0.0,0.0,FWD,WOL,0.0,4.5,0.0,0.0,FWD,WOL,0.0,4.5,0.0,0.0,FWD,WOL,0.0,4.5,0.0,0.0,FWD,WOL,0.0,4.5,0.0,0.0,FWD,WOL,0.0,4.5,0.0,0.0,FWD,WOL,0.0,4.5,0.0,0.0,FWD,WOL,0.0,0.0,4.5,0.0,FWD,WOL,0.0,4.5,0.0,0.0,FWD,WOL,1.0,4.5,0.0,0.0,FWD,WOL,1.0,4.5,0.0,0.0,FWD,WOL,1.0,4.5,0.0,0.0,FWD,WOL,1.0,4.5,0.0,0.0,FWD,WOL,1.0,4.5,0.0,0.0,FWD,WOL,1.0,4.5,0.0,0.0,FWD,WOL,1.0,4.4,0.0,0.0,FWD,WOL,1.0,4.4,0.0,0.0,FWD,WOL,0.0,0.0,4.4,0.0,FWD,WOL,1.0,4.4,0.0,0.0,FWD,WOL,0.0,0.0,4.4,0.0,FWD,WOL,1.0,4.4,0.0,0.0,0.0,0.0
540,Cundle,MID,WOL,0.0,4.5,0.0,0.0,MID,WOL,0.0,4.5,0.0,0.0,MID,WOL,0.0,4.5,0.0,0.0,MID,WOL,0.0,4.5,0.0,0.0,MID,WOL,0.0,4.5,0.0,0.0,MID,WOL,0.0,4.5,0.0,0.0,MID,WOL,0.0,4.5,0.0,0.0,MID,WOL,0.0,4.5,0.0,0.0,MID,WOL,0.0,4.5,0.0,0.0,MID,WOL,0.0,4.5,0.0,0.0,MID,WOL,0.0,4.5,0.0,0.0,MID,WOL,0.0,4.5,0.0,0.0,MID,WOL,0.0,4.5,0.0,0.0,MID,WOL,0.0,4.5,0.0,0.0,MID,WOL,0.0,4.5,0.0,0.0,MID,WOL,0.0,4.5,0.0,0.0,MID,WOL,0.0,4.5,0.0,0.0,MID,WOL,0.0,4.5,0.0,0.0,MID,WOL,0.0,4.5,0.0,0.0,MID,WOL,0.0,4.5,0.0,0.0,MID,WOL,0.0,4.5,0.0,0.0,MID,WOL,0.0,0.0,4.5,0.0,MID,WOL,0.0,4.5,0.0,0.0,MID,WOL,1.0,4.5,0.0,0.0,MID,WOL,1.0,4.5,0.0,0.0,MID,WOL,1.0,4.5,0.0,0.0,MID,WOL,1.0,4.5,0.0,0.0,MID,WOL,1.0,4.5,0.0,0.0,MID,WOL,1.0,4.5,0.0,0.0,MID,WOL,1.0,4.5,0.0,0.0,MID,WOL,1.0,4.5,0.0,0.0,MID,WOL,0.0,0.0,4.5,0.0,MID,WOL,1.0,4.5,0.0,0.0,MID,WOL,0.0,0.0,4.5,0.0,MID,WOL,1.0,4.5,0.0,0.0,0.0,0.0
541,Cunha,FWD,WOL,0.0,6.5,33.0,1.0,FWD,WOL,0.0,6.5,67.0,6.0,FWD,WOL,0.0,6.5,90.0,2.0,FWD,WOL,0.0,6.5,90.0,2.0,FWD,WOL,0.0,6.5,90.0,8.0,FWD,WOL,0.0,6.5,90.0,2.0,FWD,WOL,0.0,6.5,90.0,9.0,FWD,WOL,0.0,6.5,66.0,2.0,FWD,WOL,0.0,6.5,90.0,9.0,FWD,WOL,0.0,6.7,90.0,6.0,FWD,WOL,0.0,6.8,89.0,12.0,FWD,WOL,0.0,7.0,90.0,16.0,FWD,WOL,0.0,7.1,90.0,2.0,FWD,WOL,0.0,7.1,90.0,2.0,FWD,WOL,0.0,7.1,90.0,1.0,FWD,WOL,0.0,7.1,90.0,9.0,FWD,WOL,0.0,7.1,90.0,9.0,FWD,WOL,0.0,7.1,90.0,12.0,FWD,WOL,1.0,7.0,45.0,1.0,FWD,WOL,0.0,7.0,0.0,0.0,FWD,WOL,0.25,7.0,45.0,1.0,FWD,WOL,0.25,90.0,7.0,2.0,FWD,WOL,0.0,6.8,90.0,2.0,FWD,WOL,0.0,6.8,90.0,7.0,FWD,WOL,0.0,6.8,90.0,9.0,FWD,WOL,0.0,6.9,88.0,9.0,FWD,WOL,1.0,7.0,90.0,2.0,FWD,WOL,1.0,7.0,0.0,0.0,FWD,WOL,1.0,6.9,0.0,0.0,FWD,WOL,1.0,6.8,0.0,0.0,FWD,WOL,0.0,6.8,0.0,0.0,FWD,WOL,0.25,20.0,6.8,7.0,FWD,WOL,0.0,6.9,90.0,8.0,FWD,WOL,0.25,88.0,7.0,15.0,FWD,WOL,0.0,7.1,84.0,2.0,2425.0,175.0
542,Dawson,DEF,WOL,0.0,4.5,6.0,1.0,DEF,WOL,0.0,4.5,23.0,1.0,DEF,WOL,0.0,4.5,90.0,2.0,DEF,WOL,0.0,4.5,90.0,1.0,DEF,WOL,0.0,4.5,90.0,1.0,DEF,WOL,0.0,4.4,0.0,0.0,DEF,WOL,0.0,4.4,90.0,-1.0,DEF,WOL,0.0,4.4,90.0,1.0,DEF,WOL,0.0,4.4,90.0,4.0,DEF,WOL,0.0,4.4,90.0,1.0,DEF,WOL,0.0,4.4,90.0,7.0,DEF,WOL,0.0,4.4,0.0,0.0,DEF,WOL,0.0,4.4,45.0,0.0,DEF,WOL,0.0,4.4,90.0,-4.0,DEF,WOL,0.0,4.4,0.0,0.0,DEF,WOL,0.0,4.4,0.0,0.0,DEF,WOL,0.0,4.4,7.0,1.0,DEF,WOL,0.0,4.4,1.0,1.0,DEF,WOL,0.0,4.4,77.0,1.0,DEF,WOL,0.25,4.3,0.0,0.0,DEF,WOL,0.0,4.3,0.0,0.0,DEF,WOL,0.0,0.0,4.3,0.0,DEF,WOL,0.0,4.3,0.0,0.0,DEF,WOL,0.0,4.3,0.0,0.0,DEF,WOL,0.0,4.3,0.0,0.0,DEF,WOL,0.0,4.3,0.0,0.0,DEF,WOL,0.0,4.3,0.0,0.0,DEF,WOL,0.0,4.3,0.0,0.0,DEF,WOL,0.0,4.3,0.0,0.0,DEF,WOL,0.0,4.3,0.0,0.0,DEF,WOL,0.0,4.2,0.0,0.0,DEF,WOL,0.0,0.0,4.2,0.0,DEF,WOL,0.0,4.2,0.0,0.0,DEF,WOL,0.0,0.0,4.2,0.0,DEF,WOL,0.0,4.2,0.0,0.0,969.0,17.0
543,Doherty,DEF,WOL,0.0,4.5,90.0,1.0,DEF,WOL,0.0,4.5,90.0,-1.0,DEF,WOL,0.0,4.5,15.0,1.0,DEF,WOL,0.0,4.5,13.0,1.0,DEF,WOL,0.0,4.4,0.0,0.0,DEF,WOL,0.0,4.4,0.0,0.0,DEF,WOL,0.0,4.4,0.0,0.0,DEF,WOL,0.0,4.4,0.0,0.0,DEF,WOL,0.0,4.4,0.0,0.0,DEF,WOL,0.0,4.3,0.0,0.0,DEF,WOL,0.0,4.3,1.0,1.0,DEF,WOL,0.0,4.3,3.0,1.0,DEF,WOL,0.0,4.3,0.0,0.0,DEF,WOL,0.0,4.3,76.0,0.0,DEF,WOL,0.0,4.3,90.0,6.0,DEF,WOL,0.0,4.3,63.0,0.0,DEF,WOL,0.0,4.3,90.0,10.0,DEF,WOL,0.0,4.3,90.0,6.0,DEF,WOL,0.0,4.3,90.0,1.0,DEF,WOL,0.0,4.3,90.0,1.0,DEF,WOL,0.0,4.3,90.0,0.0,DEF,WOL,0.0,90.0,4.3,7.0,DEF,WOL,0.0,4.3,86.0,2.0,DEF,WOL,0.0,4.3,90.0,6.0,DEF,WOL,0.0,4.3,90.0,0.0,DEF,WOL,0.0,4.3,90.0,5.0,DEF,WOL,0.0,4.3,90.0,1.0,DEF,WOL,0.25,4.3,90.0,2.0,DEF,WOL,0.0,4.3,90.0,2.0,DEF,WOL,0.0,4.3,90.0,7.0,DEF,WOL,0.0,4.3,64.0,2.0,DEF,WOL,0.0,45.0,4.3,1.0,DEF,WOL,0.0,4.3,8.0,1.0,DEF,WOL,0.0,83.0,4.3,6.0,DEF,WOL,0.0,4.3,64.0,2.0,1961.0,72.0
544,Doyle,MID,WOL,0.0,5.0,0.0,0.0,MID,WOL,0.0,5.0,1.0,1.0,MID,WOL,0.0,4.9,30.0,1.0,MID,WOL,0.0,4.9,13.0,1.0,MID,WOL,0.0,4.9,8.0,1.0,MID,WOL,0.0,4.9,13.0,1.0,MID,WOL,0.0,4.9,0.0,0.0,MID,WOL,0.0,4.8,45.0,1.0,MID,WOL,0.0,4.8,90.0,5.0,MID,WOL,0.0,4.8,61.0,2.0,MID,WOL,0.0,4.8,0.0,0.0,MID,WOL,0.0,4.8,1.0,1.0,MID,WOL,0.0,4.8,0.0,0.0,MID,WOL,0.0,4.8,6.0,1.0,MID,WOL,0.0,4.8,12.0,1.0,MID,WOL,0.0,4.8,45.0,1.0,MID,WOL,0.0,4.8,6.0,1.0,MID,WOL,0.0,4.8,17.0,1.0,MID,WOL,0.0,4.8,21.0,1.0,MID,WOL,0.0,4.8,58.0,0.0,MID,WOL,0.0,4.8,4.0,1.0,MID,WOL,0.0,0.0,4.8,0.0,MID,WOL,0.0,4.8,3.0,1.0,MID,WOL,0.0,4.8,17.0,1.0,MID,WOL,0.0,4.7,7.0,1.0,MID,WOL,0.0,4.7,1.0,1.0,MID,WOL,0.0,4.7,13.0,1.0,MID,WOL,0.0,4.7,1.0,1.0,MID,WOL,0.0,4.7,1.0,1.0,MID,WOL,0.0,4.7,0.0,0.0,MID,WOL,0.0,4.7,0.0,0.0,MID,WOL,0.0,0.0,4.7,0.0,MID,WOL,0.0,4.7,0.0,0.0,MID,WOL,0.0,0.0,4.7,0.0,MID,WOL,0.0,4.7,0.0,0.0,474.0,28.0
545,Fábio Silva,FWD,WOL,0.0,5.0,0.0,0.0,FWD,WOL,0.0,5.0,0.0,0.0,FWD,WOL,1.0,5.0,0.0,0.0,FWD,WOL,1.0,5.0,0.0,0.0,FWD,WOL,1.0,5.0,0.0,0.0,FWD,WOL,1.0,5.0,0.0,0.0,FWD,WOL,1.0,5.0,0.0,0.0,FWD,WOL,1.0,5.0,0.0,0.0,FWD,WOL,1.0,5.0,0.0,0.0,FWD,WOL,1.0,5.0,0.0,0.0,FWD,WOL,1.0,5.0,0.0,0.0,FWD,WOL,1.0,5.0,0.0,0.0,FWD,WOL,1.0,5.0,0.0,0.0,FWD,WOL,1.0,5.0,0.0,0.0,FWD,WOL,1.0,5.0,0.0,0.0,FWD,WOL,1.0,5.0,0.0,0.0,FWD,WOL,1.0,5.0,0.0,0.0,FWD,WOL,1.0,5.0,0.0,0.0,FWD,WOL,1.0,5.0,0.0,0.0,FWD,WOL,1.0,5.0,0.0,0.0,FWD,WOL,1.0,5.0,0.0,0.0,FWD,WOL,1.0,0.0,5.0,0.0,FWD,WOL,1.0,5.0,0.0,0.0,FWD,WOL,1.0,5.0,0.0,0.0,FWD,WOL,1.0,5.0,0.0,0.0,FWD,WOL,1.0,5.0,0.0,0.0,FWD,WOL,1.0,5.0,0.0,0.0,FWD,WOL,1.0,5.0,0.0,0.0,FWD,WOL,1.0,5.0,0.0,0.0,FWD,WOL,1.0,5.0,0.0,0.0,FWD,WOL,1.0,5.0,0.0,0.0,FWD,WOL,1.0,0.0,5.0,0.0,FWD,WOL,1.0,5.0,0.0,0.0,FWD,WOL,1.0,0.0,5.0,0.0,FWD,WOL,1.0,5.0,0.0,0.0,0.0,0.0
546,N. Fraser,FWD,WOL,0.0,4.5,0.0,0.0,FWD,WOL,0.0,4.5,0.0,0.0,FWD,WOL,1.0,4.5,0.0,0.0,FWD,WOL,1.0,4.5,0.0,0.0,FWD,WOL,1.0,4.5,0.0,0.0,FWD,WOL,1.0,4.5,0.0,0.0,FWD,WOL,1.0,4.5,0.0,0.0,FWD,WOL,1.0,4.5,0.0,0.0,FWD,WOL,1.0,4.5,0.0,0.0,FWD,WOL,1.0,4.5,0.0,0.0,FWD,WOL,1.0,4.5,0.0,0.0,FWD,WOL,1.0,4.5,0.0,0.0,FWD,WOL,1.0,4.5,0.0,0.0,FWD,WOL,1.0,4.5,0.0,0.0,FWD,WOL,1.0,4.5,0.0,0.0,FWD,WOL,1.0,4.5,0.0,0.0,FWD,WOL,1.0,4.5,0.0,0.0,FWD,WOL,1.0,4.5,0.0,0.0,FWD,WOL,1.0,4.5,0.0,0.0,FWD,WOL,1.0,4.5,0.0,0.0,FWD,WOL,1.0,4.5,0.0,0.0,FWD,WOL,1.0,0.0,4.5,0.0,FWD,WOL,1.0,4.5,0.0,0.0,FWD,WOL,1.0,4.5,0.0,0.0,FWD,WOL,1.0,4.5,0.0,0.0,FWD,WOL,1.0,4.5,0.0,0.0,FWD,WOL,1.0,4.5,0.0,0.0,FWD,WOL,1.0,4.5,0.0,0.0,FWD,WOL,1.0,4.5,0.0,0.0,FWD,WOL,1.0,4.5,0.0,0.0,FWD,WOL,1.0,4.5,0.0,0.0,FWD,WOL,1.0,0.0,4.5,0.0,FWD,WOL,1.0,4.5,0.0,0.0,FWD,WOL,1.0,0.0,4.5,0.0,FWD,WOL,1.0,4.5,0.0,0.0,0.0,0.0
547,Gonzalez,MID,WOL,1.0,4.5,0.0,0.0,MID,WOL,1.0,4.5,0.0,0.0,MID,WOL,1.0,4.5,0.0,0.0,MID,WOL,1.0,4.5,0.0,0.0,MID,WOL,1.0,4.5,0.0,0.0,MID,WOL,1.0,4.5,0.0,0.0,MID,WOL,1.0,4.5,0.0,0.0,MID,WOL,1.0,4.5,0.0,0.0,MID,WOL,1.0,4.5,0.0,0.0,MID,WOL,1.0,4.5,0.0,0.0,MID,WOL,1.0,4.4,0.0,0.0,MID,WOL,1.0,4.4,0.0,0.0,MID,WOL,1.0,4.4,0.0,0.0,MID,WOL,1.0,4.4,0.0,0.0,MID,WOL,1.0,4.4,0.0,0.0,MID,WOL,1.0,4.4,0.0,0.0,MID,WOL,1.0,4.4,0.0,0.0,MID,WOL,1.0,4.4,0.0,0.0,MID,WOL,1.0,4.4,0.0,0.0,MID,WOL,1.0,4.4,0.0,0.0,MID,WOL,1.0,4.4,0.0,0.0,MID,WOL,1.0,0.0,4.4,0.0,MID,WOL,1.0,4.4,0.0,0.0,MID,WOL,1.0,4.4,0.0,0.0,MID,WOL,1.0,4.4,0.0,0.0,MID,WOL,1.0,4.4,0.0,0.0,MID,WOL,1.0,4.4,0.0,0.0,MID,WOL,1.0,4.4,0.0,0.0,MID,WOL,1.0,4.4,0.0,0.0,MID,WOL,1.0,4.4,0.0,0.0,MID,WOL,1.0,4.4,0.0,0.0,MID,WOL,1.0,0.0,4.4,0.0,MID,WOL,1.0,4.4,0.0,0.0,MID,WOL,1.0,0.0,4.4,0.0,MID,WOL,1.0,4.4,0.0,0.0,0.0,0.0
548,Guedes,MID,WOL,0.0,5.5,0.0,0.0,MID,WOL,0.0,5.5,0.0,0.0,MID,WOL,0.0,5.4,15.0,1.0,MID,WOL,0.0,5.4,4.0,1.0,MID,WOL,0.0,5.3,25.0,1.0,MID,WOL,0.0,5.3,0.0,0.0,MID,WOL,0.0,5.3,22.0,1.0,MID,WOL,0.0,5.3,10.0,1.0,MID,WOL,0.0,5.3,1.0,1.0,MID,WOL,0.0,5.3,28.0,3.0,MID,WOL,0.0,5.3,17.0,1.0,MID,WOL,0.0,5.3,1.0,6.0,MID,WOL,0.0,5.3,26.0,4.0,MID,WOL,0.0,5.3,56.0,1.0,MID,WOL,0.0,5.3,28.0,1.0,MID,WOL,0.0,5.3,26.0,4.0,MID,WOL,0.0,5.3,73.0,13.0,MID,WOL,0.0,5.3,73.0,3.0,MID,WOL,0.0,5.3,45.0,1.0,MID,WOL,0.0,5.3,74.0,2.0,MID,WOL,0.0,5.3,68.0,2.0,MID,WOL,0.0,16.0,5.3,1.0,MID,WOL,0.0,5.3,3.0,1.0,MID,WOL,0.0,5.3,72.0,3.0,MID,WOL,0.0,5.3,45.0,1.0,MID,WOL,0.25,5.3,0.0,0.0,MID,WOL,0.75,5.3,0.0,0.0,MID,WOL,0.0,5.3,7.0,1.0,MID,WOL,0.0,5.3,21.0,1.0,MID,WOL,0.0,5.3,0.0,0.0,MID,WOL,0.0,5.3,0.0,0.0,MID,WOL,0.0,0.0,5.3,0.0,MID,WOL,0.0,5.3,0.0,0.0,MID,WOL,0.0,1.0,5.3,1.0,MID,WOL,0.0,5.3,10.0,1.0,767.0,57.0
549,H.Bueno,DEF,WOL,1.0,4.5,0.0,0.0,DEF,WOL,1.0,4.5,0.0,0.0,DEF,WOL,1.0,4.5,0.0,0.0,DEF,WOL,1.0,4.5,0.0,0.0,DEF,WOL,1.0,4.5,0.0,0.0,DEF,WOL,1.0,4.5,0.0,0.0,DEF,WOL,1.0,4.5,0.0,0.0,DEF,WOL,1.0,4.5,0.0,0.0,DEF,WOL,1.0,4.5,0.0,0.0,DEF,WOL,1.0,4.5,0.0,0.0,DEF,WOL,1.0,4.5,0.0,0.0,DEF,WOL,1.0,4.5,0.0,0.0,DEF,WOL,1.0,4.5,0.0,0.0,DEF,WOL,1.0,4.5,0.0,0.0,DEF,WOL,1.0,4.5,0.0,0.0,DEF,WOL,1.0,4.5,0.0,0.0,DEF,WOL,1.0,4.5,0.0,0.0,DEF,WOL,1.0,4.5,0.0,0.0,DEF,WOL,1.0,4.5,0.0,0.0,DEF,WOL,1.0,4.5,0.0,0.0,DEF,WOL,1.0,4.5,0.0,0.0,DEF,WOL,1.0,0.0,4.5,0.0,DEF,WOL,1.0,4.5,0.0,0.0,DEF,WOL,1.0,4.5,0.0,0.0,DEF,WOL,1.0,4.5,0.0,0.0,DEF,WOL,1.0,4.5,0.0,0.0,DEF,WOL,1.0,4.5,0.0,0.0,DEF,WOL,1.0,4.5,0.0,0.0,DEF,WOL,1.0,4.5,0.0,0.0,DEF,WOL,1.0,4.5,0.0,0.0,DEF,WOL,1.0,4.5,0.0,0.0,DEF,WOL,1.0,0.0,4.5,0.0,DEF,WOL,1.0,4.5,0.0,0.0,DEF,WOL,1.0,0.0,4.5,0.0,DEF,WOL,1.0,4.5,0.0,0.0,0.0,0.0
550,Hee Chan,MID,WOL,0.0,6.5,90.0,2.0,MID,WOL,0.0,6.5,58.0,1.0,MID,WOL,0.0,6.4,30.0,1.0,MID,WOL,0.0,6.3,19.0,1.0,MID,WOL,0.0,6.2,0.0,0.0,MID,WOL,0.0,6.2,22.0,1.0,MID,WOL,0.0,6.1,33.0,1.0,MID,WOL,1.0,6.1,0.0,0.0,MID,WOL,1.0,6.1,0.0,0.0,MID,WOL,0.5,6.1,0.0,0.0,MID,WOL,0.5,6.1,0.0,0.0,MID,WOL,0.0,6.1,1.0,1.0,MID,WOL,0.0,6.1,8.0,1.0,MID,WOL,0.0,6.1,33.0,1.0,MID,WOL,0.0,6.1,0.0,0.0,MID,WOL,0.0,6.1,18.0,1.0,MID,WOL,0.0,6.1,16.0,1.0,MID,WOL,0.0,6.1,16.0,6.0,MID,WOL,0.0,6.1,77.0,7.0,MID,WOL,0.0,6.1,74.0,2.0,MID,WOL,0.0,6.1,45.0,1.0,MID,WOL,0.0,0.0,6.1,0.0,MID,WOL,0.0,6.1,58.0,1.0,MID,WOL,0.25,6.1,11.0,4.0,MID,WOL,1.0,6.1,0.0,0.0,MID,WOL,1.0,6.1,0.0,0.0,MID,WOL,0.0,6.1,0.0,0.0,MID,WOL,0.0,6.1,16.0,1.0,MID,WOL,0.0,6.1,0.0,0.0,MID,WOL,0.0,6.1,0.0,0.0,MID,WOL,0.0,6.1,0.0,0.0,MID,WOL,0.0,7.0,6.1,1.0,MID,WOL,0.25,6.1,0.0,0.0,MID,WOL,0.0,0.0,6.1,0.0,MID,WOL,0.25,6.1,5.0,1.0,637.0,36.0
551,Hodge,MID,WOL,0.0,4.5,0.0,0.0,MID,WOL,0.0,4.5,0.0,0.0,MID,WOL,1.0,4.5,0.0,0.0,MID,WOL,1.0,4.5,0.0,0.0,MID,WOL,1.0,4.5,0.0,0.0,MID,WOL,1.0,4.5,0.0,0.0,MID,WOL,1.0,4.5,0.0,0.0,MID,WOL,1.0,4.5,0.0,0.0,MID,WOL,1.0,4.5,0.0,0.0,MID,WOL,1.0,4.5,0.0,0.0,MID,WOL,1.0,4.5,0.0,0.0,MID,WOL,1.0,4.5,0.0,0.0,MID,WOL,1.0,4.5,0.0,0.0,MID,WOL,1.0,4.5,0.0,0.0,MID,WOL,1.0,4.5,0.0,0.0,MID,WOL,1.0,4.5,0.0,0.0,MID,WOL,1.0,4.5,0.0,0.0,MID,WOL,1.0,4.5,0.0,0.0,MID,WOL,1.0,4.5,0.0,0.0,MID,WOL,1.0,4.5,0.0,0.0,MID,WOL,1.0,4.5,0.0,0.0,MID,WOL,1.0,0.0,4.5,0.0,MID,WOL,1.0,4.5,0.0,0.0,MID,WOL,1.0,4.5,0.0,0.0,MID,WOL,1.0,4.5,0.0,0.0,MID,WOL,1.0,4.5,0.0,0.0,MID,WOL,1.0,4.5,0.0,0.0,MID,WOL,1.0,4.5,0.0,0.0,MID,WOL,1.0,4.5,0.0,0.0,MID,WOL,1.0,4.5,0.0,0.0,MID,WOL,1.0,4.5,0.0,0.0,MID,WOL,1.0,0.0,4.5,0.0,MID,WOL,1.0,4.5,0.0,0.0,MID,WOL,1.0,0.0,4.5,0.0,MID,WOL,1.0,4.5,0.0,0.0,0.0,0.0
552,Hoever,DEF,WOL,0.0,4.0,0.0,0.0,DEF,WOL,0.0,4.0,0.0,0.0,DEF,WOL,1.0,4.0,0.0,0.0,DEF,WOL,1.0,4.0,0.0,0.0,DEF,WOL,1.0,4.0,0.0,0.0,DEF,WOL,1.0,4.0,0.0,0.0,DEF,WOL,1.0,4.0,0.0,0.0,DEF,WOL,1.0,4.0,0.0,0.0,DEF,WOL,1.0,4.0,0.0,0.0,DEF,WOL,1.0,4.0,0.0,0.0,DEF,WOL,1.0,4.0,0.0,0.0,DEF,WOL,1.0,4.0,0.0,0.0,DEF,WOL,1.0,4.0,0.0,0.0,DEF,WOL,1.0,4.0,0.0,0.0,DEF,WOL,1.0,4.0,0.0,0.0,DEF,WOL,1.0,4.0,0.0,0.0,DEF,WOL,1.0,4.0,0.0,0.0,DEF,WOL,1.0,4.0,0.0,0.0,DEF,WOL,1.0,4.0,0.0,0.0,DEF,WOL,1.0,4.0,0.0,0.0,DEF,WOL,1.0,4.0,0.0,0.0,DEF,WOL,1.0,0.0,4.0,0.0,DEF,WOL,1.0,4.0,0.0,0.0,DEF,WOL,1.0,4.0,0.0,0.0,DEF,WOL,1.0,4.0,0.0,0.0,DEF,WOL,1.0,4.0,0.0,0.0,DEF,WOL,1.0,4.0,0.0,0.0,DEF,WOL,1.0,4.0,0.0,0.0,DEF,WOL,1.0,4.0,0.0,0.0,DEF,WOL,1.0,4.0,0.0,0.0,DEF,WOL,1.0,4.0,0.0,0.0,DEF,WOL,1.0,0.0,4.0,0.0,DEF,WOL,1.0,4.0,0.0,0.0,DEF,WOL,1.0,0.0,4.0,0.0,DEF,WOL,1.0,4.0,0.0,0.0,0.0,0.0
553,J.Gomes,MID,WOL,0.0,5.0,83.0,1.0,MID,WOL,0.0,5.0,90.0,2.0,MID,WOL,0.0,4.9,59.0,0.0,MID,WOL,0.0,4.9,90.0,2.0,MID,WOL,0.0,4.9,81.0,1.0,MID,WOL,0.0,4.9,90.0,2.0,MID,WOL,0.0,4.9,76.0,2.0,MID,WOL,0.0,4.9,89.0,1.0,MID,WOL,0.0,4.9,90.0,2.0,MID,WOL,0.0,4.9,90.0,10.0,MID,WOL,0.0,4.9,90.0,3.0,MID,WOL,0.0,4.9,90.0,12.0,MID,WOL,0.0,4.9,90.0,2.0,MID,WOL,0.0,4.9,83.0,2.0,MID,WOL,1.0,4.9,77.0,1.0,MID,WOL,0.0,4.9,0.0,0.0,MID,WOL,0.0,4.9,88.0,3.0,MID,WOL,0.0,4.9,72.0,2.0,MID,WOL,0.0,4.9,90.0,2.0,MID,WOL,0.0,4.9,90.0,2.0,MID,WOL,0.0,4.9,85.0,2.0,MID,WOL,0.0,90.0,4.9,4.0,MID,WOL,1.0,4.9,69.0,-1.0,MID,WOL,0.0,4.9,0.0,0.0,MID,WOL,0.0,4.9,82.0,2.0,MID,WOL,0.0,4.9,45.0,0.0,MID,WOL,0.0,4.9,90.0,7.0,MID,WOL,0.0,4.9,90.0,2.0,MID,WOL,0.0,4.9,90.0,2.0,MID,WOL,0.0,4.9,90.0,2.0,MID,WOL,0.0,4.9,90.0,2.0,MID,WOL,0.0,82.0,4.9,2.0,MID,WOL,0.0,4.9,90.0,3.0,MID,WOL,0.0,90.0,4.9,3.0,MID,WOL,0.0,4.9,90.0,2.0,2781.0,84.0
554,José Sá,GKP,WOL,0.0,4.5,90.0,2.0,GKP,WOL,0.0,4.5,90.0,-1.0,GKP,WOL,0.0,4.5,0.0,0.0,GKP,WOL,0.0,4.5,0.0,0.0,GKP,WOL,0.0,4.4,0.0,0.0,GKP,WOL,0.0,4.4,0.0,0.0,GKP,WOL,0.0,4.4,0.0,0.0,GKP,WOL,0.0,4.3,90.0,2.0,GKP,WOL,0.0,4.3,90.0,2.0,GKP,WOL,0.0,4.3,90.0,2.0,GKP,WOL,0.0,4.3,90.0,6.0,GKP,WOL,0.0,4.3,90.0,2.0,GKP,WOL,0.0,4.3,90.0,0.0,GKP,WOL,0.0,4.3,90.0,0.0,GKP,WOL,0.25,4.3,0.0,0.0,GKP,WOL,1.0,4.3,0.0,0.0,GKP,WOL,0.25,4.3,90.0,7.0,GKP,WOL,0.0,4.3,90.0,8.0,GKP,WOL,0.0,4.3,90.0,6.0,GKP,WOL,0.0,4.3,90.0,1.0,GKP,WOL,0.0,4.3,90.0,1.0,GKP,WOL,0.0,90.0,4.3,2.0,GKP,WOL,0.0,4.3,90.0,2.0,GKP,WOL,0.0,4.3,90.0,7.0,GKP,WOL,0.0,4.3,90.0,1.0,GKP,WOL,0.0,4.3,90.0,9.0,GKP,WOL,0.0,4.3,90.0,2.0,GKP,WOL,0.0,4.3,90.0,3.0,GKP,WOL,0.0,4.3,90.0,2.0,GKP,WOL,0.0,4.4,90.0,5.0,GKP,WOL,0.0,4.4,90.0,2.0,GKP,WOL,0.0,90.0,4.4,1.0,GKP,WOL,0.0,4.4,0.0,0.0,GKP,WOL,0.0,90.0,4.4,12.0,GKP,WOL,0.0,4.4,90.0,2.0,2430.0,88.0
555,Kalajdžić,FWD,WOL,0.0,5.0,0.0,0.0,FWD,WOL,1.0,5.0,0.0,0.0,FWD,WOL,1.0,4.9,0.0,0.0,FWD,WOL,1.0,4.9,0.0,0.0,FWD,WOL,1.0,4.9,0.0,0.0,FWD,WOL,1.0,4.9,0.0,0.0,FWD,WOL,1.0,4.9,0.0,0.0,FWD,WOL,1.0,4.9,0.0,0.0,FWD,WOL,1.0,4.8,0.0,0.0,FWD,WOL,1.0,4.8,0.0,0.0,FWD,WOL,1.0,4.8,0.0,0.0,FWD,WOL,1.0,4.8,0.0,0.0,FWD,WOL,1.0,4.8,0.0,0.0,FWD,WOL,1.0,4.8,0.0,0.0,FWD,WOL,1.0,4.8,0.0,0.0,FWD,WOL,1.0,4.8,0.0,0.0,FWD,WOL,1.0,4.8,0.0,0.0,FWD,WOL,1.0,4.8,0.0,0.0,FWD,WOL,1.0,4.8,0.0,0.0,FWD,WOL,1.0,4.8,0.0,0.0,FWD,WOL,1.0,4.8,0.0,0.0,FWD,WOL,1.0,0.0,4.8,0.0,FWD,WOL,1.0,4.8,0.0,0.0,FWD,WOL,1.0,4.8,0.0,0.0,FWD,WOL,1.0,4.8,0.0,0.0,FWD,WOL,1.0,4.8,0.0,0.0,FWD,WOL,1.0,4.8,0.0,0.0,FWD,WOL,1.0,4.8,0.0,0.0,FWD,WOL,1.0,4.8,0.0,0.0,FWD,WOL,1.0,4.8,0.0,0.0,FWD,WOL,1.0,4.8,0.0,0.0,FWD,WOL,1.0,0.0,4.8,0.0,FWD,WOL,1.0,4.8,0.0,0.0,FWD,WOL,1.0,0.0,4.8,0.0,FWD,WOL,1.0,4.8,0.0,0.0,0.0,0.0
556,T. King,GKP,WOL,0.0,4.0,0.0,0.0,GKP,WOL,0.0,4.0,0.0,0.0,GKP,WOL,0.0,4.0,0.0,0.0,GKP,WOL,0.0,4.0,0.0,0.0,GKP,WOL,0.0,4.0,0.0,0.0,GKP,WOL,0.0,4.0,0.0,0.0,GKP,WOL,0.0,4.0,0.0,0.0,GKP,WOL,0.0,4.0,0.0,0.0,GKP,WOL,0.0,4.0,0.0,0.0,GKP,WOL,0.0,4.0,0.0,0.0,GKP,WOL,0.0,4.0,0.0,0.0,GKP,WOL,0.0,4.0,0.0,0.0,GKP,WOL,0.0,4.0,0.0,0.0,GKP,WOL,0.0,4.0,0.0,0.0,GKP,WOL,0.0,4.0,0.0,0.0,GKP,WOL,0.0,4.0,0.0,0.0,GKP,WOL,0.0,4.0,0.0,0.0,GKP,WOL,0.0,4.0,0.0,0.0,GKP,WOL,0.0,4.0,0.0,0.0,GKP,WOL,0.0,4.0,0.0,0.0,GKP,WOL,0.0,4.0,0.0,0.0,GKP,WOL,0.0,0.0,4.0,0.0,GKP,WOL,0.0,4.0,0.0,0.0,GKP,WOL,0.0,4.0,0.0,0.0,GKP,WOL,0.0,4.0,0.0,0.0,GKP,WOL,0.0,4.0,0.0,0.0,GKP,WOL,0.0,4.0,0.0,0.0,GKP,WOL,0.0,4.0,0.0,0.0,GKP,WOL,0.0,4.0,0.0,0.0,GKP,WOL,0.0,4.0,0.0,0.0,GKP,WOL,0.0,4.0,0.0,0.0,GKP,WOL,0.0,0.0,4.0,0.0,GKP,WOL,0.0,4.0,0.0,0.0,GKP,WOL,0.0,0.0,4.0,0.0,GKP,WOL,0.0,4.0,0.0,0.0,0.0,0.0
557,Mario Jr.,MID,WOL,0.0,5.0,90.0,2.0,MID,WOL,0.0,5.0,89.0,2.0,MID,WOL,0.0,5.0,90.0,5.0,MID,WOL,0.0,5.0,90.0,10.0,MID,WOL,0.0,5.0,90.0,1.0,MID,WOL,0.0,5.0,90.0,2.0,MID,WOL,0.0,5.0,90.0,2.0,MID,WOL,0.0,5.0,90.0,2.0,MID,WOL,0.0,5.0,45.0,1.0,MID,WOL,0.0,5.0,28.0,1.0,MID,WOL,0.0,5.0,90.0,6.0,MID,WOL,0.0,5.0,90.0,6.0,MID,WOL,0.0,5.0,90.0,1.0,MID,WOL,0.0,5.0,90.0,2.0,MID,WOL,0.0,5.0,90.0,1.0,MID,WOL,0.0,5.0,90.0,2.0,MID,WOL,0.0,5.0,0.0,0.0,MID,WOL,0.25,5.0,0.0,0.0,MID,WOL,0.25,5.0,0.0,0.0,MID,WOL,0.0,4.9,31.0,1.0,MID,WOL,0.0,4.9,0.0,0.0,MID,WOL,0.0,0.0,4.9,0.0,MID,WOL,0.0,4.8,0.0,0.0,MID,WOL,1.0,4.8,0.0,0.0,MID,WOL,1.0,4.8,0.0,0.0,MID,WOL,1.0,4.8,0.0,0.0,MID,WOL,1.0,4.8,0.0,0.0,MID,WOL,1.0,4.8,0.0,0.0,MID,WOL,1.0,4.8,0.0,0.0,MID,WOL,1.0,4.8,0.0,0.0,MID,WOL,1.0,4.8,0.0,0.0,MID,WOL,0.0,0.0,4.8,0.0,MID,WOL,1.0,4.8,0.0,0.0,MID,WOL,0.0,0.0,4.8,0.0,MID,WOL,1.0,4.8,0.0,0.0,1363.0,47.0
558,Mosquera,DEF,WOL,0.0,4.0,90.0,1.0,DEF,WOL,0.0,4.0,90.0,-2.0,DEF,WOL,0.0,4.0,90.0,2.0,DEF,WOL,0.0,4.0,90.0,1.0,DEF,WOL,0.75,4.0,81.0,1.0,DEF,WOL,1.0,4.0,0.0,0.0,DEF,WOL,1.0,4.0,0.0,0.0,DEF,WOL,1.0,4.0,0.0,0.0,DEF,WOL,1.0,4.0,0.0,0.0,DEF,WOL,1.0,4.0,0.0,0.0,DEF,WOL,1.0,3.9,0.0,0.0,DEF,WOL,1.0,3.9,0.0,0.0,DEF,WOL,1.0,3.9,0.0,0.0,DEF,WOL,1.0,3.9,0.0,0.0,DEF,WOL,1.0,3.9,0.0,0.0,DEF,WOL,1.0,3.9,0.0,0.0,DEF,WOL,1.0,3.9,0.0,0.0,DEF,WOL,1.0,3.9,0.0,0.0,DEF,WOL,1.0,3.9,0.0,0.0,DEF,WOL,1.0,3.9,0.0,0.0,DEF,WOL,1.0,3.9,0.0,0.0,DEF,WOL,1.0,0.0,3.9,0.0,DEF,WOL,1.0,3.9,0.0,0.0,DEF,WOL,1.0,3.8,0.0,0.0,DEF,WOL,1.0,3.8,0.0,0.0,DEF,WOL,1.0,3.8,0.0,0.0,DEF,WOL,1.0,3.8,0.0,0.0,DEF,WOL,1.0,3.8,0.0,0.0,DEF,WOL,1.0,3.8,0.0,0.0,DEF,WOL,1.0,3.8,0.0,0.0,DEF,WOL,1.0,3.8,0.0,0.0,DEF,WOL,1.0,0.0,3.8,0.0,DEF,WOL,1.0,3.8,0.0,0.0,DEF,WOL,1.0,0.0,3.8,0.0,DEF,WOL,1.0,3.8,0.0,0.0,441.0,3.0
559,N.Semedo,DEF,WOL,1.0,4.5,0.0,0.0,DEF,WOL,0.0,4.5,0.0,0.0,DEF,WOL,0.0,4.5,74.0,2.0,DEF,WOL,0.0,4.5,76.0,1.0,DEF,WOL,0.0,4.5,90.0,0.0,DEF,WOL,0.0,4.5,90.0,1.0,DEF,WOL,0.0,4.5,90.0,2.0,DEF,WOL,0.0,4.5,90.0,3.0,DEF,WOL,0.0,4.5,90.0,1.0,DEF,WOL,0.0,4.5,90.0,1.0,DEF,WOL,0.0,4.5,90.0,6.0,DEF,WOL,0.0,4.5,90.0,2.0,DEF,WOL,1.0,4.5,90.0,-1.0,DEF,WOL,0.0,4.5,0.0,0.0,DEF,WOL,0.0,4.5,90.0,1.0,DEF,WOL,0.0,4.5,90.0,1.0,DEF,WOL,0.0,4.5,88.0,9.0,DEF,WOL,0.0,4.5,90.0,6.0,DEF,WOL,0.0,4.5,90.0,0.0,DEF,WOL,0.25,4.5,0.0,0.0,DEF,WOL,0.0,4.5,21.0,1.0,DEF,WOL,0.0,90.0,4.5,0.0,DEF,WOL,0.0,4.5,90.0,2.0,DEF,WOL,0.0,4.5,90.0,6.0,DEF,WOL,0.0,4.5,90.0,1.0,DEF,WOL,0.0,4.5,90.0,6.0,DEF,WOL,0.0,4.5,90.0,4.0,DEF,WOL,0.0,4.5,90.0,2.0,DEF,WOL,0.0,4.5,89.0,2.0,DEF,WOL,0.0,4.5,90.0,6.0,DEF,WOL,0.0,4.5,90.0,2.0,DEF,WOL,0.0,90.0,4.5,1.0,DEF,WOL,0.0,4.5,73.0,6.0,DEF,WOL,0.0,88.0,4.5,6.0,DEF,WOL,0.0,4.5,85.0,2.0,2664.0,82.0
560,P. Neto,MID,CHE,0.0,6.5,32.0,1.0,MID,CHE,0.0,6.5,45.0,4.0,MID,CHE,0.0,6.5,57.0,0.0,MID,CHE,0.0,6.4,45.0,1.0,MID,CHE,0.0,6.3,33.0,1.0,MID,CHE,0.0,6.3,27.0,1.0,MID,CHE,0.0,6.2,1.0,0.0,MID,CHE,0.0,6.2,45.0,1.0,MID,CHE,0.0,6.2,90.0,5.0,MID,CHE,0.0,6.2,90.0,2.0,MID,CHE,0.0,6.2,90.0,9.0,MID,CHE,0.0,6.2,0.0,0.0,MID,CHE,0.0,6.2,90.0,3.0,MID,CHE,0.0,6.2,0.0,0.0,MID,CHE,1.0,6.2,85.0,1.0,MID,CHE,0.0,6.2,0.0,0.0,MID,CHE,0.0,6.2,75.0,3.0,MID,CHE,0.0,6.2,90.0,1.0,MID,CHE,0.0,6.2,13.0,1.0,MID,CHE,0.0,6.2,90.0,2.0,MID,CHE,0.0,6.2,9.0,1.0,MID,CHE,0.0,61.0,6.2,2.0,MID,CHE,0.0,6.2,17.0,1.0,MID,CHE,0.0,6.2,38.0,7.0,MID,CHE,0.0,6.2,64.0,2.0,MID,CHE,0.0,6.2,90.0,5.0,MID,CHE,0.0,6.2,67.0,11.0,MID,CHE,0.0,6.3,90.0,3.0,MID,CHE,0.0,6.3,90.0,1.0,MID,CHE,0.0,6.2,90.0,2.0,MID,CHE,0.0,6.2,31.0,1.0,MID,CHE,0.0,90.0,6.2,3.0,MID,CHE,0.0,6.1,90.0,10.0,MID,CHE,0.0,90.0,6.1,3.0,MID,CHE,0.0,6.1,90.0,5.0,2005.0,93.0
561,Pedro Lima,DEF,WOL,0.0,4.0,0.0,0.0,DEF,WOL,0.0,4.0,0.0,0.0,DEF,WOL,0.0,4.0,0.0,0.0,DEF,WOL,0.0,4.0,0.0,0.0,DEF,WOL,0.0,4.0,0.0,0.0,DEF,WOL,0.0,4.0,0.0,0.0,DEF,WOL,0.0,4.0,0.0,0.0,DEF,WOL,0.0,4.0,0.0,0.0,DEF,WOL,0.0,4.0,0.0,0.0,DEF,WOL,0.0,4.0,0.0,0.0,DEF,WOL,0.0,4.0,0.0,0.0,DEF,WOL,0.0,4.0,0.0,0.0,DEF,WOL,0.0,4.0,0.0,0.0,DEF,WOL,0.0,4.0,0.0,0.0,DEF,WOL,0.0,4.0,0.0,0.0,DEF,WOL,0.0,3.9,0.0,0.0,DEF,WOL,0.0,3.9,0.0,0.0,DEF,WOL,0.0,3.9,0.0,0.0,DEF,WOL,0.0,3.9,0.0,0.0,DEF,WOL,0.0,3.9,58.0,0.0,DEF,WOL,0.0,3.9,0.0,0.0,DEF,WOL,0.0,0.0,3.9,0.0,DEF,WOL,0.0,3.9,0.0,0.0,DEF,WOL,0.0,3.9,0.0,0.0,DEF,WOL,0.0,3.9,1.0,1.0,DEF,WOL,0.0,3.9,10.0,1.0,DEF,WOL,0.0,3.9,0.0,0.0,DEF,WOL,0.0,3.9,0.0,0.0,DEF,WOL,0.0,3.9,0.0,0.0,DEF,WOL,0.0,3.9,0.0,0.0,DEF,WOL,0.0,3.9,0.0,0.0,DEF,WOL,0.0,0.0,3.9,0.0,DEF,WOL,0.25,3.9,0.0,0.0,DEF,WOL,0.0,0.0,3.9,0.0,DEF,WOL,0.0,3.9,0.0,0.0,69.0,2.0
562,Podence,MID,WOL,0.0,5.5,15.0,1.0,MID,WOL,0.0,5.5,31.0,1.0,MID,WOL,1.0,5.5,0.0,0.0,MID,WOL,1.0,5.5,0.0,0.0,MID,WOL,1.0,5.5,0.0,0.0,MID,WOL,1.0,5.5,0.0,0.0,MID,WOL,1.0,5.5,0.0,0.0,MID,WOL,1.0,5.5,0.0,0.0,MID,WOL,1.0,5.5,0.0,0.0,MID,WOL,1.0,5.5,0.0,0.0,MID,WOL,1.0,5.5,0.0,0.0,MID,WOL,1.0,5.5,0.0,0.0,MID,WOL,1.0,5.5,0.0,0.0,MID,WOL,1.0,5.5,0.0,0.0,MID,WOL,1.0,5.5,0.0,0.0,MID,WOL,1.0,5.5,0.0,0.0,MID,WOL,1.0,5.5,0.0,0.0,MID,WOL,1.0,5.5,0.0,0.0,MID,WOL,1.0,5.5,0.0,0.0,MID,WOL,1.0,5.5,0.0,0.0,MID,WOL,1.0,5.5,0.0,0.0,MID,WOL,1.0,0.0,5.5,0.0,MID,WOL,1.0,5.5,0.0,0.0,MID,WOL,1.0,5.5,0.0,0.0,MID,WOL,1.0,5.5,0.0,0.0,MID,WOL,1.0,5.5,0.0,0.0,MID,WOL,1.0,5.5,0.0,0.0,MID,WOL,1.0,5.5,0.0,0.0,MID,WOL,1.0,5.5,0.0,0.0,MID,WOL,1.0,5.5,0.0,0.0,MID,WOL,1.0,5.5,0.0,0.0,MID,WOL,1.0,0.0,5.5,0.0,MID,WOL,1.0,5.5,0.0,0.0,MID,WOL,1.0,0.0,5.5,0.0,MID,WOL,1.0,5.5,0.0,0.0,46.0,2.0
563,R.Gomes,MID,WOL,0.0,5.5,74.0,2.0,MID,WOL,0.0,5.5,22.0,1.0,MID,WOL,0.0,5.4,0.0,0.0,MID,WOL,0.0,5.4,0.0,0.0,MID,WOL,0.0,5.3,19.0,1.0,MID,WOL,0.0,5.3,0.0,0.0,MID,WOL,0.0,5.3,0.0,0.0,MID,WOL,0.0,5.2,0.0,0.0,MID,WOL,0.0,5.2,1.0,1.0,MID,WOL,0.0,5.2,0.0,0.0,MID,WOL,0.0,5.2,1.0,1.0,MID,WOL,0.0,5.2,90.0,2.0,MID,WOL,0.0,5.2,45.0,1.0,MID,WOL,0.0,5.2,13.0,1.0,MID,WOL,0.0,5.2,4.0,1.0,MID,WOL,0.0,5.2,0.0,0.0,MID,WOL,0.0,5.2,82.0,8.0,MID,WOL,0.0,5.2,3.0,1.0,MID,WOL,0.0,5.2,12.0,1.0,MID,WOL,0.0,5.2,90.0,2.0,MID,WOL,0.0,5.2,68.0,2.0,MID,WOL,0.0,16.0,5.2,1.0,MID,WOL,0.0,5.1,3.0,1.0,MID,WOL,0.0,5.1,17.0,1.0,MID,WOL,0.25,5.1,0.0,0.0,MID,WOL,1.0,5.1,0.0,0.0,MID,WOL,1.0,5.1,0.0,0.0,MID,WOL,0.0,5.1,0.0,0.0,MID,WOL,0.0,5.1,0.0,0.0,MID,WOL,0.0,5.1,0.0,0.0,MID,WOL,0.0,5.1,25.0,1.0,MID,WOL,0.0,20.0,5.1,1.0,MID,WOL,0.0,5.1,16.0,1.0,MID,WOL,0.0,13.0,5.1,6.0,MID,WOL,0.0,5.1,24.0,1.0,658.0,38.0
564,S.Bueno,DEF,WOL,0.0,4.5,0.0,0.0,DEF,WOL,0.0,4.5,0.0,0.0,DEF,WOL,0.0,4.4,0.0,0.0,DEF,WOL,0.0,4.4,0.0,0.0,DEF,WOL,0.0,4.4,8.0,0.0,DEF,WOL,0.25,4.4,76.0,1.0,DEF,WOL,0.0,4.4,0.0,0.0,DEF,WOL,0.0,4.3,90.0,1.0,DEF,WOL,0.0,4.3,90.0,1.0,DEF,WOL,0.0,4.3,90.0,1.0,DEF,WOL,0.0,4.3,90.0,6.0,DEF,WOL,0.25,4.3,0.0,0.0,DEF,WOL,0.0,4.3,0.0,0.0,DEF,WOL,0.0,4.3,76.0,0.0,DEF,WOL,0.0,4.3,90.0,1.0,DEF,WOL,0.0,4.3,90.0,1.0,DEF,WOL,0.0,4.3,90.0,6.0,DEF,WOL,0.0,4.3,90.0,6.0,DEF,WOL,0.0,4.3,90.0,1.0,DEF,WOL,0.0,4.3,90.0,1.0,DEF,WOL,0.0,4.3,90.0,1.0,DEF,WOL,0.0,90.0,4.3,1.0,DEF,WOL,0.0,4.3,90.0,2.0,DEF,WOL,0.0,4.3,2.0,1.0,DEF,WOL,0.0,4.3,29.0,1.0,DEF,WOL,0.0,4.3,72.0,7.0,DEF,WOL,0.0,4.3,76.0,0.0,DEF,WOL,0.0,4.3,1.0,1.0,DEF,WOL,0.0,4.3,10.0,1.0,DEF,WOL,0.0,4.3,8.0,1.0,DEF,WOL,0.0,4.3,2.0,1.0,DEF,WOL,0.0,45.0,4.3,0.0,DEF,WOL,0.0,4.3,90.0,6.0,DEF,WOL,0.0,6.0,4.3,1.0,DEF,WOL,0.0,4.3,4.0,1.0,1675.0,51.0
565,Sarabia,MID,WOL,0.0,5.5,6.0,1.0,MID,WOL,0.0,5.4,22.0,1.0,MID,WOL,0.0,5.4,0.0,0.0,MID,WOL,0.0,5.3,0.0,0.0,MID,WOL,0.0,5.3,0.0,0.0,MID,WOL,0.0,5.2,0.0,0.0,MID,WOL,0.0,5.2,0.0,0.0,MID,WOL,0.0,5.1,0.0,-1.0,MID,WOL,0.0,5.1,45.0,1.0,MID,WOL,0.0,5.1,61.0,2.0,MID,WOL,0.25,5.1,45.0,6.0,MID,WOL,0.25,5.1,0.0,0.0,MID,WOL,0.0,5.1,0.0,0.0,MID,WOL,0.25,5.1,0.0,0.0,MID,WOL,0.25,5.1,0.0,0.0,MID,WOL,1.0,5.1,0.0,0.0,MID,WOL,1.0,5.1,0.0,0.0,MID,WOL,1.0,5.0,0.0,0.0,MID,WOL,1.0,5.0,0.0,0.0,MID,WOL,0.0,5.0,15.0,1.0,MID,WOL,0.0,5.0,4.0,1.0,MID,WOL,0.0,73.0,5.0,2.0,MID,WOL,0.0,5.0,74.0,2.0,MID,WOL,0.0,5.0,78.0,5.0,MID,WOL,0.0,5.0,45.0,1.0,MID,WOL,0.0,5.0,10.0,1.0,MID,WOL,0.0,5.0,13.0,1.0,MID,WOL,0.0,5.0,45.0,1.0,MID,WOL,0.0,5.0,21.0,1.0,MID,WOL,0.0,5.0,19.0,1.0,MID,WOL,0.0,5.0,25.0,12.0,MID,WOL,0.0,48.0,5.0,1.0,MID,WOL,0.0,5.0,16.0,5.0,MID,WOL,0.0,13.0,5.0,1.0,MID,WOL,0.0,5.0,25.0,1.0,703.0,47.0
566,Strand Larsen,FWD,WOL,0.0,5.5,83.0,2.0,FWD,WOL,0.0,5.5,90.0,6.0,FWD,WOL,0.0,5.5,85.0,2.0,FWD,WOL,0.0,5.5,85.0,5.0,FWD,WOL,0.0,5.5,64.0,2.0,FWD,WOL,0.0,5.5,67.0,2.0,FWD,WOL,0.0,5.5,90.0,6.0,FWD,WOL,0.0,5.5,79.0,9.0,FWD,WOL,0.0,5.5,90.0,1.0,FWD,WOL,0.0,5.6,90.0,8.0,FWD,WOL,0.0,5.6,72.0,2.0,FWD,WOL,0.0,5.6,90.0,5.0,FWD,WOL,0.0,5.6,90.0,11.0,FWD,WOL,0.0,5.6,90.0,2.0,FWD,WOL,0.0,5.7,61.0,2.0,FWD,WOL,0.0,5.7,90.0,2.0,FWD,WOL,0.0,5.6,83.0,2.0,FWD,WOL,0.0,5.6,90.0,2.0,FWD,WOL,0.0,5.5,45.0,6.0,FWD,WOL,0.0,5.5,90.0,2.0,FWD,WOL,0.0,5.4,90.0,2.0,FWD,WOL,0.0,90.0,5.4,2.0,FWD,WOL,0.25,5.3,31.0,1.0,FWD,WOL,0.5,5.2,0.0,0.0,FWD,WOL,0.75,5.2,0.0,0.0,FWD,WOL,0.0,5.2,45.0,1.0,FWD,WOL,0.0,5.2,25.0,1.0,FWD,WOL,0.0,5.2,73.0,1.0,FWD,WOL,0.25,5.3,89.0,13.0,FWD,WOL,0.0,5.3,90.0,9.0,FWD,WOL,0.0,5.4,90.0,6.0,FWD,WOL,0.0,69.0,5.4,6.0,FWD,WOL,0.0,5.4,73.0,2.0,FWD,WOL,0.0,76.0,5.4,6.0,FWD,WOL,0.25,5.4,0.0,0.0,2465.0,129.0
567,Toti,DEF,WOL,0.0,4.5,90.0,0.0,DEF,WOL,0.0,4.5,90.0,2.0,DEF,WOL,0.0,4.5,90.0,1.0,DEF,WOL,0.25,4.4,0.0,0.0,DEF,WOL,0.25,4.4,0.0,0.0,DEF,WOL,0.0,4.3,90.0,1.0,DEF,WOL,0.0,4.3,90.0,0.0,DEF,WOL,0.0,4.3,90.0,0.0,DEF,WOL,0.0,4.3,45.0,0.0,DEF,WOL,0.0,4.3,62.0,2.0,DEF,WOL,0.0,4.3,90.0,8.0,DEF,WOL,0.0,4.3,90.0,2.0,DEF,WOL,0.0,4.3,63.0,1.0,DEF,WOL,0.0,4.3,13.0,1.0,DEF,WOL,0.0,4.3,90.0,1.0,DEF,WOL,0.0,4.3,90.0,1.0,DEF,WOL,0.0,4.3,90.0,6.0,DEF,WOL,0.0,4.3,90.0,8.0,DEF,WOL,1.0,4.3,0.0,0.0,DEF,WOL,1.0,4.3,0.0,0.0,DEF,WOL,1.0,4.3,0.0,0.0,DEF,WOL,1.0,0.0,4.3,0.0,DEF,WOL,0.0,4.3,0.0,0.0,DEF,WOL,0.0,4.3,90.0,7.0,DEF,WOL,0.0,4.3,90.0,1.0,DEF,WOL,0.0,4.3,90.0,6.0,DEF,WOL,0.0,4.3,90.0,1.0,DEF,WOL,0.0,4.3,90.0,2.0,DEF,WOL,0.0,4.3,90.0,2.0,DEF,WOL,0.0,4.3,90.0,6.0,DEF,WOL,0.0,4.3,90.0,2.0,DEF,WOL,1.0,90.0,4.3,0.0,DEF,WOL,0.0,4.3,90.0,9.0,DEF,WOL,1.0,90.0,4.3,5.0,DEF,WOL,0.0,4.3,90.0,2.0,2343.0,77.0
568,Muric,GKP,IPS,0.25,4.5,0.0,0.0,GKP,IPS,0.0,4.5,90.0,0.0,GKP,IPS,0.0,4.4,90.0,3.0,GKP,IPS,0.0,4.4,90.0,11.0,GKP,IPS,0.0,4.4,90.0,2.0,GKP,IPS,0.0,4.4,90.0,1.0,GKP,IPS,0.0,4.4,90.0,2.0,GKP,IPS,0.0,4.4,90.0,3.0,GKP,IPS,0.0,4.4,90.0,2.0,GKP,IPS,0.0,4.4,90.0,2.0,GKP,IPS,0.0,4.4,90.0,3.0,GKP,IPS,0.0,4.4,90.0,3.0,GKP,IPS,0.0,4.4,90.0,3.0,GKP,IPS,0.0,4.4,90.0,2.0,GKP,IPS,0.0,4.4,90.0,2.0,GKP,IPS,0.0,4.4,90.0,5.0,GKP,IPS,0.0,4.4,90.0,1.0,GKP,IPS,0.0,4.4,90.0,3.0,GKP,IPS,0.0,4.4,0.0,0.0,GKP,IPS,0.0,4.4,0.0,0.0,GKP,IPS,0.0,4.4,0.0,0.0,GKP,IPS,0.0,0.0,4.4,0.0,GKP,IPS,0.0,4.4,0.0,0.0,GKP,IPS,0.0,4.4,90.0,1.0,GKP,IPS,0.0,4.4,0.0,0.0,GKP,IPS,0.0,4.4,0.0,0.0,GKP,IPS,0.0,4.4,0.0,0.0,GKP,IPS,1.0,4.4,0.0,0.0,GKP,IPS,0.0,4.4,0.0,0.0,GKP,IPS,0.0,4.4,0.0,0.0,GKP,IPS,0.0,4.4,0.0,0.0,GKP,IPS,0.0,0.0,4.4,0.0,GKP,IPS,1.0,4.4,0.0,0.0,GKP,IPS,0.0,0.0,4.4,0.0,GKP,IPS,1.0,4.4,0.0,0.0,1620.0,49.0
569,Jaden,MID,AST,0.0,5.5,16.0,0.0,MID,AST,0.0,5.4,0.0,0.0,MID,AST,0.25,5.4,0.0,0.0,MID,AST,0.0,5.3,1.0,1.0,MID,AST,1.0,5.3,0.0,0.0,MID,AST,0.0,5.3,26.0,1.0,MID,AST,0.0,5.3,90.0,3.0,MID,AST,1.0,5.3,29.0,-2.0,MID,AST,0.0,5.3,0.0,0.0,MID,AST,0.0,5.3,9.0,1.0,MID,AST,0.0,5.3,25.0,1.0,MID,AST,0.0,5.3,8.0,1.0,MID,AST,0.0,5.3,65.0,1.0,MID,AST,0.0,5.3,25.0,1.0,MID,AST,0.0,5.3,31.0,1.0,MID,AST,0.0,5.3,0.0,0.0,MID,AST,0.0,5.3,0.0,0.0,MID,AST,0.0,5.3,0.0,0.0,MID,AST,0.0,5.3,0.0,0.0,MID,AST,0.5,5.3,0.0,0.0,MID,IPS,0.0,5.3,0.0,0.0,MID,IPS,0.0,26.0,5.3,1.0,MID,IPS,0.0,5.3,78.0,2.0,MID,IPS,0.0,5.3,28.0,1.0,MID,IPS,0.0,5.3,0.0,0.0,MID,IPS,0.0,5.3,90.0,2.0,MID,IPS,0.0,5.3,90.0,15.0,MID,IPS,0.0,5.3,66.0,3.0,MID,IPS,0.0,5.3,79.0,2.0,MID,IPS,0.0,5.3,1.0,0.0,MID,IPS,0.0,5.3,9.0,1.0,MID,IPS,0.0,4.0,5.3,1.0,MID,IPS,1.0,5.3,0.0,0.0,MID,IPS,0.0,0.0,5.3,0.0,MID,IPS,1.0,5.3,0.0,0.0,796.0,37.0
570,A.Fatawu,MID,LEI,0.0,5.5,90.0,8.0,MID,LEI,0.0,5.5,90.0,2.0,MID,LEI,0.0,5.5,67.0,2.0,MID,LEI,0.0,5.5,18.0,1.0,MID,LEI,0.0,5.5,1.0,1.0,MID,LEI,0.0,5.5,1.0,1.0,MID,LEI,0.0,5.4,8.0,1.0,MID,LEI,0.0,5.4,31.0,4.0,MID,LEI,0.0,5.4,90.0,2.0,MID,LEI,0.0,5.4,90.0,2.0,MID,LEI,0.0,5.3,90.0,2.0,MID,LEI,1.0,5.3,0.0,0.0,MID,LEI,1.0,5.3,0.0,0.0,MID,LEI,1.0,5.2,0.0,0.0,MID,LEI,1.0,5.2,0.0,0.0,MID,LEI,1.0,5.2,0.0,0.0,MID,LEI,1.0,5.2,0.0,0.0,MID,LEI,1.0,5.2,0.0,0.0,MID,LEI,1.0,5.2,0.0,0.0,MID,LEI,1.0,5.2,0.0,0.0,MID,LEI,1.0,5.2,0.0,0.0,MID,LEI,1.0,0.0,5.2,0.0,MID,LEI,1.0,5.2,0.0,0.0,MID,LEI,1.0,5.1,0.0,0.0,MID,LEI,1.0,5.1,0.0,0.0,MID,LEI,1.0,5.1,0.0,0.0,MID,LEI,1.0,5.1,0.0,0.0,MID,LEI,1.0,5.1,0.0,0.0,MID,LEI,1.0,5.1,0.0,0.0,MID,LEI,1.0,5.1,0.0,0.0,MID,LEI,1.0,5.1,0.0,0.0,MID,LEI,1.0,0.0,5.1,0.0,MID,LEI,1.0,5.1,0.0,0.0,MID,LEI,1.0,0.0,5.1,0.0,MID,LEI,1.0,5.1,0.0,0.0,576.0,26.0
571,Savinho,MID,MCI,0.0,0.0,0.0,0.0,MID,MCI,0.0,0.0,0.0,0.0,MID,MCI,0.0,0.0,0.0,0.0,MID,MCI,0.0,0.0,0.0,0.0,MID,MCI,0.0,0.0,0.0,0.0,MID,MCI,0.0,0.0,0.0,0.0,MID,MCI,0.0,0.0,0.0,0.0,MID,MCI,0.0,0.0,0.0,0.0,MID,MCI,0.0,0.0,0.0,0.0,MID,MCI,0.0,0.0,0.0,0.0,MID,MCI,0.0,0.0,0.0,0.0,MID,MCI,0.0,0.0,0.0,0.0,MID,MCI,0.0,0.0,0.0,0.0,MID,MCI,0.0,0.0,0.0,0.0,MID,MCI,0.0,0.0,0.0,0.0,MID,MCI,0.0,0.0,0.0,0.0,MID,MCI,0.0,0.0,0.0,0.0,MID,MCI,0.0,0.0,0.0,0.0,MID,MCI,0.0,0.0,0.0,0.0,MID,MCI,0.0,0.0,0.0,0.0,MID,MCI,0.0,6.5,0.0,0.0,MID,MCI,0.0,0.0,6.5,0.0,MID,MCI,0.0,6.4,0.0,0.0,MID,MCI,0.0,6.3,90.0,5.0,MID,MCI,0.0,6.2,90.0,6.0,MID,MCI,0.0,6.2,90.0,2.0,MID,MCI,0.0,6.2,89.0,3.0,MID,MCI,0.0,6.2,68.0,3.0,MID,MCI,0.0,6.2,57.0,0.0,MID,MCI,0.0,6.2,84.0,9.0,MID,MCI,0.0,6.2,0.0,0.0,MID,MCI,0.0,8.0,6.2,1.0,MID,MCI,0.0,6.2,77.0,3.0,MID,MCI,0.0,0.0,0.0,0.0,MID,MCI,0.0,6.2,0.0,0.0,653.0,32.0
571,Sávio,MID,MCI,0.25,6.5,45.0,1.0,MID,MCI,0.0,6.5,70.0,9.0,MID,MCI,0.25,6.5,0.0,0.0,MID,MCI,0.0,6.5,90.0,1.0,MID,MCI,0.0,6.5,77.0,7.0,MID,MCI,0.0,6.5,9.0,1.0,MID,MCI,0.0,6.5,0.0,0.0,MID,MCI,0.0,6.5,72.0,1.0,MID,MCI,0.0,6.5,90.0,6.0,MID,MCI,0.0,6.5,0.0,0.0,MID,MCI,0.0,6.5,73.0,3.0,MID,MCI,0.0,6.5,73.0,2.0,MID,MCI,0.0,6.5,32.0,1.0,MID,MCI,0.0,6.5,1.0,1.0,MID,MCI,0.0,6.5,78.0,2.0,MID,MCI,0.0,6.4,1.0,1.0,MID,MCI,0.0,6.4,17.0,1.0,MID,MCI,0.0,6.4,90.0,3.0,MID,MCI,0.0,6.4,90.0,14.0,MID,MCI,0.0,6.5,79.0,13.0,,,0.0,0.0,0.0,0.0,,,0.0,0.0,0.0,0.0,,,0.0,0.0,0.0,0.0,,,0.0,0.0,0.0,0.0,,,0.0,0.0,0.0,0.0,,,0.0,0.0,0.0,0.0,,,0.0,0.0,0.0,0.0,,,0.0,0.0,0.0,0.0,,,0.0,0.0,0.0,0.0,,,0.0,0.0,0.0,0.0,,,0.0,0.0,0.0,0.0,,,0.0,0.0,0.0,0.0,,,0.0,0.0,0.0,0.0,,,0.0,0.0,0.0,0.0,,,0.0,0.0,0.0,0.0,987.0,67.0
572,Yoro,DEF,MUN,1.0,4.5,0.0,0.0,DEF,MUN,1.0,4.4,0.0,0.0,DEF,MUN,1.0,4.4,0.0,0.0,DEF,MUN,1.0,4.4,0.0,0.0,DEF,MUN,1.0,4.4,0.0,0.0,DEF,MUN,1.0,4.3,0.0,0.0,DEF,MUN,1.0,4.3,0.0,0.0,DEF,MUN,1.0,4.3,0.0,0.0,DEF,MUN,1.0,4.3,0.0,0.0,DEF,MUN,0.75,4.3,0.0,0.0,DEF,MUN,0.5,4.3,0.0,0.0,DEF,MUN,0.5,4.3,0.0,0.0,DEF,MUN,0.5,4.3,0.0,0.0,DEF,MUN,0.0,4.3,31.0,1.0,DEF,MUN,0.0,4.3,65.0,1.0,DEF,MUN,0.0,4.3,11.0,1.0,DEF,MUN,0.0,4.3,45.0,0.0,DEF,MUN,0.0,4.3,62.0,1.0,DEF,MUN,0.0,4.3,25.0,1.0,DEF,MUN,0.0,4.3,7.0,1.0,DEF,MUN,0.0,4.3,82.0,2.0,DEF,MUN,0.0,90.0,4.3,0.0,DEF,MUN,0.0,4.3,32.0,1.0,DEF,MUN,0.0,4.3,90.0,1.0,DEF,MUN,0.0,4.3,0.0,0.0,DEF,MUN,0.0,4.3,20.0,1.0,DEF,MUN,0.0,4.3,90.0,0.0,DEF,MUN,0.25,4.3,45.0,1.0,DEF,MUN,0.5,4.3,0.0,0.0,DEF,MUN,0.0,4.3,87.0,2.0,DEF,MUN,0.0,4.3,90.0,5.0,DEF,MUN,0.0,90.0,4.3,-1.0,DEF,MUN,0.0,4.3,12.0,1.0,DEF,MUN,0.0,90.0,4.3,2.0,DEF,MUN,0.0,4.3,45.0,0.0,1109.0,21.0
573,Milenković,DEF,NOT,0.0,4.5,0.0,0.0,DEF,NOT,0.0,4.5,90.0,6.0,DEF,NOT,0.0,4.5,90.0,2.0,DEF,NOT,0.0,4.5,90.0,6.0,DEF,NOT,0.0,4.5,90.0,1.0,DEF,NOT,0.0,4.5,90.0,2.0,DEF,NOT,0.0,4.5,90.0,5.0,DEF,NOT,0.0,4.5,90.0,6.0,DEF,NOT,0.0,4.5,90.0,1.0,DEF,NOT,0.0,4.5,90.0,6.0,DEF,NOT,0.0,4.5,90.0,1.0,DEF,NOT,0.0,4.5,90.0,1.0,DEF,NOT,0.0,4.5,90.0,6.0,DEF,NOT,0.0,4.5,90.0,0.0,DEF,NOT,0.0,4.5,90.0,7.0,DEF,NOT,0.0,4.6,90.0,9.0,DEF,NOT,0.0,4.6,90.0,6.0,DEF,NOT,0.0,4.7,90.0,6.0,DEF,NOT,0.0,4.7,90.0,6.0,DEF,NOT,0.0,4.8,90.0,6.0,DEF,NOT,0.0,4.8,90.0,2.0,DEF,NOT,0.0,90.0,4.8,1.0,DEF,NOT,0.0,4.8,90.0,0.0,DEF,NOT,0.0,4.8,90.0,6.0,DEF,NOT,0.0,4.8,90.0,1.0,DEF,NOT,0.0,4.8,90.0,5.0,DEF,NOT,0.0,4.8,90.0,5.0,DEF,NOT,0.0,4.8,90.0,6.0,DEF,NOT,0.0,4.9,90.0,11.0,DEF,NOT,0.0,5.0,90.0,6.0,DEF,NOT,0.0,5.1,90.0,1.0,DEF,NOT,0.0,90.0,5.1,2.0,DEF,NOT,0.0,5.1,90.0,2.0,DEF,NOT,0.0,90.0,5.1,1.0,DEF,NOT,0.0,5.2,90.0,2.0,3060.0,134.0
574,Pivas,DEF,NEW,0.0,4.0,0.0,0.0,DEF,NEW,0.0,4.0,0.0,0.0,DEF,NEW,0.0,4.0,0.0,0.0,DEF,NEW,1.0,4.0,0.0,0.0,DEF,NEW,1.0,4.0,0.0,0.0,DEF,NEW,1.0,4.0,0.0,0.0,DEF,NEW,1.0,4.0,0.0,0.0,DEF,NEW,1.0,4.0,0.0,0.0,DEF,NEW,1.0,4.0,0.0,0.0,DEF,NEW,1.0,4.0,0.0,0.0,DEF,NEW,1.0,4.0,0.0,0.0,DEF,NEW,1.0,4.0,0.0,0.0,DEF,NEW,1.0,4.0,0.0,0.0,DEF,NEW,1.0,4.0,0.0,0.0,DEF,NEW,1.0,4.0,0.0,0.0,DEF,NEW,1.0,4.0,0.0,0.0,DEF,NEW,1.0,4.0,0.0,0.0,DEF,NEW,1.0,4.0,0.0,0.0,DEF,NEW,1.0,4.0,0.0,0.0,DEF,NEW,1.0,4.0,0.0,0.0,DEF,NEW,1.0,4.0,0.0,0.0,DEF,NEW,1.0,0.0,4.0,0.0,DEF,NEW,1.0,4.0,0.0,0.0,DEF,NEW,1.0,4.0,0.0,0.0,DEF,NEW,1.0,4.0,0.0,0.0,DEF,NEW,1.0,4.0,0.0,0.0,DEF,NEW,1.0,4.0,0.0,0.0,DEF,NEW,1.0,4.0,0.0,0.0,DEF,NEW,1.0,4.0,0.0,0.0,DEF,NEW,1.0,4.0,0.0,0.0,DEF,NEW,1.0,4.0,0.0,0.0,DEF,NEW,1.0,0.0,4.0,0.0,DEF,NEW,1.0,4.0,0.0,0.0,DEF,NEW,1.0,0.0,4.0,0.0,DEF,NEW,1.0,4.0,0.0,0.0,0.0,0.0
574,Pivas,DEF,NEW,0.0,4.0,0.0,0.0,DEF,NEW,0.0,4.0,0.0,0.0,DEF,NEW,0.0,4.0,0.0,0.0,DEF,NEW,1.0,4.0,0.0,0.0,DEF,NEW,1.0,4.0,0.0,0.0,DEF,NEW,1.0,4.0,0.0,0.0,DEF,NEW,1.0,4.0,0.0,0.0,DEF,NEW,1.0,4.0,0.0,0.0,DEF,NEW,1.0,4.0,0.0,0.0,DEF,NEW,1.0,4.0,0.0,0.0,DEF,NEW,1.0,4.0,0.0,0.0,DEF,NEW,1.0,4.0,0.0,0.0,DEF,NEW,1.0,4.0,0.0,0.0,DEF,NEW,1.0,4.0,0.0,0.0,DEF,NEW,1.0,4.0,0.0,0.0,DEF,NEW,1.0,4.0,0.0,0.0,DEF,NEW,1.0,4.0,0.0,0.0,DEF,NEW,1.0,4.0,0.0,0.0,DEF,NEW,1.0,4.0,0.0,0.0,DEF,NEW,1.0,4.0,0.0,0.0,DEF,NEW,1.0,4.0,0.0,0.0,DEF,NEW,1.0,0.0,4.0,0.0,DEF,NEW,1.0,4.0,0.0,0.0,DEF,NEW,1.0,4.0,0.0,0.0,DEF,NEW,1.0,4.0,0.0,0.0,DEF,NEW,1.0,4.0,0.0,0.0,DEF,NEW,1.0,4.0,0.0,0.0,DEF,NEW,1.0,4.0,0.0,0.0,DEF,NEW,1.0,4.0,0.0,0.0,DEF,NEW,1.0,4.0,0.0,0.0,DEF,NEW,1.0,4.0,0.0,0.0,DEF,NEW,1.0,0.0,4.0,0.0,DEF,NEW,1.0,4.0,0.0,0.0,DEF,NEW,1.0,0.0,4.0,0.0,DEF,NEW,1.0,4.0,0.0,0.0,0.0,0.0
575,Wiley,DEF,CHE,1.0,4.0,0.0,0.0,DEF,CHE,1.0,4.0,0.0,0.0,DEF,CHE,1.0,4.0,0.0,0.0,DEF,CHE,1.0,4.0,0.0,0.0,DEF,CHE,1.0,4.0,0.0,0.0,DEF,CHE,1.0,4.0,0.0,0.0,DEF,CHE,1.0,4.0,0.0,0.0,DEF,CHE,1.0,4.0,0.0,0.0,DEF,CHE,1.0,4.0,0.0,0.0,DEF,CHE,1.0,4.0,0.0,0.0,DEF,CHE,1.0,4.0,0.0,0.0,DEF,CHE,1.0,4.0,0.0,0.0,DEF,CHE,1.0,4.0,0.0,0.0,DEF,CHE,1.0,4.0,0.0,0.0,DEF,CHE,1.0,4.0,0.0,0.0,DEF,CHE,1.0,4.0,0.0,0.0,DEF,CHE,1.0,4.0,0.0,0.0,DEF,CHE,1.0,4.0,0.0,0.0,DEF,CHE,1.0,4.0,0.0,0.0,DEF,CHE,1.0,4.0,0.0,0.0,DEF,CHE,1.0,4.0,0.0,0.0,DEF,CHE,1.0,0.0,4.0,0.0,DEF,CHE,1.0,4.0,0.0,0.0,DEF,CHE,1.0,4.0,0.0,0.0,DEF,CHE,1.0,4.0,0.0,0.0,DEF,CHE,1.0,4.0,0.0,0.0,DEF,CHE,1.0,4.0,0.0,0.0,DEF,CHE,1.0,4.0,0.0,0.0,DEF,CHE,1.0,4.0,0.0,0.0,DEF,CHE,1.0,4.0,0.0,0.0,DEF,CHE,1.0,4.0,0.0,0.0,DEF,CHE,1.0,0.0,4.0,0.0,DEF,CHE,1.0,4.0,0.0,0.0,DEF,CHE,1.0,0.0,4.0,0.0,DEF,CHE,1.0,4.0,0.0,0.0,0.0,0.0
576,Irving,MID,WHM,0.0,5.0,0.0,0.0,MID,WHM,0.0,5.0,0.0,0.0,MID,WHM,0.0,4.9,0.0,0.0,MID,WHM,0.0,4.9,0.0,0.0,MID,WHM,0.0,4.9,18.0,1.0,MID,WHM,0.0,4.9,1.0,0.0,MID,WHM,0.0,4.9,0.0,0.0,MID,WHM,0.0,4.9,0.0,0.0,MID,WHM,0.0,4.8,0.0,0.0,MID,WHM,0.0,4.8,11.0,1.0,MID,WHM,0.0,4.8,0.0,0.0,MID,WHM,0.0,4.8,6.0,1.0,MID,WHM,0.0,4.8,12.0,1.0,MID,WHM,0.0,4.8,0.0,0.0,MID,WHM,0.0,4.8,0.0,0.0,MID,WHM,0.0,4.8,0.0,0.0,MID,WHM,0.0,4.8,0.0,0.0,MID,WHM,0.0,4.8,0.0,0.0,MID,WHM,0.0,4.8,17.0,1.0,MID,WHM,0.0,4.8,0.0,0.0,MID,WHM,0.0,4.8,18.0,1.0,MID,WHM,0.0,0.0,4.8,0.0,MID,WHM,0.0,4.8,1.0,1.0,MID,WHM,0.0,4.7,76.0,1.0,MID,WHM,0.0,4.7,0.0,0.0,MID,WHM,0.0,4.7,0.0,0.0,MID,WHM,0.0,4.7,1.0,1.0,MID,WHM,0.0,4.7,0.0,0.0,MID,WHM,0.0,4.7,0.0,0.0,MID,WHM,0.0,4.7,0.0,0.0,MID,WHM,0.0,4.7,0.0,0.0,MID,WHM,0.0,0.0,4.7,0.0,MID,WHM,0.0,4.7,0.0,0.0,MID,WHM,0.0,0.0,4.7,0.0,MID,WHM,0.0,4.7,0.0,0.0,161.0,9.0
577,Lindstrøm,MID,EVE,0.0,5.5,0.0,0.0,MID,EVE,0.0,5.4,33.0,1.0,MID,EVE,0.0,5.3,0.0,0.0,MID,EVE,0.0,5.3,9.0,1.0,MID,EVE,0.0,5.3,60.0,3.0,MID,EVE,0.0,5.2,45.0,1.0,MID,EVE,0.0,5.2,0.0,0.0,MID,EVE,0.0,5.2,0.0,0.0,MID,EVE,0.0,5.2,22.0,1.0,MID,EVE,0.0,5.1,87.0,2.0,MID,EVE,0.0,5.1,90.0,3.0,MID,EVE,0.0,5.1,71.0,3.0,MID,EVE,0.0,5.1,66.0,2.0,MID,EVE,0.0,5.1,7.0,1.0,MID,EVE,0.0,5.1,0.0,0.0,MID,EVE,0.0,5.1,24.0,1.0,MID,EVE,0.0,5.1,16.0,1.0,MID,EVE,0.0,5.1,9.0,1.0,MID,EVE,0.0,5.1,45.0,1.0,MID,EVE,0.0,5.0,45.0,1.0,MID,EVE,0.0,5.0,31.0,1.0,MID,EVE,0.0,69.0,5.0,3.0,MID,EVE,0.0,5.0,61.0,2.0,MID,EVE,0.0,5.0,150.0,4.0,MID,EVE,0.0,5.0,78.0,2.0,MID,EVE,0.0,5.0,53.0,1.0,MID,EVE,0.0,5.0,74.0,2.0,MID,EVE,0.0,5.0,62.0,5.0,MID,EVE,0.0,5.0,22.0,1.0,MID,EVE,1.0,5.0,0.0,0.0,MID,EVE,1.0,5.0,0.0,0.0,MID,EVE,0.0,0.0,5.0,0.0,MID,EVE,1.0,5.0,0.0,0.0,MID,EVE,0.0,0.0,5.0,0.0,MID,EVE,1.0,5.0,0.0,0.0,1229.0,44.0
578,Calafiori,DEF,ARS,0.0,6.0,0.0,0.0,DEF,ARS,0.0,5.9,11.0,1.0,DEF,ARS,0.0,5.8,31.0,1.0,DEF,ARS,0.5,5.8,0.0,0.0,DEF,ARS,0.0,5.8,73.0,9.0,DEF,ARS,0.0,5.8,90.0,0.0,DEF,ARS,0.0,5.8,89.0,2.0,DEF,ARS,0.25,5.8,90.0,1.0,DEF,ARS,0.75,5.8,0.0,0.0,DEF,ARS,1.0,5.8,0.0,0.0,DEF,ARS,0.5,5.8,0.0,0.0,DEF,ARS,0.0,5.8,66.0,6.0,DEF,ARS,0.0,5.8,55.0,0.0,DEF,ARS,0.25,5.8,0.0,0.0,DEF,ARS,0.25,5.8,0.0,0.0,DEF,ARS,0.75,5.8,0.0,0.0,DEF,ARS,0.0,5.8,32.0,4.0,DEF,ARS,0.0,5.8,0.0,0.0,DEF,ARS,0.0,5.8,77.0,1.0,DEF,ARS,0.0,5.8,90.0,1.0,DEF,ARS,0.25,5.8,0.0,0.0,DEF,ARS,0.25,0.0,5.8,0.0,DEF,ARS,0.0,5.8,45.0,7.0,DEF,ARS,0.0,5.8,1.0,1.0,DEF,ARS,0.0,5.8,14.0,1.0,DEF,ARS,0.0,5.8,55.0,1.0,DEF,ARS,0.0,5.8,45.0,0.0,DEF,ARS,0.0,5.8,57.0,1.0,DEF,ARS,0.0,5.8,0.0,0.0,DEF,ARS,1.0,5.8,0.0,0.0,DEF,ARS,1.0,5.8,0.0,0.0,DEF,ARS,0.25,0.0,5.8,0.0,DEF,ARS,0.75,5.8,0.0,0.0,DEF,ARS,0.25,0.0,0.0,0.0,DEF,ARS,0.0,5.8,0.0,0.0,921.0,37.0
579,Sessegnon,DEF,FUL,0.0,4.5,0.0,0.0,DEF,FUL,0.0,4.5,0.0,0.0,DEF,FUL,0.0,4.4,0.0,0.0,DEF,FUL,0.0,4.4,0.0,0.0,DEF,FUL,0.0,4.4,0.0,0.0,DEF,FUL,0.0,4.3,0.0,0.0,DEF,FUL,0.0,4.3,0.0,0.0,DEF,FUL,0.0,4.3,0.0,0.0,DEF,FUL,0.0,4.3,0.0,0.0,DEF,FUL,0.0,4.2,0.0,0.0,DEF,FUL,0.0,4.2,0.0,0.0,DEF,FUL,0.0,4.2,0.0,0.0,DEF,FUL,0.0,4.2,4.0,1.0,DEF,FUL,0.0,4.2,0.0,0.0,DEF,FUL,0.0,4.2,0.0,0.0,DEF,FUL,0.0,4.2,0.0,0.0,DEF,FUL,0.0,4.2,0.0,0.0,DEF,FUL,0.0,4.2,1.0,1.0,DEF,FUL,0.0,4.2,0.0,0.0,DEF,FUL,0.0,4.2,0.0,0.0,DEF,FUL,0.0,4.2,0.0,0.0,DEF,FUL,0.0,0.0,4.2,0.0,DEF,FUL,0.0,4.1,0.0,0.0,DEF,FUL,0.0,4.1,11.0,1.0,DEF,FUL,0.0,4.1,1.0,1.0,DEF,FUL,0.0,4.1,0.0,0.0,DEF,FUL,0.0,4.1,71.0,8.0,DEF,FUL,0.0,4.1,1.0,1.0,DEF,FUL,0.0,4.1,3.0,7.0,DEF,FUL,0.0,4.1,13.0,4.0,DEF,FUL,0.0,4.1,81.0,7.0,DEF,FUL,0.0,56.0,4.1,1.0,DEF,FUL,0.0,4.1,78.0,11.0,DEF,FUL,0.0,90.0,4.1,11.0,DEF,FUL,0.0,4.2,56.0,0.0,466.0,54.0
580,Huijsen,DEF,BOU,0.0,4.5,90.0,2.0,DEF,BOU,0.0,4.5,0.0,0.0,DEF,BOU,0.0,4.5,13.0,1.0,DEF,BOU,0.0,4.5,0.0,0.0,DEF,BOU,0.0,4.4,90.0,0.0,DEF,BOU,0.0,4.4,0.0,0.0,DEF,BOU,0.0,4.4,0.0,0.0,DEF,BOU,0.0,4.4,0.0,0.0,DEF,BOU,0.0,4.3,0.0,0.0,DEF,BOU,0.0,4.3,1.0,1.0,DEF,BOU,0.0,4.3,23.0,1.0,DEF,BOU,0.0,4.3,25.0,1.0,DEF,BOU,0.0,4.3,8.0,1.0,DEF,BOU,0.0,4.3,90.0,15.0,DEF,BOU,0.0,4.3,90.0,2.0,DEF,BOU,0.0,4.3,90.0,2.0,DEF,BOU,0.0,4.3,90.0,14.0,DEF,BOU,0.0,4.4,90.0,8.0,DEF,BOU,0.0,4.4,90.0,1.0,DEF,BOU,0.0,4.4,90.0,8.0,DEF,BOU,0.0,4.4,90.0,0.0,DEF,BOU,0.0,90.0,4.4,2.0,DEF,BOU,0.0,4.4,90.0,6.0,DEF,BOU,0.0,4.4,90.0,0.0,DEF,BOU,0.0,4.5,90.0,2.0,DEF,BOU,0.0,4.5,90.0,2.0,DEF,BOU,0.0,4.5,90.0,1.0,DEF,BOU,0.0,4.5,90.0,0.0,DEF,BOU,0.0,4.5,90.0,1.0,DEF,BOU,0.0,4.5,90.0,0.0,DEF,BOU,0.0,4.5,90.0,4.0,DEF,BOU,0.0,90.0,4.5,7.0,DEF,BOU,0.0,4.5,90.0,8.0,DEF,BOU,0.0,90.0,4.5,1.0,DEF,BOU,0.0,4.5,90.0,8.0,2230.0,99.0
581,Jørgensen,GKP,CHE,0.0,4.5,0.0,0.0,GKP,CHE,0.0,4.5,0.0,0.0,GKP,CHE,0.0,4.4,0.0,0.0,GKP,CHE,0.0,4.4,0.0,0.0,GKP,CHE,0.0,4.3,0.0,0.0,GKP,CHE,0.0,4.3,0.0,0.0,GKP,CHE,0.0,4.3,0.0,0.0,GKP,CHE,0.0,4.3,0.0,0.0,GKP,CHE,0.0,4.3,0.0,0.0,GKP,CHE,0.0,4.2,0.0,0.0,GKP,CHE,0.0,4.2,0.0,0.0,GKP,CHE,0.0,4.2,0.0,0.0,GKP,CHE,0.0,4.2,0.0,0.0,GKP,CHE,0.0,4.2,90.0,3.0,GKP,CHE,0.0,4.2,0.0,0.0,GKP,CHE,0.0,4.2,0.0,0.0,GKP,CHE,0.0,4.2,0.0,0.0,GKP,CHE,0.0,4.2,0.0,0.0,GKP,CHE,0.0,4.2,90.0,2.0,GKP,CHE,0.0,4.2,0.0,0.0,GKP,CHE,0.0,4.2,0.0,0.0,GKP,CHE,0.0,0.0,4.2,0.0,GKP,CHE,0.0,4.2,0.0,0.0,GKP,CHE,0.0,4.2,90.0,3.0,GKP,CHE,0.0,4.2,90.0,2.0,GKP,CHE,0.0,4.2,90.0,2.0,GKP,CHE,0.0,4.2,90.0,6.0,GKP,CHE,0.0,4.2,0.0,0.0,GKP,CHE,0.0,4.2,0.0,0.0,GKP,CHE,0.0,4.2,0.0,0.0,GKP,CHE,0.0,4.2,0.0,0.0,GKP,CHE,0.0,0.0,4.2,0.0,GKP,CHE,0.0,4.2,0.0,0.0,GKP,CHE,0.0,0.0,4.2,0.0,GKP,CHE,0.0,4.2,0.0,0.0,540.0,18.0
582,J. O'Brien,DEF,EVE,0.0,5.0,0.0,0.0,DEF,EVE,0.0,4.9,0.0,0.0,DEF,EVE,0.0,4.9,0.0,0.0,DEF,EVE,0.0,4.8,26.0,0.0,DEF,EVE,0.0,4.8,0.0,0.0,DEF,EVE,0.0,4.8,0.0,0.0,DEF,EVE,0.0,4.7,0.0,0.0,DEF,EVE,0.0,4.7,0.0,0.0,DEF,EVE,0.0,4.7,0.0,0.0,DEF,EVE,0.0,4.7,0.0,0.0,DEF,EVE,0.0,4.6,0.0,0.0,DEF,EVE,0.0,4.6,0.0,0.0,DEF,EVE,0.0,4.6,8.0,1.0,DEF,EVE,0.0,4.6,0.0,0.0,DEF,EVE,0.0,4.6,0.0,0.0,DEF,EVE,0.0,4.6,0.0,0.0,DEF,EVE,0.0,4.6,0.0,0.0,DEF,EVE,0.0,4.6,0.0,0.0,DEF,EVE,0.0,4.6,0.0,0.0,DEF,EVE,0.0,4.6,0.0,0.0,DEF,EVE,0.0,4.5,7.0,1.0,DEF,EVE,0.0,87.0,4.5,2.0,DEF,EVE,0.0,4.5,90.0,5.0,DEF,EVE,0.0,4.5,180.0,7.0,DEF,EVE,0.0,4.5,90.0,2.0,DEF,EVE,0.0,4.5,90.0,0.0,DEF,EVE,0.0,4.5,90.0,10.0,DEF,EVE,0.0,4.5,90.0,2.0,DEF,EVE,0.0,4.5,90.0,10.0,DEF,EVE,0.0,4.5,90.0,2.0,DEF,EVE,0.0,4.5,90.0,1.0,DEF,EVE,0.0,90.0,4.5,6.0,DEF,EVE,0.0,4.5,90.0,1.0,DEF,EVE,0.0,90.0,4.5,2.0,DEF,EVE,0.0,4.5,90.0,0.0,1388.0,52.0
583,Townsend,DEF,IPS,0.0,4.0,0.0,0.0,DEF,IPS,0.0,4.0,0.0,0.0,DEF,IPS,0.0,4.0,0.0,0.0,DEF,IPS,0.0,4.0,0.0,0.0,DEF,IPS,0.0,4.0,0.0,0.0,DEF,IPS,0.0,4.0,0.0,0.0,DEF,IPS,0.0,4.0,0.0,0.0,DEF,IPS,0.0,4.0,0.0,0.0,DEF,IPS,0.0,4.0,1.0,1.0,DEF,IPS,0.0,4.0,0.0,0.0,DEF,IPS,0.0,4.0,0.0,0.0,DEF,IPS,0.0,4.0,0.0,0.0,DEF,IPS,0.0,4.0,0.0,0.0,DEF,IPS,0.0,4.0,0.0,0.0,DEF,IPS,0.0,4.0,0.0,0.0,DEF,IPS,0.0,4.0,0.0,0.0,DEF,IPS,0.0,4.0,0.0,0.0,DEF,IPS,0.0,4.0,0.0,0.0,DEF,IPS,0.0,3.9,0.0,0.0,DEF,IPS,0.0,3.9,0.0,0.0,DEF,IPS,0.0,3.9,0.0,0.0,DEF,IPS,0.0,0.0,3.9,0.0,DEF,IPS,0.0,3.9,45.0,1.0,DEF,IPS,0.0,3.9,0.0,0.0,DEF,IPS,0.0,3.9,90.0,2.0,DEF,IPS,0.0,3.9,0.0,0.0,DEF,IPS,0.0,3.9,0.0,0.0,DEF,IPS,0.0,3.9,0.0,0.0,DEF,IPS,0.0,3.9,0.0,0.0,DEF,IPS,0.0,3.9,90.0,4.0,DEF,IPS,0.0,3.9,80.0,2.0,DEF,IPS,0.0,28.0,3.9,1.0,DEF,IPS,1.0,3.9,0.0,0.0,DEF,IPS,0.0,0.0,3.9,0.0,DEF,IPS,1.0,3.9,0.0,0.0,334.0,11.0
584,Brereton Díaz,MID,SOU,0.0,5.5,70.0,1.0,MID,SOU,0.0,5.5,90.0,2.0,MID,SOU,0.0,5.4,90.0,2.0,MID,SOU,0.0,5.4,63.0,2.0,MID,SOU,0.0,5.4,31.0,1.0,MID,SOU,0.0,5.3,45.0,1.0,MID,SOU,0.0,5.2,0.0,0.0,MID,SOU,0.0,5.1,0.0,0.0,MID,SOU,0.0,5.1,0.0,0.0,MID,SOU,0.0,5.1,0.0,0.0,MID,SOU,0.0,5.0,17.0,1.0,MID,SOU,0.0,5.0,0.0,0.0,MID,SOU,0.0,5.0,1.0,1.0,MID,SOU,0.0,5.0,28.0,1.0,MID,SOU,0.0,4.9,11.0,1.0,MID,SOU,0.0,4.9,0.0,0.0,MID,SOU,0.0,4.9,0.0,0.0,MID,SOU,0.0,4.9,0.0,0.0,MID,SOU,0.0,4.9,0.0,0.0,MID,SOU,0.0,4.9,0.0,0.0,MID,SOU,0.0,4.9,0.0,0.0,MID,SOU,0.0,0.0,4.9,0.0,MID,SOU,1.0,4.8,0.0,0.0,MID,SOU,1.0,4.8,0.0,0.0,MID,SOU,1.0,4.8,0.0,0.0,MID,SOU,1.0,4.8,0.0,0.0,MID,SOU,1.0,4.8,0.0,0.0,MID,SOU,1.0,4.8,0.0,0.0,MID,SOU,1.0,4.8,0.0,0.0,MID,SOU,1.0,4.8,0.0,0.0,MID,SOU,1.0,4.8,0.0,0.0,MID,SOU,0.0,0.0,4.8,0.0,MID,SOU,1.0,4.8,0.0,0.0,MID,SOU,0.0,0.0,4.8,0.0,MID,SOU,1.0,4.8,0.0,0.0,446.0,13.0
585,I.Sarr,MID,CRY,0.0,6.0,6.0,1.0,MID,CRY,0.0,5.9,19.0,1.0,MID,CRY,0.0,5.9,21.0,1.0,MID,CRY,0.0,5.9,9.0,4.0,MID,CRY,0.0,5.8,45.0,1.0,MID,CRY,0.0,5.8,28.0,1.0,MID,CRY,0.0,5.8,90.0,1.0,MID,CRY,0.0,5.8,16.0,1.0,MID,CRY,0.0,5.7,66.0,3.0,MID,CRY,0.0,5.7,89.0,2.0,MID,CRY,0.0,5.7,87.0,2.0,MID,CRY,0.0,5.7,89.0,13.0,MID,CRY,0.0,5.7,90.0,2.0,MID,CRY,0.0,5.7,89.0,2.0,MID,CRY,0.0,5.7,76.0,2.0,MID,CRY,0.0,5.7,90.0,17.0,MID,CRY,0.0,5.7,90.0,7.0,MID,CRY,0.0,5.8,90.0,3.0,MID,CRY,0.0,5.9,90.0,2.0,MID,CRY,0.0,5.9,90.0,2.0,MID,CRY,0.25,5.9,90.0,6.0,MID,CRY,0.25,67.0,5.9,3.0,MID,CRY,0.0,5.7,71.0,2.0,MID,CRY,0.0,5.7,90.0,3.0,MID,CRY,0.0,5.6,90.0,2.0,MID,CRY,0.0,5.5,74.0,3.0,MID,CRY,0.0,5.5,85.0,15.0,MID,CRY,0.0,5.6,90.0,11.0,MID,CRY,0.0,5.6,0.0,0.0,MID,CRY,0.0,5.7,90.0,2.0,MID,CRY,0.0,5.7,90.0,2.0,MID,CRY,0.25,90.0,5.8,5.0,MID,CRY,0.0,5.8,192.0,5.0,MID,CRY,0.25,0.0,0.0,0.0,MID,CRY,0.0,5.7,0.0,0.0,2389.0,127.0
585,I.Sarr,MID,CRY,0.0,6.0,6.0,1.0,MID,CRY,0.0,5.9,19.0,1.0,MID,CRY,0.0,5.9,21.0,1.0,MID,CRY,0.0,5.9,9.0,4.0,MID,CRY,0.0,5.8,45.0,1.0,MID,CRY,0.0,5.8,28.0,1.0,MID,CRY,0.0,5.8,90.0,1.0,MID,CRY,0.0,5.8,16.0,1.0,MID,CRY,0.0,5.7,66.0,3.0,MID,CRY,0.0,5.7,89.0,2.0,MID,CRY,0.0,5.7,87.0,2.0,MID,CRY,0.0,5.7,89.0,13.0,MID,CRY,0.0,5.7,90.0,2.0,MID,CRY,0.0,5.7,89.0,2.0,MID,CRY,0.0,5.7,76.0,2.0,MID,CRY,0.0,5.7,90.0,17.0,MID,CRY,0.0,5.7,90.0,7.0,MID,CRY,0.0,5.8,90.0,3.0,MID,CRY,0.0,5.9,90.0,2.0,MID,CRY,0.0,5.9,90.0,2.0,MID,CRY,0.25,5.9,90.0,6.0,MID,CRY,0.25,67.0,5.9,3.0,MID,CRY,0.0,5.7,71.0,2.0,MID,CRY,0.0,5.7,90.0,3.0,MID,CRY,0.0,5.6,90.0,2.0,MID,CRY,0.0,5.5,74.0,3.0,MID,CRY,0.0,5.5,85.0,15.0,MID,CRY,0.0,5.6,90.0,11.0,MID,CRY,0.0,5.6,0.0,0.0,MID,CRY,0.0,5.7,90.0,2.0,MID,CRY,0.0,5.7,90.0,2.0,MID,CRY,0.25,75.0,5.8,2.0,MID,CRY,0.0,5.8,207.0,8.0,MID,CRY,0.25,0.0,0.0,0.0,MID,CRY,0.0,5.7,0.0,0.0,2389.0,127.0
586,J.Cuenca,DEF,FUL,0.0,4.5,0.0,0.0,DEF,FUL,0.0,4.5,0.0,0.0,DEF,FUL,0.0,4.4,0.0,0.0,DEF,FUL,0.0,4.4,0.0,0.0,DEF,FUL,0.0,4.4,0.0,0.0,DEF,FUL,0.0,4.4,0.0,0.0,DEF,FUL,1.0,4.4,0.0,0.0,DEF,FUL,1.0,4.4,0.0,0.0,DEF,FUL,0.0,4.4,1.0,1.0,DEF,FUL,0.0,4.4,0.0,0.0,DEF,FUL,0.0,4.4,0.0,0.0,DEF,FUL,0.0,4.4,0.0,0.0,DEF,FUL,1.0,4.4,0.0,0.0,DEF,FUL,0.0,4.4,1.0,1.0,DEF,FUL,0.0,4.4,1.0,1.0,DEF,FUL,0.0,4.4,90.0,1.0,DEF,FUL,0.0,4.4,0.0,0.0,DEF,FUL,0.0,4.4,0.0,0.0,DEF,FUL,0.0,4.4,0.0,0.0,DEF,FUL,0.0,4.4,0.0,0.0,DEF,FUL,0.0,4.4,0.0,0.0,DEF,FUL,0.0,0.0,4.4,0.0,DEF,FUL,0.0,4.4,0.0,0.0,DEF,FUL,0.0,4.4,0.0,0.0,DEF,FUL,0.0,4.4,0.0,0.0,DEF,FUL,0.0,4.4,0.0,0.0,DEF,FUL,0.0,4.4,75.0,2.0,DEF,FUL,0.0,4.4,0.0,0.0,DEF,FUL,0.0,4.4,0.0,0.0,DEF,FUL,0.0,4.4,90.0,1.0,DEF,FUL,0.0,4.4,0.0,0.0,DEF,FUL,0.0,0.0,4.4,0.0,DEF,FUL,0.0,4.4,0.0,0.0,DEF,FUL,0.0,0.0,4.4,0.0,DEF,FUL,0.0,4.4,0.0,0.0,258.0,7.0
587,Summerville,MID,WHM,0.0,6.0,17.0,1.0,MID,WHM,0.0,5.9,0.0,0.0,MID,WHM,0.0,5.9,4.0,1.0,MID,WHM,0.0,5.8,45.0,1.0,MID,WHM,0.0,5.8,53.0,1.0,MID,WHM,0.0,5.7,14.0,1.0,MID,WHM,0.0,5.7,7.0,1.0,MID,WHM,0.0,5.7,29.0,1.0,MID,WHM,0.0,5.7,45.0,7.0,MID,WHM,0.0,5.7,45.0,1.0,MID,WHM,0.0,5.7,82.0,3.0,MID,WHM,0.0,5.7,83.0,3.0,MID,WHM,0.0,5.7,45.0,0.0,MID,WHM,0.0,5.7,45.0,4.0,MID,WHM,0.0,5.7,72.0,2.0,MID,WHM,0.0,5.7,15.0,1.0,MID,WHM,0.0,5.6,33.0,1.0,MID,WHM,0.0,5.6,22.0,1.0,MID,WHM,0.0,5.6,30.0,1.0,MID,WHM,0.0,5.6,90.0,2.0,MID,WHM,0.5,5.6,0.0,0.0,MID,WHM,0.5,0.0,5.6,0.0,MID,WHM,0.5,5.6,0.0,0.0,MID,WHM,0.5,5.5,0.0,0.0,MID,WHM,1.0,5.5,0.0,0.0,MID,WHM,1.0,5.5,0.0,0.0,MID,WHM,1.0,5.5,0.0,0.0,MID,WHM,1.0,5.5,0.0,0.0,MID,WHM,1.0,5.5,0.0,0.0,MID,WHM,1.0,5.5,0.0,0.0,MID,WHM,1.0,5.5,0.0,0.0,MID,WHM,0.5,0.0,5.5,0.0,MID,WHM,1.0,5.5,0.0,0.0,MID,WHM,0.5,0.0,5.5,0.0,MID,WHM,1.0,5.5,0.0,0.0,776.0,33.0
588,G.Rodríguez,MID,WHM,0.0,5.0,84.0,2.0,MID,WHM,0.0,5.0,90.0,3.0,MID,WHM,0.0,5.0,90.0,1.0,MID,WHM,0.0,5.0,69.0,1.0,MID,WHM,0.0,5.0,37.0,1.0,MID,WHM,0.0,5.0,90.0,2.0,MID,WHM,0.0,4.9,69.0,2.0,MID,WHM,0.0,4.9,69.0,2.0,MID,WHM,0.0,4.9,90.0,2.0,MID,WHM,0.0,4.9,45.0,0.0,MID,WHM,0.0,4.9,66.0,3.0,MID,WHM,0.0,4.9,6.0,1.0,MID,WHM,0.0,4.8,13.0,1.0,MID,WHM,0.0,4.8,0.0,0.0,MID,WHM,0.0,4.8,3.0,0.0,MID,WHM,0.0,4.8,0.0,0.0,MID,WHM,0.0,4.8,1.0,1.0,MID,WHM,1.0,4.8,67.0,2.0,MID,WHM,0.0,4.8,0.0,0.0,MID,WHM,0.0,4.8,0.0,0.0,MID,WHM,0.0,4.8,80.0,2.0,MID,WHM,0.0,45.0,4.8,1.0,MID,WHM,0.0,4.8,1.0,1.0,MID,WHM,0.0,4.8,0.0,0.0,MID,WHM,0.0,4.8,0.0,0.0,MID,WHM,0.0,4.8,0.0,0.0,MID,WHM,0.0,4.8,0.0,0.0,MID,WHM,0.0,4.8,0.0,0.0,MID,WHM,0.0,4.8,1.0,1.0,MID,WHM,0.0,4.8,0.0,0.0,MID,WHM,0.0,4.8,0.0,0.0,MID,WHM,0.0,0.0,4.8,0.0,MID,WHM,0.0,4.8,0.0,0.0,MID,WHM,0.0,0.0,4.8,0.0,MID,WHM,0.0,4.8,0.0,0.0,1016.0,29.0
589,Füllkrug,FWD,WHM,0.0,7.0,17.0,1.0,FWD,WHM,0.0,7.0,27.0,1.0,FWD,WHM,0.0,6.9,19.0,1.0,FWD,WHM,0.5,6.8,0.0,0.0,FWD,WHM,0.5,6.7,0.0,0.0,FWD,WHM,0.5,6.7,0.0,0.0,FWD,WHM,0.5,6.7,0.0,0.0,FWD,WHM,1.0,6.7,0.0,0.0,FWD,WHM,1.0,6.7,0.0,0.0,FWD,WHM,1.0,6.7,0.0,0.0,FWD,WHM,1.0,6.7,0.0,0.0,FWD,WHM,1.0,6.7,0.0,0.0,FWD,WHM,1.0,6.7,0.0,0.0,FWD,WHM,0.0,6.7,11.0,6.0,FWD,WHM,0.0,6.7,0.0,0.0,FWD,WHM,0.0,6.7,34.0,1.0,FWD,WHM,0.0,6.7,56.0,1.0,FWD,WHM,0.0,6.7,67.0,5.0,FWD,WHM,0.0,6.7,45.0,1.0,FWD,WHM,0.0,6.7,90.0,5.0,FWD,WHM,1.0,6.7,0.0,0.0,FWD,WHM,1.0,0.0,6.7,0.0,FWD,WHM,1.0,6.7,0.0,0.0,FWD,WHM,1.0,6.7,0.0,0.0,FWD,WHM,1.0,6.7,0.0,0.0,FWD,WHM,1.0,6.7,0.0,0.0,FWD,WHM,1.0,6.7,0.0,0.0,FWD,WHM,1.0,6.7,0.0,0.0,FWD,WHM,0.5,6.7,0.0,0.0,FWD,WHM,0.0,6.7,45.0,0.0,FWD,WHM,0.0,6.7,36.0,7.0,FWD,WHM,1.0,12.0,6.7,1.0,FWD,WHM,0.0,6.7,79.0,5.0,FWD,WHM,1.0,45.0,6.7,1.0,FWD,WHM,0.0,6.7,79.0,2.0,662.0,38.0
590,Osula,FWD,NEW,0.0,5.0,0.0,0.0,FWD,NEW,0.0,5.0,0.0,0.0,FWD,NEW,0.0,5.0,0.0,0.0,FWD,NEW,0.0,5.0,0.0,0.0,FWD,NEW,0.0,5.0,7.0,1.0,FWD,NEW,0.0,5.0,0.0,0.0,FWD,NEW,0.0,5.0,0.0,0.0,FWD,NEW,0.0,5.0,1.0,1.0,FWD,NEW,0.0,5.0,1.0,1.0,FWD,NEW,0.0,5.0,0.0,0.0,FWD,NEW,0.0,5.0,1.0,1.0,FWD,NEW,0.0,5.0,0.0,0.0,FWD,NEW,0.0,5.0,0.0,0.0,FWD,NEW,0.0,5.0,0.0,0.0,FWD,NEW,0.0,4.9,0.0,0.0,FWD,NEW,0.0,4.9,17.0,1.0,FWD,NEW,0.0,4.9,0.0,0.0,FWD,NEW,0.0,4.9,1.0,1.0,FWD,NEW,0.0,4.9,0.0,0.0,FWD,NEW,0.0,4.9,0.0,0.0,FWD,NEW,0.0,4.9,12.0,1.0,FWD,NEW,0.0,1.0,4.9,1.0,FWD,NEW,0.0,4.9,0.0,0.0,FWD,NEW,0.0,4.9,3.0,1.0,FWD,NEW,0.0,4.9,0.0,0.0,FWD,NEW,0.0,4.9,0.0,0.0,FWD,NEW,0.0,4.9,21.0,1.0,FWD,NEW,0.0,4.9,0.0,0.0,FWD,NEW,0.0,4.9,0.0,0.0,FWD,NEW,0.0,4.9,0.0,0.0,FWD,NEW,0.0,4.9,18.0,1.0,FWD,NEW,0.0,0.0,4.9,0.0,FWD,NEW,0.0,4.9,0.0,0.0,FWD,NEW,0.0,13.0,4.9,6.0,FWD,NEW,0.0,4.9,0.0,0.0,96.0,17.0
590,Osula,FWD,NEW,0.0,5.0,0.0,0.0,FWD,NEW,0.0,5.0,0.0,0.0,FWD,NEW,0.0,5.0,0.0,0.0,FWD,NEW,0.0,5.0,0.0,0.0,FWD,NEW,0.0,5.0,7.0,1.0,FWD,NEW,0.0,5.0,0.0,0.0,FWD,NEW,0.0,5.0,0.0,0.0,FWD,NEW,0.0,5.0,1.0,1.0,FWD,NEW,0.0,5.0,1.0,1.0,FWD,NEW,0.0,5.0,0.0,0.0,FWD,NEW,0.0,5.0,1.0,1.0,FWD,NEW,0.0,5.0,0.0,0.0,FWD,NEW,0.0,5.0,0.0,0.0,FWD,NEW,0.0,5.0,0.0,0.0,FWD,NEW,0.0,4.9,0.0,0.0,FWD,NEW,0.0,4.9,17.0,1.0,FWD,NEW,0.0,4.9,0.0,0.0,FWD,NEW,0.0,4.9,1.0,1.0,FWD,NEW,0.0,4.9,0.0,0.0,FWD,NEW,0.0,4.9,0.0,0.0,FWD,NEW,0.0,4.9,12.0,1.0,FWD,NEW,0.0,1.0,4.9,1.0,FWD,NEW,0.0,4.9,0.0,0.0,FWD,NEW,0.0,4.9,3.0,1.0,FWD,NEW,0.0,4.9,0.0,0.0,FWD,NEW,0.0,4.9,0.0,0.0,FWD,NEW,0.0,4.9,21.0,1.0,FWD,NEW,0.0,4.9,0.0,0.0,FWD,NEW,0.0,4.9,0.0,0.0,FWD,NEW,0.0,4.9,0.0,0.0,FWD,NEW,0.0,4.9,18.0,1.0,FWD,NEW,0.0,0.0,4.9,0.0,FWD,NEW,0.0,4.9,0.0,0.0,FWD,NEW,0.0,13.0,4.9,6.0,FWD,NEW,0.0,4.9,0.0,0.0,96.0,17.0
591,Todibo,DEF,WHM,0.0,4.5,5.0,1.0,DEF,WHM,0.0,4.5,2.0,1.0,DEF,WHM,0.0,4.5,0.0,0.0,DEF,WHM,0.0,4.4,0.0,0.0,DEF,WHM,0.0,4.4,0.0,0.0,DEF,WHM,0.0,4.4,90.0,2.0,DEF,WHM,0.0,4.4,90.0,2.0,DEF,WHM,0.0,4.4,90.0,0.0,DEF,WHM,0.0,4.4,45.0,1.0,DEF,WHM,0.0,4.3,90.0,1.0,DEF,WHM,0.0,4.3,90.0,6.0,DEF,WHM,0.25,4.3,56.0,1.0,DEF,WHM,0.0,4.3,90.0,0.0,DEF,WHM,0.25,4.3,0.0,0.0,DEF,WHM,0.0,4.3,2.0,1.0,DEF,WHM,0.0,4.3,0.0,0.0,DEF,WHM,0.0,4.3,45.0,1.0,DEF,WHM,0.0,4.3,71.0,7.0,DEF,WHM,0.0,4.2,45.0,0.0,DEF,WHM,0.25,4.2,52.0,0.0,DEF,WHM,0.75,4.2,0.0,0.0,DEF,WHM,0.75,0.0,4.2,0.0,DEF,WHM,1.0,4.2,0.0,0.0,DEF,WHM,1.0,4.2,0.0,0.0,DEF,WHM,0.0,4.2,0.0,0.0,DEF,WHM,0.0,4.2,61.0,5.0,DEF,WHM,0.0,4.2,65.0,6.0,DEF,WHM,0.0,4.2,64.0,2.0,DEF,WHM,0.0,4.2,90.0,1.0,DEF,WHM,0.0,4.2,0.0,0.0,DEF,WHM,0.0,4.2,83.0,1.0,DEF,WHM,0.75,77.0,4.2,2.0,DEF,WHM,0.0,4.2,90.0,2.0,DEF,WHM,0.75,90.0,4.2,1.0,DEF,WHM,0.0,4.2,79.0,2.0,1562.0,46.0
592,J.Araujo,DEF,BOU,0.0,4.5,27.0,1.0,DEF,BOU,0.0,4.5,85.0,2.0,DEF,BOU,0.0,4.5,76.0,1.0,DEF,BOU,0.0,4.5,15.0,1.0,DEF,BOU,0.0,4.5,69.0,1.0,DEF,BOU,0.0,4.5,0.0,0.0,DEF,BOU,0.0,4.5,0.0,0.0,DEF,BOU,0.0,4.4,45.0,1.0,DEF,BOU,0.0,4.4,29.0,0.0,DEF,BOU,0.0,4.4,0.0,0.0,DEF,BOU,0.0,4.4,6.0,1.0,DEF,BOU,1.0,4.4,0.0,0.0,DEF,BOU,1.0,4.4,0.0,0.0,DEF,BOU,1.0,4.4,0.0,0.0,DEF,BOU,1.0,4.3,0.0,0.0,DEF,BOU,1.0,4.3,0.0,0.0,DEF,BOU,1.0,4.3,0.0,0.0,DEF,BOU,1.0,4.3,0.0,0.0,DEF,BOU,1.0,4.3,0.0,0.0,DEF,BOU,1.0,4.3,0.0,0.0,DEF,BOU,1.0,4.3,0.0,0.0,DEF,BOU,1.0,0.0,4.3,0.0,DEF,BOU,1.0,4.3,0.0,0.0,DEF,BOU,1.0,4.3,0.0,0.0,DEF,BOU,1.0,4.3,0.0,0.0,DEF,BOU,1.0,4.3,0.0,0.0,DEF,BOU,0.0,4.3,0.0,0.0,DEF,BOU,1.0,4.3,0.0,0.0,DEF,BOU,0.5,4.3,0.0,0.0,DEF,BOU,0.0,4.3,0.0,0.0,DEF,BOU,0.0,4.3,0.0,0.0,DEF,BOU,1.0,0.0,4.3,0.0,DEF,BOU,0.0,4.3,6.0,1.0,DEF,BOU,1.0,0.0,4.3,0.0,DEF,BOU,0.0,4.3,64.0,2.0,422.0,11.0
593,De Ligt,DEF,MUN,0.0,5.0,9.0,1.0,DEF,MUN,0.0,5.0,11.0,1.0,DEF,MUN,0.0,5.0,68.0,0.0,DEF,MUN,0.0,5.0,86.0,15.0,DEF,MUN,0.0,5.0,90.0,6.0,DEF,MUN,0.0,5.0,90.0,1.0,DEF,MUN,0.0,5.0,45.0,1.0,DEF,MUN,0.0,5.0,90.0,2.0,DEF,MUN,0.0,5.0,90.0,0.0,DEF,MUN,0.0,5.0,90.0,2.0,DEF,MUN,0.0,5.0,90.0,6.0,DEF,MUN,0.0,5.0,90.0,2.0,DEF,MUN,0.0,5.0,55.0,1.0,DEF,MUN,0.0,5.0,90.0,1.0,DEF,MUN,0.0,5.0,64.0,1.0,DEF,MUN,0.0,5.0,78.0,2.0,DEF,MUN,0.25,5.0,0.0,0.0,DEF,MUN,0.0,5.0,0.0,0.0,DEF,MUN,0.0,5.0,82.0,1.0,DEF,MUN,0.0,4.9,82.0,0.0,DEF,MUN,0.0,4.9,90.0,2.0,DEF,MUN,0.0,90.0,4.9,1.0,DEF,MUN,0.0,4.9,57.0,1.0,DEF,MUN,0.0,4.9,8.0,1.0,DEF,MUN,0.0,4.9,90.0,2.0,DEF,MUN,0.0,4.9,90.0,1.0,DEF,MUN,0.0,4.9,90.0,7.0,DEF,MUN,0.0,4.8,90.0,2.0,DEF,MUN,0.0,4.8,90.0,6.0,DEF,MUN,0.25,4.8,90.0,2.0,DEF,MUN,0.5,4.8,0.0,0.0,DEF,MUN,0.0,0.0,4.8,0.0,DEF,MUN,0.5,4.8,0.0,0.0,DEF,MUN,0.0,0.0,4.8,0.0,DEF,MUN,1.0,4.8,34.0,0.0,2119.0,68.0
594,Mazraoui,DEF,MUN,0.0,4.5,80.0,8.0,DEF,MUN,0.0,4.5,90.0,4.0,DEF,MUN,0.0,4.5,90.0,1.0,DEF,MUN,0.25,4.5,73.0,6.0,DEF,MUN,0.0,4.6,90.0,6.0,DEF,MUN,0.0,4.6,90.0,0.0,DEF,MUN,0.25,4.6,45.0,1.0,DEF,MUN,0.0,4.6,1.0,1.0,DEF,MUN,0.25,4.6,83.0,2.0,DEF,MUN,0.0,4.5,90.0,2.0,DEF,MUN,0.0,4.6,90.0,8.0,DEF,MUN,0.0,4.6,90.0,2.0,DEF,MUN,0.0,4.7,55.0,1.0,DEF,MUN,0.0,4.7,90.0,1.0,DEF,MUN,0.0,4.7,24.0,1.0,DEF,MUN,0.25,4.7,77.0,2.0,DEF,MUN,0.0,4.6,90.0,1.0,DEF,MUN,0.0,4.6,90.0,1.0,DEF,MUN,0.0,4.5,90.0,1.0,DEF,MUN,0.0,4.4,90.0,1.0,DEF,MUN,0.0,4.4,82.0,2.0,DEF,MUN,0.0,83.0,4.4,1.0,DEF,MUN,0.0,4.3,80.0,6.0,DEF,MUN,0.0,4.3,69.0,2.0,DEF,MUN,0.0,4.3,90.0,2.0,DEF,MUN,0.0,4.3,69.0,1.0,DEF,MUN,0.0,4.3,45.0,0.0,DEF,MUN,0.0,4.3,90.0,2.0,DEF,MUN,0.0,4.3,90.0,6.0,DEF,MUN,0.0,4.2,90.0,2.0,DEF,MUN,0.0,4.2,90.0,7.0,DEF,MUN,0.0,77.0,4.2,0.0,DEF,MUN,0.0,4.2,90.0,2.0,DEF,MUN,0.0,74.0,4.2,2.0,DEF,MUN,0.0,4.2,0.0,0.0,2637.0,85.0
595,Gruda,MID,BRI,0.0,5.5,0.0,0.0,MID,BRI,0.0,5.5,0.0,0.0,MID,BRI,0.5,5.5,0.0,0.0,MID,BRI,0.5,5.4,0.0,0.0,MID,BRI,0.75,5.4,0.0,0.0,MID,BRI,0.5,5.4,0.0,0.0,MID,BRI,0.0,5.4,3.0,1.0,MID,BRI,0.0,5.4,0.0,0.0,MID,BRI,0.0,5.4,18.0,1.0,MID,BRI,0.0,5.4,14.0,1.0,MID,BRI,0.0,5.4,24.0,1.0,MID,BRI,0.0,5.4,0.0,0.0,MID,BRI,0.25,5.4,0.0,0.0,MID,BRI,0.0,5.4,4.0,1.0,MID,BRI,0.0,5.4,0.0,0.0,MID,BRI,0.0,5.4,18.0,1.0,MID,BRI,0.0,5.4,67.0,2.0,MID,BRI,0.0,5.4,67.0,3.0,MID,BRI,0.0,5.4,57.0,1.0,MID,BRI,0.0,5.4,45.0,1.0,MID,BRI,0.0,5.4,0.0,0.0,MID,BRI,0.0,0.0,5.4,0.0,MID,BRI,0.0,5.4,45.0,1.0,MID,BRI,0.0,5.4,0.0,0.0,MID,BRI,0.0,5.4,0.0,0.0,MID,BRI,0.0,5.4,11.0,4.0,MID,BRI,0.0,5.4,0.0,0.0,MID,BRI,0.0,5.4,0.0,0.0,MID,BRI,0.0,5.4,7.0,1.0,MID,BRI,0.0,5.4,83.0,2.0,MID,BRI,0.0,5.4,18.0,1.0,MID,BRI,0.0,8.0,5.4,1.0,MID,BRI,0.0,5.4,0.0,0.0,MID,BRI,0.0,8.0,5.4,7.0,MID,BRI,0.0,5.4,1.0,1.0,498.0,31.0
596,Jota Silva,MID,NOT,0.0,6.0,0.0,0.0,MID,NOT,0.0,6.0,1.0,1.0,MID,NOT,0.0,6.0,1.0,1.0,MID,NOT,0.0,6.0,9.0,1.0,MID,NOT,0.0,5.9,45.0,3.0,MID,NOT,0.0,5.9,33.0,1.0,MID,NOT,0.0,5.9,24.0,1.0,MID,NOT,0.0,5.9,27.0,1.0,MID,NOT,0.0,5.9,14.0,1.0,MID,NOT,0.0,5.9,27.0,1.0,MID,NOT,0.0,5.9,31.0,1.0,MID,NOT,0.0,5.9,45.0,1.0,MID,NOT,0.0,5.9,77.0,6.0,MID,NOT,0.0,5.9,71.0,2.0,MID,NOT,0.0,5.9,67.0,1.0,MID,NOT,0.0,5.9,22.0,1.0,MID,NOT,0.0,5.9,15.0,0.0,MID,NOT,0.0,5.9,8.0,1.0,MID,NOT,0.0,5.9,14.0,1.0,MID,NOT,0.0,5.9,21.0,1.0,MID,NOT,0.0,5.9,7.0,1.0,MID,NOT,0.0,52.0,5.9,1.0,MID,NOT,0.0,5.9,65.0,1.0,MID,NOT,0.0,5.9,18.0,6.0,MID,NOT,0.0,5.9,5.0,1.0,MID,NOT,0.0,5.9,0.0,0.0,MID,NOT,0.0,5.9,0.0,0.0,MID,NOT,0.0,5.9,0.0,0.0,MID,NOT,0.0,5.9,9.0,6.0,MID,NOT,0.0,5.9,0.0,0.0,MID,NOT,0.0,5.9,45.0,5.0,MID,NOT,0.0,58.0,5.9,1.0,MID,NOT,0.0,5.9,0.0,0.0,MID,NOT,0.0,15.0,5.9,1.0,MID,NOT,0.0,5.9,0.0,0.0,826.0,49.0
597,Lewis-Skelly,MID,ARS,0.0,4.5,0.0,0.0,MID,ARS,0.0,4.5,0.0,0.0,MID,ARS,0.0,4.5,0.0,0.0,MID,ARS,0.0,4.5,0.0,0.0,MID,ARS,0.0,4.5,1.0,0.0,MID,ARS,0.0,4.5,0.0,0.0,MID,ARS,0.0,4.5,0.0,0.0,MID,ARS,0.0,4.5,0.0,0.0,MID,ARS,0.0,4.5,14.0,1.0,MID,ARS,0.0,4.5,0.0,0.0,MID,ARS,0.0,4.5,0.0,0.0,MID,ARS,0.0,4.5,0.0,0.0,MID,ARS,0.0,4.5,0.0,0.0,MID,ARS,0.25,4.5,0.0,0.0,MID,ARS,0.0,4.5,0.0,0.0,MID,ARS,0.0,4.5,68.0,3.0,MID,ARS,0.0,4.5,57.0,1.0,MID,ARS,0.0,4.5,90.0,3.0,MID,ARS,0.0,4.5,12.0,1.0,MID,ARS,0.0,4.5,0.0,0.0,MID,ARS,0.0,4.5,86.0,1.0,MID,ARS,0.0,90.0,4.5,2.0,MID,ARS,0.0,4.5,42.0,-2.0,MID,ARS,0.0,4.5,89.0,7.0,MID,ARS,0.0,4.5,75.0,3.0,MID,ARS,1.0,4.5,16.0,-2.0,MID,ARS,0.0,4.5,0.0,0.0,MID,ARS,0.0,4.5,32.0,1.0,MID,ARS,0.0,4.5,90.0,3.0,MID,ARS,0.0,4.5,90.0,2.0,MID,ARS,0.0,4.5,74.0,2.0,MID,ARS,0.0,28.0,4.5,1.0,MID,ARS,0.0,4.5,118.0,3.0,MID,ARS,0.0,0.0,0.0,0.0,MID,ARS,0.0,4.5,0.0,0.0,1072.0,30.0
598,Bogarde,DEF,AST,0.0,4.0,0.0,0.0,DEF,AST,0.0,4.0,0.0,0.0,DEF,AST,0.0,4.0,78.0,1.0,DEF,AST,0.0,4.0,90.0,1.0,DEF,AST,0.0,4.0,0.0,0.0,DEF,AST,0.0,4.0,0.0,0.0,DEF,AST,0.0,4.0,0.0,0.0,DEF,AST,0.0,4.0,0.0,0.0,DEF,AST,0.0,4.0,0.0,0.0,DEF,AST,0.0,4.0,0.0,0.0,DEF,AST,0.0,4.0,0.0,0.0,DEF,AST,0.0,4.0,45.0,0.0,DEF,AST,0.0,4.0,0.0,0.0,DEF,AST,0.0,4.0,0.0,0.0,DEF,AST,0.0,4.0,0.0,0.0,DEF,AST,0.0,4.0,0.0,0.0,DEF,AST,0.0,4.0,0.0,0.0,DEF,AST,0.0,4.0,0.0,0.0,DEF,AST,0.0,4.0,0.0,0.0,DEF,AST,0.0,4.0,0.0,0.0,DEF,AST,0.0,4.0,0.0,0.0,DEF,AST,0.0,53.0,4.0,1.0,DEF,AST,0.0,4.0,0.0,0.0,DEF,AST,0.0,4.0,82.0,1.0,DEF,AST,0.0,4.0,4.0,1.0,DEF,AST,0.0,4.0,31.0,1.0,DEF,AST,0.0,4.0,90.0,0.0,DEF,AST,0.0,4.0,0.0,0.0,DEF,AST,0.0,4.0,0.0,0.0,DEF,AST,0.0,3.9,0.0,0.0,DEF,AST,0.0,3.9,0.0,0.0,DEF,AST,0.0,0.0,3.9,0.0,DEF,AST,0.0,3.9,0.0,0.0,DEF,AST,0.0,0.0,0.0,0.0,DEF,AST,0.0,3.9,0.0,0.0,473.0,6.0
599,W. Dennis,GKP,BOU,0.0,4.0,0.0,0.0,GKP,BOU,0.0,4.0,0.0,0.0,GKP,BOU,0.0,4.0,0.0,0.0,GKP,BOU,0.0,4.0,0.0,0.0,GKP,BOU,0.0,4.0,0.0,0.0,GKP,BOU,0.0,4.0,0.0,0.0,GKP,BOU,0.0,4.0,0.0,0.0,GKP,BOU,0.0,4.0,0.0,0.0,GKP,BOU,0.0,4.0,0.0,0.0,GKP,BOU,0.0,4.0,0.0,0.0,GKP,BOU,0.0,4.0,0.0,0.0,GKP,BOU,0.0,4.0,0.0,0.0,GKP,BOU,0.0,4.0,0.0,0.0,GKP,BOU,0.0,4.0,0.0,0.0,GKP,BOU,0.0,4.0,0.0,0.0,GKP,BOU,0.0,4.0,0.0,0.0,GKP,BOU,0.0,4.0,0.0,0.0,GKP,BOU,0.0,4.0,0.0,0.0,GKP,BOU,0.0,4.0,0.0,0.0,GKP,BOU,0.0,4.0,0.0,0.0,GKP,BOU,0.0,4.0,0.0,0.0,GKP,BOU,0.0,0.0,4.0,0.0,GKP,BOU,0.0,4.0,0.0,0.0,GKP,BOU,0.0,4.0,0.0,0.0,GKP,BOU,0.0,4.0,0.0,0.0,GKP,BOU,0.0,4.0,0.0,0.0,GKP,BOU,0.0,4.0,0.0,0.0,GKP,BOU,0.0,3.9,0.0,0.0,GKP,BOU,0.0,3.9,0.0,0.0,GKP,BOU,0.0,3.9,0.0,0.0,GKP,BOU,0.0,3.9,0.0,0.0,GKP,BOU,0.0,0.0,3.9,0.0,GKP,BOU,0.0,3.9,0.0,0.0,GKP,BOU,0.0,0.0,3.9,0.0,GKP,BOU,0.0,3.9,0.0,0.0,0.0,0.0
600,Ayari,MID,BRI,0.0,5.0,1.0,1.0,MID,BRI,0.0,5.0,1.0,1.0,MID,BRI,0.0,5.0,73.0,2.0,MID,BRI,0.0,5.0,90.0,3.0,MID,BRI,0.0,5.0,0.0,0.0,MID,BRI,0.0,5.0,33.0,1.0,MID,BRI,0.0,5.0,0.0,0.0,MID,BRI,0.0,5.0,81.0,2.0,MID,BRI,0.0,5.0,90.0,2.0,MID,BRI,0.25,5.0,75.0,2.0,MID,BRI,0.0,5.0,45.0,0.0,MID,BRI,0.0,5.0,75.0,3.0,MID,BRI,0.0,5.0,90.0,2.0,MID,BRI,0.0,5.0,0.0,0.0,MID,BRI,0.0,5.0,70.0,3.0,MID,BRI,0.0,5.0,71.0,2.0,MID,BRI,0.0,5.0,34.0,1.0,MID,BRI,0.0,5.0,23.0,1.0,MID,BRI,0.0,5.0,68.0,1.0,MID,BRI,0.0,5.0,90.0,2.0,MID,BRI,0.0,5.0,90.0,3.0,MID,BRI,0.0,90.0,5.0,2.0,MID,BRI,0.0,5.0,74.0,2.0,MID,BRI,0.0,5.0,0.0,0.0,MID,BRI,0.0,5.0,6.0,1.0,MID,BRI,0.0,5.0,66.0,3.0,MID,BRI,0.0,5.0,18.0,1.0,MID,BRI,0.0,5.0,68.0,5.0,MID,BRI,0.0,5.0,15.0,1.0,MID,BRI,0.0,5.0,90.0,2.0,MID,BRI,0.0,5.0,9.0,1.0,MID,BRI,0.0,90.0,5.0,2.0,MID,BRI,0.0,5.0,13.0,1.0,MID,BRI,0.0,90.0,5.0,7.0,MID,BRI,0.0,5.0,21.0,1.0,1750.0,61.0
601,Moran,MID,BRI,0.0,5.0,0.0,0.0,MID,BRI,1.0,5.0,0.0,0.0,MID,BRI,1.0,5.0,0.0,0.0,MID,BRI,1.0,5.0,0.0,0.0,MID,BRI,1.0,5.0,0.0,0.0,MID,BRI,1.0,5.0,0.0,0.0,MID,BRI,1.0,5.0,0.0,0.0,MID,BRI,1.0,5.0,0.0,0.0,MID,BRI,1.0,5.0,0.0,0.0,MID,BRI,1.0,5.0,0.0,0.0,MID,BRI,1.0,5.0,0.0,0.0,MID,BRI,1.0,5.0,0.0,0.0,MID,BRI,1.0,5.0,0.0,0.0,MID,BRI,1.0,5.0,0.0,0.0,MID,BRI,1.0,5.0,0.0,0.0,MID,BRI,1.0,5.0,0.0,0.0,MID,BRI,1.0,5.0,0.0,0.0,MID,BRI,1.0,5.0,0.0,0.0,MID,BRI,1.0,5.0,0.0,0.0,MID,BRI,1.0,5.0,0.0,0.0,MID,BRI,1.0,5.0,0.0,0.0,MID,BRI,1.0,0.0,5.0,0.0,MID,BRI,1.0,5.0,0.0,0.0,MID,BRI,1.0,5.0,0.0,0.0,MID,BRI,1.0,5.0,0.0,0.0,MID,BRI,1.0,5.0,0.0,0.0,MID,BRI,1.0,5.0,0.0,0.0,MID,BRI,1.0,5.0,0.0,0.0,MID,BRI,1.0,5.0,0.0,0.0,MID,BRI,1.0,5.0,0.0,0.0,MID,BRI,1.0,5.0,0.0,0.0,MID,BRI,1.0,0.0,5.0,0.0,MID,BRI,1.0,5.0,0.0,0.0,MID,BRI,1.0,0.0,5.0,0.0,MID,BRI,1.0,5.0,0.0,0.0,0.0,0.0
602,Trevitt,MID,BRE,0.0,4.5,0.0,0.0,MID,BRE,0.0,4.5,0.0,0.0,MID,BRE,0.0,4.5,0.0,0.0,MID,BRE,0.0,4.5,0.0,0.0,MID,BRE,0.0,4.5,3.0,1.0,MID,BRE,0.0,4.5,0.0,0.0,MID,BRE,0.0,4.5,0.0,0.0,MID,BRE,0.0,4.5,0.0,0.0,MID,BRE,0.0,4.5,0.0,0.0,MID,BRE,0.0,4.5,0.0,0.0,MID,BRE,0.0,4.5,0.0,0.0,MID,BRE,0.0,4.5,0.0,0.0,MID,BRE,0.0,4.5,0.0,0.0,MID,BRE,0.0,4.5,0.0,0.0,MID,BRE,0.0,4.5,0.0,0.0,MID,BRE,0.0,4.4,0.0,0.0,MID,BRE,0.0,4.4,0.0,0.0,MID,BRE,0.0,4.4,0.0,0.0,MID,BRE,0.0,4.4,0.0,0.0,MID,BRE,0.0,4.4,0.0,0.0,MID,BRE,0.0,4.4,0.0,0.0,MID,BRE,0.0,0.0,4.4,0.0,MID,BRE,0.0,4.4,0.0,0.0,MID,BRE,1.0,4.4,0.0,0.0,MID,BRE,1.0,4.4,0.0,0.0,MID,BRE,1.0,4.4,0.0,0.0,MID,BRE,1.0,4.4,0.0,0.0,MID,BRE,1.0,4.4,0.0,0.0,MID,BRE,1.0,4.4,0.0,0.0,MID,BRE,1.0,4.4,0.0,0.0,MID,BRE,1.0,4.4,0.0,0.0,MID,BRE,0.0,0.0,4.4,0.0,MID,BRE,1.0,4.4,0.0,0.0,MID,BRE,0.0,0.0,4.4,0.0,MID,BRE,1.0,4.4,0.0,0.0,3.0,1.0
603,H. Armstrong,MID,EVE,0.0,4.5,0.0,0.0,MID,EVE,0.0,4.5,1.0,1.0,MID,EVE,0.0,4.5,0.0,0.0,MID,EVE,0.0,4.5,0.0,0.0,MID,EVE,0.0,4.5,0.0,0.0,MID,EVE,0.0,4.5,0.0,0.0,MID,EVE,0.0,4.5,0.0,0.0,MID,EVE,0.0,4.5,0.0,0.0,MID,EVE,0.0,4.5,0.0,0.0,MID,EVE,0.0,4.5,0.0,0.0,MID,EVE,0.0,4.5,0.0,0.0,MID,EVE,0.0,4.5,0.0,0.0,MID,EVE,0.0,4.5,0.0,0.0,MID,EVE,0.0,4.5,1.0,0.0,MID,EVE,0.0,4.5,0.0,0.0,MID,EVE,0.0,4.5,0.0,0.0,MID,EVE,0.0,4.5,0.0,0.0,MID,EVE,0.0,4.5,0.0,0.0,MID,EVE,0.0,4.5,0.0,0.0,MID,EVE,0.0,4.5,45.0,1.0,MID,EVE,0.0,4.5,0.0,0.0,MID,EVE,0.0,0.0,4.5,0.0,MID,EVE,0.0,4.4,0.0,0.0,MID,EVE,1.0,4.4,0.0,0.0,MID,EVE,1.0,4.4,0.0,0.0,MID,EVE,1.0,4.4,0.0,0.0,MID,EVE,1.0,4.4,0.0,0.0,MID,EVE,1.0,4.4,0.0,0.0,MID,EVE,1.0,4.4,0.0,0.0,MID,EVE,1.0,4.4,0.0,0.0,MID,EVE,1.0,4.4,0.0,0.0,MID,EVE,0.0,0.0,4.4,0.0,MID,EVE,1.0,4.4,0.0,0.0,MID,EVE,0.0,0.0,4.4,0.0,MID,EVE,1.0,4.4,0.0,0.0,47.0,2.0
604,J. King,MID,FUL,0.0,4.5,0.0,0.0,MID,FUL,0.0,4.5,0.0,0.0,MID,FUL,0.0,4.5,0.0,0.0,MID,FUL,0.0,4.5,0.0,0.0,MID,FUL,0.0,4.5,0.0,0.0,MID,FUL,0.0,4.5,0.0,0.0,MID,FUL,0.0,4.5,0.0,0.0,MID,FUL,0.0,4.5,0.0,0.0,MID,FUL,0.0,4.5,0.0,0.0,MID,FUL,0.0,4.5,0.0,0.0,MID,FUL,0.0,4.5,0.0,0.0,MID,FUL,0.0,4.5,0.0,0.0,MID,FUL,0.0,4.5,0.0,0.0,MID,FUL,0.0,4.5,10.0,1.0,MID,FUL,0.0,4.5,0.0,0.0,MID,FUL,0.0,4.5,0.0,0.0,MID,FUL,0.0,4.5,61.0,3.0,MID,FUL,0.0,4.5,0.0,0.0,MID,FUL,0.0,4.5,1.0,1.0,MID,FUL,0.0,4.5,0.0,0.0,MID,FUL,0.0,4.5,5.0,1.0,MID,FUL,0.0,1.0,4.5,1.0,MID,FUL,0.0,4.5,0.0,0.0,MID,FUL,0.0,4.5,0.0,0.0,MID,FUL,0.0,4.5,0.0,0.0,MID,FUL,0.0,4.5,0.0,0.0,MID,FUL,0.0,4.4,0.0,0.0,MID,FUL,0.0,4.4,0.0,0.0,MID,FUL,0.0,4.4,0.0,0.0,MID,FUL,0.0,4.4,0.0,0.0,MID,FUL,0.0,4.4,0.0,0.0,MID,FUL,0.0,0.0,4.4,0.0,MID,FUL,0.0,4.4,0.0,0.0,MID,FUL,0.0,0.0,4.4,0.0,MID,FUL,0.0,4.4,0.0,0.0,78.0,7.0
605,Godo,MID,FUL,0.0,4.5,0.0,0.0,MID,FUL,0.0,4.5,0.0,0.0,MID,FUL,0.0,4.5,0.0,0.0,MID,FUL,0.0,4.5,0.0,0.0,MID,FUL,0.0,4.5,0.0,0.0,MID,FUL,0.0,4.5,0.0,0.0,MID,FUL,0.0,4.5,0.0,0.0,MID,FUL,0.0,4.5,0.0,0.0,MID,FUL,0.0,4.5,0.0,0.0,MID,FUL,0.0,4.5,0.0,0.0,MID,FUL,0.0,4.5,0.0,0.0,MID,FUL,0.0,4.5,0.0,0.0,MID,FUL,0.0,4.5,0.0,0.0,MID,FUL,0.0,4.5,0.0,0.0,MID,FUL,0.0,4.5,0.0,0.0,MID,FUL,0.0,4.5,0.0,0.0,MID,FUL,0.0,4.5,14.0,1.0,MID,FUL,0.0,4.5,0.0,0.0,MID,FUL,0.0,4.5,0.0,0.0,MID,FUL,0.0,4.5,0.0,0.0,MID,FUL,0.0,4.4,0.0,0.0,MID,FUL,0.0,0.0,4.4,0.0,MID,FUL,0.0,4.4,0.0,0.0,MID,FUL,0.0,4.4,0.0,0.0,MID,FUL,0.0,4.4,0.0,0.0,MID,FUL,0.0,4.4,0.0,0.0,MID,FUL,0.0,4.4,0.0,0.0,MID,FUL,0.0,4.4,0.0,0.0,MID,FUL,0.0,4.4,0.0,0.0,MID,FUL,0.0,4.4,0.0,0.0,MID,FUL,0.0,4.4,0.0,0.0,MID,FUL,0.0,0.0,4.4,0.0,MID,FUL,0.0,4.4,0.0,0.0,MID,FUL,0.0,0.0,4.4,0.0,MID,FUL,0.0,4.4,0.0,0.0,14.0,1.0
606,Alves,MID,LEI,0.0,4.5,0.0,0.0,MID,LEI,0.0,4.5,0.0,0.0,MID,LEI,0.0,4.5,0.0,0.0,MID,LEI,0.0,4.5,0.0,0.0,MID,LEI,0.0,4.5,0.0,0.0,MID,LEI,0.0,4.5,0.0,0.0,MID,LEI,0.0,4.5,0.0,0.0,MID,LEI,0.0,4.5,0.0,0.0,MID,LEI,0.0,4.5,0.0,0.0,MID,LEI,0.0,4.5,0.0,0.0,MID,LEI,0.0,4.5,0.0,0.0,MID,LEI,0.0,4.5,0.0,0.0,MID,LEI,0.0,4.5,0.0,0.0,MID,LEI,0.0,4.5,0.0,0.0,MID,LEI,0.0,4.5,0.0,0.0,MID,LEI,0.0,4.5,0.0,0.0,MID,LEI,0.0,4.5,0.0,0.0,MID,LEI,0.0,4.5,0.0,0.0,MID,LEI,0.0,4.5,1.0,1.0,MID,LEI,0.0,4.5,0.0,0.0,MID,LEI,0.0,4.5,0.0,0.0,MID,LEI,0.0,0.0,4.5,0.0,MID,LEI,0.0,4.4,0.0,0.0,MID,LEI,1.0,4.4,0.0,0.0,MID,LEI,1.0,4.4,0.0,0.0,MID,LEI,1.0,4.4,0.0,0.0,MID,LEI,1.0,4.4,0.0,0.0,MID,LEI,1.0,4.4,0.0,0.0,MID,LEI,1.0,4.4,0.0,0.0,MID,LEI,1.0,4.4,0.0,0.0,MID,LEI,1.0,4.4,0.0,0.0,MID,LEI,0.0,0.0,4.4,0.0,MID,LEI,1.0,4.4,0.0,0.0,MID,LEI,0.0,0.0,4.4,0.0,MID,LEI,1.0,4.4,0.0,0.0,1.0,1.0
607,O’Reilly,MID,MCI,0.0,5.0,0.0,0.0,MID,MCI,0.0,5.0,0.0,0.0,MID,MCI,0.0,5.0,0.0,0.0,MID,MCI,0.0,5.0,0.0,0.0,MID,MCI,0.0,5.0,0.0,0.0,MID,MCI,0.0,5.0,0.0,0.0,MID,MCI,0.0,5.0,0.0,0.0,MID,MCI,0.0,5.0,0.0,0.0,MID,MCI,0.0,5.0,0.0,0.0,MID,MCI,0.0,5.0,0.0,0.0,MID,MCI,0.25,5.0,0.0,0.0,MID,MCI,0.0,4.9,0.0,0.0,MID,MCI,0.0,4.9,0.0,0.0,MID,MCI,0.0,4.9,0.0,0.0,MID,MCI,0.0,4.9,0.0,0.0,MID,MCI,0.0,4.9,0.0,0.0,MID,MCI,0.0,4.9,0.0,0.0,MID,MCI,0.0,4.9,0.0,0.0,MID,MCI,0.0,4.9,0.0,0.0,MID,MCI,0.0,4.9,0.0,0.0,MID,MCI,0.0,4.9,0.0,0.0,MID,MCI,0.0,18.0,4.9,1.0,MID,MCI,0.0,4.9,0.0,0.0,MID,MCI,0.0,4.9,0.0,0.0,MID,MCI,0.0,4.9,3.0,1.0,MID,MCI,0.0,4.9,0.0,0.0,MID,MCI,0.0,4.9,0.0,0.0,MID,MCI,0.0,4.9,0.0,0.0,MID,MCI,0.0,4.9,0.0,0.0,MID,MCI,0.0,4.9,90.0,3.0,MID,MCI,0.0,4.9,73.0,3.0,MID,MCI,0.0,90.0,4.9,8.0,MID,MCI,0.0,4.9,180.0,13.0,MID,MCI,0.0,0.0,0.0,0.0,MID,MCI,0.0,4.9,0.0,0.0,454.0,29.0
608,Dibling,MID,SOU,0.0,4.5,20.0,1.0,MID,SOU,0.0,4.5,6.0,1.0,MID,SOU,0.0,4.5,34.0,1.0,MID,SOU,0.0,4.5,62.0,2.0,MID,SOU,0.0,4.5,81.0,11.0,MID,SOU,0.0,4.6,75.0,1.0,MID,SOU,0.0,4.6,90.0,1.0,MID,SOU,0.0,4.6,77.0,1.0,MID,SOU,0.0,4.6,45.0,1.0,MID,SOU,0.0,4.6,31.0,0.0,MID,SOU,0.0,4.6,45.0,1.0,MID,SOU,0.0,4.5,90.0,2.0,MID,SOU,1.0,4.5,90.0,1.0,MID,SOU,0.0,4.5,0.0,0.0,MID,SOU,0.0,4.5,90.0,2.0,MID,SOU,0.0,4.5,90.0,2.0,MID,SOU,0.0,4.5,45.0,1.0,MID,SOU,0.0,4.5,17.0,1.0,MID,SOU,0.0,4.5,85.0,8.0,MID,SOU,0.0,4.5,90.0,2.0,MID,SOU,0.25,4.5,62.0,5.0,MID,SOU,0.25,0.0,4.5,0.0,MID,SOU,1.0,4.5,0.0,0.0,MID,SOU,0.0,4.5,0.0,0.0,MID,SOU,0.0,4.5,34.0,1.0,MID,SOU,0.0,4.5,90.0,2.0,MID,SOU,0.0,4.4,31.0,1.0,MID,SOU,0.0,4.4,63.0,2.0,MID,SOU,0.0,4.4,90.0,5.0,MID,SOU,0.0,4.4,9.0,1.0,MID,SOU,0.0,4.4,72.0,2.0,MID,SOU,0.25,45.0,4.4,1.0,MID,SOU,0.0,4.3,16.0,1.0,MID,SOU,0.25,12.0,4.3,1.0,MID,SOU,0.0,4.3,45.0,1.0,1732.0,63.0
609,Lankshear,FWD,TOT,0.0,4.5,0.0,0.0,FWD,TOT,0.0,4.5,0.0,0.0,FWD,TOT,0.0,4.5,0.0,0.0,FWD,TOT,1.0,4.5,0.0,0.0,FWD,TOT,1.0,4.5,0.0,0.0,FWD,TOT,0.0,4.5,0.0,0.0,FWD,TOT,0.0,4.5,0.0,0.0,FWD,TOT,0.0,4.5,0.0,0.0,FWD,TOT,0.0,4.5,0.0,0.0,FWD,TOT,0.0,4.5,0.0,0.0,FWD,TOT,0.0,4.5,0.0,0.0,FWD,TOT,0.0,4.5,0.0,0.0,FWD,TOT,0.0,4.5,1.0,1.0,FWD,TOT,0.0,4.5,0.0,0.0,FWD,TOT,0.0,4.5,0.0,0.0,FWD,TOT,0.0,4.5,8.0,1.0,FWD,TOT,0.0,4.5,0.0,0.0,FWD,TOT,0.0,4.5,0.0,0.0,FWD,TOT,0.0,4.5,0.0,0.0,FWD,TOT,0.0,4.5,0.0,0.0,FWD,TOT,0.0,4.5,0.0,0.0,FWD,TOT,0.0,0.0,4.5,0.0,FWD,TOT,0.0,4.5,1.0,1.0,FWD,TOT,1.0,4.5,0.0,0.0,FWD,TOT,1.0,4.5,0.0,0.0,FWD,TOT,1.0,4.5,0.0,0.0,FWD,TOT,1.0,4.5,0.0,0.0,FWD,TOT,1.0,4.5,0.0,0.0,FWD,TOT,1.0,4.5,0.0,0.0,FWD,TOT,1.0,4.5,0.0,0.0,FWD,TOT,1.0,4.5,0.0,0.0,FWD,TOT,0.0,0.0,4.5,0.0,FWD,TOT,1.0,4.5,0.0,0.0,FWD,TOT,0.0,0.0,4.5,0.0,FWD,TOT,1.0,4.5,0.0,0.0,10.0,3.0
610,Moore,MID,TOT,0.0,4.5,0.0,0.0,MID,TOT,0.0,4.5,0.0,0.0,MID,TOT,0.0,4.5,0.0,0.0,MID,TOT,0.0,4.5,0.0,0.0,MID,TOT,0.0,4.5,2.0,1.0,MID,TOT,0.0,4.5,14.0,1.0,MID,TOT,0.0,4.5,5.0,1.0,MID,TOT,0.0,4.5,0.0,0.0,MID,TOT,0.0,4.5,61.0,2.0,MID,TOT,0.75,4.5,0.0,0.0,MID,TOT,0.25,4.5,0.0,0.0,MID,TOT,0.5,4.5,0.0,0.0,MID,TOT,1.0,4.5,0.0,0.0,MID,TOT,1.0,4.5,0.0,0.0,MID,TOT,1.0,4.5,0.0,0.0,MID,TOT,0.5,4.5,0.0,0.0,MID,TOT,1.0,4.5,0.0,0.0,MID,TOT,1.0,4.5,0.0,0.0,MID,TOT,1.0,4.5,0.0,0.0,MID,TOT,0.5,4.5,0.0,0.0,MID,TOT,0.0,4.5,0.0,0.0,MID,TOT,0.0,17.0,4.5,7.0,MID,TOT,0.0,4.5,36.0,1.0,MID,TOT,0.0,4.5,45.0,1.0,MID,TOT,0.0,4.5,0.0,0.0,MID,TOT,0.0,4.5,0.0,0.0,MID,TOT,0.0,4.5,0.0,0.0,MID,TOT,0.0,4.5,0.0,0.0,MID,TOT,0.0,4.5,0.0,0.0,MID,TOT,0.0,4.5,0.0,0.0,MID,TOT,0.0,4.5,0.0,0.0,MID,TOT,0.0,0.0,4.5,0.0,MID,TOT,0.0,4.5,0.0,0.0,MID,TOT,0.0,0.0,4.5,0.0,MID,TOT,0.0,4.5,22.0,1.0,202.0,15.0
611,Szmodics,MID,IPS,0.0,6.0,16.0,1.0,MID,IPS,0.0,6.0,71.0,6.0,MID,IPS,0.0,6.0,80.0,2.0,MID,IPS,0.0,6.0,58.0,1.0,MID,IPS,0.0,6.0,60.0,2.0,MID,IPS,0.0,5.9,1.0,1.0,MID,IPS,0.0,5.9,17.0,1.0,MID,IPS,0.0,5.8,19.0,1.0,MID,IPS,0.0,5.8,72.0,7.0,MID,IPS,0.0,5.8,73.0,3.0,MID,IPS,0.0,5.8,70.0,9.0,MID,IPS,0.0,5.8,64.0,2.0,MID,IPS,0.0,5.8,63.0,2.0,MID,IPS,0.0,5.8,0.0,0.0,MID,IPS,0.0,5.8,79.0,2.0,MID,IPS,0.0,5.8,0.0,0.0,MID,IPS,0.0,5.8,77.0,2.0,MID,IPS,0.0,5.8,70.0,2.0,MID,IPS,0.0,5.8,13.0,1.0,MID,IPS,0.0,5.8,72.0,7.0,MID,IPS,0.75,5.8,0.0,0.0,MID,IPS,0.75,0.0,5.8,0.0,MID,IPS,0.5,5.7,0.0,0.0,MID,IPS,0.25,5.7,0.0,0.0,MID,IPS,0.25,5.7,0.0,0.0,MID,IPS,0.0,5.7,0.0,0.0,MID,IPS,0.0,5.7,1.0,1.0,MID,IPS,1.0,5.7,0.0,0.0,MID,IPS,1.0,5.7,0.0,0.0,MID,IPS,1.0,5.7,0.0,0.0,MID,IPS,1.0,5.7,0.0,0.0,MID,IPS,0.75,0.0,5.7,0.0,MID,IPS,1.0,5.7,0.0,0.0,MID,IPS,0.75,0.0,5.7,0.0,MID,IPS,1.0,5.7,0.0,0.0,976.0,53.0
612,Odobert,MID,TOT,0.0,5.5,0.0,0.0,MID,TOT,0.0,5.5,65.0,3.0,MID,TOT,0.0,5.5,73.0,2.0,MID,TOT,0.0,5.5,22.0,1.0,MID,TOT,1.0,5.5,0.0,0.0,MID,TOT,1.0,5.4,0.0,0.0,MID,TOT,1.0,5.4,0.0,0.0,MID,TOT,1.0,5.3,0.0,0.0,MID,TOT,0.0,5.3,0.0,0.0,MID,TOT,1.0,5.3,0.0,0.0,MID,TOT,1.0,5.3,0.0,0.0,MID,TOT,1.0,5.3,0.0,0.0,MID,TOT,1.0,5.3,0.0,0.0,MID,TOT,1.0,5.3,0.0,0.0,MID,TOT,1.0,5.3,0.0,0.0,MID,TOT,1.0,5.3,0.0,0.0,MID,TOT,1.0,5.3,0.0,0.0,MID,TOT,1.0,5.3,0.0,0.0,MID,TOT,1.0,5.3,0.0,0.0,MID,TOT,1.0,5.3,0.0,0.0,MID,TOT,1.0,5.3,0.0,0.0,MID,TOT,1.0,0.0,5.3,0.0,MID,TOT,1.0,5.3,0.0,0.0,MID,TOT,0.5,5.3,0.0,0.0,MID,TOT,0.0,5.3,3.0,1.0,MID,TOT,0.0,5.3,16.0,1.0,MID,TOT,0.0,5.3,66.0,2.0,MID,TOT,0.0,5.3,90.0,2.0,MID,TOT,0.0,5.3,13.0,1.0,MID,TOT,0.0,5.3,63.0,2.0,MID,TOT,0.0,5.3,33.0,1.0,MID,TOT,1.0,0.0,5.3,0.0,MID,TOT,0.0,5.3,66.0,2.0,MID,TOT,1.0,22.0,5.3,1.0,MID,TOT,0.0,5.3,90.0,10.0,622.0,29.0
613,Collyer,MID,MUN,0.0,4.5,0.0,0.0,MID,MUN,0.0,4.5,0.0,0.0,MID,MUN,0.0,4.5,45.0,1.0,MID,MUN,0.0,4.5,0.0,0.0,MID,MUN,0.0,4.5,0.0,0.0,MID,MUN,0.0,4.5,0.0,0.0,MID,MUN,0.0,4.5,0.0,0.0,MID,MUN,0.0,4.5,0.0,0.0,MID,MUN,0.0,4.5,0.0,0.0,MID,MUN,0.0,4.5,0.0,0.0,MID,MUN,0.0,4.5,0.0,0.0,MID,MUN,0.0,4.5,0.0,0.0,MID,MUN,0.0,4.5,0.0,0.0,MID,MUN,0.0,4.5,0.0,0.0,MID,MUN,0.0,4.5,0.0,0.0,MID,MUN,0.0,4.5,0.0,0.0,MID,MUN,0.0,4.5,0.0,0.0,MID,MUN,0.0,4.5,0.0,0.0,MID,MUN,0.0,4.5,0.0,0.0,MID,MUN,0.0,4.5,0.0,0.0,MID,MUN,0.0,4.5,36.0,1.0,MID,MUN,0.0,26.0,4.5,1.0,MID,MUN,0.0,4.5,14.0,1.0,MID,MUN,0.0,4.5,0.0,0.0,MID,MUN,0.25,4.5,0.0,0.0,MID,MUN,1.0,4.5,0.0,0.0,MID,MUN,1.0,4.5,0.0,0.0,MID,MUN,0.0,4.5,14.0,1.0,MID,MUN,0.0,4.5,39.0,1.0,MID,MUN,0.0,4.5,0.0,0.0,MID,MUN,1.0,4.5,0.0,0.0,MID,MUN,0.0,0.0,4.5,0.0,MID,MUN,0.75,4.5,0.0,0.0,MID,MUN,0.0,0.0,4.5,0.0,MID,MUN,0.75,4.5,0.0,0.0,174.0,6.0
614,Metcalfe,MID,EVE,0.0,4.5,0.0,0.0,MID,EVE,0.0,4.5,0.0,0.0,MID,EVE,1.0,4.5,0.0,0.0,MID,EVE,1.0,4.5,0.0,0.0,MID,EVE,1.0,4.5,0.0,0.0,MID,EVE,1.0,4.5,0.0,0.0,MID,EVE,1.0,4.5,0.0,0.0,MID,EVE,1.0,4.5,0.0,0.0,MID,EVE,1.0,4.5,0.0,0.0,MID,EVE,1.0,4.5,0.0,0.0,MID,EVE,1.0,4.5,0.0,0.0,MID,EVE,1.0,4.5,0.0,0.0,MID,EVE,1.0,4.5,0.0,0.0,MID,EVE,1.0,4.5,0.0,0.0,MID,EVE,1.0,4.5,0.0,0.0,MID,EVE,1.0,4.5,0.0,0.0,MID,EVE,1.0,4.5,0.0,0.0,MID,EVE,1.0,4.5,0.0,0.0,MID,EVE,1.0,4.5,0.0,0.0,MID,EVE,1.0,4.5,0.0,0.0,MID,EVE,1.0,4.5,0.0,0.0,MID,EVE,1.0,0.0,4.5,0.0,MID,EVE,1.0,4.5,0.0,0.0,MID,EVE,1.0,4.5,0.0,0.0,MID,EVE,1.0,4.5,0.0,0.0,MID,EVE,1.0,4.5,0.0,0.0,MID,EVE,1.0,4.5,0.0,0.0,MID,EVE,1.0,4.5,0.0,0.0,MID,EVE,1.0,4.5,0.0,0.0,MID,EVE,1.0,4.5,0.0,0.0,MID,EVE,1.0,4.5,0.0,0.0,MID,EVE,1.0,0.0,4.5,0.0,MID,EVE,1.0,4.5,0.0,0.0,MID,EVE,1.0,0.0,4.5,0.0,MID,EVE,1.0,4.5,0.0,0.0,0.0,0.0
615,Rushworth,GKP,BRI,0.0,4.0,0.0,0.0,GKP,BRI,0.0,4.0,0.0,0.0,GKP,BRI,1.0,4.0,0.0,0.0,GKP,BRI,1.0,4.0,0.0,0.0,GKP,BRI,1.0,4.0,0.0,0.0,GKP,BRI,1.0,4.0,0.0,0.0,GKP,BRI,1.0,4.0,0.0,0.0,GKP,BRI,1.0,4.0,0.0,0.0,GKP,BRI,1.0,4.0,0.0,0.0,GKP,BRI,1.0,4.0,0.0,0.0,GKP,BRI,1.0,4.0,0.0,0.0,GKP,BRI,1.0,4.0,0.0,0.0,GKP,BRI,1.0,4.0,0.0,0.0,GKP,BRI,1.0,4.0,0.0,0.0,GKP,BRI,1.0,4.0,0.0,0.0,GKP,BRI,1.0,4.0,0.0,0.0,GKP,BRI,1.0,4.0,0.0,0.0,GKP,BRI,1.0,4.0,0.0,0.0,GKP,BRI,1.0,4.0,0.0,0.0,GKP,BRI,1.0,4.0,0.0,0.0,GKP,BRI,1.0,4.0,0.0,0.0,GKP,BRI,1.0,0.0,4.0,0.0,GKP,BRI,1.0,4.0,0.0,0.0,GKP,BRI,0.0,3.9,0.0,0.0,GKP,BRI,0.0,3.9,0.0,0.0,GKP,BRI,0.0,3.9,0.0,0.0,GKP,BRI,0.0,3.9,0.0,0.0,GKP,BRI,0.0,3.9,0.0,0.0,GKP,BRI,0.0,3.9,0.0,0.0,GKP,BRI,0.0,3.9,0.0,0.0,GKP,BRI,0.0,3.9,0.0,0.0,GKP,BRI,1.0,0.0,3.9,0.0,GKP,BRI,0.0,3.9,0.0,0.0,GKP,BRI,1.0,0.0,3.9,0.0,GKP,BRI,0.0,3.9,0.0,0.0,0.0,0.0
616,B. Nelson,DEF,LEI,0.0,4.0,0.0,0.0,DEF,LEI,0.0,4.0,0.0,0.0,DEF,LEI,1.0,4.0,0.0,0.0,DEF,LEI,1.0,4.0,0.0,0.0,DEF,LEI,1.0,4.0,0.0,0.0,DEF,LEI,1.0,4.0,0.0,0.0,DEF,LEI,1.0,4.0,0.0,0.0,DEF,LEI,1.0,4.0,0.0,0.0,DEF,LEI,1.0,4.0,0.0,0.0,DEF,LEI,1.0,4.0,0.0,0.0,DEF,LEI,1.0,4.0,0.0,0.0,DEF,LEI,1.0,4.0,0.0,0.0,DEF,LEI,1.0,4.0,0.0,0.0,DEF,LEI,1.0,4.0,0.0,0.0,DEF,LEI,1.0,4.0,0.0,0.0,DEF,LEI,1.0,4.0,0.0,0.0,DEF,LEI,1.0,4.0,0.0,0.0,DEF,LEI,1.0,4.0,0.0,0.0,DEF,LEI,1.0,4.0,0.0,0.0,DEF,LEI,1.0,4.0,0.0,0.0,DEF,LEI,1.0,4.0,0.0,0.0,DEF,LEI,1.0,0.0,4.0,0.0,DEF,LEI,1.0,4.0,0.0,0.0,DEF,LEI,1.0,4.0,0.0,0.0,DEF,LEI,1.0,4.0,0.0,0.0,DEF,LEI,1.0,4.0,0.0,0.0,DEF,LEI,1.0,4.0,0.0,0.0,DEF,LEI,1.0,4.0,0.0,0.0,DEF,LEI,1.0,4.0,0.0,0.0,DEF,LEI,1.0,4.0,0.0,0.0,DEF,LEI,1.0,4.0,0.0,0.0,DEF,LEI,1.0,0.0,4.0,0.0,DEF,LEI,1.0,4.0,0.0,0.0,DEF,LEI,1.0,0.0,4.0,0.0,DEF,LEI,1.0,4.0,0.0,0.0,0.0,0.0
617,Evanilson,FWD,BOU,0.0,0.0,0.0,0.0,FWD,BOU,0.0,6.0,0.0,0.0,FWD,BOU,0.0,6.0,64.0,2.0,FWD,BOU,0.0,5.9,67.0,0.0,FWD,BOU,0.0,5.9,75.0,2.0,FWD,BOU,0.0,5.9,75.0,9.0,FWD,BOU,0.0,5.9,80.0,2.0,FWD,BOU,0.0,5.9,81.0,5.0,FWD,BOU,0.0,5.9,26.0,8.0,FWD,BOU,0.0,5.9,77.0,7.0,FWD,BOU,0.0,5.9,90.0,8.0,FWD,BOU,0.0,6.0,90.0,2.0,FWD,BOU,0.0,6.0,76.0,12.0,FWD,BOU,0.0,6.1,84.0,2.0,FWD,BOU,0.0,6.1,73.0,2.0,FWD,BOU,0.0,6.1,79.0,2.0,FWD,BOU,0.0,6.1,70.0,2.0,FWD,BOU,0.0,6.0,28.0,1.0,FWD,BOU,0.0,5.9,81.0,8.0,FWD,BOU,0.0,5.9,81.0,2.0,FWD,BOU,1.0,5.7,0.0,0.0,FWD,BOU,1.0,0.0,5.7,0.0,FWD,BOU,1.0,5.6,0.0,0.0,FWD,BOU,1.0,5.6,0.0,0.0,FWD,BOU,1.0,5.6,0.0,0.0,FWD,BOU,0.0,5.6,0.0,0.0,FWD,BOU,0.0,5.6,13.0,1.0,FWD,BOU,0.0,5.6,70.0,8.0,FWD,BOU,0.0,5.7,90.0,2.0,FWD,BOU,0.0,5.7,90.0,8.0,FWD,BOU,0.0,5.8,89.0,13.0,FWD,BOU,1.0,90.0,5.8,2.0,FWD,BOU,0.0,5.8,90.0,2.0,FWD,BOU,1.0,69.0,5.8,2.0,FWD,BOU,0.0,5.8,86.0,6.0,1984.0,120.0
618,Georginio,MID,BRI,0.0,0.0,0.0,0.0,MID,BRI,0.0,5.5,0.0,0.0,MID,BRI,0.0,5.5,18.0,1.0,MID,BRI,0.0,5.5,66.0,3.0,MID,BRI,0.0,5.5,70.0,2.0,MID,BRI,0.0,5.5,70.0,7.0,MID,BRI,0.0,5.5,73.0,11.0,MID,BRI,0.0,5.5,71.0,6.0,MID,BRI,0.0,5.5,79.0,5.0,MID,BRI,0.0,5.6,90.0,2.0,MID,BRI,0.0,5.6,65.0,2.0,MID,BRI,0.0,5.6,63.0,5.0,MID,BRI,0.0,5.6,87.0,2.0,MID,BRI,0.0,5.6,9.0,1.0,MID,BRI,0.0,5.6,90.0,2.0,MID,BRI,0.0,5.5,71.0,2.0,MID,BRI,0.0,5.5,67.0,2.0,MID,BRI,0.0,5.4,12.0,1.0,MID,BRI,0.0,5.3,32.0,1.0,MID,BRI,0.0,5.2,45.0,1.0,MID,BRI,0.0,5.1,27.0,6.0,MID,BRI,0.0,21.0,5.1,6.0,MID,BRI,0.0,5.1,45.0,1.0,MID,BRI,0.0,5.1,90.0,2.0,MID,BRI,0.0,5.1,72.0,3.0,MID,BRI,0.0,5.1,78.0,8.0,MID,BRI,0.0,5.1,89.0,5.0,MID,BRI,0.0,5.1,76.0,2.0,MID,BRI,0.0,5.1,74.0,5.0,MID,BRI,1.0,5.1,0.0,0.0,MID,BRI,1.0,5.1,0.0,0.0,MID,BRI,0.0,0.0,5.0,0.0,MID,BRI,1.0,5.0,0.0,0.0,MID,BRI,0.0,0.0,5.0,0.0,MID,BRI,1.0,5.0,0.0,0.0,1650.0,94.0
619,Cajuste,MID,IPS,0.0,0.0,0.0,0.0,MID,IPS,0.0,4.5,0.0,0.0,MID,IPS,0.0,4.5,20.0,1.0,MID,IPS,0.0,4.5,0.0,0.0,MID,IPS,0.0,4.5,60.0,2.0,MID,IPS,0.0,4.5,0.0,0.0,MID,IPS,0.5,4.5,0.0,0.0,MID,IPS,0.5,4.5,0.0,0.0,MID,IPS,0.0,4.5,90.0,2.0,MID,IPS,0.0,4.5,9.0,0.0,MID,IPS,0.0,4.5,90.0,2.0,MID,IPS,0.0,4.5,64.0,2.0,MID,IPS,0.0,4.5,73.0,1.0,MID,IPS,0.0,4.5,65.0,2.0,MID,IPS,0.0,4.5,1.0,1.0,MID,IPS,0.0,4.5,74.0,2.0,MID,IPS,0.0,4.5,61.0,2.0,MID,IPS,0.0,4.5,79.0,2.0,MID,IPS,0.0,4.5,76.0,3.0,MID,IPS,0.0,4.5,72.0,2.0,MID,IPS,0.0,4.5,70.0,2.0,MID,IPS,0.0,63.0,4.5,2.0,MID,IPS,0.0,4.5,0.0,0.0,MID,IPS,0.0,4.5,76.0,2.0,MID,IPS,0.0,4.5,79.0,2.0,MID,IPS,0.25,4.5,51.0,1.0,MID,IPS,0.0,4.5,90.0,2.0,MID,IPS,0.0,4.5,82.0,2.0,MID,IPS,0.0,4.5,90.0,9.0,MID,IPS,0.0,4.5,90.0,2.0,MID,IPS,0.0,4.5,80.0,2.0,MID,IPS,0.0,90.0,4.5,2.0,MID,IPS,0.0,4.5,81.0,2.0,MID,IPS,0.0,0.0,4.5,0.0,MID,IPS,0.0,4.5,8.0,1.0,1784.0,55.0
620,Sosa,MID,NOT,0.0,0.0,0.0,0.0,MID,NOT,0.0,5.5,0.0,0.0,MID,NOT,0.0,5.5,10.0,1.0,MID,NOT,0.0,5.5,0.0,0.0,MID,NOT,0.0,5.5,31.0,6.0,MID,NOT,0.0,5.5,15.0,1.0,MID,NOT,0.0,5.5,0.0,0.0,MID,NOT,0.0,5.5,6.0,1.0,MID,NOT,0.0,5.5,14.0,1.0,MID,NOT,0.0,5.5,1.0,1.0,MID,NOT,0.0,5.5,16.0,1.0,MID,NOT,0.0,5.5,27.0,1.0,MID,NOT,0.0,5.5,2.0,1.0,MID,NOT,0.0,5.5,18.0,1.0,MID,NOT,0.0,5.5,0.0,0.0,MID,NOT,0.0,5.5,0.0,0.0,MID,NOT,0.0,5.5,0.0,0.0,MID,NOT,0.0,5.5,3.0,1.0,MID,NOT,0.0,5.5,68.0,3.0,MID,NOT,0.0,5.5,0.0,0.0,MID,NOT,0.0,5.5,0.0,0.0,MID,NOT,0.0,7.0,5.5,1.0,MID,NOT,0.0,5.5,11.0,0.0,MID,NOT,0.0,5.5,0.0,0.0,MID,NOT,0.0,5.5,0.0,0.0,MID,NOT,0.0,5.5,0.0,0.0,MID,NOT,0.0,5.5,0.0,0.0,MID,NOT,0.0,5.5,0.0,0.0,MID,NOT,0.0,5.5,0.0,0.0,MID,NOT,0.0,5.5,5.0,1.0,MID,NOT,0.0,5.5,16.0,1.0,MID,NOT,0.0,0.0,5.5,0.0,MID,NOT,0.0,5.5,1.0,1.0,MID,NOT,0.0,5.0,5.5,1.0,MID,NOT,0.0,5.5,24.0,1.0,280.0,25.0
621,João Félix,MID,CHE,0.0,0.0,0.0,0.0,MID,CHE,0.0,6.5,0.0,0.0,MID,CHE,0.0,6.5,32.0,1.0,MID,CHE,0.0,6.5,29.0,0.0,MID,CHE,0.0,6.4,26.0,1.0,MID,CHE,0.0,6.3,0.0,0.0,MID,CHE,0.0,6.2,9.0,1.0,MID,CHE,0.0,6.1,0.0,0.0,MID,CHE,0.0,6.1,0.0,0.0,MID,CHE,0.0,6.1,0.0,0.0,MID,CHE,0.0,6.1,0.0,0.0,MID,CHE,0.0,6.1,80.0,3.0,MID,CHE,0.0,6.1,4.0,0.0,MID,CHE,0.0,6.1,90.0,5.0,MID,CHE,0.0,6.0,1.0,1.0,MID,CHE,0.0,6.0,0.0,0.0,MID,CHE,0.0,6.0,0.0,0.0,MID,CHE,0.0,6.0,0.0,0.0,MID,CHE,0.0,6.0,54.0,1.0,MID,CHE,0.0,6.0,0.0,0.0,MID,CHE,0.0,6.0,9.0,4.0,MID,CHE,0.0,6.0,6.0,1.0,MID,CHE,0.0,5.9,0.0,0.0,MID,CHE,1.0,5.9,0.0,0.0,MID,CHE,1.0,5.9,0.0,0.0,MID,CHE,1.0,5.9,0.0,0.0,MID,CHE,1.0,5.9,0.0,0.0,MID,CHE,1.0,5.9,0.0,0.0,MID,CHE,1.0,5.9,0.0,0.0,MID,CHE,1.0,5.9,0.0,0.0,MID,CHE,1.0,5.9,0.0,0.0,MID,CHE,0.0,0.0,5.9,0.0,MID,CHE,1.0,5.9,0.0,0.0,MID,CHE,0.0,0.0,5.9,0.0,MID,CHE,1.0,5.9,0.0,0.0,340.0,18.0
622,Berge,MID,FUL,0.0,0.0,0.0,0.0,MID,FUL,0.0,5.0,0.0,0.0,MID,FUL,0.0,5.0,18.0,1.0,MID,FUL,0.0,5.0,24.0,1.0,MID,FUL,0.0,5.0,45.0,1.0,MID,FUL,0.0,5.0,21.0,1.0,MID,FUL,0.0,5.0,64.0,2.0,MID,FUL,0.0,5.0,79.0,2.0,MID,FUL,0.0,5.0,90.0,2.0,MID,FUL,0.0,5.0,90.0,2.0,MID,FUL,0.0,5.0,90.0,3.0,MID,FUL,0.0,5.0,0.0,0.0,MID,FUL,0.0,5.0,90.0,2.0,MID,FUL,0.0,5.0,90.0,1.0,MID,FUL,0.0,5.0,90.0,4.0,MID,FUL,0.0,5.0,90.0,1.0,MID,FUL,0.0,5.0,75.0,3.0,MID,FUL,0.5,5.0,0.0,0.0,MID,FUL,0.5,5.0,0.0,0.0,MID,FUL,0.5,5.0,0.0,0.0,MID,FUL,0.0,5.0,0.0,0.0,MID,FUL,0.0,90.0,5.0,3.0,MID,FUL,0.0,5.0,90.0,2.0,MID,FUL,0.0,5.0,90.0,2.0,MID,FUL,0.0,5.0,90.0,2.0,MID,FUL,0.0,5.0,57.0,0.0,MID,FUL,0.0,5.0,90.0,1.0,MID,FUL,0.0,5.0,90.0,2.0,MID,FUL,0.0,5.0,90.0,3.0,MID,FUL,0.0,5.0,90.0,2.0,MID,FUL,0.0,5.0,90.0,2.0,MID,FUL,0.0,58.0,5.0,1.0,MID,FUL,0.0,5.0,90.0,2.0,MID,FUL,0.0,45.0,5.0,1.0,MID,FUL,0.0,5.0,74.0,1.0,2090.0,50.0
623,M.Fernandes,MID,SOU,0.0,0.0,0.0,0.0,MID,SOU,0.0,5.0,0.0,0.0,MID,SOU,0.0,5.0,45.0,1.0,MID,SOU,0.0,5.0,80.0,2.0,MID,SOU,0.0,5.0,90.0,3.0,MID,SOU,0.0,5.0,69.0,1.0,MID,SOU,0.0,5.0,73.0,5.0,MID,SOU,0.0,5.0,67.0,1.0,MID,SOU,0.0,5.0,90.0,2.0,MID,SOU,0.0,5.0,90.0,2.0,MID,SOU,0.0,5.0,90.0,2.0,MID,SOU,0.0,5.0,90.0,7.0,MID,SOU,0.0,5.0,90.0,2.0,MID,SOU,0.0,5.0,78.0,2.0,MID,SOU,0.0,5.0,90.0,2.0,MID,SOU,0.0,5.0,90.0,1.0,MID,SOU,0.0,5.0,90.0,3.0,MID,SOU,0.0,5.0,72.0,2.0,MID,SOU,1.0,5.0,90.0,1.0,MID,SOU,0.0,5.0,0.0,0.0,MID,SOU,0.0,5.0,72.0,2.0,MID,SOU,0.0,90.0,5.0,7.0,MID,SOU,0.0,5.0,90.0,1.0,MID,SOU,0.0,5.0,90.0,2.0,MID,SOU,0.0,5.0,90.0,2.0,MID,SOU,0.0,5.0,87.0,2.0,MID,SOU,0.0,5.0,90.0,2.0,MID,SOU,0.0,5.0,90.0,2.0,MID,SOU,0.0,5.0,45.0,1.0,MID,SOU,0.0,5.0,90.0,8.0,MID,SOU,0.0,5.0,90.0,9.0,MID,SOU,0.0,88.0,5.0,1.0,MID,SOU,0.0,5.0,90.0,2.0,MID,SOU,0.0,85.0,5.0,2.0,MID,SOU,0.0,5.0,56.0,1.0,2627.0,83.0
624,Begovic,GKP,EVE,0.0,0.0,0.0,0.0,GKP,EVE,0.0,4.0,0.0,0.0,GKP,EVE,0.0,4.0,0.0,0.0,GKP,EVE,0.0,4.0,0.0,0.0,GKP,EVE,0.0,4.0,0.0,0.0,GKP,EVE,0.0,4.0,0.0,0.0,GKP,EVE,0.0,4.0,0.0,0.0,GKP,EVE,0.0,4.0,0.0,0.0,GKP,EVE,0.0,4.0,0.0,0.0,GKP,EVE,0.0,4.0,0.0,0.0,GKP,EVE,0.0,4.0,0.0,0.0,GKP,EVE,0.0,4.0,0.0,0.0,GKP,EVE,0.0,4.0,0.0,0.0,GKP,EVE,0.0,4.0,0.0,0.0,GKP,EVE,0.0,4.0,0.0,0.0,GKP,EVE,0.0,4.0,0.0,0.0,GKP,EVE,0.0,4.0,0.0,0.0,GKP,EVE,0.0,4.0,0.0,0.0,GKP,EVE,0.0,4.0,0.0,0.0,GKP,EVE,0.0,4.0,0.0,0.0,GKP,EVE,0.0,4.0,0.0,0.0,GKP,EVE,0.0,0.0,4.0,0.0,GKP,EVE,0.0,4.0,0.0,0.0,GKP,EVE,0.0,4.0,0.0,0.0,GKP,EVE,0.0,4.0,0.0,0.0,GKP,EVE,0.0,4.0,0.0,0.0,GKP,EVE,0.0,4.0,0.0,0.0,GKP,EVE,0.0,4.0,0.0,0.0,GKP,EVE,0.0,4.0,0.0,0.0,GKP,EVE,0.0,4.0,0.0,0.0,GKP,EVE,0.0,4.0,0.0,0.0,GKP,EVE,0.0,0.0,4.0,0.0,GKP,EVE,0.0,4.0,0.0,0.0,GKP,EVE,0.0,0.0,4.0,0.0,GKP,EVE,0.0,4.0,0.0,0.0,0.0,0.0
625,Gündogan,MID,MCI,0.0,0.0,0.0,0.0,MID,MCI,0.0,6.5,0.0,0.0,MID,MCI,0.0,6.5,22.0,1.0,MID,MCI,0.0,6.5,90.0,2.0,MID,MCI,0.0,6.5,90.0,2.0,MID,MCI,0.0,6.5,65.0,2.0,MID,MCI,0.0,6.5,88.0,2.0,MID,MCI,0.0,6.5,90.0,2.0,MID,MCI,0.0,6.5,4.0,1.0,MID,MCI,0.0,6.5,84.0,5.0,MID,MCI,0.0,6.5,71.0,3.0,MID,MCI,0.0,6.5,90.0,2.0,MID,MCI,0.0,6.5,57.0,1.0,MID,MCI,0.0,6.5,90.0,2.0,MID,MCI,0.0,6.5,90.0,2.0,MID,MCI,0.0,6.5,88.0,2.0,MID,MCI,0.0,6.5,72.0,2.0,MID,MCI,0.0,6.5,5.0,1.0,MID,MCI,0.0,6.4,0.0,0.0,MID,MCI,0.0,6.4,29.0,1.0,MID,MCI,0.0,6.4,14.0,1.0,MID,MCI,0.0,90.0,6.4,3.0,MID,MCI,0.0,6.4,90.0,2.0,MID,MCI,0.0,6.4,0.0,0.0,MID,MCI,0.0,6.3,86.0,6.0,MID,MCI,0.0,6.3,13.0,1.0,MID,MCI,0.0,6.3,1.0,1.0,MID,MCI,0.0,6.3,0.0,0.0,MID,MCI,0.0,6.3,90.0,7.0,MID,MCI,0.0,6.3,90.0,3.0,MID,MCI,0.0,6.3,73.0,3.0,MID,MCI,0.0,90.0,6.3,5.0,MID,MCI,0.0,6.3,180.0,8.0,MID,MCI,0.0,0.0,0.0,0.0,MID,MCI,0.0,6.3,0.0,0.0,1942.0,73.0
626,Kaboré,DEF,MCI,0.0,0.0,0.0,0.0,DEF,MCI,0.0,4.5,0.0,0.0,DEF,MCI,1.0,4.5,0.0,0.0,DEF,MCI,1.0,4.5,0.0,0.0,DEF,MCI,1.0,4.5,0.0,0.0,DEF,MCI,1.0,4.5,0.0,0.0,DEF,MCI,1.0,4.5,0.0,0.0,DEF,MCI,1.0,4.5,0.0,0.0,DEF,MCI,1.0,4.5,0.0,0.0,DEF,MCI,1.0,4.5,0.0,0.0,DEF,MCI,1.0,4.5,0.0,0.0,DEF,MCI,1.0,4.5,0.0,0.0,DEF,MCI,1.0,4.5,0.0,0.0,DEF,MCI,1.0,4.5,0.0,0.0,DEF,MCI,1.0,4.5,0.0,0.0,DEF,MCI,1.0,4.5,0.0,0.0,DEF,MCI,1.0,4.5,0.0,0.0,DEF,MCI,1.0,4.5,0.0,0.0,DEF,MCI,1.0,4.5,0.0,0.0,DEF,MCI,1.0,4.5,0.0,0.0,DEF,MCI,1.0,4.5,0.0,0.0,DEF,MCI,1.0,0.0,4.5,0.0,DEF,MCI,1.0,4.5,0.0,0.0,DEF,MCI,1.0,4.5,0.0,0.0,DEF,MCI,1.0,4.5,0.0,0.0,DEF,MCI,1.0,4.5,0.0,0.0,DEF,MCI,1.0,4.5,0.0,0.0,DEF,MCI,1.0,4.5,0.0,0.0,DEF,MCI,1.0,4.5,0.0,0.0,DEF,MCI,1.0,4.5,0.0,0.0,DEF,MCI,1.0,4.5,0.0,0.0,DEF,MCI,1.0,0.0,4.5,0.0,DEF,MCI,1.0,4.5,0.0,0.0,DEF,MCI,1.0,0.0,0.0,0.0,DEF,MCI,1.0,4.5,0.0,0.0,0.0,0.0
627,Dixon,DEF,EVE,0.0,0.0,0.0,0.0,DEF,EVE,0.0,4.0,0.0,0.0,DEF,EVE,0.0,4.0,0.0,0.0,DEF,EVE,0.0,4.0,0.0,0.0,DEF,EVE,0.0,4.0,0.0,0.0,DEF,EVE,0.0,4.0,0.0,0.0,DEF,EVE,0.0,4.0,0.0,0.0,DEF,EVE,0.0,4.0,0.0,0.0,DEF,EVE,0.0,4.0,0.0,0.0,DEF,EVE,0.0,4.0,0.0,0.0,DEF,EVE,0.0,4.0,0.0,0.0,DEF,EVE,0.0,4.0,0.0,0.0,DEF,EVE,0.0,4.0,0.0,0.0,DEF,EVE,0.0,4.0,0.0,0.0,DEF,EVE,0.0,4.0,0.0,0.0,DEF,EVE,0.0,4.0,0.0,0.0,DEF,EVE,0.0,4.0,0.0,0.0,DEF,EVE,0.0,4.0,0.0,0.0,DEF,EVE,0.0,4.0,0.0,0.0,DEF,EVE,0.0,4.0,0.0,0.0,DEF,EVE,0.0,4.0,0.0,0.0,DEF,EVE,0.0,0.0,4.0,0.0,DEF,EVE,0.0,4.0,0.0,0.0,DEF,EVE,0.0,4.0,0.0,0.0,DEF,EVE,0.0,4.0,0.0,0.0,DEF,EVE,0.0,4.0,0.0,0.0,DEF,EVE,0.0,4.0,0.0,0.0,DEF,EVE,0.0,4.0,0.0,0.0,DEF,EVE,0.0,4.0,0.0,0.0,DEF,EVE,0.0,4.0,0.0,0.0,DEF,EVE,0.0,4.0,0.0,0.0,DEF,EVE,0.0,0.0,4.0,0.0,DEF,EVE,0.0,4.0,0.0,0.0,DEF,EVE,0.0,0.0,4.0,0.0,DEF,EVE,0.0,4.0,0.0,0.0,0.0,0.0
628,F.Kadıoğlu,DEF,BRI,0.0,0.0,0.0,0.0,DEF,BRI,0.0,0.0,0.0,0.0,DEF,BRI,0.0,4.5,0.0,0.0,DEF,BRI,0.0,4.5,23.0,1.0,DEF,BRI,0.0,4.5,0.0,0.0,DEF,BRI,0.0,4.5,70.0,0.0,DEF,BRI,0.0,4.5,45.0,0.0,DEF,BRI,0.0,4.5,90.0,6.0,DEF,BRI,0.0,4.5,71.0,6.0,DEF,BRI,0.0,4.5,86.0,6.0,DEF,BRI,0.25,4.5,0.0,0.0,DEF,BRI,0.75,4.5,0.0,0.0,DEF,BRI,0.5,4.5,0.0,0.0,DEF,BRI,0.75,4.5,0.0,0.0,DEF,BRI,0.75,4.5,0.0,0.0,DEF,BRI,0.75,4.5,0.0,0.0,DEF,BRI,1.0,4.5,0.0,0.0,DEF,BRI,0.75,4.5,0.0,0.0,DEF,BRI,0.75,4.5,0.0,0.0,DEF,BRI,1.0,4.5,0.0,0.0,DEF,BRI,1.0,4.5,0.0,0.0,DEF,BRI,1.0,0.0,4.5,0.0,DEF,BRI,1.0,4.4,0.0,0.0,DEF,BRI,1.0,4.4,0.0,0.0,DEF,BRI,1.0,4.4,0.0,0.0,DEF,BRI,1.0,4.4,0.0,0.0,DEF,BRI,1.0,4.4,0.0,0.0,DEF,BRI,1.0,4.4,0.0,0.0,DEF,BRI,1.0,4.4,0.0,0.0,DEF,BRI,1.0,4.4,0.0,0.0,DEF,BRI,1.0,4.4,0.0,0.0,DEF,BRI,1.0,0.0,4.4,0.0,DEF,BRI,1.0,4.4,0.0,0.0,DEF,BRI,1.0,0.0,4.4,0.0,DEF,BRI,1.0,4.4,0.0,0.0,385.0,19.0
629,O'Riley,MID,BRI,0.0,0.0,0.0,0.0,MID,BRI,0.0,0.0,0.0,0.0,MID,BRI,1.0,5.5,0.0,0.0,MID,BRI,1.0,5.5,0.0,0.0,MID,BRI,1.0,5.5,0.0,0.0,MID,BRI,1.0,5.5,0.0,0.0,MID,BRI,1.0,5.5,0.0,0.0,MID,BRI,1.0,5.5,0.0,0.0,MID,BRI,1.0,5.5,0.0,0.0,MID,BRI,0.25,5.5,0.0,0.0,MID,BRI,0.0,5.5,33.0,8.0,MID,BRI,0.0,5.5,14.0,1.0,MID,BRI,0.0,5.5,71.0,1.0,MID,BRI,0.0,5.5,80.0,0.0,MID,BRI,0.0,5.5,19.0,1.0,MID,BRI,0.25,5.5,0.0,0.0,MID,BRI,0.0,5.5,0.0,0.0,MID,BRI,0.0,5.5,66.0,3.0,MID,BRI,0.0,5.5,21.0,1.0,MID,BRI,0.0,5.5,45.0,1.0,MID,BRI,0.0,5.5,62.0,6.0,MID,BRI,0.0,0.0,5.5,0.0,MID,BRI,0.0,5.5,6.0,1.0,MID,BRI,0.0,5.5,45.0,1.0,MID,BRI,0.0,5.5,6.0,1.0,MID,BRI,0.0,5.5,0.0,0.0,MID,BRI,0.0,5.5,0.0,0.0,MID,BRI,0.25,5.5,0.0,0.0,MID,BRI,0.5,5.5,0.0,0.0,MID,BRI,0.0,5.5,6.0,1.0,MID,BRI,0.0,5.5,62.0,2.0,MID,BRI,0.0,69.0,5.5,5.0,MID,BRI,0.0,5.5,64.0,2.0,MID,BRI,0.0,81.0,5.5,2.0,MID,BRI,0.0,5.5,90.0,2.0,840.0,39.0
630,O'Shea,DEF,IPS,0.0,0.0,0.0,0.0,DEF,IPS,0.0,0.0,0.0,0.0,DEF,IPS,0.0,4.0,0.0,0.0,DEF,IPS,0.0,4.0,90.0,7.0,DEF,IPS,0.0,4.0,90.0,1.0,DEF,IPS,0.0,4.0,90.0,1.0,DEF,IPS,0.0,4.0,90.0,0.0,DEF,IPS,0.0,4.0,62.0,1.0,DEF,IPS,0.0,4.0,90.0,0.0,DEF,IPS,0.0,4.0,90.0,2.0,DEF,IPS,0.0,4.0,90.0,2.0,DEF,IPS,0.0,4.0,90.0,2.0,DEF,IPS,0.0,4.0,90.0,1.0,DEF,IPS,0.0,4.0,90.0,1.0,DEF,IPS,0.0,4.0,90.0,1.0,DEF,IPS,0.0,4.0,90.0,2.0,DEF,IPS,0.0,4.1,90.0,0.0,DEF,IPS,0.0,4.1,90.0,2.0,DEF,IPS,0.0,4.1,90.0,5.0,DEF,IPS,0.0,4.1,90.0,0.0,DEF,IPS,0.0,4.0,90.0,1.0,DEF,IPS,0.0,90.0,4.0,-1.0,DEF,IPS,0.0,4.0,90.0,0.0,DEF,IPS,0.0,4.0,90.0,1.0,DEF,IPS,0.0,4.0,90.0,2.0,DEF,IPS,0.0,4.0,90.0,0.0,DEF,IPS,0.0,3.9,90.0,0.0,DEF,IPS,0.0,3.9,90.0,2.0,DEF,IPS,0.0,3.9,90.0,3.0,DEF,IPS,0.0,3.9,90.0,2.0,DEF,IPS,0.0,3.9,90.0,4.0,DEF,IPS,0.0,90.0,3.9,1.0,DEF,IPS,0.0,3.9,90.0,0.0,DEF,IPS,0.0,90.0,3.9,1.0,DEF,IPS,0.0,3.9,90.0,1.0,2852.0,45.0
631,J.Clarke,MID,IPS,0.0,0.0,0.0,0.0,MID,IPS,0.0,0.0,0.0,0.0,MID,IPS,0.0,5.5,0.0,0.0,MID,IPS,0.0,5.5,31.0,1.0,MID,IPS,0.0,5.5,29.0,1.0,MID,IPS,0.0,5.5,90.0,5.0,MID,IPS,0.0,5.5,72.0,1.0,MID,IPS,0.0,5.5,70.0,2.0,MID,IPS,0.0,5.5,17.0,1.0,MID,IPS,0.0,5.5,16.0,1.0,MID,IPS,0.0,5.5,19.0,1.0,MID,IPS,0.0,5.5,25.0,1.0,MID,IPS,0.0,5.5,26.0,1.0,MID,IPS,0.0,5.5,65.0,2.0,MID,IPS,0.0,5.5,10.0,1.0,MID,IPS,0.0,5.5,15.0,4.0,MID,IPS,0.0,5.5,0.0,0.0,MID,IPS,0.0,5.5,19.0,1.0,MID,IPS,0.0,5.4,0.0,0.0,MID,IPS,0.0,5.4,10.0,1.0,MID,IPS,0.0,5.4,6.0,1.0,MID,IPS,0.0,63.0,5.4,2.0,MID,IPS,0.0,5.4,0.0,0.0,MID,IPS,0.0,5.4,2.0,1.0,MID,IPS,0.0,5.4,28.0,1.0,MID,IPS,0.0,5.4,67.0,4.0,MID,IPS,0.0,5.4,90.0,2.0,MID,IPS,0.0,5.4,66.0,3.0,MID,IPS,0.0,5.4,10.0,4.0,MID,IPS,0.0,5.4,18.0,1.0,MID,IPS,0.0,5.4,0.0,0.0,MID,IPS,0.0,70.0,5.4,2.0,MID,IPS,0.0,5.4,34.0,1.0,MID,IPS,0.0,39.0,5.4,1.0,MID,IPS,0.0,5.4,22.0,1.0,1029.0,48.0
632,Ogbene,MID,IPS,0.0,0.0,0.0,0.0,MID,IPS,0.0,0.0,0.0,0.0,MID,IPS,0.0,5.0,0.0,0.0,MID,IPS,0.0,5.0,31.0,1.0,MID,IPS,0.0,5.0,0.0,0.0,MID,IPS,0.0,5.0,68.0,2.0,MID,IPS,0.0,5.0,17.0,1.0,MID,IPS,0.0,5.0,0.0,0.0,MID,IPS,0.75,5.0,34.0,1.0,MID,IPS,1.0,4.9,0.0,0.0,MID,IPS,1.0,4.9,0.0,0.0,MID,IPS,1.0,4.9,0.0,0.0,MID,IPS,1.0,4.9,0.0,0.0,MID,IPS,1.0,4.9,0.0,0.0,MID,IPS,1.0,4.9,0.0,0.0,MID,IPS,1.0,4.9,0.0,0.0,MID,IPS,1.0,4.9,0.0,0.0,MID,IPS,1.0,4.9,0.0,0.0,MID,IPS,1.0,4.9,0.0,0.0,MID,IPS,1.0,4.9,0.0,0.0,MID,IPS,1.0,4.8,0.0,0.0,MID,IPS,1.0,0.0,4.8,0.0,MID,IPS,1.0,4.8,0.0,0.0,MID,IPS,1.0,4.8,0.0,0.0,MID,IPS,1.0,4.8,0.0,0.0,MID,IPS,1.0,4.8,0.0,0.0,MID,IPS,1.0,4.8,0.0,0.0,MID,IPS,1.0,4.8,0.0,0.0,MID,IPS,1.0,4.8,0.0,0.0,MID,IPS,1.0,4.8,0.0,0.0,MID,IPS,1.0,4.8,0.0,0.0,MID,IPS,1.0,0.0,4.8,0.0,MID,IPS,1.0,4.8,0.0,0.0,MID,IPS,1.0,0.0,4.8,0.0,MID,IPS,1.0,4.8,0.0,0.0,150.0,5.0
633,Merino,MID,ARS,0.0,0.0,0.0,0.0,MID,ARS,0.0,0.0,0.0,0.0,MID,ARS,1.0,6.0,0.0,0.0,MID,ARS,1.0,6.0,0.0,0.0,MID,ARS,1.0,6.0,0.0,0.0,MID,ARS,1.0,6.0,0.0,0.0,MID,ARS,0.0,6.0,29.0,1.0,MID,ARS,0.0,6.0,80.0,2.0,MID,ARS,0.0,6.0,90.0,8.0,MID,ARS,0.25,6.0,60.0,1.0,MID,ARS,0.0,6.0,19.0,1.0,MID,ARS,0.0,6.0,90.0,3.0,MID,ARS,0.25,6.0,0.0,0.0,MID,ARS,0.0,6.0,19.0,1.0,MID,ARS,0.0,6.0,16.0,1.0,MID,ARS,0.0,6.0,68.0,3.0,MID,ARS,0.0,6.0,4.0,1.0,MID,ARS,0.0,6.0,18.0,1.0,MID,ARS,0.0,6.0,77.0,8.0,MID,ARS,0.0,6.0,90.0,4.0,MID,ARS,0.0,6.0,3.0,1.0,MID,ARS,0.0,90.0,6.0,2.0,MID,ARS,0.0,6.0,0.0,0.0,MID,ARS,0.0,6.0,6.0,1.0,MID,ARS,0.0,6.0,21.0,13.0,MID,ARS,0.0,6.0,90.0,2.0,MID,ARS,0.0,6.0,90.0,3.0,MID,ARS,0.0,6.0,90.0,2.0,MID,ARS,0.0,6.0,90.0,9.0,MID,ARS,0.0,6.1,90.0,10.0,MID,ARS,0.0,6.1,90.0,2.0,MID,ARS,0.0,15.0,6.1,1.0,MID,ARS,0.0,6.1,56.0,4.0,MID,ARS,0.0,0.0,0.0,0.0,MID,ARS,0.0,6.1,0.0,0.0,1391.0,85.0
634,G.Nunes,MID,BRE,0.0,0.0,0.0,0.0,MID,BRE,0.0,0.0,0.0,0.0,MID,BRE,0.0,5.0,0.0,0.0,MID,BRE,1.0,5.0,0.0,0.0,MID,BRE,1.0,5.0,0.0,0.0,MID,BRE,1.0,5.0,0.0,0.0,MID,BRE,0.5,4.9,0.0,0.0,MID,BRE,1.0,4.9,0.0,0.0,MID,BRE,1.0,4.9,0.0,0.0,MID,BRE,1.0,4.9,0.0,0.0,MID,BRE,0.5,4.9,0.0,0.0,MID,BRE,0.5,4.9,0.0,0.0,MID,BRE,1.0,4.9,0.0,0.0,MID,BRE,1.0,4.9,0.0,0.0,MID,BRE,1.0,4.9,0.0,0.0,MID,BRE,1.0,4.9,0.0,0.0,MID,BRE,1.0,4.9,0.0,0.0,MID,BRE,1.0,4.9,0.0,0.0,MID,BRE,1.0,4.9,0.0,0.0,MID,BRE,1.0,4.9,0.0,0.0,MID,BRE,1.0,4.9,0.0,0.0,MID,BRE,1.0,0.0,4.9,0.0,MID,BRE,1.0,4.9,0.0,0.0,MID,BRE,1.0,4.9,0.0,0.0,MID,BRE,1.0,4.9,0.0,0.0,MID,BRE,1.0,4.9,0.0,0.0,MID,BRE,1.0,4.9,0.0,0.0,MID,BRE,1.0,4.9,0.0,0.0,MID,BRE,1.0,4.9,0.0,0.0,MID,BRE,1.0,4.9,0.0,0.0,MID,BRE,0.25,4.9,0.0,0.0,MID,BRE,1.0,1.0,4.9,1.0,MID,BRE,0.0,4.9,1.0,1.0,MID,BRE,1.0,0.0,4.9,0.0,MID,BRE,0.0,4.9,9.0,1.0,11.0,3.0
635,El Khannouss,MID,LEI,0.0,0.0,0.0,0.0,MID,LEI,0.0,0.0,0.0,0.0,MID,LEI,0.0,5.0,0.0,0.0,MID,LEI,0.0,5.0,0.0,0.0,MID,LEI,0.0,5.0,55.0,1.0,MID,LEI,0.0,5.0,1.0,1.0,MID,LEI,0.0,4.9,0.0,0.0,MID,LEI,0.0,4.9,67.0,2.0,MID,LEI,0.0,4.9,22.0,1.0,MID,LEI,0.0,4.9,10.0,1.0,MID,LEI,0.0,4.9,20.0,1.0,MID,LEI,0.0,4.9,78.0,2.0,MID,LEI,0.0,4.9,0.0,0.0,MID,LEI,0.0,4.8,73.0,14.0,MID,LEI,0.0,4.8,80.0,2.0,MID,LEI,0.0,4.8,81.0,2.0,MID,LEI,0.0,4.8,53.0,1.0,MID,LEI,0.0,4.8,63.0,2.0,MID,LEI,0.0,4.8,90.0,1.0,MID,LEI,0.0,4.8,81.0,2.0,MID,LEI,0.0,4.8,65.0,2.0,MID,LEI,0.0,63.0,4.8,2.0,MID,LEI,0.0,4.8,76.0,9.0,MID,LEI,0.0,4.8,90.0,2.0,MID,LEI,0.0,4.8,90.0,1.0,MID,LEI,0.0,4.8,90.0,2.0,MID,LEI,0.0,4.8,90.0,2.0,MID,LEI,0.0,4.8,72.0,2.0,MID,LEI,0.0,4.8,90.0,1.0,MID,LEI,0.0,4.8,59.0,1.0,MID,LEI,0.0,4.8,73.0,2.0,MID,LEI,0.0,90.0,4.8,5.0,MID,LEI,0.0,4.8,90.0,2.0,MID,LEI,0.0,82.0,4.8,2.0,MID,LEI,0.0,4.8,83.0,6.0,1977.0,74.0
636,Chiesa,MID,LIV,0.0,0.0,0.0,0.0,MID,LIV,0.0,0.0,0.0,0.0,MID,LIV,0.0,7.0,0.0,0.0,MID,LIV,0.0,7.0,0.0,0.0,MID,LIV,0.0,7.0,18.0,1.0,MID,LIV,0.0,7.0,0.0,0.0,MID,LIV,0.5,6.9,0.0,0.0,MID,LIV,0.75,6.8,0.0,0.0,MID,LIV,0.5,6.8,0.0,0.0,MID,LIV,1.0,6.8,0.0,0.0,MID,LIV,0.5,6.8,0.0,0.0,MID,LIV,0.5,6.8,0.0,0.0,MID,LIV,0.5,6.8,0.0,0.0,MID,LIV,0.25,6.8,0.0,0.0,MID,LIV,0.25,6.8,0.0,0.0,MID,LIV,0.0,6.8,0.0,0.0,MID,LIV,0.0,6.8,0.0,0.0,MID,LIV,0.0,6.8,0.0,0.0,MID,LIV,0.0,6.8,0.0,0.0,MID,LIV,0.0,6.8,0.0,0.0,MID,LIV,0.0,6.8,0.0,0.0,MID,LIV,0.0,3.0,6.8,1.0,MID,LIV,0.0,6.8,4.0,1.0,MID,LIV,0.0,6.8,0.0,0.0,MID,LIV,0.0,6.8,0.0,0.0,MID,LIV,0.0,6.8,0.0,0.0,MID,LIV,0.0,6.8,0.0,0.0,MID,LIV,0.0,6.8,0.0,0.0,MID,LIV,0.0,6.8,0.0,0.0,MID,LIV,0.0,6.8,0.0,0.0,MID,LIV,0.0,6.8,8.0,1.0,MID,LIV,0.0,0.0,6.8,0.0,MID,LIV,0.0,6.8,0.0,0.0,MID,LIV,0.0,0.0,6.8,0.0,MID,LIV,0.0,6.8,8.0,1.0,41.0,5.0
637,Meupiyou,DEF,WOL,0.0,0.0,0.0,0.0,DEF,WOL,0.0,0.0,0.0,0.0,DEF,WOL,0.0,4.0,0.0,0.0,DEF,WOL,1.0,4.0,0.0,0.0,DEF,WOL,1.0,4.0,0.0,0.0,DEF,WOL,1.0,4.0,0.0,0.0,DEF,WOL,0.5,4.0,0.0,0.0,DEF,WOL,0.5,4.0,0.0,0.0,DEF,WOL,0.5,4.0,0.0,0.0,DEF,WOL,0.5,4.0,0.0,0.0,DEF,WOL,0.5,4.0,0.0,0.0,DEF,WOL,0.25,4.0,0.0,0.0,DEF,WOL,0.25,4.0,0.0,0.0,DEF,WOL,0.25,4.0,0.0,0.0,DEF,WOL,0.25,4.0,0.0,0.0,DEF,WOL,0.0,4.0,0.0,0.0,DEF,WOL,0.0,4.0,0.0,0.0,DEF,WOL,0.0,4.0,0.0,0.0,DEF,WOL,0.0,4.0,0.0,0.0,DEF,WOL,0.0,3.9,0.0,0.0,DEF,WOL,0.0,3.9,0.0,0.0,DEF,WOL,0.0,0.0,3.9,0.0,DEF,WOL,0.0,3.9,0.0,0.0,DEF,WOL,0.0,3.9,0.0,0.0,DEF,WOL,0.0,3.9,0.0,0.0,DEF,WOL,0.0,3.9,0.0,0.0,DEF,WOL,0.0,3.9,0.0,0.0,DEF,WOL,0.0,3.9,0.0,0.0,DEF,WOL,0.0,3.9,0.0,0.0,DEF,WOL,0.0,3.9,0.0,0.0,DEF,WOL,0.0,3.9,0.0,0.0,DEF,WOL,0.0,0.0,3.9,0.0,DEF,WOL,0.0,3.9,0.0,0.0,DEF,WOL,0.0,0.0,3.9,0.0,DEF,WOL,0.0,3.9,0.0,0.0,0.0,0.0
638,Oulad M'hand,MID,ARS,0.0,0.0,0.0,0.0,MID,ARS,0.0,0.0,0.0,0.0,MID,ARS,0.0,4.5,0.0,0.0,MID,ARS,0.0,4.5,0.0,0.0,MID,ARS,0.0,4.5,0.0,0.0,MID,ARS,0.0,4.5,0.0,0.0,MID,ARS,0.0,4.5,0.0,0.0,MID,ARS,0.0,4.5,0.0,0.0,MID,ARS,0.0,4.5,0.0,0.0,MID,ARS,0.0,4.5,0.0,0.0,MID,ARS,0.0,4.5,0.0,0.0,MID,ARS,0.0,4.5,0.0,0.0,MID,ARS,0.0,4.5,0.0,0.0,MID,ARS,0.0,4.5,0.0,0.0,MID,ARS,0.0,4.5,0.0,0.0,MID,ARS,0.0,4.5,0.0,0.0,MID,ARS,0.0,4.5,0.0,0.0,MID,ARS,0.0,4.5,0.0,0.0,MID,ARS,0.0,4.5,0.0,0.0,MID,ARS,0.0,4.5,0.0,0.0,MID,ARS,0.0,4.5,0.0,0.0,MID,ARS,0.0,0.0,4.5,0.0,MID,ARS,0.0,4.5,0.0,0.0,MID,ARS,0.0,4.5,0.0,0.0,MID,ARS,0.0,4.5,0.0,0.0,MID,ARS,0.0,4.5,0.0,0.0,MID,ARS,0.0,4.5,0.0,0.0,MID,ARS,0.0,4.5,0.0,0.0,MID,ARS,0.0,4.5,0.0,0.0,MID,ARS,0.0,4.5,0.0,0.0,MID,ARS,0.0,4.5,0.0,0.0,MID,ARS,0.0,0.0,4.5,0.0,MID,ARS,0.0,4.5,0.0,0.0,MID,ARS,0.0,0.0,0.0,0.0,MID,ARS,0.0,4.5,0.0,0.0,0.0,0.0
639,Setford,GKP,ARS,0.0,0.0,0.0,0.0,GKP,ARS,0.0,0.0,0.0,0.0,GKP,ARS,0.0,4.5,0.0,0.0,GKP,ARS,0.0,4.5,0.0,0.0,GKP,ARS,0.0,4.5,0.0,0.0,GKP,ARS,0.0,4.5,0.0,0.0,GKP,ARS,0.0,4.5,0.0,0.0,GKP,ARS,0.0,4.5,0.0,0.0,GKP,ARS,0.0,4.5,0.0,0.0,GKP,ARS,0.0,4.5,0.0,0.0,GKP,ARS,0.0,4.5,0.0,0.0,GKP,ARS,0.0,4.5,0.0,0.0,GKP,ARS,0.0,4.5,0.0,0.0,GKP,ARS,0.0,4.5,0.0,0.0,GKP,ARS,0.0,4.5,0.0,0.0,GKP,ARS,0.0,4.5,0.0,0.0,GKP,ARS,0.0,4.5,0.0,0.0,GKP,ARS,0.0,4.5,0.0,0.0,GKP,ARS,0.0,4.5,0.0,0.0,GKP,ARS,0.0,4.5,0.0,0.0,GKP,ARS,0.0,4.5,0.0,0.0,GKP,ARS,0.0,0.0,4.5,0.0,GKP,ARS,0.0,4.5,0.0,0.0,GKP,ARS,0.0,4.5,0.0,0.0,GKP,ARS,0.0,4.5,0.0,0.0,GKP,ARS,0.0,4.5,0.0,0.0,GKP,ARS,0.0,4.5,0.0,0.0,GKP,ARS,0.0,4.5,0.0,0.0,GKP,ARS,0.0,4.5,0.0,0.0,GKP,ARS,0.0,4.5,0.0,0.0,GKP,ARS,0.0,4.5,0.0,0.0,GKP,ARS,0.0,0.0,4.5,0.0,GKP,ARS,0.0,4.5,0.0,0.0,GKP,ARS,0.0,0.0,0.0,0.0,GKP,ARS,0.0,4.5,0.0,0.0,0.0,0.0
640,Swinkels,DEF,AST,0.0,0.0,0.0,0.0,DEF,AST,0.0,0.0,0.0,0.0,DEF,AST,0.0,4.0,0.0,0.0,DEF,AST,0.0,4.0,0.0,0.0,DEF,AST,0.0,4.0,0.0,0.0,DEF,AST,0.0,4.0,0.0,0.0,DEF,AST,0.0,4.0,0.0,0.0,DEF,AST,0.0,4.0,0.0,0.0,DEF,AST,0.0,4.0,0.0,0.0,DEF,AST,0.0,4.0,0.0,0.0,DEF,AST,0.0,4.0,0.0,0.0,DEF,AST,0.0,4.0,0.0,0.0,DEF,AST,0.0,4.0,0.0,0.0,DEF,AST,0.0,4.0,0.0,0.0,DEF,AST,0.0,4.0,0.0,0.0,DEF,AST,0.0,4.0,0.0,0.0,DEF,AST,0.0,4.0,0.0,0.0,DEF,AST,0.0,4.0,0.0,0.0,DEF,AST,0.0,4.0,0.0,0.0,DEF,AST,0.0,4.0,0.0,0.0,DEF,AST,0.0,4.0,0.0,0.0,DEF,AST,0.0,0.0,4.0,0.0,DEF,AST,0.0,4.0,0.0,0.0,DEF,AST,1.0,4.0,0.0,0.0,DEF,AST,1.0,4.0,0.0,0.0,DEF,AST,1.0,4.0,0.0,0.0,DEF,AST,1.0,4.0,0.0,0.0,DEF,AST,1.0,4.0,0.0,0.0,DEF,AST,1.0,4.0,0.0,0.0,DEF,AST,1.0,4.0,0.0,0.0,DEF,AST,1.0,4.0,0.0,0.0,DEF,AST,0.0,0.0,4.0,0.0,DEF,AST,1.0,4.0,0.0,0.0,DEF,AST,0.0,0.0,0.0,0.0,DEF,AST,1.0,4.0,0.0,0.0,0.0,0.0
641,Zych,GKP,AST,0.0,0.0,0.0,0.0,GKP,AST,0.0,0.0,0.0,0.0,GKP,AST,0.0,4.0,0.0,0.0,GKP,AST,0.0,4.0,0.0,0.0,GKP,AST,0.0,4.0,0.0,0.0,GKP,AST,0.0,4.0,0.0,0.0,GKP,AST,0.0,4.0,0.0,0.0,GKP,AST,0.0,4.0,0.0,0.0,GKP,AST,0.0,4.0,0.0,0.0,GKP,AST,0.0,4.0,0.0,0.0,GKP,AST,0.0,4.0,0.0,0.0,GKP,AST,0.0,4.0,0.0,0.0,GKP,AST,0.0,4.0,0.0,0.0,GKP,AST,0.0,4.0,0.0,0.0,GKP,AST,0.0,4.0,0.0,0.0,GKP,AST,0.0,4.0,0.0,0.0,GKP,AST,0.0,4.0,0.0,0.0,GKP,AST,0.0,4.0,0.0,0.0,GKP,AST,0.0,4.0,0.0,0.0,GKP,AST,0.0,4.0,0.0,0.0,GKP,AST,0.0,4.0,0.0,0.0,GKP,AST,0.0,0.0,4.0,0.0,GKP,AST,0.0,4.0,0.0,0.0,GKP,AST,0.0,4.0,0.0,0.0,GKP,AST,0.0,4.0,0.0,0.0,GKP,AST,0.0,4.0,0.0,0.0,GKP,AST,0.0,4.0,0.0,0.0,GKP,AST,0.0,4.0,0.0,0.0,GKP,AST,0.0,4.0,0.0,0.0,GKP,AST,0.0,4.0,0.0,0.0,GKP,AST,0.0,4.0,0.0,0.0,GKP,AST,0.0,0.0,4.0,0.0,GKP,AST,0.0,4.0,0.0,0.0,GKP,AST,0.0,0.0,0.0,0.0,GKP,AST,0.0,4.0,0.0,0.0,0.0,0.0
642,André,MID,WOL,0.0,0.0,0.0,0.0,MID,WOL,0.0,0.0,0.0,0.0,MID,WOL,0.0,5.0,0.0,0.0,MID,WOL,0.0,5.0,76.0,1.0,MID,WOL,0.0,5.0,90.0,2.0,MID,WOL,0.0,5.0,90.0,1.0,MID,WOL,0.0,5.0,56.0,1.0,MID,WOL,0.0,5.0,45.0,1.0,MID,WOL,0.0,5.0,1.0,1.0,MID,WOL,0.0,5.0,0.0,0.0,MID,WOL,0.0,5.0,0.0,0.0,MID,WOL,0.0,5.0,90.0,2.0,MID,WOL,0.0,5.0,81.0,2.0,MID,WOL,0.0,5.0,90.0,2.0,MID,WOL,0.0,5.0,61.0,2.0,MID,WOL,0.0,5.0,45.0,1.0,MID,WOL,0.0,5.0,90.0,3.0,MID,WOL,0.0,5.0,90.0,3.0,MID,WOL,0.25,5.0,68.0,2.0,MID,WOL,0.25,5.0,0.0,0.0,MID,WOL,0.0,5.0,85.0,2.0,MID,WOL,0.0,73.0,5.0,1.0,MID,WOL,0.0,5.0,86.0,2.0,MID,WOL,0.0,5.0,90.0,3.0,MID,WOL,0.0,5.0,90.0,2.0,MID,WOL,0.0,5.0,90.0,3.0,MID,WOL,0.0,5.0,76.0,2.0,MID,WOL,0.0,5.0,90.0,2.0,MID,WOL,0.0,5.0,90.0,2.0,MID,WOL,0.0,5.0,70.0,2.0,MID,WOL,0.0,5.0,90.0,1.0,MID,WOL,0.0,90.0,5.0,2.0,MID,WOL,0.0,5.0,90.0,2.0,MID,WOL,0.0,83.0,5.0,3.0,MID,WOL,0.0,5.0,79.0,2.0,2245.0,55.0
643,Casey,DEF,WHM,0.0,0.0,0.0,0.0,DEF,WHM,0.0,0.0,0.0,0.0,DEF,WHM,0.0,4.0,0.0,0.0,DEF,WHM,0.0,4.0,0.0,0.0,DEF,WHM,0.0,4.0,0.0,0.0,DEF,WHM,0.0,4.0,0.0,0.0,DEF,WHM,0.0,4.0,0.0,0.0,DEF,WHM,0.0,4.0,0.0,0.0,DEF,WHM,0.0,4.0,0.0,0.0,DEF,WHM,0.0,4.0,0.0,0.0,DEF,WHM,0.0,4.0,0.0,0.0,DEF,WHM,0.0,4.0,0.0,0.0,DEF,WHM,0.25,4.0,0.0,0.0,DEF,WHM,0.0,4.0,0.0,0.0,DEF,WHM,0.0,4.0,0.0,0.0,DEF,WHM,0.0,4.0,1.0,1.0,DEF,WHM,0.0,4.0,0.0,0.0,DEF,WHM,0.0,4.0,0.0,0.0,DEF,WHM,0.0,4.0,0.0,0.0,DEF,WHM,0.0,4.0,0.0,0.0,DEF,WHM,0.0,4.0,0.0,0.0,DEF,WHM,0.0,0.0,4.0,0.0,DEF,WHM,0.0,4.0,0.0,0.0,DEF,WHM,0.0,4.0,0.0,0.0,DEF,WHM,0.0,4.0,0.0,0.0,DEF,WHM,0.0,4.0,0.0,0.0,DEF,WHM,0.0,4.0,0.0,0.0,DEF,WHM,0.0,4.0,0.0,0.0,DEF,WHM,0.0,4.0,0.0,0.0,DEF,WHM,0.0,4.0,0.0,0.0,DEF,WHM,0.0,4.0,0.0,0.0,DEF,WHM,0.0,0.0,4.0,0.0,DEF,WHM,0.0,4.0,0.0,0.0,DEF,WHM,0.0,0.0,4.0,0.0,DEF,WHM,0.0,4.0,0.0,0.0,1.0,1.0
644,Umeh-Chibueze,MID,CRY,0.0,0.0,0.0,0.0,MID,CRY,0.0,0.0,0.0,0.0,MID,CRY,0.0,4.5,0.0,0.0,MID,CRY,0.0,4.5,0.0,0.0,MID,CRY,0.0,4.5,0.0,0.0,MID,CRY,0.0,4.5,0.0,0.0,MID,CRY,0.0,4.5,0.0,0.0,MID,CRY,0.0,4.5,0.0,0.0,MID,CRY,0.0,4.5,0.0,0.0,MID,CRY,0.0,4.5,0.0,0.0,MID,CRY,0.75,4.5,0.0,0.0,MID,CRY,0.75,4.5,0.0,0.0,MID,CRY,0.75,4.5,0.0,0.0,MID,CRY,0.75,4.5,0.0,0.0,MID,CRY,0.75,4.4,0.0,0.0,MID,CRY,0.75,4.4,0.0,0.0,MID,CRY,0.75,4.4,0.0,0.0,MID,CRY,0.75,4.4,0.0,0.0,MID,CRY,0.75,4.4,0.0,0.0,MID,CRY,0.75,4.4,0.0,0.0,MID,CRY,0.0,4.4,0.0,0.0,MID,CRY,0.0,0.0,4.4,0.0,MID,CRY,0.0,4.4,0.0,0.0,MID,CRY,0.0,4.4,0.0,0.0,MID,CRY,0.0,4.4,0.0,0.0,MID,CRY,0.0,4.4,0.0,0.0,MID,CRY,0.0,4.4,0.0,0.0,MID,CRY,0.0,4.4,0.0,0.0,MID,CRY,0.0,4.4,0.0,0.0,MID,CRY,0.0,4.4,0.0,0.0,MID,CRY,0.0,4.4,0.0,0.0,MID,CRY,0.0,0.0,4.4,0.0,MID,CRY,0.0,4.4,0.0,0.0,MID,CRY,0.0,0.0,0.0,0.0,MID,CRY,0.0,4.4,0.0,0.0,0.0,0.0
644,Umeh-Chibueze,MID,CRY,0.0,0.0,0.0,0.0,MID,CRY,0.0,0.0,0.0,0.0,MID,CRY,0.0,4.5,0.0,0.0,MID,CRY,0.0,4.5,0.0,0.0,MID,CRY,0.0,4.5,0.0,0.0,MID,CRY,0.0,4.5,0.0,0.0,MID,CRY,0.0,4.5,0.0,0.0,MID,CRY,0.0,4.5,0.0,0.0,MID,CRY,0.0,4.5,0.0,0.0,MID,CRY,0.0,4.5,0.0,0.0,MID,CRY,0.75,4.5,0.0,0.0,MID,CRY,0.75,4.5,0.0,0.0,MID,CRY,0.75,4.5,0.0,0.0,MID,CRY,0.75,4.5,0.0,0.0,MID,CRY,0.75,4.4,0.0,0.0,MID,CRY,0.75,4.4,0.0,0.0,MID,CRY,0.75,4.4,0.0,0.0,MID,CRY,0.75,4.4,0.0,0.0,MID,CRY,0.75,4.4,0.0,0.0,MID,CRY,0.75,4.4,0.0,0.0,MID,CRY,0.0,4.4,0.0,0.0,MID,CRY,0.0,0.0,4.4,0.0,MID,CRY,0.0,4.4,0.0,0.0,MID,CRY,0.0,4.4,0.0,0.0,MID,CRY,0.0,4.4,0.0,0.0,MID,CRY,0.0,4.4,0.0,0.0,MID,CRY,0.0,4.4,0.0,0.0,MID,CRY,0.0,4.4,0.0,0.0,MID,CRY,0.0,4.4,0.0,0.0,MID,CRY,0.0,4.4,0.0,0.0,MID,CRY,0.0,4.4,0.0,0.0,MID,CRY,0.0,0.0,4.4,0.0,MID,CRY,0.0,4.4,0.0,0.0,MID,CRY,0.0,0.0,0.0,0.0,MID,CRY,0.0,4.4,0.0,0.0,0.0,0.0
645,Devenny,MID,CRY,0.0,0.0,0.0,0.0,MID,CRY,0.0,0.0,0.0,0.0,MID,CRY,0.0,4.5,0.0,0.0,MID,CRY,0.0,4.5,0.0,0.0,MID,CRY,0.0,4.5,0.0,0.0,MID,CRY,0.0,4.5,0.0,0.0,MID,CRY,0.0,4.5,0.0,0.0,MID,CRY,0.0,4.5,0.0,0.0,MID,CRY,0.0,4.5,0.0,0.0,MID,CRY,0.0,4.5,0.0,0.0,MID,CRY,0.0,4.5,73.0,2.0,MID,CRY,0.0,4.5,73.0,8.0,MID,CRY,0.0,4.5,25.0,1.0,MID,CRY,0.0,4.5,14.0,1.0,MID,CRY,0.0,4.5,18.0,1.0,MID,CRY,0.0,4.5,1.0,1.0,MID,CRY,0.0,4.5,22.0,1.0,MID,CRY,0.0,4.5,2.0,1.0,MID,CRY,0.0,4.5,0.0,0.0,MID,CRY,0.0,4.5,0.0,0.0,MID,CRY,0.0,4.5,11.0,1.0,MID,CRY,0.0,22.0,4.5,1.0,MID,CRY,0.0,4.5,0.0,0.0,MID,CRY,0.0,4.5,1.0,1.0,MID,CRY,0.0,4.5,45.0,1.0,MID,CRY,0.0,4.5,1.0,1.0,MID,CRY,0.0,4.5,0.0,0.0,MID,CRY,0.0,4.5,3.0,1.0,MID,CRY,0.0,4.5,0.0,0.0,MID,CRY,0.0,4.5,4.0,1.0,MID,CRY,0.0,4.5,8.0,1.0,MID,CRY,0.0,10.0,4.5,1.0,MID,CRY,0.0,4.5,85.0,3.0,MID,CRY,0.0,0.0,0.0,0.0,MID,CRY,0.0,4.5,0.0,0.0,418.0,28.0
645,Devenny,MID,CRY,0.0,0.0,0.0,0.0,MID,CRY,0.0,0.0,0.0,0.0,MID,CRY,0.0,4.5,0.0,0.0,MID,CRY,0.0,4.5,0.0,0.0,MID,CRY,0.0,4.5,0.0,0.0,MID,CRY,0.0,4.5,0.0,0.0,MID,CRY,0.0,4.5,0.0,0.0,MID,CRY,0.0,4.5,0.0,0.0,MID,CRY,0.0,4.5,0.0,0.0,MID,CRY,0.0,4.5,0.0,0.0,MID,CRY,0.0,4.5,73.0,2.0,MID,CRY,0.0,4.5,73.0,8.0,MID,CRY,0.0,4.5,25.0,1.0,MID,CRY,0.0,4.5,14.0,1.0,MID,CRY,0.0,4.5,18.0,1.0,MID,CRY,0.0,4.5,1.0,1.0,MID,CRY,0.0,4.5,22.0,1.0,MID,CRY,0.0,4.5,2.0,1.0,MID,CRY,0.0,4.5,0.0,0.0,MID,CRY,0.0,4.5,0.0,0.0,MID,CRY,0.0,4.5,11.0,1.0,MID,CRY,0.0,22.0,4.5,1.0,MID,CRY,0.0,4.5,0.0,0.0,MID,CRY,0.0,4.5,1.0,1.0,MID,CRY,0.0,4.5,45.0,1.0,MID,CRY,0.0,4.5,1.0,1.0,MID,CRY,0.0,4.5,0.0,0.0,MID,CRY,0.0,4.5,3.0,1.0,MID,CRY,0.0,4.5,0.0,0.0,MID,CRY,0.0,4.5,4.0,1.0,MID,CRY,0.0,4.5,8.0,1.0,MID,CRY,0.0,5.0,4.5,1.0,MID,CRY,0.0,4.5,90.0,3.0,MID,CRY,0.0,0.0,0.0,0.0,MID,CRY,0.0,4.5,0.0,0.0,418.0,28.0
646,Agbinone,MID,CRY,0.0,0.0,0.0,0.0,MID,CRY,0.0,0.0,0.0,0.0,MID,CRY,0.0,4.5,0.0,0.0,MID,CRY,0.0,4.5,0.0,0.0,MID,CRY,0.0,4.5,0.0,0.0,MID,CRY,0.0,4.5,0.0,0.0,MID,CRY,0.0,4.5,0.0,0.0,MID,CRY,0.0,4.5,2.0,1.0,MID,CRY,0.0,4.5,0.0,0.0,MID,CRY,0.0,4.5,0.0,0.0,MID,CRY,0.0,4.5,2.0,1.0,MID,CRY,0.0,4.5,0.0,0.0,MID,CRY,0.0,4.5,0.0,0.0,MID,CRY,0.0,4.5,0.0,0.0,MID,CRY,0.0,4.5,0.0,0.0,MID,CRY,0.0,4.5,0.0,0.0,MID,CRY,0.0,4.5,0.0,0.0,MID,CRY,0.0,4.5,0.0,0.0,MID,CRY,0.0,4.5,0.0,0.0,MID,CRY,0.0,4.5,0.0,0.0,MID,CRY,0.0,4.5,0.0,0.0,MID,CRY,0.0,0.0,4.5,0.0,MID,CRY,1.0,4.5,0.0,0.0,MID,CRY,1.0,4.5,0.0,0.0,MID,CRY,1.0,4.5,0.0,0.0,MID,CRY,1.0,4.5,0.0,0.0,MID,CRY,1.0,4.5,0.0,0.0,MID,CRY,1.0,4.5,0.0,0.0,MID,CRY,1.0,4.5,0.0,0.0,MID,CRY,1.0,4.5,0.0,0.0,MID,CRY,1.0,4.5,0.0,0.0,MID,CRY,0.0,0.0,4.5,0.0,MID,CRY,1.0,4.5,0.0,0.0,MID,CRY,0.0,0.0,0.0,0.0,MID,CRY,1.0,4.5,0.0,0.0,4.0,2.0
646,Agbinone,MID,CRY,0.0,0.0,0.0,0.0,MID,CRY,0.0,0.0,0.0,0.0,MID,CRY,0.0,4.5,0.0,0.0,MID,CRY,0.0,4.5,0.0,0.0,MID,CRY,0.0,4.5,0.0,0.0,MID,CRY,0.0,4.5,0.0,0.0,MID,CRY,0.0,4.5,0.0,0.0,MID,CRY,0.0,4.5,2.0,1.0,MID,CRY,0.0,4.5,0.0,0.0,MID,CRY,0.0,4.5,0.0,0.0,MID,CRY,0.0,4.5,2.0,1.0,MID,CRY,0.0,4.5,0.0,0.0,MID,CRY,0.0,4.5,0.0,0.0,MID,CRY,0.0,4.5,0.0,0.0,MID,CRY,0.0,4.5,0.0,0.0,MID,CRY,0.0,4.5,0.0,0.0,MID,CRY,0.0,4.5,0.0,0.0,MID,CRY,0.0,4.5,0.0,0.0,MID,CRY,0.0,4.5,0.0,0.0,MID,CRY,0.0,4.5,0.0,0.0,MID,CRY,0.0,4.5,0.0,0.0,MID,CRY,0.0,0.0,4.5,0.0,MID,CRY,1.0,4.5,0.0,0.0,MID,CRY,1.0,4.5,0.0,0.0,MID,CRY,1.0,4.5,0.0,0.0,MID,CRY,1.0,4.5,0.0,0.0,MID,CRY,1.0,4.5,0.0,0.0,MID,CRY,1.0,4.5,0.0,0.0,MID,CRY,1.0,4.5,0.0,0.0,MID,CRY,1.0,4.5,0.0,0.0,MID,CRY,1.0,4.5,0.0,0.0,MID,CRY,0.0,0.0,4.5,0.0,MID,CRY,1.0,4.5,0.0,0.0,MID,CRY,0.0,0.0,0.0,0.0,MID,CRY,1.0,4.5,0.0,0.0,4.0,2.0
647,Rodney,MID,CRY,0.0,0.0,0.0,0.0,MID,CRY,0.0,0.0,0.0,0.0,MID,CRY,0.0,4.5,0.0,0.0,MID,CRY,0.0,4.5,0.0,0.0,MID,CRY,0.0,4.5,0.0,0.0,MID,CRY,0.0,4.5,0.0,0.0,MID,CRY,0.0,4.5,0.0,0.0,MID,CRY,0.0,4.5,0.0,0.0,MID,CRY,0.0,4.5,0.0,0.0,MID,CRY,0.0,4.5,0.0,0.0,MID,CRY,0.0,4.5,0.0,0.0,MID,CRY,0.0,4.5,0.0,0.0,MID,CRY,0.0,4.5,0.0,0.0,MID,CRY,0.0,4.5,0.0,0.0,MID,CRY,0.0,4.5,0.0,0.0,MID,CRY,0.0,4.5,0.0,0.0,MID,CRY,0.0,4.5,0.0,0.0,MID,CRY,0.0,4.5,0.0,0.0,MID,CRY,0.0,4.5,0.0,0.0,MID,CRY,0.0,4.5,0.0,0.0,MID,CRY,0.0,4.5,0.0,0.0,MID,CRY,0.0,0.0,4.5,0.0,MID,CRY,0.0,4.5,0.0,0.0,MID,CRY,0.0,4.5,0.0,0.0,MID,CRY,0.0,4.5,0.0,0.0,MID,CRY,0.0,4.5,0.0,0.0,MID,CRY,0.0,4.5,0.0,0.0,MID,CRY,0.0,4.5,0.0,0.0,MID,CRY,0.0,4.5,0.0,0.0,MID,CRY,0.0,4.5,0.0,0.0,MID,CRY,0.0,4.5,0.0,0.0,MID,CRY,0.0,0.0,4.5,0.0,MID,CRY,0.0,4.5,0.0,0.0,MID,CRY,0.0,0.0,0.0,0.0,MID,CRY,0.0,4.5,0.0,0.0,0.0,0.0
647,Rodney,MID,CRY,0.0,0.0,0.0,0.0,MID,CRY,0.0,0.0,0.0,0.0,MID,CRY,0.0,4.5,0.0,0.0,MID,CRY,0.0,4.5,0.0,0.0,MID,CRY,0.0,4.5,0.0,0.0,MID,CRY,0.0,4.5,0.0,0.0,MID,CRY,0.0,4.5,0.0,0.0,MID,CRY,0.0,4.5,0.0,0.0,MID,CRY,0.0,4.5,0.0,0.0,MID,CRY,0.0,4.5,0.0,0.0,MID,CRY,0.0,4.5,0.0,0.0,MID,CRY,0.0,4.5,0.0,0.0,MID,CRY,0.0,4.5,0.0,0.0,MID,CRY,0.0,4.5,0.0,0.0,MID,CRY,0.0,4.5,0.0,0.0,MID,CRY,0.0,4.5,0.0,0.0,MID,CRY,0.0,4.5,0.0,0.0,MID,CRY,0.0,4.5,0.0,0.0,MID,CRY,0.0,4.5,0.0,0.0,MID,CRY,0.0,4.5,0.0,0.0,MID,CRY,0.0,4.5,0.0,0.0,MID,CRY,0.0,0.0,4.5,0.0,MID,CRY,0.0,4.5,0.0,0.0,MID,CRY,0.0,4.5,0.0,0.0,MID,CRY,0.0,4.5,0.0,0.0,MID,CRY,0.0,4.5,0.0,0.0,MID,CRY,0.0,4.5,0.0,0.0,MID,CRY,0.0,4.5,0.0,0.0,MID,CRY,0.0,4.5,0.0,0.0,MID,CRY,0.0,4.5,0.0,0.0,MID,CRY,0.0,4.5,0.0,0.0,MID,CRY,0.0,0.0,4.5,0.0,MID,CRY,0.0,4.5,0.0,0.0,MID,CRY,0.0,0.0,0.0,0.0,MID,CRY,0.0,4.5,0.0,0.0,0.0,0.0
648,Wheatley,FWD,MUN,0.0,0.0,0.0,0.0,FWD,MUN,0.0,0.0,0.0,0.0,FWD,MUN,0.0,4.5,0.0,0.0,FWD,MUN,0.0,4.5,0.0,0.0,FWD,MUN,0.0,4.5,0.0,0.0,FWD,MUN,0.0,4.5,0.0,0.0,FWD,MUN,0.0,4.5,0.0,0.0,FWD,MUN,0.0,4.5,0.0,0.0,FWD,MUN,0.0,4.5,0.0,0.0,FWD,MUN,0.0,4.5,0.0,0.0,FWD,MUN,0.0,4.5,0.0,0.0,FWD,MUN,0.0,4.5,0.0,0.0,FWD,MUN,0.0,4.5,0.0,0.0,FWD,MUN,0.0,4.5,0.0,0.0,FWD,MUN,0.0,4.5,0.0,0.0,FWD,MUN,0.0,4.5,0.0,0.0,FWD,MUN,0.0,4.5,0.0,0.0,FWD,MUN,0.0,4.5,0.0,0.0,FWD,MUN,0.0,4.5,0.0,0.0,FWD,MUN,0.0,4.5,0.0,0.0,FWD,MUN,0.0,4.5,0.0,0.0,FWD,MUN,0.0,0.0,4.5,0.0,FWD,MUN,1.0,4.5,0.0,0.0,FWD,MUN,1.0,4.5,0.0,0.0,FWD,MUN,1.0,4.5,0.0,0.0,FWD,MUN,1.0,4.5,0.0,0.0,FWD,MUN,1.0,4.5,0.0,0.0,FWD,MUN,1.0,4.5,0.0,0.0,FWD,MUN,1.0,4.5,0.0,0.0,FWD,MUN,1.0,4.5,0.0,0.0,FWD,MUN,1.0,4.5,0.0,0.0,FWD,MUN,0.0,0.0,4.5,0.0,FWD,MUN,1.0,4.5,0.0,0.0,FWD,MUN,0.0,0.0,4.5,0.0,FWD,MUN,1.0,4.5,0.0,0.0,0.0,0.0
649,Meghoma,DEF,BRE,0.0,0.0,0.0,0.0,DEF,BRE,0.0,0.0,0.0,0.0,DEF,BRE,0.0,4.0,0.0,0.0,DEF,BRE,0.0,4.0,0.0,0.0,DEF,BRE,0.0,4.0,0.0,0.0,DEF,BRE,0.0,4.0,0.0,0.0,DEF,BRE,0.0,4.0,0.0,0.0,DEF,BRE,0.0,4.0,0.0,0.0,DEF,BRE,0.0,4.0,0.0,0.0,DEF,BRE,0.0,4.0,0.0,0.0,DEF,BRE,0.0,4.0,0.0,0.0,DEF,BRE,0.0,4.0,0.0,0.0,DEF,BRE,0.0,4.0,0.0,0.0,DEF,BRE,0.0,4.0,0.0,0.0,DEF,BRE,0.0,4.0,0.0,0.0,DEF,BRE,0.0,4.0,4.0,1.0,DEF,BRE,0.0,4.0,0.0,0.0,DEF,BRE,0.0,4.0,0.0,0.0,DEF,BRE,0.0,4.0,0.0,0.0,DEF,BRE,0.0,4.0,0.0,0.0,DEF,BRE,1.0,4.0,0.0,0.0,DEF,BRE,1.0,0.0,4.0,0.0,DEF,BRE,1.0,4.0,0.0,0.0,DEF,BRE,1.0,4.0,0.0,0.0,DEF,BRE,1.0,4.0,0.0,0.0,DEF,BRE,1.0,4.0,0.0,0.0,DEF,BRE,1.0,4.0,0.0,0.0,DEF,BRE,1.0,4.0,0.0,0.0,DEF,BRE,1.0,4.0,0.0,0.0,DEF,BRE,1.0,4.0,0.0,0.0,DEF,BRE,1.0,4.0,0.0,0.0,DEF,BRE,1.0,0.0,4.0,0.0,DEF,BRE,1.0,4.0,0.0,0.0,DEF,BRE,1.0,0.0,4.0,0.0,DEF,BRE,1.0,4.0,0.0,0.0,4.0,1.0
650,Lacroix,DEF,CRY,0.0,0.0,0.0,0.0,DEF,CRY,0.0,0.0,0.0,0.0,DEF,CRY,0.0,4.5,0.0,0.0,DEF,CRY,0.0,4.5,90.0,1.0,DEF,CRY,0.0,4.5,90.0,5.0,DEF,CRY,0.0,4.5,90.0,4.0,DEF,CRY,0.0,4.5,90.0,2.0,DEF,CRY,0.0,4.5,90.0,2.0,DEF,CRY,0.0,4.5,90.0,5.0,DEF,CRY,0.0,4.5,90.0,1.0,DEF,CRY,0.0,4.5,90.0,0.0,DEF,CRY,0.0,4.5,90.0,1.0,DEF,CRY,0.0,4.5,90.0,2.0,DEF,CRY,0.0,4.5,90.0,8.0,DEF,CRY,0.0,4.5,90.0,7.0,DEF,CRY,0.0,4.5,90.0,2.0,DEF,CRY,0.0,4.5,90.0,0.0,DEF,CRY,0.0,4.5,90.0,6.0,DEF,CRY,0.0,4.5,90.0,2.0,DEF,CRY,0.0,4.5,90.0,2.0,DEF,CRY,0.0,4.5,90.0,8.0,DEF,CRY,0.0,90.0,4.5,7.0,DEF,CRY,0.0,4.5,90.0,0.0,DEF,CRY,0.0,4.5,90.0,10.0,DEF,CRY,0.0,4.5,85.0,1.0,DEF,CRY,0.0,4.5,90.0,9.0,DEF,CRY,0.0,4.5,90.0,2.0,DEF,CRY,0.0,4.5,90.0,6.0,DEF,CRY,0.0,4.5,0.0,0.0,DEF,CRY,0.0,4.5,90.0,2.0,DEF,CRY,0.25,4.5,89.0,2.0,DEF,CRY,0.0,62.0,4.5,-1.0,DEF,CRY,0.0,4.5,270.0,7.0,DEF,CRY,0.0,0.0,0.0,0.0,DEF,CRY,0.0,4.5,0.0,0.0,2756.0,103.0
650,Lacroix,DEF,CRY,0.0,0.0,0.0,0.0,DEF,CRY,0.0,0.0,0.0,0.0,DEF,CRY,0.0,4.5,0.0,0.0,DEF,CRY,0.0,4.5,90.0,1.0,DEF,CRY,0.0,4.5,90.0,5.0,DEF,CRY,0.0,4.5,90.0,4.0,DEF,CRY,0.0,4.5,90.0,2.0,DEF,CRY,0.0,4.5,90.0,2.0,DEF,CRY,0.0,4.5,90.0,5.0,DEF,CRY,0.0,4.5,90.0,1.0,DEF,CRY,0.0,4.5,90.0,0.0,DEF,CRY,0.0,4.5,90.0,1.0,DEF,CRY,0.0,4.5,90.0,2.0,DEF,CRY,0.0,4.5,90.0,8.0,DEF,CRY,0.0,4.5,90.0,7.0,DEF,CRY,0.0,4.5,90.0,2.0,DEF,CRY,0.0,4.5,90.0,0.0,DEF,CRY,0.0,4.5,90.0,6.0,DEF,CRY,0.0,4.5,90.0,2.0,DEF,CRY,0.0,4.5,90.0,2.0,DEF,CRY,0.0,4.5,90.0,8.0,DEF,CRY,0.0,90.0,4.5,7.0,DEF,CRY,0.0,4.5,90.0,0.0,DEF,CRY,0.0,4.5,90.0,10.0,DEF,CRY,0.0,4.5,85.0,1.0,DEF,CRY,0.0,4.5,90.0,9.0,DEF,CRY,0.0,4.5,90.0,2.0,DEF,CRY,0.0,4.5,90.0,6.0,DEF,CRY,0.0,4.5,0.0,0.0,DEF,CRY,0.0,4.5,90.0,2.0,DEF,CRY,0.25,4.5,89.0,2.0,DEF,CRY,0.0,90.0,4.5,0.0,DEF,CRY,0.0,4.5,242.0,6.0,DEF,CRY,0.0,0.0,0.0,0.0,DEF,CRY,0.0,4.5,0.0,0.0,2756.0,103.0
651,Mangala,MID,EVE,0.0,0.0,0.0,0.0,MID,EVE,0.0,0.0,0.0,0.0,MID,EVE,0.0,5.0,0.0,0.0,MID,EVE,0.0,5.0,26.0,1.0,MID,EVE,0.0,5.0,90.0,2.0,MID,EVE,0.0,5.0,82.0,2.0,MID,EVE,0.0,5.0,56.0,1.0,MID,EVE,0.0,5.0,9.0,1.0,MID,EVE,0.0,5.0,10.0,1.0,MID,EVE,0.0,5.0,90.0,2.0,MID,EVE,0.0,5.0,90.0,3.0,MID,EVE,0.0,5.0,18.0,1.0,MID,EVE,0.0,5.0,23.0,1.0,MID,EVE,0.0,5.0,88.0,7.0,MID,EVE,0.0,5.0,0.0,0.0,MID,EVE,0.0,5.0,90.0,3.0,MID,EVE,0.0,5.0,90.0,3.0,MID,EVE,0.0,5.0,90.0,1.0,MID,EVE,0.0,5.0,90.0,2.0,MID,EVE,0.0,5.0,45.0,1.0,MID,EVE,0.0,5.0,90.0,2.0,MID,EVE,0.0,90.0,5.0,2.0,MID,EVE,0.5,5.0,90.0,3.0,MID,EVE,1.0,5.0,0.0,0.0,MID,EVE,1.0,5.0,0.0,0.0,MID,EVE,1.0,5.0,0.0,0.0,MID,EVE,1.0,5.0,0.0,0.0,MID,EVE,1.0,5.0,0.0,0.0,MID,EVE,1.0,5.0,0.0,0.0,MID,EVE,1.0,5.0,0.0,0.0,MID,EVE,1.0,5.0,0.0,0.0,MID,EVE,0.0,0.0,5.0,0.0,MID,EVE,1.0,5.0,0.0,0.0,MID,EVE,0.0,0.0,5.0,0.0,MID,EVE,1.0,5.0,0.0,0.0,1257.0,39.0
652,Ugarte,MID,MUN,0.0,0.0,0.0,0.0,MID,MUN,0.0,0.0,0.0,0.0,MID,MUN,0.0,5.0,0.0,0.0,MID,MUN,0.0,5.0,17.0,1.0,MID,MUN,0.0,5.0,14.0,1.0,MID,MUN,0.0,5.0,71.0,1.0,MID,MUN,0.0,5.0,0.0,0.0,MID,MUN,0.0,4.9,2.0,1.0,MID,MUN,0.0,4.9,0.0,0.0,MID,MUN,0.0,4.9,83.0,1.0,MID,MUN,0.0,4.9,90.0,3.0,MID,MUN,0.0,4.9,34.0,1.0,MID,MUN,0.0,4.9,24.0,1.0,MID,MUN,0.0,4.9,90.0,1.0,MID,MUN,0.0,4.9,75.0,2.0,MID,MUN,0.0,4.9,90.0,2.0,MID,MUN,0.0,4.9,54.0,0.0,MID,MUN,1.0,4.9,62.0,1.0,MID,MUN,0.0,4.9,0.0,0.0,MID,MUN,0.0,4.9,90.0,2.0,MID,MUN,0.0,4.9,53.0,-1.0,MID,MUN,0.0,63.0,4.9,1.0,MID,MUN,0.25,4.9,75.0,2.0,MID,MUN,0.0,4.9,86.0,1.0,MID,MUN,0.25,4.9,0.0,0.0,MID,MUN,0.0,4.9,90.0,8.0,MID,MUN,0.0,4.9,90.0,2.0,MID,MUN,0.5,4.9,0.0,0.0,MID,MUN,0.0,4.9,68.0,3.0,MID,MUN,0.0,4.9,45.0,1.0,MID,MUN,0.0,4.9,70.0,3.0,MID,MUN,0.0,90.0,4.9,1.0,MID,MUN,0.0,4.9,58.0,1.0,MID,MUN,0.0,25.0,4.9,4.0,MID,MUN,0.0,4.9,90.0,4.0,1699.0,48.0
653,Morato,DEF,NOT,0.0,0.0,0.0,0.0,DEF,NOT,0.0,0.0,0.0,0.0,DEF,NOT,0.0,4.5,0.0,0.0,DEF,NOT,0.0,4.5,9.0,1.0,DEF,NOT,0.0,4.5,18.0,1.0,DEF,NOT,0.0,4.5,0.0,0.0,DEF,NOT,0.0,4.5,8.0,1.0,DEF,NOT,0.0,4.5,12.0,1.0,DEF,NOT,0.0,4.5,18.0,1.0,DEF,NOT,0.0,4.5,0.0,0.0,DEF,NOT,0.0,4.5,0.0,0.0,DEF,NOT,0.0,4.5,0.0,0.0,DEF,NOT,0.0,4.5,12.0,1.0,DEF,NOT,0.0,4.5,45.0,1.0,DEF,NOT,0.0,4.5,22.0,1.0,DEF,NOT,0.0,4.5,22.0,1.0,DEF,NOT,0.0,4.5,90.0,6.0,DEF,NOT,0.0,4.5,16.0,1.0,DEF,NOT,0.0,4.5,90.0,8.0,DEF,NOT,0.0,4.5,30.0,1.0,DEF,NOT,0.0,4.5,1.0,1.0,DEF,NOT,0.0,16.0,4.5,1.0,DEF,NOT,0.0,4.5,24.0,-1.0,DEF,NOT,0.0,4.5,90.0,6.0,DEF,NOT,0.0,4.5,67.0,1.0,DEF,NOT,0.0,4.5,0.0,0.0,DEF,NOT,0.0,4.5,0.0,0.0,DEF,NOT,0.0,4.5,3.0,1.0,DEF,NOT,0.0,4.5,23.0,0.0,DEF,NOT,0.0,4.5,50.0,1.0,DEF,NOT,0.0,4.5,74.0,0.0,DEF,NOT,0.0,0.0,4.5,0.0,DEF,NOT,0.0,4.5,45.0,1.0,DEF,NOT,0.0,0.0,4.5,0.0,DEF,NOT,0.0,4.5,9.0,0.0,794.0,36.0
654,C.Soler,MID,WHM,0.0,0.0,0.0,0.0,MID,WHM,0.0,0.0,0.0,0.0,MID,WHM,0.0,5.0,0.0,0.0,MID,WHM,0.0,5.0,20.0,0.0,MID,WHM,0.0,5.0,36.0,0.0,MID,WHM,0.0,5.0,45.0,1.0,MID,WHM,0.0,5.0,20.0,1.0,MID,WHM,0.0,5.0,29.0,0.0,MID,WHM,0.0,5.0,45.0,1.0,MID,WHM,0.0,5.0,45.0,1.0,MID,WHM,0.0,5.0,23.0,1.0,MID,WHM,0.0,5.0,83.0,3.0,MID,WHM,0.0,5.0,77.0,5.0,MID,WHM,0.0,5.0,61.0,2.0,MID,WHM,0.0,5.0,63.0,2.0,MID,WHM,1.0,5.0,55.0,0.0,MID,WHM,0.0,5.0,0.0,0.0,MID,WHM,0.25,5.0,45.0,1.0,MID,WHM,0.0,5.0,72.0,2.0,MID,WHM,0.0,5.0,0.0,0.0,MID,WHM,0.0,5.0,71.0,9.0,MID,WHM,0.0,45.0,5.0,1.0,MID,WHM,0.0,5.0,74.0,2.0,MID,WHM,0.0,5.0,76.0,2.0,MID,WHM,0.0,5.0,45.0,1.0,MID,WHM,0.0,5.0,2.0,1.0,MID,WHM,0.0,5.0,24.0,1.0,MID,WHM,0.0,5.0,25.0,1.0,MID,WHM,0.0,5.0,7.0,1.0,MID,WHM,0.0,5.0,45.0,1.0,MID,WHM,0.0,5.0,36.0,1.0,MID,WHM,0.0,77.0,5.0,2.0,MID,WHM,0.0,5.0,90.0,2.0,MID,WHM,0.0,0.0,5.0,0.0,MID,WHM,0.0,5.0,10.0,1.0,1346.0,46.0
655,Forbs,MID,WOL,0.0,0.0,0.0,0.0,MID,WOL,0.0,0.0,0.0,0.0,MID,WOL,0.0,5.5,0.0,0.0,MID,WOL,0.0,5.5,4.0,1.0,MID,WOL,0.0,5.5,0.0,0.0,MID,WOL,0.0,5.5,38.0,0.0,MID,WOL,0.0,5.5,67.0,1.0,MID,WOL,0.0,5.5,23.0,1.0,MID,WOL,0.0,5.5,49.0,1.0,MID,WOL,0.0,5.5,0.0,0.0,MID,WOL,0.0,5.5,0.0,0.0,MID,WOL,0.0,5.5,0.0,0.0,MID,WOL,0.0,5.5,26.0,1.0,MID,WOL,0.0,5.5,0.0,0.0,MID,WOL,0.0,5.5,0.0,0.0,MID,WOL,0.0,5.5,0.0,0.0,MID,WOL,0.0,5.5,1.0,1.0,MID,WOL,0.0,5.5,0.0,0.0,MID,WOL,0.0,5.5,12.0,1.0,MID,WOL,0.0,5.5,15.0,1.0,MID,WOL,0.0,5.5,0.0,0.0,MID,WOL,0.0,0.0,5.5,0.0,MID,WOL,0.25,5.5,0.0,0.0,MID,WOL,0.0,5.4,0.0,0.0,MID,WOL,0.0,5.4,0.0,0.0,MID,WOL,0.0,5.4,0.0,0.0,MID,WOL,0.0,5.4,0.0,0.0,MID,WOL,0.0,5.4,0.0,0.0,MID,WOL,0.0,5.4,0.0,0.0,MID,WOL,0.0,5.4,0.0,0.0,MID,WOL,0.0,5.4,0.0,0.0,MID,WOL,0.0,0.0,5.4,0.0,MID,WOL,0.0,5.4,0.0,0.0,MID,WOL,0.0,1.0,5.4,1.0,MID,WOL,0.0,5.4,0.0,0.0,236.0,9.0
656,K. Young,MID,AST,0.0,0.0,0.0,0.0,MID,AST,0.0,0.0,0.0,0.0,MID,AST,0.0,0.0,0.0,0.0,MID,AST,0.0,4.5,0.0,0.0,MID,AST,0.0,4.5,0.0,0.0,MID,AST,0.0,4.5,0.0,0.0,MID,AST,0.0,4.5,0.0,0.0,MID,AST,0.0,4.5,0.0,0.0,MID,AST,0.0,4.5,0.0,0.0,MID,AST,0.0,4.5,0.0,0.0,MID,AST,0.0,4.5,0.0,0.0,MID,AST,0.0,4.5,0.0,0.0,MID,AST,0.0,4.5,0.0,0.0,MID,AST,0.0,4.5,0.0,0.0,MID,AST,0.0,4.5,0.0,0.0,MID,AST,0.0,4.5,0.0,0.0,MID,AST,0.0,4.5,0.0,0.0,MID,AST,0.0,4.5,0.0,0.0,MID,AST,0.0,4.5,0.0,0.0,MID,AST,0.0,4.5,0.0,0.0,MID,AST,0.0,4.5,0.0,0.0,MID,AST,0.0,0.0,4.5,0.0,MID,AST,0.0,4.5,0.0,0.0,MID,AST,0.0,4.5,0.0,0.0,MID,AST,0.0,4.5,0.0,0.0,MID,AST,0.0,4.5,0.0,0.0,MID,AST,1.0,4.4,0.0,0.0,MID,AST,1.0,4.4,0.0,0.0,MID,AST,1.0,4.4,0.0,0.0,MID,AST,1.0,4.4,0.0,0.0,MID,AST,1.0,4.4,0.0,0.0,MID,AST,0.0,0.0,4.4,0.0,MID,AST,1.0,4.4,0.0,0.0,MID,AST,0.0,0.0,0.0,0.0,MID,AST,1.0,4.4,0.0,0.0,0.0,0.0
657,Kacurri,DEF,ARS,0.0,0.0,0.0,0.0,DEF,ARS,0.0,0.0,0.0,0.0,DEF,ARS,0.0,0.0,0.0,0.0,DEF,ARS,0.0,4.0,0.0,0.0,DEF,ARS,0.0,4.0,0.0,0.0,DEF,ARS,0.0,4.0,0.0,0.0,DEF,ARS,0.0,4.0,0.0,0.0,DEF,ARS,0.0,4.0,0.0,0.0,DEF,ARS,0.0,4.0,0.0,0.0,DEF,ARS,0.0,4.0,0.0,0.0,DEF,ARS,0.0,4.0,0.0,0.0,DEF,ARS,0.0,4.0,0.0,0.0,DEF,ARS,0.0,4.0,0.0,0.0,DEF,ARS,0.0,4.0,0.0,0.0,DEF,ARS,0.0,4.0,0.0,0.0,DEF,ARS,0.0,4.0,0.0,0.0,DEF,ARS,0.0,4.0,0.0,0.0,DEF,ARS,0.0,4.0,0.0,0.0,DEF,ARS,0.0,4.0,0.0,0.0,DEF,ARS,0.0,4.0,0.0,0.0,DEF,ARS,0.0,4.0,0.0,0.0,DEF,ARS,0.0,0.0,4.0,0.0,DEF,ARS,0.0,4.0,0.0,0.0,DEF,ARS,1.0,4.0,0.0,0.0,DEF,ARS,1.0,4.0,0.0,0.0,DEF,ARS,1.0,4.0,0.0,0.0,DEF,ARS,1.0,4.0,0.0,0.0,DEF,ARS,1.0,4.0,0.0,0.0,DEF,ARS,1.0,4.0,0.0,0.0,DEF,ARS,1.0,4.0,0.0,0.0,DEF,ARS,1.0,4.0,0.0,0.0,DEF,ARS,0.0,0.0,4.0,0.0,DEF,ARS,1.0,4.0,0.0,0.0,DEF,ARS,0.0,0.0,0.0,0.0,DEF,ARS,1.0,4.0,0.0,0.0,0.0,0.0
658,Heaven,DEF,MUN,0.0,0.0,0.0,0.0,DEF,MUN,0.0,0.0,0.0,0.0,DEF,MUN,0.0,0.0,0.0,0.0,DEF,ARS,0.0,4.0,0.0,0.0,DEF,ARS,0.0,4.0,0.0,0.0,DEF,ARS,0.0,4.0,0.0,0.0,DEF,ARS,0.0,4.0,0.0,0.0,DEF,ARS,0.0,4.0,0.0,0.0,DEF,ARS,0.0,4.0,0.0,0.0,DEF,ARS,0.0,4.0,0.0,0.0,DEF,ARS,0.0,4.0,0.0,0.0,DEF,ARS,0.0,4.0,0.0,0.0,DEF,ARS,0.0,4.0,0.0,0.0,DEF,ARS,0.0,4.0,0.0,0.0,DEF,ARS,0.0,4.0,0.0,0.0,DEF,ARS,0.0,4.0,0.0,0.0,DEF,ARS,0.0,4.0,0.0,0.0,DEF,ARS,0.0,4.0,0.0,0.0,DEF,ARS,0.0,4.0,0.0,0.0,DEF,ARS,0.0,4.0,0.0,0.0,DEF,ARS,0.0,4.0,0.0,0.0,DEF,ARS,0.0,0.0,4.0,0.0,DEF,ARS,0.0,4.0,0.0,0.0,DEF,MUN,0.0,4.0,0.0,0.0,DEF,MUN,0.0,4.0,0.0,0.0,DEF,MUN,0.0,4.0,0.0,0.0,DEF,MUN,0.0,4.0,0.0,0.0,DEF,MUN,0.0,4.0,45.0,1.0,DEF,MUN,0.25,4.0,50.0,1.0,DEF,MUN,1.0,4.0,0.0,0.0,DEF,MUN,1.0,4.0,0.0,0.0,DEF,MUN,0.0,0.0,4.0,0.0,DEF,MUN,1.0,4.0,0.0,0.0,DEF,MUN,0.0,0.0,4.0,0.0,DEF,MUN,0.75,4.0,0.0,0.0,95.0,2.0
659,Kabia,MID,ARS,0.0,0.0,0.0,0.0,MID,ARS,0.0,0.0,0.0,0.0,MID,ARS,0.0,0.0,0.0,0.0,MID,ARS,0.0,4.5,0.0,0.0,MID,ARS,0.0,4.5,0.0,0.0,MID,ARS,0.0,4.5,0.0,0.0,MID,ARS,0.0,4.5,0.0,0.0,MID,ARS,0.0,4.5,0.0,0.0,MID,ARS,0.0,4.5,0.0,0.0,MID,ARS,0.0,4.5,0.0,0.0,MID,ARS,0.0,4.5,0.0,0.0,MID,ARS,0.0,4.5,0.0,0.0,MID,ARS,0.0,4.5,0.0,0.0,MID,ARS,0.0,4.5,0.0,0.0,MID,ARS,0.0,4.5,0.0,0.0,MID,ARS,0.0,4.5,0.0,0.0,MID,ARS,0.0,4.5,0.0,0.0,MID,ARS,0.0,4.5,0.0,0.0,MID,ARS,0.0,4.5,0.0,0.0,MID,ARS,0.0,4.5,0.0,0.0,MID,ARS,0.0,4.5,0.0,0.0,MID,ARS,0.0,0.0,4.5,0.0,MID,ARS,0.0,4.5,0.0,0.0,MID,ARS,0.0,4.5,0.0,0.0,MID,ARS,0.0,4.5,0.0,0.0,MID,ARS,0.0,4.5,0.0,0.0,MID,ARS,0.0,4.5,0.0,0.0,MID,ARS,0.0,4.5,0.0,0.0,MID,ARS,0.0,4.5,0.0,0.0,MID,ARS,0.0,4.5,0.0,0.0,MID,ARS,0.0,4.5,0.0,0.0,MID,ARS,0.0,0.0,4.5,0.0,MID,ARS,0.0,4.5,0.0,0.0,MID,ARS,0.0,0.0,0.0,0.0,MID,ARS,0.0,4.5,0.0,0.0,0.0,0.0
660,Jaros,GKP,LIV,0.0,0.0,0.0,0.0,GKP,LIV,0.0,0.0,0.0,0.0,GKP,LIV,0.0,0.0,0.0,0.0,GKP,LIV,0.0,0.0,0.0,0.0,GKP,LIV,0.0,4.0,0.0,0.0,GKP,LIV,0.0,4.0,0.0,0.0,GKP,LIV,0.0,4.0,11.0,1.0,GKP,LIV,0.0,4.0,0.0,0.0,GKP,LIV,0.0,4.0,0.0,0.0,GKP,LIV,0.0,4.0,0.0,0.0,GKP,LIV,0.0,4.0,0.0,0.0,GKP,LIV,0.0,4.0,0.0,0.0,GKP,LIV,0.0,4.0,0.0,0.0,GKP,LIV,0.0,4.0,0.0,0.0,GKP,LIV,0.0,4.0,0.0,0.0,GKP,LIV,0.0,4.0,0.0,0.0,GKP,LIV,0.0,4.0,0.0,0.0,GKP,LIV,0.0,4.0,0.0,0.0,GKP,LIV,0.0,4.0,0.0,0.0,GKP,LIV,0.0,4.0,0.0,0.0,GKP,LIV,0.0,4.0,0.0,0.0,GKP,LIV,0.0,0.0,4.0,0.0,GKP,LIV,0.0,4.0,0.0,0.0,GKP,LIV,0.0,4.0,0.0,0.0,GKP,LIV,0.0,4.0,0.0,0.0,GKP,LIV,0.0,4.0,0.0,0.0,GKP,LIV,0.0,4.0,0.0,0.0,GKP,LIV,0.0,4.0,0.0,0.0,GKP,LIV,0.0,4.0,0.0,0.0,GKP,LIV,0.0,4.0,0.0,0.0,GKP,LIV,0.0,4.0,0.0,0.0,GKP,LIV,0.0,0.0,4.0,0.0,GKP,LIV,0.0,4.0,0.0,0.0,GKP,LIV,0.0,0.0,4.0,0.0,GKP,LIV,0.0,4.0,0.0,0.0,11.0,1.0
661,Yogane,MID,BRE,0.0,0.0,0.0,0.0,MID,BRE,0.0,0.0,0.0,0.0,MID,BRE,0.0,0.0,0.0,0.0,MID,BRE,0.0,0.0,0.0,0.0,MID,BRE,0.0,4.5,0.0,0.0,MID,BRE,0.0,4.5,0.0,0.0,MID,BRE,0.0,4.5,0.0,0.0,MID,BRE,0.0,4.5,0.0,0.0,MID,BRE,0.0,4.5,0.0,0.0,MID,BRE,0.0,4.5,0.0,0.0,MID,BRE,0.0,4.5,0.0,0.0,MID,BRE,0.0,4.5,0.0,0.0,MID,BRE,0.0,4.5,0.0,0.0,MID,BRE,0.0,4.5,0.0,0.0,MID,BRE,0.0,4.5,0.0,0.0,MID,BRE,0.0,4.5,0.0,0.0,MID,BRE,0.0,4.5,0.0,0.0,MID,BRE,0.0,4.5,0.0,0.0,MID,BRE,0.0,4.5,0.0,0.0,MID,BRE,0.0,4.5,0.0,0.0,MID,BRE,0.0,4.5,0.0,0.0,MID,BRE,0.0,0.0,4.5,0.0,MID,BRE,1.0,4.5,0.0,0.0,MID,BRE,1.0,4.5,0.0,0.0,MID,BRE,1.0,4.5,0.0,0.0,MID,BRE,1.0,4.5,0.0,0.0,MID,BRE,1.0,4.5,0.0,0.0,MID,BRE,1.0,4.5,0.0,0.0,MID,BRE,1.0,4.5,0.0,0.0,MID,BRE,1.0,4.5,0.0,0.0,MID,BRE,1.0,4.5,0.0,0.0,MID,BRE,0.0,0.0,4.5,0.0,MID,BRE,1.0,4.5,0.0,0.0,MID,BRE,0.0,0.0,4.5,0.0,MID,BRE,1.0,4.5,0.0,0.0,0.0,0.0
662,Nichols,DEF,ARS,0.0,0.0,0.0,0.0,DEF,ARS,0.0,0.0,0.0,0.0,DEF,ARS,0.0,0.0,0.0,0.0,DEF,ARS,0.0,0.0,0.0,0.0,DEF,ARS,0.0,0.0,0.0,0.0,DEF,ARS,0.0,4.0,0.0,0.0,DEF,ARS,0.0,4.0,0.0,0.0,DEF,ARS,0.0,4.0,0.0,0.0,DEF,ARS,0.0,4.0,0.0,0.0,DEF,ARS,0.0,4.0,0.0,0.0,DEF,ARS,0.0,4.0,0.0,0.0,DEF,ARS,0.0,4.0,0.0,0.0,DEF,ARS,0.0,4.0,0.0,0.0,DEF,ARS,0.0,4.0,0.0,0.0,DEF,ARS,0.0,4.0,0.0,0.0,DEF,ARS,0.0,4.0,0.0,0.0,DEF,ARS,0.0,4.0,0.0,0.0,DEF,ARS,0.0,4.0,0.0,0.0,DEF,ARS,0.0,4.0,0.0,0.0,DEF,ARS,0.0,4.0,0.0,0.0,DEF,ARS,0.0,4.0,0.0,0.0,DEF,ARS,0.0,0.0,4.0,0.0,DEF,ARS,0.0,4.0,0.0,0.0,DEF,ARS,0.0,4.0,0.0,0.0,DEF,ARS,0.0,4.0,0.0,0.0,DEF,ARS,0.0,4.0,0.0,0.0,DEF,ARS,0.0,4.0,0.0,0.0,DEF,ARS,0.0,4.0,0.0,0.0,DEF,ARS,0.0,4.0,0.0,0.0,DEF,ARS,0.0,4.0,0.0,0.0,DEF,ARS,0.0,4.0,0.0,0.0,DEF,ARS,0.0,0.0,4.0,0.0,DEF,ARS,0.0,4.0,0.0,0.0,DEF,ARS,0.0,0.0,0.0,0.0,DEF,ARS,0.0,4.0,0.0,0.0,0.0,0.0
663,Samuels,DEF,BRI,0.0,0.0,0.0,0.0,DEF,BRI,0.0,0.0,0.0,0.0,DEF,BRI,0.0,0.0,0.0,0.0,DEF,BRI,0.0,0.0,0.0,0.0,DEF,BRI,0.0,0.0,0.0,0.0,DEF,BRI,0.0,4.0,0.0,0.0,DEF,BRI,0.0,4.0,0.0,0.0,DEF,BRI,0.0,4.0,0.0,0.0,DEF,BRI,0.0,4.0,0.0,0.0,DEF,BRI,0.0,4.0,0.0,0.0,DEF,BRI,0.0,4.0,0.0,0.0,DEF,BRI,0.0,4.0,0.0,0.0,DEF,BRI,0.0,4.0,0.0,0.0,DEF,BRI,0.0,4.0,0.0,0.0,DEF,BRI,0.0,4.0,0.0,0.0,DEF,BRI,0.0,4.0,0.0,0.0,DEF,BRI,0.0,4.0,0.0,0.0,DEF,BRI,0.0,4.0,0.0,0.0,DEF,BRI,0.0,4.0,0.0,0.0,DEF,BRI,0.0,4.0,0.0,0.0,DEF,BRI,1.0,4.0,0.0,0.0,DEF,BRI,1.0,0.0,4.0,0.0,DEF,BRI,1.0,4.0,0.0,0.0,DEF,BRI,1.0,4.0,0.0,0.0,DEF,BRI,1.0,4.0,0.0,0.0,DEF,BRI,1.0,4.0,0.0,0.0,DEF,BRI,1.0,4.0,0.0,0.0,DEF,BRI,1.0,4.0,0.0,0.0,DEF,BRI,1.0,4.0,0.0,0.0,DEF,BRI,1.0,4.0,0.0,0.0,DEF,BRI,1.0,4.0,0.0,0.0,DEF,BRI,1.0,0.0,4.0,0.0,DEF,BRI,1.0,4.0,0.0,0.0,DEF,BRI,1.0,0.0,4.0,0.0,DEF,BRI,1.0,4.0,0.0,0.0,0.0,0.0
664,Pond,DEF,WOL,0.0,0.0,0.0,0.0,DEF,WOL,0.0,0.0,0.0,0.0,DEF,WOL,0.0,0.0,0.0,0.0,DEF,WOL,0.0,0.0,0.0,0.0,DEF,WOL,0.0,0.0,0.0,0.0,DEF,WOL,0.0,4.0,0.0,0.0,DEF,WOL,0.0,4.0,0.0,0.0,DEF,WOL,0.0,4.0,0.0,0.0,DEF,WOL,0.0,4.0,0.0,0.0,DEF,WOL,0.0,4.0,0.0,0.0,DEF,WOL,0.0,3.9,0.0,0.0,DEF,WOL,0.0,3.9,1.0,1.0,DEF,WOL,0.0,3.9,0.0,0.0,DEF,WOL,0.0,3.9,0.0,0.0,DEF,WOL,0.0,3.9,0.0,0.0,DEF,WOL,0.0,3.9,0.0,0.0,DEF,WOL,0.0,3.9,0.0,0.0,DEF,WOL,0.0,3.9,0.0,0.0,DEF,WOL,0.0,3.9,0.0,0.0,DEF,WOL,0.0,3.9,0.0,0.0,DEF,WOL,0.0,3.9,0.0,0.0,DEF,WOL,0.0,0.0,3.9,0.0,DEF,WOL,0.0,3.9,0.0,0.0,DEF,WOL,0.0,3.9,0.0,0.0,DEF,WOL,0.0,3.9,0.0,0.0,DEF,WOL,0.0,3.9,0.0,0.0,DEF,WOL,0.0,3.9,0.0,0.0,DEF,WOL,0.0,3.9,0.0,0.0,DEF,WOL,0.0,3.9,0.0,0.0,DEF,WOL,0.0,3.9,0.0,0.0,DEF,WOL,0.0,3.9,0.0,0.0,DEF,WOL,0.0,0.0,3.9,0.0,DEF,WOL,0.0,3.9,0.0,0.0,DEF,WOL,0.0,0.0,3.9,0.0,DEF,WOL,0.0,3.9,0.0,0.0,1.0,1.0
665,Butler-Oyedeji,FWD,ARS,0.0,0.0,0.0,0.0,FWD,ARS,0.0,0.0,0.0,0.0,FWD,ARS,0.0,0.0,0.0,0.0,FWD,ARS,0.0,0.0,0.0,0.0,FWD,ARS,0.0,0.0,0.0,0.0,FWD,ARS,0.0,0.0,0.0,0.0,FWD,ARS,0.0,4.5,0.0,0.0,FWD,ARS,0.0,4.5,0.0,0.0,FWD,ARS,0.0,4.5,0.0,0.0,FWD,ARS,0.0,4.5,0.0,0.0,FWD,ARS,0.0,4.5,0.0,0.0,FWD,ARS,0.0,4.5,0.0,0.0,FWD,ARS,0.0,4.5,0.0,0.0,FWD,ARS,0.0,4.5,0.0,0.0,FWD,ARS,0.0,4.5,0.0,0.0,FWD,ARS,0.0,4.5,0.0,0.0,FWD,ARS,0.0,4.5,0.0,0.0,FWD,ARS,0.0,4.5,0.0,0.0,FWD,ARS,0.0,4.5,0.0,0.0,FWD,ARS,0.0,4.5,0.0,0.0,FWD,ARS,0.0,4.5,0.0,0.0,FWD,ARS,0.0,0.0,4.5,0.0,FWD,ARS,0.0,4.5,0.0,0.0,FWD,ARS,0.0,4.5,0.0,0.0,FWD,ARS,0.0,4.5,0.0,0.0,FWD,ARS,0.0,4.5,0.0,0.0,FWD,ARS,0.0,4.5,0.0,0.0,FWD,ARS,0.0,4.5,0.0,0.0,FWD,ARS,0.0,4.5,0.0,0.0,FWD,ARS,0.0,4.5,0.0,0.0,FWD,ARS,0.0,4.5,0.0,0.0,FWD,ARS,0.0,0.0,4.5,0.0,FWD,ARS,0.0,4.5,6.0,1.0,FWD,ARS,0.0,0.0,0.0,0.0,FWD,ARS,0.0,4.5,0.0,0.0,6.0,1.0
666,Kporha,DEF,CRY,0.0,0.0,0.0,0.0,DEF,CRY,0.0,0.0,0.0,0.0,DEF,CRY,0.0,0.0,0.0,0.0,DEF,CRY,0.0,0.0,0.0,0.0,DEF,CRY,0.0,0.0,0.0,0.0,DEF,CRY,0.0,0.0,0.0,0.0,DEF,CRY,0.0,4.0,0.0,0.0,DEF,CRY,0.0,4.0,0.0,0.0,DEF,CRY,0.0,4.0,0.0,0.0,DEF,CRY,0.0,4.0,0.0,0.0,DEF,CRY,0.0,4.0,1.0,1.0,DEF,CRY,0.0,4.0,0.0,0.0,DEF,CRY,0.0,4.0,0.0,0.0,DEF,CRY,0.0,4.0,0.0,0.0,DEF,CRY,0.0,4.0,0.0,0.0,DEF,CRY,0.0,4.0,0.0,0.0,DEF,CRY,0.0,4.0,10.0,1.0,DEF,CRY,0.0,4.0,0.0,0.0,DEF,CRY,0.0,4.0,0.0,0.0,DEF,CRY,0.0,4.0,0.0,0.0,DEF,CRY,0.0,4.0,0.0,0.0,DEF,CRY,0.0,0.0,4.0,0.0,DEF,CRY,0.0,4.0,0.0,0.0,DEF,CRY,0.0,4.0,0.0,0.0,DEF,CRY,0.0,4.0,0.0,0.0,DEF,CRY,0.0,4.0,0.0,0.0,DEF,CRY,0.0,4.0,0.0,0.0,DEF,CRY,0.0,4.0,0.0,0.0,DEF,CRY,0.0,4.0,0.0,0.0,DEF,CRY,0.0,4.0,0.0,0.0,DEF,CRY,0.0,4.0,0.0,0.0,DEF,CRY,0.0,0.0,4.0,0.0,DEF,CRY,0.0,4.0,0.0,0.0,DEF,CRY,0.0,0.0,0.0,0.0,DEF,CRY,0.0,4.0,0.0,0.0,11.0,2.0
666,Kporha,DEF,CRY,0.0,0.0,0.0,0.0,DEF,CRY,0.0,0.0,0.0,0.0,DEF,CRY,0.0,0.0,0.0,0.0,DEF,CRY,0.0,0.0,0.0,0.0,DEF,CRY,0.0,0.0,0.0,0.0,DEF,CRY,0.0,0.0,0.0,0.0,DEF,CRY,0.0,4.0,0.0,0.0,DEF,CRY,0.0,4.0,0.0,0.0,DEF,CRY,0.0,4.0,0.0,0.0,DEF,CRY,0.0,4.0,0.0,0.0,DEF,CRY,0.0,4.0,1.0,1.0,DEF,CRY,0.0,4.0,0.0,0.0,DEF,CRY,0.0,4.0,0.0,0.0,DEF,CRY,0.0,4.0,0.0,0.0,DEF,CRY,0.0,4.0,0.0,0.0,DEF,CRY,0.0,4.0,0.0,0.0,DEF,CRY,0.0,4.0,10.0,1.0,DEF,CRY,0.0,4.0,0.0,0.0,DEF,CRY,0.0,4.0,0.0,0.0,DEF,CRY,0.0,4.0,0.0,0.0,DEF,CRY,0.0,4.0,0.0,0.0,DEF,CRY,0.0,0.0,4.0,0.0,DEF,CRY,0.0,4.0,0.0,0.0,DEF,CRY,0.0,4.0,0.0,0.0,DEF,CRY,0.0,4.0,0.0,0.0,DEF,CRY,0.0,4.0,0.0,0.0,DEF,CRY,0.0,4.0,0.0,0.0,DEF,CRY,0.0,4.0,0.0,0.0,DEF,CRY,0.0,4.0,0.0,0.0,DEF,CRY,0.0,4.0,0.0,0.0,DEF,CRY,0.0,4.0,0.0,0.0,DEF,CRY,0.0,0.0,4.0,0.0,DEF,CRY,0.0,4.0,0.0,0.0,DEF,CRY,0.0,0.0,0.0,0.0,DEF,CRY,0.0,4.0,0.0,0.0,11.0,2.0
667,Fletcher,MID,MUN,0.0,0.0,0.0,0.0,MID,MUN,0.0,0.0,0.0,0.0,MID,MUN,0.0,0.0,0.0,0.0,MID,MUN,0.0,0.0,0.0,0.0,MID,MUN,0.0,0.0,0.0,0.0,MID,MUN,0.0,0.0,0.0,0.0,MID,MUN,0.0,0.0,0.0,0.0,MID,MUN,0.0,4.5,0.0,0.0,MID,MUN,0.0,4.5,0.0,0.0,MID,MUN,0.0,4.5,0.0,0.0,MID,MUN,0.0,4.5,0.0,0.0,MID,MUN,0.0,4.5,0.0,0.0,MID,MUN,0.0,4.5,0.0,0.0,MID,MUN,0.0,4.5,0.0,0.0,MID,MUN,0.0,4.5,0.0,0.0,MID,MUN,0.0,4.5,0.0,0.0,MID,MUN,0.0,4.5,0.0,0.0,MID,MUN,0.0,4.5,0.0,0.0,MID,MUN,0.0,4.5,0.0,0.0,MID,MUN,0.0,4.5,0.0,0.0,MID,MUN,0.0,4.5,0.0,0.0,MID,MUN,0.0,0.0,4.5,0.0,MID,MUN,0.0,4.5,0.0,0.0,MID,MUN,0.0,4.5,0.0,0.0,MID,MUN,0.0,4.5,0.0,0.0,MID,MUN,0.0,4.5,0.0,0.0,MID,MUN,0.0,4.5,0.0,0.0,MID,MUN,0.0,4.5,0.0,0.0,MID,MUN,0.0,4.5,0.0,0.0,MID,MUN,0.0,4.5,0.0,0.0,MID,MUN,0.0,4.5,0.0,0.0,MID,MUN,0.0,0.0,4.5,0.0,MID,MUN,0.0,4.5,0.0,0.0,MID,MUN,0.0,0.0,4.5,0.0,MID,MUN,0.0,4.5,0.0,0.0,0.0,0.0
668,Cahill,GKP,BRI,0.0,0.0,0.0,0.0,GKP,BRI,0.0,0.0,0.0,0.0,GKP,BRI,0.0,0.0,0.0,0.0,GKP,BRI,0.0,0.0,0.0,0.0,GKP,BRI,0.0,0.0,0.0,0.0,GKP,BRI,0.0,0.0,0.0,0.0,GKP,BRI,0.0,0.0,0.0,0.0,GKP,BRI,0.0,0.0,0.0,0.0,GKP,BRI,0.0,4.0,0.0,0.0,GKP,BRI,0.0,4.0,0.0,0.0,GKP,BRI,0.0,3.9,0.0,0.0,GKP,BRI,0.0,3.9,0.0,0.0,GKP,BRI,0.0,3.9,0.0,0.0,GKP,BRI,0.0,3.9,0.0,0.0,GKP,BRI,0.0,3.9,0.0,0.0,GKP,BRI,0.0,3.9,0.0,0.0,GKP,BRI,0.0,3.9,0.0,0.0,GKP,BRI,0.0,3.9,0.0,0.0,GKP,BRI,0.0,3.9,0.0,0.0,GKP,BRI,0.0,3.9,0.0,0.0,GKP,BRI,0.0,3.9,0.0,0.0,GKP,BRI,0.0,0.0,3.9,0.0,GKP,BRI,0.0,3.9,0.0,0.0,GKP,BRI,0.0,3.9,0.0,0.0,GKP,BRI,0.0,3.9,0.0,0.0,GKP,BRI,0.0,3.9,0.0,0.0,GKP,BRI,0.0,3.9,0.0,0.0,GKP,BRI,0.0,3.9,0.0,0.0,GKP,BRI,0.0,3.9,0.0,0.0,GKP,BRI,0.0,3.9,0.0,0.0,GKP,BRI,0.0,3.9,0.0,0.0,GKP,BRI,0.0,0.0,3.9,0.0,GKP,BRI,0.0,3.9,0.0,0.0,GKP,BRI,0.0,0.0,3.9,0.0,GKP,BRI,0.0,3.9,0.0,0.0,0.0,0.0
669,H. Davies,GKP,LIV,0.0,0.0,0.0,0.0,GKP,LIV,0.0,0.0,0.0,0.0,GKP,LIV,0.0,0.0,0.0,0.0,GKP,LIV,0.0,0.0,0.0,0.0,GKP,LIV,0.0,0.0,0.0,0.0,GKP,LIV,0.0,0.0,0.0,0.0,GKP,LIV,0.0,0.0,0.0,0.0,GKP,LIV,0.0,0.0,0.0,0.0,GKP,LIV,0.0,4.0,0.0,0.0,GKP,LIV,0.0,4.0,0.0,0.0,GKP,LIV,0.0,4.0,0.0,0.0,GKP,LIV,0.0,4.0,0.0,0.0,GKP,LIV,0.0,4.0,0.0,0.0,GKP,LIV,0.0,4.0,0.0,0.0,GKP,LIV,0.0,4.0,0.0,0.0,GKP,LIV,0.0,4.0,0.0,0.0,GKP,LIV,0.0,4.0,0.0,0.0,GKP,LIV,0.0,4.0,0.0,0.0,GKP,LIV,0.0,4.0,0.0,0.0,GKP,LIV,0.0,4.0,0.0,0.0,GKP,LIV,0.0,4.0,0.0,0.0,GKP,LIV,0.0,0.0,4.0,0.0,GKP,LIV,0.0,4.0,0.0,0.0,GKP,LIV,0.0,4.0,0.0,0.0,GKP,LIV,0.0,4.0,0.0,0.0,GKP,LIV,0.0,4.0,0.0,0.0,GKP,LIV,0.0,4.0,0.0,0.0,GKP,LIV,0.0,4.0,0.0,0.0,GKP,LIV,0.0,4.0,0.0,0.0,GKP,LIV,0.0,4.0,0.0,0.0,GKP,LIV,0.0,4.0,0.0,0.0,GKP,LIV,0.0,0.0,4.0,0.0,GKP,LIV,0.0,4.0,0.0,0.0,GKP,LIV,0.0,0.0,4.0,0.0,GKP,LIV,0.0,4.0,0.0,0.0,0.0,0.0
670,Amass,DEF,MUN,0.0,0.0,0.0,0.0,DEF,MUN,0.0,0.0,0.0,0.0,DEF,MUN,0.0,0.0,0.0,0.0,DEF,MUN,0.0,0.0,0.0,0.0,DEF,MUN,0.0,0.0,0.0,0.0,DEF,MUN,0.0,0.0,0.0,0.0,DEF,MUN,0.0,0.0,0.0,0.0,DEF,MUN,0.0,0.0,0.0,0.0,DEF,MUN,0.0,4.0,0.0,0.0,DEF,MUN,0.0,4.0,0.0,0.0,DEF,MUN,0.0,4.0,0.0,0.0,DEF,MUN,0.0,4.0,0.0,0.0,DEF,MUN,0.0,4.0,0.0,0.0,DEF,MUN,0.0,4.0,0.0,0.0,DEF,MUN,0.0,4.0,0.0,0.0,DEF,MUN,0.0,4.0,0.0,0.0,DEF,MUN,0.0,4.0,0.0,0.0,DEF,MUN,0.0,4.0,0.0,0.0,DEF,MUN,0.0,4.0,0.0,0.0,DEF,MUN,0.0,4.0,0.0,0.0,DEF,MUN,0.0,4.0,0.0,0.0,DEF,MUN,0.0,0.0,4.0,0.0,DEF,MUN,0.0,4.0,0.0,0.0,DEF,MUN,0.0,4.0,0.0,0.0,DEF,MUN,0.0,4.0,0.0,0.0,DEF,MUN,0.0,4.0,0.0,0.0,DEF,MUN,0.0,4.0,0.0,0.0,DEF,MUN,0.0,4.0,0.0,0.0,DEF,MUN,0.0,4.0,21.0,1.0,DEF,MUN,0.0,4.0,0.0,0.0,DEF,MUN,0.0,4.0,0.0,0.0,DEF,MUN,0.0,54.0,4.0,0.0,DEF,MUN,0.0,4.0,90.0,2.0,DEF,MUN,0.0,0.0,4.0,0.0,DEF,MUN,0.0,4.0,90.0,0.0,255.0,3.0
671,Wright,MID,MCI,0.0,0.0,0.0,0.0,MID,MCI,0.0,0.0,0.0,0.0,MID,MCI,0.0,0.0,0.0,0.0,MID,MCI,0.0,0.0,0.0,0.0,MID,MCI,0.0,0.0,0.0,0.0,MID,MCI,0.0,0.0,0.0,0.0,MID,MCI,0.0,0.0,0.0,0.0,MID,MCI,0.0,0.0,0.0,0.0,MID,MCI,0.0,0.0,0.0,0.0,MID,MCI,0.0,4.5,0.0,0.0,MID,MCI,0.0,4.5,0.0,0.0,MID,MCI,0.0,4.5,0.0,0.0,MID,MCI,0.0,4.5,0.0,0.0,MID,MCI,0.0,4.5,0.0,0.0,MID,MCI,0.0,4.5,0.0,0.0,MID,MCI,0.0,4.5,0.0,0.0,MID,MCI,0.0,4.5,0.0,0.0,MID,MCI,0.0,4.5,0.0,0.0,MID,MCI,0.0,4.5,0.0,0.0,MID,MCI,0.0,4.5,0.0,0.0,MID,MCI,0.0,4.5,0.0,0.0,MID,MCI,0.0,0.0,4.5,0.0,MID,MCI,0.0,4.5,0.0,0.0,MID,MCI,1.0,4.5,0.0,0.0,MID,MCI,1.0,4.5,0.0,0.0,MID,MCI,1.0,4.5,0.0,0.0,MID,MCI,1.0,4.5,0.0,0.0,MID,MCI,1.0,4.5,0.0,0.0,MID,MCI,1.0,4.5,0.0,0.0,MID,MCI,1.0,4.5,0.0,0.0,MID,MCI,1.0,4.5,0.0,0.0,MID,MCI,0.0,0.0,4.5,0.0,MID,MCI,1.0,4.5,0.0,0.0,MID,MCI,0.0,0.0,0.0,0.0,MID,MCI,1.0,4.5,0.0,0.0,0.0,0.0
672,Simpson-Pusey,DEF,MCI,0.0,0.0,0.0,0.0,DEF,MCI,0.0,0.0,0.0,0.0,DEF,MCI,0.0,0.0,0.0,0.0,DEF,MCI,0.0,0.0,0.0,0.0,DEF,MCI,0.0,0.0,0.0,0.0,DEF,MCI,0.0,0.0,0.0,0.0,DEF,MCI,0.0,0.0,0.0,0.0,DEF,MCI,0.0,0.0,0.0,0.0,DEF,MCI,0.0,0.0,0.0,0.0,DEF,MCI,0.0,4.0,0.0,0.0,DEF,MCI,0.25,4.0,90.0,0.0,DEF,MCI,0.0,4.0,0.0,0.0,DEF,MCI,0.0,4.0,0.0,0.0,DEF,MCI,0.0,4.0,0.0,0.0,DEF,MCI,0.0,4.0,0.0,0.0,DEF,MCI,0.0,4.0,0.0,0.0,DEF,MCI,0.0,4.0,0.0,0.0,DEF,MCI,0.0,4.0,5.0,1.0,DEF,MCI,0.0,4.0,0.0,0.0,DEF,MCI,0.0,4.0,0.0,0.0,DEF,MCI,0.0,4.0,0.0,0.0,DEF,MCI,0.0,0.0,4.0,0.0,DEF,MCI,0.0,4.0,0.0,0.0,DEF,MCI,0.0,4.0,0.0,0.0,DEF,MCI,0.0,4.0,0.0,0.0,DEF,MCI,0.0,4.0,0.0,0.0,DEF,MCI,0.0,4.0,0.0,0.0,DEF,MCI,0.0,4.0,0.0,0.0,DEF,MCI,0.0,4.0,0.0,0.0,DEF,MCI,0.0,4.0,0.0,0.0,DEF,MCI,0.0,4.0,0.0,0.0,DEF,MCI,0.0,0.0,4.0,0.0,DEF,MCI,0.0,4.0,0.0,0.0,DEF,MCI,0.0,0.0,0.0,0.0,DEF,MCI,0.0,4.0,0.0,0.0,95.0,1.0
673,Fitzgerald,MID,MUN,0.0,0.0,0.0,0.0,MID,MUN,0.0,0.0,0.0,0.0,MID,MUN,0.0,0.0,0.0,0.0,MID,MUN,0.0,0.0,0.0,0.0,MID,MUN,0.0,0.0,0.0,0.0,MID,MUN,0.0,0.0,0.0,0.0,MID,MUN,0.0,0.0,0.0,0.0,MID,MUN,0.0,0.0,0.0,0.0,MID,MUN,0.0,0.0,0.0,0.0,MID,MUN,0.0,4.5,0.0,0.0,MID,MUN,0.0,4.5,0.0,0.0,MID,MUN,0.0,4.5,0.0,0.0,MID,MUN,0.0,4.5,0.0,0.0,MID,MUN,0.0,4.5,0.0,0.0,MID,MUN,0.0,4.5,0.0,0.0,MID,MUN,0.0,4.5,0.0,0.0,MID,MUN,0.0,4.5,0.0,0.0,MID,MUN,0.0,4.5,0.0,0.0,MID,MUN,0.0,4.5,0.0,0.0,MID,MUN,0.0,4.5,0.0,0.0,MID,MUN,0.0,4.5,0.0,0.0,MID,MUN,0.0,0.0,4.5,0.0,MID,MUN,0.0,4.5,0.0,0.0,MID,MUN,0.0,4.5,0.0,0.0,MID,MUN,0.0,4.5,0.0,0.0,MID,MUN,0.0,4.5,0.0,0.0,MID,MUN,0.0,4.5,0.0,0.0,MID,MUN,0.0,4.5,0.0,0.0,MID,MUN,0.0,4.5,0.0,0.0,MID,MUN,0.0,4.5,0.0,0.0,MID,MUN,0.0,4.5,0.0,0.0,MID,MUN,0.0,0.0,4.5,0.0,MID,MUN,0.0,4.5,0.0,0.0,MID,MUN,0.0,0.0,4.5,0.0,MID,MUN,0.0,4.5,0.0,0.0,0.0,0.0
674,Maghoma,MID,BRE,0.0,0.0,0.0,0.0,MID,BRE,0.0,0.0,0.0,0.0,MID,BRE,0.0,0.0,0.0,0.0,MID,BRE,0.0,0.0,0.0,0.0,MID,BRE,0.0,0.0,0.0,0.0,MID,BRE,0.0,0.0,0.0,0.0,MID,BRE,0.0,0.0,0.0,0.0,MID,BRE,0.0,0.0,0.0,0.0,MID,BRE,0.0,0.0,0.0,0.0,MID,BRE,0.0,4.5,0.0,0.0,MID,BRE,0.0,4.5,0.0,0.0,MID,BRE,0.0,4.5,0.0,0.0,MID,BRE,0.0,4.5,0.0,0.0,MID,BRE,0.0,4.5,26.0,1.0,MID,BRE,0.0,4.5,1.0,1.0,MID,BRE,0.0,4.5,0.0,0.0,MID,BRE,0.0,4.5,23.0,1.0,MID,BRE,0.0,4.5,0.0,0.0,MID,BRE,0.0,4.5,15.0,1.0,MID,BRE,0.0,4.5,9.0,1.0,MID,BRE,0.0,4.5,0.0,0.0,MID,BRE,0.0,0.0,4.5,0.0,MID,BRE,0.0,4.5,0.0,0.0,MID,BRE,0.0,4.5,0.0,0.0,MID,BRE,0.0,4.5,0.0,0.0,MID,BRE,0.0,4.5,17.0,1.0,MID,BRE,0.0,4.5,14.0,1.0,MID,BRE,0.0,4.5,0.0,0.0,MID,BRE,0.0,4.5,0.0,0.0,MID,BRE,0.0,4.5,7.0,1.0,MID,BRE,0.0,4.5,0.0,0.0,MID,BRE,0.0,0.0,4.5,0.0,MID,BRE,0.0,4.5,0.0,0.0,MID,BRE,0.0,0.0,4.5,0.0,MID,BRE,0.0,4.5,0.0,0.0,112.0,8.0
675,Wilson-Esbrand,DEF,MCI,0.0,0.0,0.0,0.0,DEF,MCI,0.0,0.0,0.0,0.0,DEF,MCI,0.0,0.0,0.0,0.0,DEF,MCI,0.0,0.0,0.0,0.0,DEF,MCI,0.0,0.0,0.0,0.0,DEF,MCI,0.0,0.0,0.0,0.0,DEF,MCI,0.0,0.0,0.0,0.0,DEF,MCI,0.0,0.0,0.0,0.0,DEF,MCI,0.0,0.0,0.0,0.0,DEF,MCI,0.0,0.0,0.0,0.0,DEF,MCI,0.0,4.0,0.0,0.0,DEF,MCI,0.0,4.0,0.0,0.0,DEF,MCI,0.0,4.0,0.0,0.0,DEF,MCI,0.0,4.0,0.0,0.0,DEF,MCI,0.0,4.0,0.0,0.0,DEF,MCI,0.0,4.0,0.0,0.0,DEF,MCI,0.0,4.0,0.0,0.0,DEF,MCI,0.0,4.0,0.0,0.0,DEF,MCI,0.0,4.0,0.0,0.0,DEF,MCI,0.0,4.0,0.0,0.0,DEF,MCI,0.0,4.0,0.0,0.0,DEF,MCI,0.0,0.0,4.0,0.0,DEF,MCI,1.0,4.0,0.0,0.0,DEF,MCI,1.0,4.0,0.0,0.0,DEF,MCI,1.0,4.0,0.0,0.0,DEF,MCI,1.0,4.0,0.0,0.0,DEF,MCI,1.0,4.0,0.0,0.0,DEF,MCI,1.0,4.0,0.0,0.0,DEF,MCI,1.0,4.0,0.0,0.0,DEF,MCI,1.0,4.0,0.0,0.0,DEF,MCI,1.0,4.0,0.0,0.0,DEF,MCI,0.0,0.0,4.0,0.0,DEF,MCI,1.0,4.0,0.0,0.0,DEF,MCI,0.0,0.0,0.0,0.0,DEF,MCI,1.0,4.0,0.0,0.0,0.0,0.0
676,Marsh,FWD,CRY,0.0,0.0,0.0,0.0,FWD,CRY,0.0,0.0,0.0,0.0,FWD,CRY,0.0,0.0,0.0,0.0,FWD,CRY,0.0,0.0,0.0,0.0,FWD,CRY,0.0,0.0,0.0,0.0,FWD,CRY,0.0,0.0,0.0,0.0,FWD,CRY,0.0,0.0,0.0,0.0,FWD,CRY,0.0,0.0,0.0,0.0,FWD,CRY,0.0,0.0,0.0,0.0,FWD,CRY,0.0,0.0,0.0,0.0,FWD,CRY,0.0,4.5,0.0,0.0,FWD,CRY,0.0,4.5,0.0,0.0,FWD,CRY,0.0,4.5,0.0,0.0,FWD,CRY,0.0,4.5,0.0,0.0,FWD,CRY,0.0,4.5,0.0,0.0,FWD,CRY,0.0,4.5,0.0,0.0,FWD,CRY,0.0,4.5,0.0,0.0,FWD,CRY,0.0,4.5,0.0,0.0,FWD,CRY,0.0,4.5,0.0,0.0,FWD,CRY,0.0,4.5,0.0,0.0,FWD,CRY,0.0,4.5,0.0,0.0,FWD,CRY,0.0,0.0,4.5,0.0,FWD,CRY,0.0,4.5,0.0,0.0,FWD,CRY,0.0,4.5,0.0,0.0,FWD,CRY,0.0,4.5,0.0,0.0,FWD,CRY,0.0,4.5,0.0,0.0,FWD,CRY,0.0,4.5,0.0,0.0,FWD,CRY,0.0,4.5,0.0,0.0,FWD,CRY,0.0,4.5,0.0,0.0,FWD,CRY,0.0,4.5,0.0,0.0,FWD,CRY,0.0,4.5,0.0,0.0,FWD,CRY,0.0,0.0,4.5,0.0,FWD,CRY,0.0,4.5,0.0,0.0,FWD,CRY,0.0,0.0,0.0,0.0,FWD,CRY,0.0,4.5,0.0,0.0,0.0,0.0
676,Marsh,FWD,CRY,0.0,0.0,0.0,0.0,FWD,CRY,0.0,0.0,0.0,0.0,FWD,CRY,0.0,0.0,0.0,0.0,FWD,CRY,0.0,0.0,0.0,0.0,FWD,CRY,0.0,0.0,0.0,0.0,FWD,CRY,0.0,0.0,0.0,0.0,FWD,CRY,0.0,0.0,0.0,0.0,FWD,CRY,0.0,0.0,0.0,0.0,FWD,CRY,0.0,0.0,0.0,0.0,FWD,CRY,0.0,0.0,0.0,0.0,FWD,CRY,0.0,4.5,0.0,0.0,FWD,CRY,0.0,4.5,0.0,0.0,FWD,CRY,0.0,4.5,0.0,0.0,FWD,CRY,0.0,4.5,0.0,0.0,FWD,CRY,0.0,4.5,0.0,0.0,FWD,CRY,0.0,4.5,0.0,0.0,FWD,CRY,0.0,4.5,0.0,0.0,FWD,CRY,0.0,4.5,0.0,0.0,FWD,CRY,0.0,4.5,0.0,0.0,FWD,CRY,0.0,4.5,0.0,0.0,FWD,CRY,0.0,4.5,0.0,0.0,FWD,CRY,0.0,0.0,4.5,0.0,FWD,CRY,0.0,4.5,0.0,0.0,FWD,CRY,0.0,4.5,0.0,0.0,FWD,CRY,0.0,4.5,0.0,0.0,FWD,CRY,0.0,4.5,0.0,0.0,FWD,CRY,0.0,4.5,0.0,0.0,FWD,CRY,0.0,4.5,0.0,0.0,FWD,CRY,0.0,4.5,0.0,0.0,FWD,CRY,0.0,4.5,0.0,0.0,FWD,CRY,0.0,4.5,0.0,0.0,FWD,CRY,0.0,0.0,4.5,0.0,FWD,CRY,0.0,4.5,0.0,0.0,FWD,CRY,0.0,0.0,0.0,0.0,FWD,CRY,0.0,4.5,0.0,0.0,0.0,0.0
677,Scarles,DEF,WHM,0.0,0.0,0.0,0.0,DEF,WHM,0.0,0.0,0.0,0.0,DEF,WHM,0.0,0.0,0.0,0.0,DEF,WHM,0.0,0.0,0.0,0.0,DEF,WHM,0.0,0.0,0.0,0.0,DEF,WHM,0.0,0.0,0.0,0.0,DEF,WHM,0.0,0.0,0.0,0.0,DEF,WHM,0.0,0.0,0.0,0.0,DEF,WHM,0.0,0.0,0.0,0.0,DEF,WHM,0.0,0.0,0.0,0.0,DEF,WHM,0.0,4.0,0.0,0.0,DEF,WHM,0.0,4.0,0.0,0.0,DEF,WHM,0.0,4.0,0.0,0.0,DEF,WHM,0.0,4.0,0.0,0.0,DEF,WHM,0.0,4.0,0.0,0.0,DEF,WHM,0.0,4.0,15.0,1.0,DEF,WHM,0.0,4.0,19.0,1.0,DEF,WHM,0.0,4.0,0.0,0.0,DEF,WHM,0.0,4.0,0.0,0.0,DEF,WHM,0.0,4.0,0.0,0.0,DEF,WHM,0.0,4.0,9.0,1.0,DEF,WHM,0.0,34.0,4.0,1.0,DEF,WHM,0.0,4.0,15.0,1.0,DEF,WHM,0.0,4.0,19.0,1.0,DEF,WHM,0.0,4.0,45.0,1.0,DEF,WHM,0.0,4.0,90.0,7.0,DEF,WHM,0.0,4.0,65.0,6.0,DEF,WHM,0.0,4.0,90.0,2.0,DEF,WHM,0.0,4.0,0.0,0.0,DEF,WHM,0.0,4.0,76.0,2.0,DEF,WHM,0.0,4.0,45.0,1.0,DEF,WHM,0.0,56.0,4.0,1.0,DEF,WHM,0.0,4.0,10.0,1.0,DEF,WHM,0.0,0.0,4.0,0.0,DEF,WHM,0.0,4.0,0.0,0.0,588.0,27.0
678,Bates,MID,EVE,0.0,0.0,0.0,0.0,MID,EVE,0.0,0.0,0.0,0.0,MID,EVE,0.0,0.0,0.0,0.0,MID,EVE,0.0,0.0,0.0,0.0,MID,EVE,0.0,0.0,0.0,0.0,MID,EVE,0.0,0.0,0.0,0.0,MID,EVE,0.0,0.0,0.0,0.0,MID,EVE,0.0,0.0,0.0,0.0,MID,EVE,0.0,0.0,0.0,0.0,MID,EVE,0.0,0.0,0.0,0.0,MID,EVE,0.0,4.5,0.0,0.0,MID,EVE,0.0,4.5,0.0,0.0,MID,EVE,0.0,4.5,0.0,0.0,MID,EVE,0.0,4.5,0.0,0.0,MID,EVE,0.0,4.5,0.0,0.0,MID,EVE,0.0,4.5,0.0,0.0,MID,EVE,0.0,4.5,0.0,0.0,MID,EVE,0.0,4.5,0.0,0.0,MID,EVE,0.0,4.5,0.0,0.0,MID,EVE,0.0,4.5,0.0,0.0,MID,EVE,0.0,4.5,0.0,0.0,MID,EVE,0.0,0.0,4.5,0.0,MID,EVE,0.0,4.5,0.0,0.0,MID,EVE,0.0,4.5,0.0,0.0,MID,EVE,0.0,4.5,0.0,0.0,MID,EVE,0.0,4.5,0.0,0.0,MID,EVE,0.0,4.5,0.0,0.0,MID,EVE,0.0,4.5,0.0,0.0,MID,EVE,0.0,4.5,0.0,0.0,MID,EVE,0.0,4.5,0.0,0.0,MID,EVE,0.0,4.5,0.0,0.0,MID,EVE,0.0,0.0,4.5,0.0,MID,EVE,0.0,4.5,0.0,0.0,MID,EVE,0.0,0.0,4.5,0.0,MID,EVE,0.0,4.5,0.0,0.0,0.0,0.0
679,Broggio,MID,AST,0.0,0.0,0.0,0.0,MID,AST,0.0,0.0,0.0,0.0,MID,AST,0.0,0.0,0.0,0.0,MID,AST,0.0,0.0,0.0,0.0,MID,AST,0.0,0.0,0.0,0.0,MID,AST,0.0,0.0,0.0,0.0,MID,AST,0.0,0.0,0.0,0.0,MID,AST,0.0,0.0,0.0,0.0,MID,AST,0.0,0.0,0.0,0.0,MID,AST,0.0,0.0,0.0,0.0,MID,AST,0.0,0.0,0.0,0.0,MID,AST,0.0,4.5,0.0,0.0,MID,AST,0.0,4.5,0.0,0.0,MID,AST,0.0,4.5,0.0,0.0,MID,AST,0.0,4.5,0.0,0.0,MID,AST,0.0,4.5,0.0,0.0,MID,AST,0.0,4.5,0.0,0.0,MID,AST,0.0,4.5,0.0,0.0,MID,AST,0.0,4.5,0.0,0.0,MID,AST,0.0,4.5,0.0,0.0,MID,AST,0.0,4.5,0.0,0.0,MID,AST,0.0,0.0,4.5,0.0,MID,AST,0.0,4.5,0.0,0.0,MID,AST,0.0,4.5,0.0,0.0,MID,AST,0.0,4.5,0.0,0.0,MID,AST,0.0,4.5,0.0,0.0,MID,AST,0.0,4.5,0.0,0.0,MID,AST,0.0,4.5,0.0,0.0,MID,AST,0.0,4.5,0.0,0.0,MID,AST,0.0,4.5,0.0,0.0,MID,AST,0.0,4.5,0.0,0.0,MID,AST,0.0,0.0,4.5,0.0,MID,AST,0.0,4.5,0.0,0.0,MID,AST,0.0,0.0,0.0,0.0,MID,AST,0.0,4.5,0.0,0.0,0.0,0.0
680,Kinsey,DEF,BOU,0.0,0.0,0.0,0.0,DEF,BOU,0.0,0.0,0.0,0.0,DEF,BOU,0.0,0.0,0.0,0.0,DEF,BOU,0.0,0.0,0.0,0.0,DEF,BOU,0.0,0.0,0.0,0.0,DEF,BOU,0.0,0.0,0.0,0.0,DEF,BOU,0.0,0.0,0.0,0.0,DEF,BOU,0.0,0.0,0.0,0.0,DEF,BOU,0.0,0.0,0.0,0.0,DEF,BOU,0.0,0.0,0.0,0.0,DEF,BOU,0.0,0.0,0.0,0.0,DEF,BOU,0.0,4.0,0.0,0.0,DEF,BOU,0.0,4.0,0.0,0.0,DEF,BOU,0.0,4.0,0.0,0.0,DEF,BOU,0.0,4.0,0.0,0.0,DEF,BOU,0.0,4.0,0.0,0.0,DEF,BOU,0.0,4.0,0.0,0.0,DEF,BOU,0.0,4.0,0.0,0.0,DEF,BOU,0.0,4.0,0.0,0.0,DEF,BOU,0.0,4.0,0.0,0.0,DEF,BOU,0.0,4.0,0.0,0.0,DEF,BOU,0.0,0.0,4.0,0.0,DEF,BOU,0.0,4.0,0.0,0.0,DEF,BOU,0.0,4.0,0.0,0.0,DEF,BOU,0.0,4.0,0.0,0.0,DEF,BOU,0.0,4.0,0.0,0.0,DEF,BOU,0.0,4.0,0.0,0.0,DEF,BOU,0.0,4.0,0.0,0.0,DEF,BOU,0.0,4.0,0.0,0.0,DEF,BOU,0.0,4.0,0.0,0.0,DEF,BOU,0.0,4.0,0.0,0.0,DEF,BOU,0.0,0.0,4.0,0.0,DEF,BOU,0.0,4.0,0.0,0.0,DEF,BOU,0.0,0.0,4.0,0.0,DEF,BOU,0.0,4.0,0.0,0.0,0.0,0.0
681,McConville,DEF,BRI,0.0,0.0,0.0,0.0,DEF,BRI,0.0,0.0,0.0,0.0,DEF,BRI,0.0,0.0,0.0,0.0,DEF,BRI,0.0,0.0,0.0,0.0,DEF,BRI,0.0,0.0,0.0,0.0,DEF,BRI,0.0,0.0,0.0,0.0,DEF,BRI,0.0,0.0,0.0,0.0,DEF,BRI,0.0,0.0,0.0,0.0,DEF,BRI,0.0,0.0,0.0,0.0,DEF,BRI,0.0,0.0,0.0,0.0,DEF,BRI,0.0,0.0,0.0,0.0,DEF,BRI,0.0,4.0,0.0,0.0,DEF,BRI,0.0,4.0,0.0,0.0,DEF,BRI,0.0,4.0,0.0,0.0,DEF,BRI,0.0,4.0,0.0,0.0,DEF,BRI,0.0,4.0,0.0,0.0,DEF,BRI,0.0,4.0,0.0,0.0,DEF,BRI,0.0,4.0,0.0,0.0,DEF,BRI,0.0,4.0,0.0,0.0,DEF,BRI,0.0,4.0,0.0,0.0,DEF,BRI,0.0,4.0,0.0,0.0,DEF,BRI,0.0,0.0,4.0,0.0,DEF,BRI,0.0,4.0,0.0,0.0,DEF,BRI,1.0,4.0,0.0,0.0,DEF,BRI,1.0,4.0,0.0,0.0,DEF,BRI,1.0,4.0,0.0,0.0,DEF,BRI,1.0,4.0,0.0,0.0,DEF,BRI,1.0,4.0,0.0,0.0,DEF,BRI,1.0,4.0,0.0,0.0,DEF,BRI,1.0,4.0,0.0,0.0,DEF,BRI,1.0,4.0,0.0,0.0,DEF,BRI,0.0,0.0,4.0,0.0,DEF,BRI,1.0,4.0,0.0,0.0,DEF,BRI,0.0,0.0,4.0,0.0,DEF,BRI,1.0,4.0,0.0,0.0,0.0,0.0
682,T. Edozie,MID,WOL,0.0,0.0,0.0,0.0,MID,WOL,0.0,0.0,0.0,0.0,MID,WOL,0.0,0.0,0.0,0.0,MID,WOL,0.0,0.0,0.0,0.0,MID,WOL,0.0,0.0,0.0,0.0,MID,WOL,0.0,0.0,0.0,0.0,MID,WOL,0.0,0.0,0.0,0.0,MID,WOL,0.0,0.0,0.0,0.0,MID,WOL,0.0,0.0,0.0,0.0,MID,WOL,0.0,0.0,0.0,0.0,MID,WOL,0.0,0.0,0.0,0.0,MID,WOL,0.0,4.5,0.0,0.0,MID,WOL,0.0,4.5,0.0,0.0,MID,WOL,0.0,4.5,0.0,0.0,MID,WOL,0.0,4.5,0.0,0.0,MID,WOL,0.0,4.5,0.0,0.0,MID,WOL,0.0,4.5,0.0,0.0,MID,WOL,0.0,4.5,0.0,0.0,MID,WOL,0.0,4.5,0.0,0.0,MID,WOL,0.0,4.5,0.0,0.0,MID,WOL,0.0,4.5,0.0,0.0,MID,WOL,0.0,0.0,4.5,0.0,MID,WOL,0.0,4.5,0.0,0.0,MID,WOL,0.0,4.5,0.0,0.0,MID,WOL,0.0,4.5,0.0,0.0,MID,WOL,0.0,4.5,0.0,0.0,MID,WOL,0.0,4.5,0.0,0.0,MID,WOL,0.0,4.5,0.0,0.0,MID,WOL,0.0,4.5,0.0,0.0,MID,WOL,0.0,4.5,0.0,0.0,MID,WOL,0.0,4.5,0.0,0.0,MID,WOL,0.0,0.0,4.5,0.0,MID,WOL,0.0,4.5,0.0,0.0,MID,WOL,0.0,0.0,4.5,0.0,MID,WOL,0.0,4.5,0.0,0.0,0.0,0.0
683,Olusesi,MID,TOT,0.0,0.0,0.0,0.0,MID,TOT,0.0,0.0,0.0,0.0,MID,TOT,0.0,0.0,0.0,0.0,MID,TOT,0.0,0.0,0.0,0.0,MID,TOT,0.0,0.0,0.0,0.0,MID,TOT,0.0,0.0,0.0,0.0,MID,TOT,0.0,0.0,0.0,0.0,MID,TOT,0.0,0.0,0.0,0.0,MID,TOT,0.0,0.0,0.0,0.0,MID,TOT,0.0,0.0,0.0,0.0,MID,TOT,0.0,0.0,0.0,0.0,MID,TOT,0.0,4.5,0.0,0.0,MID,TOT,0.0,4.5,0.0,0.0,MID,TOT,0.0,4.5,0.0,0.0,MID,TOT,0.0,4.5,0.0,0.0,MID,TOT,0.0,4.5,0.0,0.0,MID,TOT,0.0,4.5,0.0,0.0,MID,TOT,0.0,4.5,0.0,0.0,MID,TOT,0.0,4.5,0.0,0.0,MID,TOT,0.0,4.5,0.0,0.0,MID,TOT,0.0,4.5,0.0,0.0,MID,TOT,0.0,0.0,4.5,0.0,MID,TOT,0.0,4.5,0.0,0.0,MID,TOT,0.0,4.5,0.0,0.0,MID,TOT,0.0,4.5,0.0,0.0,MID,TOT,0.0,4.5,0.0,0.0,MID,TOT,0.0,4.5,0.0,0.0,MID,TOT,0.0,4.5,0.0,0.0,MID,TOT,0.0,4.5,0.0,0.0,MID,TOT,0.0,4.5,0.0,0.0,MID,TOT,0.0,4.5,0.0,0.0,MID,TOT,0.0,0.0,4.5,0.0,MID,TOT,0.0,4.5,0.0,0.0,MID,TOT,0.0,0.0,4.5,0.0,MID,TOT,0.0,4.5,0.0,0.0,0.0,0.0
684,Hardy,DEF,TOT,0.0,0.0,0.0,0.0,DEF,TOT,0.0,0.0,0.0,0.0,DEF,TOT,0.0,0.0,0.0,0.0,DEF,TOT,0.0,0.0,0.0,0.0,DEF,TOT,0.0,0.0,0.0,0.0,DEF,TOT,0.0,0.0,0.0,0.0,DEF,TOT,0.0,0.0,0.0,0.0,DEF,TOT,0.0,0.0,0.0,0.0,DEF,TOT,0.0,0.0,0.0,0.0,DEF,TOT,0.0,0.0,0.0,0.0,DEF,TOT,0.0,0.0,0.0,0.0,DEF,TOT,0.0,4.0,0.0,0.0,DEF,TOT,0.0,4.0,0.0,0.0,DEF,TOT,0.0,4.0,0.0,0.0,DEF,TOT,0.0,4.0,0.0,0.0,DEF,TOT,0.0,4.0,0.0,0.0,DEF,TOT,0.0,4.0,0.0,0.0,DEF,TOT,0.0,4.0,0.0,0.0,DEF,TOT,0.0,4.0,0.0,0.0,DEF,TOT,0.0,4.0,0.0,0.0,DEF,TOT,0.0,4.0,0.0,0.0,DEF,TOT,0.0,0.0,4.0,0.0,DEF,TOT,0.0,4.0,0.0,0.0,DEF,TOT,0.0,4.0,0.0,0.0,DEF,TOT,0.0,4.0,0.0,0.0,DEF,TOT,0.0,4.0,0.0,0.0,DEF,TOT,0.0,4.0,0.0,0.0,DEF,TOT,0.0,4.0,0.0,0.0,DEF,TOT,0.0,4.0,0.0,0.0,DEF,TOT,0.0,4.0,0.0,0.0,DEF,TOT,0.0,4.0,0.0,0.0,DEF,TOT,0.0,0.0,4.0,0.0,DEF,TOT,0.0,4.0,0.0,0.0,DEF,TOT,0.0,0.0,4.0,0.0,DEF,TOT,0.0,4.0,0.0,0.0,0.0,0.0
685,Slater,DEF,BRI,0.0,0.0,0.0,0.0,DEF,BRI,0.0,0.0,0.0,0.0,DEF,BRI,0.0,0.0,0.0,0.0,DEF,BRI,0.0,0.0,0.0,0.0,DEF,BRI,0.0,0.0,0.0,0.0,DEF,BRI,0.0,0.0,0.0,0.0,DEF,BRI,0.0,0.0,0.0,0.0,DEF,BRI,0.0,0.0,0.0,0.0,DEF,BRI,0.0,0.0,0.0,0.0,DEF,BRI,0.0,0.0,0.0,0.0,DEF,BRI,0.0,0.0,0.0,0.0,DEF,BRI,0.0,0.0,0.0,0.0,DEF,BRI,0.0,4.0,0.0,0.0,DEF,BRI,0.0,4.0,0.0,0.0,DEF,BRI,0.0,4.0,0.0,0.0,DEF,BRI,0.0,4.0,0.0,0.0,DEF,BRI,0.0,4.0,0.0,0.0,DEF,BRI,0.0,4.0,0.0,0.0,DEF,BRI,0.0,4.0,0.0,0.0,DEF,BRI,0.0,4.0,0.0,0.0,DEF,BRI,0.0,4.0,0.0,0.0,DEF,BRI,0.0,0.0,4.0,0.0,DEF,BRI,0.0,4.0,0.0,0.0,DEF,BRI,0.0,4.0,0.0,0.0,DEF,BRI,0.0,4.0,0.0,0.0,DEF,BRI,0.0,4.0,0.0,0.0,DEF,BRI,0.0,4.0,0.0,0.0,DEF,BRI,0.0,4.0,0.0,0.0,DEF,BRI,0.0,4.0,0.0,0.0,DEF,BRI,0.0,4.0,0.0,0.0,DEF,BRI,0.0,4.0,0.0,0.0,DEF,BRI,0.0,0.0,4.0,0.0,DEF,BRI,0.0,4.0,0.0,0.0,DEF,BRI,0.0,0.0,4.0,0.0,DEF,BRI,0.0,4.0,0.0,0.0,0.0,0.0
686,Mayers,DEF,WHM,0.0,0.0,0.0,0.0,DEF,WHM,0.0,0.0,0.0,0.0,DEF,WHM,0.0,0.0,0.0,0.0,DEF,WHM,0.0,0.0,0.0,0.0,DEF,WHM,0.0,0.0,0.0,0.0,DEF,WHM,0.0,0.0,0.0,0.0,DEF,WHM,0.0,0.0,0.0,0.0,DEF,WHM,0.0,0.0,0.0,0.0,DEF,WHM,0.0,0.0,0.0,0.0,DEF,WHM,0.0,0.0,0.0,0.0,DEF,WHM,0.0,0.0,0.0,0.0,DEF,WHM,0.0,0.0,0.0,0.0,DEF,WHM,0.0,4.0,0.0,0.0,DEF,WHM,0.0,4.0,0.0,0.0,DEF,WHM,0.0,4.0,0.0,0.0,DEF,WHM,0.0,4.0,0.0,0.0,DEF,WHM,0.0,4.0,0.0,0.0,DEF,WHM,0.0,4.0,0.0,0.0,DEF,WHM,0.0,4.0,0.0,0.0,DEF,WHM,0.0,4.0,0.0,0.0,DEF,WHM,0.0,4.0,0.0,0.0,DEF,WHM,0.0,0.0,4.0,0.0,DEF,WHM,0.0,4.0,0.0,0.0,DEF,WHM,0.0,4.0,0.0,0.0,DEF,WHM,0.0,4.0,0.0,0.0,DEF,WHM,0.0,4.0,0.0,0.0,DEF,WHM,0.0,4.0,0.0,0.0,DEF,WHM,0.0,4.0,0.0,0.0,DEF,WHM,0.0,4.0,0.0,0.0,DEF,WHM,0.0,4.0,0.0,0.0,DEF,WHM,0.0,4.0,0.0,0.0,DEF,WHM,0.0,0.0,4.0,0.0,DEF,WHM,0.0,4.0,0.0,0.0,DEF,WHM,0.0,0.0,4.0,0.0,DEF,WHM,0.0,4.0,0.0,0.0,0.0,0.0
687,Winterburn,MID,BOU,0.0,0.0,0.0,0.0,MID,BOU,0.0,0.0,0.0,0.0,MID,BOU,0.0,0.0,0.0,0.0,MID,BOU,0.0,0.0,0.0,0.0,MID,BOU,0.0,0.0,0.0,0.0,MID,BOU,0.0,0.0,0.0,0.0,MID,BOU,0.0,0.0,0.0,0.0,MID,BOU,0.0,0.0,0.0,0.0,MID,BOU,0.0,0.0,0.0,0.0,MID,BOU,0.0,0.0,0.0,0.0,MID,BOU,0.0,0.0,0.0,0.0,MID,BOU,0.0,0.0,0.0,0.0,MID,BOU,0.0,4.5,0.0,0.0,MID,BOU,0.0,4.5,0.0,0.0,MID,BOU,0.0,4.5,0.0,0.0,MID,BOU,0.0,4.5,0.0,0.0,MID,BOU,0.0,4.5,0.0,0.0,MID,BOU,0.0,4.5,0.0,0.0,MID,BOU,0.0,4.5,8.0,1.0,MID,BOU,0.0,4.5,0.0,0.0,MID,BOU,0.0,4.5,0.0,0.0,MID,BOU,0.0,1.0,4.5,1.0,MID,BOU,0.0,4.5,0.0,0.0,MID,BOU,0.0,4.5,0.0,0.0,MID,BOU,0.0,4.5,0.0,0.0,MID,BOU,0.0,4.5,0.0,0.0,MID,BOU,0.0,4.5,0.0,0.0,MID,BOU,0.0,4.5,0.0,0.0,MID,BOU,0.0,4.5,0.0,0.0,MID,BOU,0.0,4.5,0.0,0.0,MID,BOU,0.0,4.5,12.0,1.0,MID,BOU,0.0,0.0,4.5,0.0,MID,BOU,0.0,4.5,0.0,0.0,MID,BOU,0.0,0.0,4.5,0.0,MID,BOU,0.0,4.5,0.0,0.0,21.0,3.0
688,Nyoni,MID,LIV,0.0,0.0,0.0,0.0,MID,LIV,0.0,0.0,0.0,0.0,MID,LIV,0.0,0.0,0.0,0.0,MID,LIV,0.0,0.0,0.0,0.0,MID,LIV,0.0,0.0,0.0,0.0,MID,LIV,0.0,0.0,0.0,0.0,MID,LIV,0.0,0.0,0.0,0.0,MID,LIV,0.0,0.0,0.0,0.0,MID,LIV,0.0,0.0,0.0,0.0,MID,LIV,0.0,0.0,0.0,0.0,MID,LIV,0.0,0.0,0.0,0.0,MID,LIV,0.0,0.0,0.0,0.0,MID,LIV,0.0,4.5,0.0,0.0,MID,LIV,0.0,4.5,0.0,0.0,MID,LIV,0.0,4.5,0.0,0.0,MID,LIV,0.0,4.5,0.0,0.0,MID,LIV,0.0,4.5,0.0,0.0,MID,LIV,0.0,4.5,0.0,0.0,MID,LIV,0.0,4.5,0.0,0.0,MID,LIV,0.0,4.5,0.0,0.0,MID,LIV,0.0,4.5,0.0,0.0,MID,LIV,0.0,0.0,4.5,0.0,MID,LIV,0.0,4.5,0.0,0.0,MID,LIV,0.0,4.5,0.0,0.0,MID,LIV,0.0,4.5,0.0,0.0,MID,LIV,0.0,4.5,0.0,0.0,MID,LIV,0.0,4.5,0.0,0.0,MID,LIV,0.0,4.5,0.0,0.0,MID,LIV,0.0,4.5,0.0,0.0,MID,LIV,0.0,4.5,0.0,0.0,MID,LIV,0.0,4.5,0.0,0.0,MID,LIV,0.0,0.0,4.5,0.0,MID,LIV,0.0,4.5,0.0,0.0,MID,LIV,0.0,0.0,4.5,0.0,MID,LIV,0.0,4.5,0.0,0.0,0.0,0.0
689,Williams-Barnett,MID,TOT,0.0,0.0,0.0,0.0,MID,TOT,0.0,0.0,0.0,0.0,MID,TOT,0.0,0.0,0.0,0.0,MID,TOT,0.0,0.0,0.0,0.0,MID,TOT,0.0,0.0,0.0,0.0,MID,TOT,0.0,0.0,0.0,0.0,MID,TOT,0.0,0.0,0.0,0.0,MID,TOT,0.0,0.0,0.0,0.0,MID,TOT,0.0,0.0,0.0,0.0,MID,TOT,0.0,0.0,0.0,0.0,MID,TOT,0.0,0.0,0.0,0.0,MID,TOT,0.0,0.0,0.0,0.0,MID,TOT,0.0,4.5,0.0,0.0,MID,TOT,0.0,4.5,0.0,0.0,MID,TOT,0.0,4.5,0.0,0.0,MID,TOT,0.0,4.5,0.0,0.0,MID,TOT,0.0,4.5,0.0,0.0,MID,TOT,0.0,4.5,0.0,0.0,MID,TOT,0.0,4.5,0.0,0.0,MID,TOT,0.0,4.5,0.0,0.0,MID,TOT,1.0,4.5,0.0,0.0,MID,TOT,1.0,0.0,4.5,0.0,MID,TOT,1.0,4.5,0.0,0.0,MID,TOT,1.0,4.5,0.0,0.0,MID,TOT,1.0,4.5,0.0,0.0,MID,TOT,1.0,4.5,0.0,0.0,MID,TOT,1.0,4.5,0.0,0.0,MID,TOT,1.0,4.5,0.0,0.0,MID,TOT,1.0,4.5,0.0,0.0,MID,TOT,1.0,4.5,0.0,0.0,MID,TOT,1.0,4.5,0.0,0.0,MID,TOT,1.0,0.0,4.5,0.0,MID,TOT,1.0,4.5,0.0,0.0,MID,TOT,1.0,0.0,4.5,0.0,MID,TOT,1.0,4.5,0.0,0.0,0.0,0.0
690,Amissah,DEF,FUL,0.0,0.0,0.0,0.0,DEF,FUL,0.0,0.0,0.0,0.0,DEF,FUL,0.0,0.0,0.0,0.0,DEF,FUL,0.0,0.0,0.0,0.0,DEF,FUL,0.0,0.0,0.0,0.0,DEF,FUL,0.0,0.0,0.0,0.0,DEF,FUL,0.0,0.0,0.0,0.0,DEF,FUL,0.0,0.0,0.0,0.0,DEF,FUL,0.0,0.0,0.0,0.0,DEF,FUL,0.0,0.0,0.0,0.0,DEF,FUL,0.0,0.0,0.0,0.0,DEF,FUL,0.0,0.0,0.0,0.0,DEF,FUL,0.0,4.0,0.0,0.0,DEF,FUL,0.0,4.0,0.0,0.0,DEF,FUL,0.0,4.0,0.0,0.0,DEF,FUL,0.0,4.0,0.0,0.0,DEF,FUL,0.0,4.0,0.0,0.0,DEF,FUL,0.0,4.0,0.0,0.0,DEF,FUL,0.0,4.0,0.0,0.0,DEF,FUL,0.0,4.0,0.0,0.0,DEF,FUL,0.0,4.0,0.0,0.0,DEF,FUL,0.0,0.0,4.0,0.0,DEF,FUL,0.0,4.0,0.0,0.0,DEF,FUL,0.0,4.0,0.0,0.0,DEF,FUL,0.0,4.0,0.0,0.0,DEF,FUL,0.0,4.0,0.0,0.0,DEF,FUL,0.0,4.0,0.0,0.0,DEF,FUL,0.0,4.0,0.0,0.0,DEF,FUL,0.0,4.0,0.0,0.0,DEF,FUL,0.0,4.0,0.0,0.0,DEF,FUL,0.0,4.0,0.0,0.0,DEF,FUL,0.0,0.0,4.0,0.0,DEF,FUL,0.0,4.0,0.0,0.0,DEF,FUL,0.0,0.0,4.0,0.0,DEF,FUL,0.0,4.0,0.0,0.0,0.0,0.0
691,Kukonki,DEF,MUN,0.0,0.0,0.0,0.0,DEF,MUN,0.0,0.0,0.0,0.0,DEF,MUN,0.0,0.0,0.0,0.0,DEF,MUN,0.0,0.0,0.0,0.0,DEF,MUN,0.0,0.0,0.0,0.0,DEF,MUN,0.0,0.0,0.0,0.0,DEF,MUN,0.0,0.0,0.0,0.0,DEF,MUN,0.0,0.0,0.0,0.0,DEF,MUN,0.0,0.0,0.0,0.0,DEF,MUN,0.0,0.0,0.0,0.0,DEF,MUN,0.0,0.0,0.0,0.0,DEF,MUN,0.0,0.0,0.0,0.0,DEF,MUN,0.0,0.0,0.0,0.0,DEF,MUN,0.0,4.0,0.0,0.0,DEF,MUN,0.0,4.0,0.0,0.0,DEF,MUN,0.0,4.0,0.0,0.0,DEF,MUN,0.0,4.0,0.0,0.0,DEF,MUN,0.0,4.0,0.0,0.0,DEF,MUN,0.0,4.0,0.0,0.0,DEF,MUN,0.0,4.0,0.0,0.0,DEF,MUN,0.0,4.0,0.0,0.0,DEF,MUN,0.0,0.0,4.0,0.0,DEF,MUN,0.0,4.0,0.0,0.0,DEF,MUN,0.0,4.0,0.0,0.0,DEF,MUN,0.0,4.0,0.0,0.0,DEF,MUN,0.0,4.0,0.0,0.0,DEF,MUN,0.0,4.0,0.0,0.0,DEF,MUN,0.0,4.0,0.0,0.0,DEF,MUN,0.0,4.0,0.0,0.0,DEF,MUN,0.0,4.0,0.0,0.0,DEF,MUN,0.0,4.0,0.0,0.0,DEF,MUN,0.0,0.0,4.0,0.0,DEF,MUN,0.0,4.0,0.0,0.0,DEF,MUN,0.0,0.0,4.0,0.0,DEF,MUN,0.0,4.0,0.0,0.0,0.0,0.0
692,Nallo,DEF,LIV,0.0,0.0,0.0,0.0,DEF,LIV,0.0,0.0,0.0,0.0,DEF,LIV,0.0,0.0,0.0,0.0,DEF,LIV,0.0,0.0,0.0,0.0,DEF,LIV,0.0,0.0,0.0,0.0,DEF,LIV,0.0,0.0,0.0,0.0,DEF,LIV,0.0,0.0,0.0,0.0,DEF,LIV,0.0,0.0,0.0,0.0,DEF,LIV,0.0,0.0,0.0,0.0,DEF,LIV,0.0,0.0,0.0,0.0,DEF,LIV,0.0,0.0,0.0,0.0,DEF,LIV,0.0,0.0,0.0,0.0,DEF,LIV,0.0,0.0,0.0,0.0,DEF,LIV,0.0,4.0,0.0,0.0,DEF,LIV,0.0,4.0,0.0,0.0,DEF,LIV,0.0,4.0,0.0,0.0,DEF,LIV,0.0,4.0,0.0,0.0,DEF,LIV,0.0,4.0,0.0,0.0,DEF,LIV,0.0,4.0,0.0,0.0,DEF,LIV,0.0,4.0,0.0,0.0,DEF,LIV,0.0,4.0,0.0,0.0,DEF,LIV,0.0,0.0,4.0,0.0,DEF,LIV,0.0,4.0,0.0,0.0,DEF,LIV,0.0,4.0,0.0,0.0,DEF,LIV,0.0,4.0,0.0,0.0,DEF,LIV,0.0,4.0,0.0,0.0,DEF,LIV,0.0,4.0,0.0,0.0,DEF,LIV,0.0,4.0,0.0,0.0,DEF,LIV,0.0,4.0,0.0,0.0,DEF,LIV,0.0,4.0,0.0,0.0,DEF,LIV,0.0,4.0,0.0,0.0,DEF,LIV,0.0,0.0,4.0,0.0,DEF,LIV,0.0,4.0,0.0,0.0,DEF,LIV,0.0,0.0,4.0,0.0,DEF,LIV,0.0,4.0,0.0,0.0,0.0,0.0
693,O'Brien-Whitmarsh,MID,SOU,0.0,0.0,0.0,0.0,MID,SOU,0.0,0.0,0.0,0.0,MID,SOU,0.0,0.0,0.0,0.0,MID,SOU,0.0,0.0,0.0,0.0,MID,SOU,0.0,0.0,0.0,0.0,MID,SOU,0.0,0.0,0.0,0.0,MID,SOU,0.0,0.0,0.0,0.0,MID,SOU,0.0,0.0,0.0,0.0,MID,SOU,0.0,0.0,0.0,0.0,MID,SOU,0.0,0.0,0.0,0.0,MID,SOU,0.0,0.0,0.0,0.0,MID,SOU,0.0,0.0,0.0,0.0,MID,SOU,0.0,0.0,0.0,0.0,MID,SOU,0.0,4.5,0.0,0.0,MID,SOU,0.0,4.5,0.0,0.0,MID,SOU,0.0,4.5,0.0,0.0,MID,SOU,0.0,4.5,0.0,0.0,MID,SOU,0.0,4.5,0.0,0.0,MID,SOU,0.0,4.5,0.0,0.0,MID,SOU,0.0,4.5,0.0,0.0,MID,SOU,0.0,4.5,0.0,0.0,MID,SOU,0.0,0.0,4.5,0.0,MID,SOU,0.0,4.5,0.0,0.0,MID,SOU,1.0,4.5,0.0,0.0,MID,SOU,1.0,4.5,0.0,0.0,MID,SOU,1.0,4.5,0.0,0.0,MID,SOU,1.0,4.5,0.0,0.0,MID,SOU,1.0,4.5,0.0,0.0,MID,SOU,1.0,4.5,0.0,0.0,MID,SOU,1.0,4.5,0.0,0.0,MID,SOU,1.0,4.5,0.0,0.0,MID,SOU,0.0,0.0,4.5,0.0,MID,SOU,1.0,4.5,0.0,0.0,MID,SOU,0.0,0.0,4.5,0.0,MID,SOU,1.0,4.5,0.0,0.0,0.0,0.0
694,Cartwright,MID,LEI,0.0,0.0,0.0,0.0,MID,LEI,0.0,0.0,0.0,0.0,MID,LEI,0.0,0.0,0.0,0.0,MID,LEI,0.0,0.0,0.0,0.0,MID,LEI,0.0,0.0,0.0,0.0,MID,LEI,0.0,0.0,0.0,0.0,MID,LEI,0.0,0.0,0.0,0.0,MID,LEI,0.0,0.0,0.0,0.0,MID,LEI,0.0,0.0,0.0,0.0,MID,LEI,0.0,0.0,0.0,0.0,MID,LEI,0.0,0.0,0.0,0.0,MID,LEI,0.0,0.0,0.0,0.0,MID,LEI,0.0,0.0,0.0,0.0,MID,LEI,0.0,0.0,0.0,0.0,MID,LEI,0.0,0.0,0.0,0.0,MID,LEI,0.0,4.5,0.0,0.0,MID,LEI,0.0,4.5,0.0,0.0,MID,LEI,0.0,4.5,0.0,0.0,MID,LEI,0.0,4.5,0.0,0.0,MID,LEI,0.0,4.5,0.0,0.0,MID,LEI,0.0,4.5,0.0,0.0,MID,LEI,0.0,0.0,4.5,0.0,MID,LEI,0.0,4.5,0.0,0.0,MID,LEI,0.0,4.5,0.0,0.0,MID,LEI,0.0,4.5,0.0,0.0,MID,LEI,0.0,4.5,0.0,0.0,MID,LEI,0.0,4.5,0.0,0.0,MID,LEI,0.0,4.5,0.0,0.0,MID,LEI,0.0,4.5,0.0,0.0,MID,LEI,0.0,4.5,0.0,0.0,MID,LEI,0.0,4.5,0.0,0.0,MID,LEI,0.0,0.0,4.5,0.0,MID,LEI,0.0,4.5,0.0,0.0,MID,LEI,0.0,0.0,4.5,0.0,MID,LEI,0.0,4.5,0.0,0.0,0.0,0.0
695,Rak-Sakyi,MID,CHE,0.0,0.0,0.0,0.0,MID,CHE,0.0,0.0,0.0,0.0,MID,CHE,0.0,0.0,0.0,0.0,MID,CHE,0.0,0.0,0.0,0.0,MID,CHE,0.0,0.0,0.0,0.0,MID,CHE,0.0,0.0,0.0,0.0,MID,CHE,0.0,0.0,0.0,0.0,MID,CHE,0.0,0.0,0.0,0.0,MID,CHE,0.0,0.0,0.0,0.0,MID,CHE,0.0,0.0,0.0,0.0,MID,CHE,0.0,0.0,0.0,0.0,MID,CHE,0.0,0.0,0.0,0.0,MID,CHE,0.0,0.0,0.0,0.0,MID,CHE,0.0,0.0,0.0,0.0,MID,CHE,0.0,0.0,0.0,0.0,MID,CHE,0.0,4.5,0.0,0.0,MID,CHE,0.0,4.5,0.0,0.0,MID,CHE,0.0,4.5,0.0,0.0,MID,CHE,0.0,4.5,0.0,0.0,MID,CHE,0.0,4.5,0.0,0.0,MID,CHE,0.0,4.5,0.0,0.0,MID,CHE,0.0,0.0,4.5,0.0,MID,CHE,0.0,4.5,0.0,0.0,MID,CHE,0.0,4.5,0.0,0.0,MID,CHE,0.0,4.5,0.0,0.0,MID,CHE,0.0,4.5,0.0,0.0,MID,CHE,0.0,4.5,0.0,0.0,MID,CHE,0.0,4.5,0.0,0.0,MID,CHE,0.0,4.5,0.0,0.0,MID,CHE,0.0,4.5,0.0,0.0,MID,CHE,0.0,4.5,0.0,0.0,MID,CHE,0.0,0.0,4.5,0.0,MID,CHE,0.0,4.5,0.0,0.0,MID,CHE,0.0,0.0,4.5,0.0,MID,CHE,0.0,4.5,0.0,0.0,0.0,0.0
696,George,MID,CHE,0.0,0.0,0.0,0.0,MID,CHE,0.0,0.0,0.0,0.0,MID,CHE,0.0,0.0,0.0,0.0,MID,CHE,0.0,0.0,0.0,0.0,MID,CHE,0.0,0.0,0.0,0.0,MID,CHE,0.0,0.0,0.0,0.0,MID,CHE,0.0,0.0,0.0,0.0,MID,CHE,0.0,0.0,0.0,0.0,MID,CHE,0.0,0.0,0.0,0.0,MID,CHE,0.0,0.0,0.0,0.0,MID,CHE,0.0,0.0,0.0,0.0,MID,CHE,0.0,0.0,0.0,0.0,MID,CHE,0.0,0.0,0.0,0.0,MID,CHE,0.0,0.0,0.0,0.0,MID,CHE,0.0,0.0,0.0,0.0,MID,CHE,0.0,4.5,0.0,0.0,MID,CHE,0.0,4.5,0.0,0.0,MID,CHE,0.0,4.5,0.0,0.0,MID,CHE,0.0,4.5,0.0,0.0,MID,CHE,0.0,4.5,0.0,0.0,MID,CHE,0.0,4.5,0.0,0.0,MID,CHE,0.0,6.0,4.5,0.0,MID,CHE,0.0,4.5,0.0,0.0,MID,CHE,0.0,4.5,0.0,0.0,MID,CHE,0.0,4.5,25.0,1.0,MID,CHE,0.0,4.5,0.0,0.0,MID,CHE,0.0,4.5,22.0,4.0,MID,CHE,0.0,4.5,17.0,1.0,MID,CHE,0.0,4.5,14.0,1.0,MID,CHE,0.0,4.5,0.0,0.0,MID,CHE,0.0,4.5,0.0,0.0,MID,CHE,0.0,0.0,4.5,0.0,MID,CHE,0.0,4.5,12.0,6.0,MID,CHE,0.0,1.0,4.5,1.0,MID,CHE,0.0,4.5,0.0,0.0,97.0,14.0
697,Acheampong,DEF,CHE,0.0,0.0,0.0,0.0,DEF,CHE,0.0,0.0,0.0,0.0,DEF,CHE,0.0,0.0,0.0,0.0,DEF,CHE,0.0,0.0,0.0,0.0,DEF,CHE,0.0,0.0,0.0,0.0,DEF,CHE,0.0,0.0,0.0,0.0,DEF,CHE,0.0,0.0,0.0,0.0,DEF,CHE,0.0,0.0,0.0,0.0,DEF,CHE,0.0,0.0,0.0,0.0,DEF,CHE,0.0,0.0,0.0,0.0,DEF,CHE,0.0,0.0,0.0,0.0,DEF,CHE,0.0,0.0,0.0,0.0,DEF,CHE,0.0,0.0,0.0,0.0,DEF,CHE,0.0,0.0,0.0,0.0,DEF,CHE,0.0,0.0,0.0,0.0,DEF,CHE,0.0,4.0,0.0,0.0,DEF,CHE,0.0,4.0,0.0,0.0,DEF,CHE,0.0,4.0,0.0,0.0,DEF,CHE,0.0,4.0,0.0,0.0,DEF,CHE,0.0,4.0,90.0,2.0,DEF,CHE,0.0,4.0,70.0,1.0,DEF,CHE,0.0,0.0,4.0,0.0,DEF,CHE,0.0,4.0,0.0,0.0,DEF,CHE,0.0,4.0,0.0,0.0,DEF,CHE,0.0,4.0,0.0,0.0,DEF,CHE,0.0,4.0,0.0,0.0,DEF,CHE,0.0,4.0,7.0,1.0,DEF,CHE,0.0,4.0,1.0,0.0,DEF,CHE,0.0,4.0,0.0,0.0,DEF,CHE,0.0,4.0,0.0,0.0,DEF,CHE,0.0,4.0,0.0,0.0,DEF,CHE,0.0,0.0,4.0,0.0,DEF,CHE,0.0,4.0,0.0,0.0,DEF,CHE,0.0,0.0,4.0,0.0,DEF,CHE,0.0,4.0,0.0,0.0,168.0,4.0
698,Mubama,FWD,MCI,0.0,0.0,0.0,0.0,FWD,MCI,0.0,0.0,0.0,0.0,FWD,MCI,0.0,0.0,0.0,0.0,FWD,MCI,0.0,0.0,0.0,0.0,FWD,MCI,0.0,0.0,0.0,0.0,FWD,MCI,0.0,0.0,0.0,0.0,FWD,MCI,0.0,0.0,0.0,0.0,FWD,MCI,0.0,0.0,0.0,0.0,FWD,MCI,0.0,0.0,0.0,0.0,FWD,MCI,0.0,0.0,0.0,0.0,FWD,MCI,0.0,0.0,0.0,0.0,FWD,MCI,0.0,0.0,0.0,0.0,FWD,MCI,0.0,0.0,0.0,0.0,FWD,MCI,0.0,0.0,0.0,0.0,FWD,MCI,0.0,0.0,0.0,0.0,FWD,MCI,0.0,4.5,0.0,0.0,FWD,MCI,0.0,4.5,0.0,0.0,FWD,MCI,0.0,4.5,0.0,0.0,FWD,MCI,0.0,4.5,0.0,0.0,FWD,MCI,0.0,4.5,0.0,0.0,FWD,MCI,0.0,4.5,0.0,0.0,FWD,MCI,0.0,27.0,4.5,1.0,FWD,MCI,0.0,4.5,0.0,0.0,FWD,MCI,0.0,4.5,0.0,0.0,FWD,MCI,0.0,4.5,0.0,0.0,FWD,MCI,0.0,4.5,0.0,0.0,FWD,MCI,0.0,4.5,0.0,0.0,FWD,MCI,0.0,4.5,0.0,0.0,FWD,MCI,0.0,4.5,0.0,0.0,FWD,MCI,0.0,4.5,0.0,0.0,FWD,MCI,0.0,4.5,0.0,0.0,FWD,MCI,0.0,0.0,4.5,0.0,FWD,MCI,0.0,4.5,0.0,0.0,FWD,MCI,0.0,0.0,0.0,0.0,FWD,MCI,0.0,4.5,0.0,0.0,27.0,1.0
699,Dorrington,DEF,TOT,0.0,0.0,0.0,0.0,DEF,TOT,0.0,0.0,0.0,0.0,DEF,TOT,0.0,0.0,0.0,0.0,DEF,TOT,0.0,0.0,0.0,0.0,DEF,TOT,0.0,0.0,0.0,0.0,DEF,TOT,0.0,0.0,0.0,0.0,DEF,TOT,0.0,0.0,0.0,0.0,DEF,TOT,0.0,0.0,0.0,0.0,DEF,TOT,0.0,0.0,0.0,0.0,DEF,TOT,0.0,0.0,0.0,0.0,DEF,TOT,0.0,0.0,0.0,0.0,DEF,TOT,0.0,0.0,0.0,0.0,DEF,TOT,0.0,0.0,0.0,0.0,DEF,TOT,0.0,0.0,0.0,0.0,DEF,TOT,0.0,0.0,0.0,0.0,DEF,TOT,0.0,4.0,0.0,0.0,DEF,TOT,0.0,4.0,0.0,0.0,DEF,TOT,0.0,4.0,0.0,0.0,DEF,TOT,0.0,4.0,0.0,0.0,DEF,TOT,0.0,4.0,0.0,0.0,DEF,TOT,1.0,4.0,0.0,0.0,DEF,TOT,1.0,0.0,4.0,0.0,DEF,TOT,1.0,4.0,0.0,0.0,DEF,TOT,1.0,4.0,0.0,0.0,DEF,TOT,1.0,4.0,0.0,0.0,DEF,TOT,1.0,4.0,0.0,0.0,DEF,TOT,1.0,4.0,0.0,0.0,DEF,TOT,1.0,4.0,0.0,0.0,DEF,TOT,1.0,4.0,0.0,0.0,DEF,TOT,1.0,4.0,0.0,0.0,DEF,TOT,1.0,4.0,0.0,0.0,DEF,TOT,1.0,0.0,4.0,0.0,DEF,TOT,1.0,4.0,0.0,0.0,DEF,TOT,1.0,0.0,4.0,0.0,DEF,TOT,1.0,4.0,0.0,0.0,0.0,0.0
700,King,DEF,TOT,0.0,0.0,0.0,0.0,DEF,TOT,0.0,0.0,0.0,0.0,DEF,TOT,0.0,0.0,0.0,0.0,DEF,TOT,0.0,0.0,0.0,0.0,DEF,TOT,0.0,0.0,0.0,0.0,DEF,TOT,0.0,0.0,0.0,0.0,DEF,TOT,0.0,0.0,0.0,0.0,DEF,TOT,0.0,0.0,0.0,0.0,DEF,TOT,0.0,0.0,0.0,0.0,DEF,TOT,0.0,0.0,0.0,0.0,DEF,TOT,0.0,0.0,0.0,0.0,DEF,TOT,0.0,0.0,0.0,0.0,DEF,TOT,0.0,0.0,0.0,0.0,DEF,TOT,0.0,0.0,0.0,0.0,DEF,TOT,0.0,0.0,0.0,0.0,DEF,TOT,0.0,4.0,0.0,0.0,DEF,TOT,0.0,4.0,0.0,0.0,DEF,TOT,0.0,4.0,0.0,0.0,DEF,TOT,0.0,4.0,0.0,0.0,DEF,TOT,0.0,4.0,0.0,0.0,DEF,TOT,0.0,4.0,0.0,0.0,DEF,TOT,0.0,0.0,4.0,0.0,DEF,TOT,0.0,4.0,0.0,0.0,DEF,TOT,0.0,4.0,0.0,0.0,DEF,TOT,0.0,4.0,0.0,0.0,DEF,TOT,0.0,4.0,0.0,0.0,DEF,TOT,0.0,4.0,0.0,0.0,DEF,TOT,0.0,4.0,0.0,0.0,DEF,TOT,0.0,4.0,0.0,0.0,DEF,TOT,0.0,4.0,0.0,0.0,DEF,TOT,0.0,4.0,0.0,0.0,DEF,TOT,0.0,0.0,4.0,0.0,DEF,TOT,0.0,4.0,0.0,0.0,DEF,TOT,0.0,0.0,4.0,0.0,DEF,TOT,0.0,4.0,0.0,0.0,0.0,0.0
701,Orford,MID,WHM,0.0,0.0,0.0,0.0,MID,WHM,0.0,0.0,0.0,0.0,MID,WHM,0.0,0.0,0.0,0.0,MID,WHM,0.0,0.0,0.0,0.0,MID,WHM,0.0,0.0,0.0,0.0,MID,WHM,0.0,0.0,0.0,0.0,MID,WHM,0.0,0.0,0.0,0.0,MID,WHM,0.0,0.0,0.0,0.0,MID,WHM,0.0,0.0,0.0,0.0,MID,WHM,0.0,0.0,0.0,0.0,MID,WHM,0.0,0.0,0.0,0.0,MID,WHM,0.0,0.0,0.0,0.0,MID,WHM,0.0,0.0,0.0,0.0,MID,WHM,0.0,0.0,0.0,0.0,MID,WHM,0.0,0.0,0.0,0.0,MID,WHM,0.0,4.5,0.0,0.0,MID,WHM,0.0,4.5,0.0,0.0,MID,WHM,0.0,4.5,0.0,0.0,MID,WHM,0.0,4.5,0.0,0.0,MID,WHM,0.0,4.5,0.0,0.0,MID,WHM,0.0,4.5,0.0,0.0,MID,WHM,0.0,34.0,4.5,1.0,MID,WHM,0.0,4.5,0.0,0.0,MID,WHM,0.0,4.5,13.0,1.0,MID,WHM,0.0,4.5,0.0,0.0,MID,WHM,0.0,4.5,0.0,0.0,MID,WHM,0.0,4.5,0.0,0.0,MID,WHM,0.0,4.5,0.0,0.0,MID,WHM,0.0,4.5,0.0,0.0,MID,WHM,0.0,4.5,0.0,0.0,MID,WHM,0.0,4.5,0.0,0.0,MID,WHM,0.0,0.0,4.5,0.0,MID,WHM,0.0,4.5,0.0,0.0,MID,WHM,0.0,0.0,4.5,0.0,MID,WHM,0.0,4.5,0.0,0.0,47.0,2.0
702,A. Harris,DEF,BOU,0.0,0.0,0.0,0.0,DEF,BOU,0.0,0.0,0.0,0.0,DEF,BOU,0.0,0.0,0.0,0.0,DEF,BOU,0.0,0.0,0.0,0.0,DEF,BOU,0.0,0.0,0.0,0.0,DEF,BOU,0.0,0.0,0.0,0.0,DEF,BOU,0.0,0.0,0.0,0.0,DEF,BOU,0.0,0.0,0.0,0.0,DEF,BOU,0.0,0.0,0.0,0.0,DEF,BOU,0.0,0.0,0.0,0.0,DEF,BOU,0.0,0.0,0.0,0.0,DEF,BOU,0.0,0.0,0.0,0.0,DEF,BOU,0.0,0.0,0.0,0.0,DEF,BOU,0.0,0.0,0.0,0.0,DEF,BOU,0.0,0.0,0.0,0.0,DEF,BOU,0.0,0.0,0.0,0.0,DEF,BOU,0.0,0.0,0.0,0.0,DEF,BOU,0.0,4.0,0.0,0.0,DEF,BOU,0.0,4.0,0.0,0.0,DEF,BOU,0.0,4.0,0.0,0.0,DEF,BOU,0.0,4.0,0.0,0.0,DEF,BOU,0.0,0.0,4.0,0.0,DEF,BOU,0.0,4.0,0.0,0.0,DEF,BOU,0.0,4.0,0.0,0.0,DEF,BOU,0.0,4.0,0.0,0.0,DEF,BOU,0.0,4.0,0.0,0.0,DEF,BOU,0.0,4.0,0.0,0.0,DEF,BOU,0.0,4.0,0.0,0.0,DEF,BOU,0.0,4.0,0.0,0.0,DEF,BOU,0.0,4.0,0.0,0.0,DEF,BOU,0.0,4.0,0.0,0.0,DEF,BOU,0.0,0.0,4.0,0.0,DEF,BOU,0.0,4.0,0.0,0.0,DEF,BOU,0.0,0.0,4.0,0.0,DEF,BOU,0.0,4.0,0.0,0.0,0.0,0.0
703,Alleyne,DEF,MCI,0.0,0.0,0.0,0.0,DEF,MCI,0.0,0.0,0.0,0.0,DEF,MCI,0.0,0.0,0.0,0.0,DEF,MCI,0.0,0.0,0.0,0.0,DEF,MCI,0.0,0.0,0.0,0.0,DEF,MCI,0.0,0.0,0.0,0.0,DEF,MCI,0.0,0.0,0.0,0.0,DEF,MCI,0.0,0.0,0.0,0.0,DEF,MCI,0.0,0.0,0.0,0.0,DEF,MCI,0.0,0.0,0.0,0.0,DEF,MCI,0.0,0.0,0.0,0.0,DEF,MCI,0.0,0.0,0.0,0.0,DEF,MCI,0.0,0.0,0.0,0.0,DEF,MCI,0.0,0.0,0.0,0.0,DEF,MCI,0.0,0.0,0.0,0.0,DEF,MCI,0.0,0.0,0.0,0.0,DEF,MCI,0.0,0.0,0.0,0.0,DEF,MCI,0.0,4.0,0.0,0.0,DEF,MCI,0.0,4.0,0.0,0.0,DEF,MCI,0.0,4.0,0.0,0.0,DEF,MCI,0.0,4.0,0.0,0.0,DEF,MCI,0.0,0.0,4.0,0.0,DEF,MCI,0.0,4.0,0.0,0.0,DEF,MCI,0.0,4.0,0.0,0.0,DEF,MCI,0.0,4.0,0.0,0.0,DEF,MCI,0.0,4.0,0.0,0.0,DEF,MCI,0.0,4.0,0.0,0.0,DEF,MCI,0.0,4.0,0.0,0.0,DEF,MCI,0.0,4.0,0.0,0.0,DEF,MCI,0.0,4.0,0.0,0.0,DEF,MCI,0.0,4.0,0.0,0.0,DEF,MCI,0.0,0.0,4.0,0.0,DEF,MCI,0.0,4.0,0.0,0.0,DEF,MCI,0.0,0.0,0.0,0.0,DEF,MCI,0.0,4.0,0.0,0.0,0.0,0.0
704,Brits,GKP,MCI,0.0,0.0,0.0,0.0,GKP,MCI,0.0,0.0,0.0,0.0,GKP,MCI,0.0,0.0,0.0,0.0,GKP,MCI,0.0,0.0,0.0,0.0,GKP,MCI,0.0,0.0,0.0,0.0,GKP,MCI,0.0,0.0,0.0,0.0,GKP,MCI,0.0,0.0,0.0,0.0,GKP,MCI,0.0,0.0,0.0,0.0,GKP,MCI,0.0,0.0,0.0,0.0,GKP,MCI,0.0,0.0,0.0,0.0,GKP,MCI,0.0,0.0,0.0,0.0,GKP,MCI,0.0,0.0,0.0,0.0,GKP,MCI,0.0,0.0,0.0,0.0,GKP,MCI,0.0,0.0,0.0,0.0,GKP,MCI,0.0,0.0,0.0,0.0,GKP,MCI,0.0,0.0,0.0,0.0,GKP,MCI,0.0,0.0,0.0,0.0,GKP,MCI,0.0,4.0,0.0,0.0,GKP,MCI,0.0,4.0,0.0,0.0,GKP,MCI,0.0,4.0,0.0,0.0,GKP,MCI,0.0,4.0,0.0,0.0,GKP,MCI,0.0,0.0,4.0,0.0,GKP,MCI,0.0,4.0,0.0,0.0,GKP,MCI,0.0,4.0,0.0,0.0,GKP,MCI,0.0,4.0,0.0,0.0,GKP,MCI,0.0,4.0,0.0,0.0,GKP,MCI,0.0,4.0,0.0,0.0,GKP,MCI,0.0,4.0,0.0,0.0,GKP,MCI,0.0,4.0,0.0,0.0,GKP,MCI,0.0,4.0,0.0,0.0,GKP,MCI,0.0,4.0,0.0,0.0,GKP,MCI,0.0,0.0,4.0,0.0,GKP,MCI,0.0,4.0,0.0,0.0,GKP,MCI,0.0,0.0,0.0,0.0,GKP,MCI,0.0,4.0,0.0,0.0,0.0,0.0
705,Arthur,DEF,BRE,0.0,0.0,0.0,0.0,DEF,BRE,0.0,0.0,0.0,0.0,DEF,BRE,0.0,0.0,0.0,0.0,DEF,BRE,0.0,0.0,0.0,0.0,DEF,BRE,0.0,0.0,0.0,0.0,DEF,BRE,0.0,0.0,0.0,0.0,DEF,BRE,0.0,0.0,0.0,0.0,DEF,BRE,0.0,0.0,0.0,0.0,DEF,BRE,0.0,0.0,0.0,0.0,DEF,BRE,0.0,0.0,0.0,0.0,DEF,BRE,0.0,0.0,0.0,0.0,DEF,BRE,0.0,0.0,0.0,0.0,DEF,BRE,0.0,0.0,0.0,0.0,DEF,BRE,0.0,0.0,0.0,0.0,DEF,BRE,0.0,0.0,0.0,0.0,DEF,BRE,0.0,0.0,0.0,0.0,DEF,BRE,0.0,0.0,0.0,0.0,DEF,BRE,0.0,4.0,0.0,0.0,DEF,BRE,0.0,4.0,0.0,0.0,DEF,BRE,0.0,4.0,0.0,0.0,DEF,BRE,0.0,4.0,0.0,0.0,DEF,BRE,0.0,0.0,4.0,0.0,DEF,BRE,0.0,4.0,0.0,0.0,DEF,BRE,0.0,4.0,0.0,0.0,DEF,BRE,0.0,4.0,0.0,0.0,DEF,BRE,0.0,4.0,0.0,0.0,DEF,BRE,0.0,4.0,0.0,0.0,DEF,BRE,0.0,4.0,0.0,0.0,DEF,BRE,0.0,4.0,0.0,0.0,DEF,BRE,0.0,4.0,0.0,0.0,DEF,BRE,0.0,4.0,0.0,0.0,DEF,BRE,0.0,0.0,4.0,0.0,DEF,BRE,0.0,4.0,0.0,0.0,DEF,BRE,0.0,0.0,4.0,0.0,DEF,BRE,0.0,4.0,0.0,0.0,0.0,0.0
706,Abbott,DEF,NOT,0.0,0.0,0.0,0.0,DEF,NOT,0.0,0.0,0.0,0.0,DEF,NOT,0.0,0.0,0.0,0.0,DEF,NOT,0.0,0.0,0.0,0.0,DEF,NOT,0.0,0.0,0.0,0.0,DEF,NOT,0.0,0.0,0.0,0.0,DEF,NOT,0.0,0.0,0.0,0.0,DEF,NOT,0.0,0.0,0.0,0.0,DEF,NOT,0.0,0.0,0.0,0.0,DEF,NOT,0.0,0.0,0.0,0.0,DEF,NOT,0.0,0.0,0.0,0.0,DEF,NOT,0.0,0.0,0.0,0.0,DEF,NOT,0.0,0.0,0.0,0.0,DEF,NOT,0.0,0.0,0.0,0.0,DEF,NOT,0.0,0.0,0.0,0.0,DEF,NOT,0.0,0.0,0.0,0.0,DEF,NOT,0.0,0.0,0.0,0.0,DEF,NOT,0.0,0.0,0.0,0.0,DEF,NOT,0.0,4.0,0.0,0.0,DEF,NOT,0.0,4.0,0.0,0.0,DEF,NOT,0.0,4.0,0.0,0.0,DEF,NOT,0.0,0.0,4.0,0.0,DEF,NOT,0.0,4.0,0.0,0.0,DEF,NOT,0.0,4.0,0.0,0.0,DEF,NOT,0.0,4.0,0.0,0.0,DEF,NOT,0.0,4.0,0.0,0.0,DEF,NOT,0.0,4.0,0.0,0.0,DEF,NOT,0.0,4.0,0.0,0.0,DEF,NOT,0.0,4.0,0.0,0.0,DEF,NOT,0.0,4.0,0.0,0.0,DEF,NOT,0.0,4.0,0.0,0.0,DEF,NOT,0.0,0.0,4.0,0.0,DEF,NOT,0.0,4.0,0.0,0.0,DEF,NOT,0.0,0.0,4.0,0.0,DEF,NOT,0.0,4.0,0.0,0.0,0.0,0.0
707,Rees-Dottin,FWD,BOU,0.0,0.0,0.0,0.0,FWD,BOU,0.0,0.0,0.0,0.0,FWD,BOU,0.0,0.0,0.0,0.0,FWD,BOU,0.0,0.0,0.0,0.0,FWD,BOU,0.0,0.0,0.0,0.0,FWD,BOU,0.0,0.0,0.0,0.0,FWD,BOU,0.0,0.0,0.0,0.0,FWD,BOU,0.0,0.0,0.0,0.0,FWD,BOU,0.0,0.0,0.0,0.0,FWD,BOU,0.0,0.0,0.0,0.0,FWD,BOU,0.0,0.0,0.0,0.0,FWD,BOU,0.0,0.0,0.0,0.0,FWD,BOU,0.0,0.0,0.0,0.0,FWD,BOU,0.0,0.0,0.0,0.0,FWD,BOU,0.0,0.0,0.0,0.0,FWD,BOU,0.0,0.0,0.0,0.0,FWD,BOU,0.0,0.0,0.0,0.0,FWD,BOU,0.0,0.0,0.0,0.0,FWD,BOU,0.0,4.5,0.0,0.0,FWD,BOU,0.0,4.5,0.0,0.0,FWD,BOU,0.0,4.5,0.0,0.0,FWD,BOU,0.0,1.0,4.5,1.0,FWD,BOU,0.0,4.5,0.0,0.0,FWD,BOU,0.0,4.5,0.0,0.0,FWD,BOU,0.0,4.5,0.0,0.0,FWD,BOU,0.0,4.5,0.0,0.0,FWD,BOU,0.0,4.5,0.0,0.0,FWD,BOU,0.0,4.5,0.0,0.0,FWD,BOU,0.0,4.5,0.0,0.0,FWD,BOU,0.0,4.5,0.0,0.0,FWD,BOU,0.0,4.5,0.0,0.0,FWD,BOU,0.0,0.0,4.5,0.0,FWD,BOU,0.0,4.5,0.0,0.0,FWD,BOU,0.0,0.0,4.5,0.0,FWD,BOU,0.0,4.5,0.0,0.0,1.0,1.0
708,Wilson-Brown,DEF,LEI,0.0,0.0,0.0,0.0,DEF,LEI,0.0,0.0,0.0,0.0,DEF,LEI,0.0,0.0,0.0,0.0,DEF,LEI,0.0,0.0,0.0,0.0,DEF,LEI,0.0,0.0,0.0,0.0,DEF,LEI,0.0,0.0,0.0,0.0,DEF,LEI,0.0,0.0,0.0,0.0,DEF,LEI,0.0,0.0,0.0,0.0,DEF,LEI,0.0,0.0,0.0,0.0,DEF,LEI,0.0,0.0,0.0,0.0,DEF,LEI,0.0,0.0,0.0,0.0,DEF,LEI,0.0,0.0,0.0,0.0,DEF,LEI,0.0,0.0,0.0,0.0,DEF,LEI,0.0,0.0,0.0,0.0,DEF,LEI,0.0,0.0,0.0,0.0,DEF,LEI,0.0,0.0,0.0,0.0,DEF,LEI,0.0,0.0,0.0,0.0,DEF,LEI,0.0,0.0,0.0,0.0,DEF,LEI,0.0,4.0,0.0,0.0,DEF,LEI,0.0,4.0,0.0,0.0,DEF,LEI,0.0,4.0,0.0,0.0,DEF,LEI,0.0,0.0,4.0,0.0,DEF,LEI,0.0,4.0,0.0,0.0,DEF,LEI,1.0,4.0,0.0,0.0,DEF,LEI,1.0,4.0,0.0,0.0,DEF,LEI,1.0,4.0,0.0,0.0,DEF,LEI,1.0,4.0,0.0,0.0,DEF,LEI,1.0,4.0,0.0,0.0,DEF,LEI,1.0,4.0,0.0,0.0,DEF,LEI,1.0,4.0,0.0,0.0,DEF,LEI,1.0,4.0,0.0,0.0,DEF,LEI,0.0,0.0,4.0,0.0,DEF,LEI,1.0,4.0,0.0,0.0,DEF,LEI,0.0,0.0,4.0,0.0,DEF,LEI,1.0,4.0,0.0,0.0,0.0,0.0
709,Danns,FWD,LIV,0.0,0.0,0.0,0.0,FWD,LIV,0.0,0.0,0.0,0.0,FWD,LIV,0.0,0.0,0.0,0.0,FWD,LIV,0.0,0.0,0.0,0.0,FWD,LIV,0.0,0.0,0.0,0.0,FWD,LIV,0.0,0.0,0.0,0.0,FWD,LIV,0.0,0.0,0.0,0.0,FWD,LIV,0.0,0.0,0.0,0.0,FWD,LIV,0.0,0.0,0.0,0.0,FWD,LIV,0.0,0.0,0.0,0.0,FWD,LIV,0.0,0.0,0.0,0.0,FWD,LIV,0.0,0.0,0.0,0.0,FWD,LIV,0.0,0.0,0.0,0.0,FWD,LIV,0.0,0.0,0.0,0.0,FWD,LIV,0.0,0.0,0.0,0.0,FWD,LIV,0.0,0.0,0.0,0.0,FWD,LIV,0.0,0.0,0.0,0.0,FWD,LIV,0.0,0.0,0.0,0.0,FWD,LIV,0.0,4.5,0.0,0.0,FWD,LIV,0.0,4.5,0.0,0.0,FWD,LIV,0.0,4.5,0.0,0.0,FWD,LIV,0.0,0.0,4.5,0.0,FWD,LIV,0.0,4.5,10.0,1.0,FWD,LIV,1.0,4.5,0.0,0.0,FWD,LIV,1.0,4.5,0.0,0.0,FWD,LIV,1.0,4.5,0.0,0.0,FWD,LIV,1.0,4.5,0.0,0.0,FWD,LIV,1.0,4.5,0.0,0.0,FWD,LIV,1.0,4.5,0.0,0.0,FWD,LIV,1.0,4.5,0.0,0.0,FWD,LIV,1.0,4.5,0.0,0.0,FWD,LIV,0.0,0.0,4.5,0.0,FWD,LIV,1.0,4.5,0.0,0.0,FWD,LIV,0.0,0.0,4.5,0.0,FWD,LIV,1.0,4.5,0.0,0.0,10.0,1.0
710,Jimoh,MID,AST,0.0,0.0,0.0,0.0,MID,AST,0.0,0.0,0.0,0.0,MID,AST,0.0,0.0,0.0,0.0,MID,AST,0.0,0.0,0.0,0.0,MID,AST,0.0,0.0,0.0,0.0,MID,AST,0.0,0.0,0.0,0.0,MID,AST,0.0,0.0,0.0,0.0,MID,AST,0.0,0.0,0.0,0.0,MID,AST,0.0,0.0,0.0,0.0,MID,AST,0.0,0.0,0.0,0.0,MID,AST,0.0,0.0,0.0,0.0,MID,AST,0.0,0.0,0.0,0.0,MID,AST,0.0,0.0,0.0,0.0,MID,AST,0.0,0.0,0.0,0.0,MID,AST,0.0,0.0,0.0,0.0,MID,AST,0.0,0.0,0.0,0.0,MID,AST,0.0,0.0,0.0,0.0,MID,AST,0.0,0.0,0.0,0.0,MID,AST,0.0,0.0,0.0,0.0,MID,AST,0.0,4.5,0.0,0.0,MID,AST,0.0,4.5,0.0,0.0,MID,AST,0.0,0.0,4.5,0.0,MID,AST,0.0,4.5,0.0,0.0,MID,AST,0.0,4.5,0.0,0.0,MID,AST,0.0,4.5,0.0,0.0,MID,AST,0.0,4.5,0.0,0.0,MID,AST,0.0,4.5,0.0,0.0,MID,AST,0.0,4.5,0.0,0.0,MID,AST,0.0,4.5,0.0,0.0,MID,AST,0.0,4.5,0.0,0.0,MID,AST,0.0,4.5,0.0,0.0,MID,AST,0.0,0.0,4.5,0.0,MID,AST,0.0,4.5,0.0,0.0,MID,AST,0.0,0.0,0.0,0.0,MID,AST,0.0,4.5,0.0,0.0,0.0,0.0
711,Okoduwa,DEF,WOL,0.0,0.0,0.0,0.0,DEF,WOL,0.0,0.0,0.0,0.0,DEF,WOL,0.0,0.0,0.0,0.0,DEF,WOL,0.0,0.0,0.0,0.0,DEF,WOL,0.0,0.0,0.0,0.0,DEF,WOL,0.0,0.0,0.0,0.0,DEF,WOL,0.0,0.0,0.0,0.0,DEF,WOL,0.0,0.0,0.0,0.0,DEF,WOL,0.0,0.0,0.0,0.0,DEF,WOL,0.0,0.0,0.0,0.0,DEF,WOL,0.0,0.0,0.0,0.0,DEF,WOL,0.0,0.0,0.0,0.0,DEF,WOL,0.0,0.0,0.0,0.0,DEF,WOL,0.0,0.0,0.0,0.0,DEF,WOL,0.0,0.0,0.0,0.0,DEF,WOL,0.0,0.0,0.0,0.0,DEF,WOL,0.0,0.0,0.0,0.0,DEF,WOL,0.0,0.0,0.0,0.0,DEF,WOL,0.0,0.0,0.0,0.0,DEF,WOL,0.0,4.0,0.0,0.0,DEF,WOL,0.0,4.0,0.0,0.0,DEF,WOL,0.0,0.0,4.0,0.0,DEF,WOL,0.0,4.0,0.0,0.0,DEF,WOL,0.0,4.0,0.0,0.0,DEF,WOL,0.0,4.0,0.0,0.0,DEF,WOL,0.0,4.0,0.0,0.0,DEF,WOL,0.0,4.0,0.0,0.0,DEF,WOL,0.0,4.0,0.0,0.0,DEF,WOL,0.0,4.0,0.0,0.0,DEF,WOL,0.0,4.0,0.0,0.0,DEF,WOL,0.0,4.0,0.0,0.0,DEF,WOL,0.0,0.0,4.0,0.0,DEF,WOL,0.0,4.0,0.0,0.0,DEF,WOL,0.0,0.0,4.0,0.0,DEF,WOL,0.0,4.0,0.0,0.0,0.0,0.0
712,Akinmboni,DEF,BOU,0.0,0.0,0.0,0.0,DEF,BOU,0.0,0.0,0.0,0.0,DEF,BOU,0.0,0.0,0.0,0.0,DEF,BOU,0.0,0.0,0.0,0.0,DEF,BOU,0.0,0.0,0.0,0.0,DEF,BOU,0.0,0.0,0.0,0.0,DEF,BOU,0.0,0.0,0.0,0.0,DEF,BOU,0.0,0.0,0.0,0.0,DEF,BOU,0.0,0.0,0.0,0.0,DEF,BOU,0.0,0.0,0.0,0.0,DEF,BOU,0.0,0.0,0.0,0.0,DEF,BOU,0.0,0.0,0.0,0.0,DEF,BOU,0.0,0.0,0.0,0.0,DEF,BOU,0.0,0.0,0.0,0.0,DEF,BOU,0.0,0.0,0.0,0.0,DEF,BOU,0.0,0.0,0.0,0.0,DEF,BOU,0.0,0.0,0.0,0.0,DEF,BOU,0.0,0.0,0.0,0.0,DEF,BOU,0.0,0.0,0.0,0.0,DEF,BOU,0.0,0.0,0.0,0.0,DEF,BOU,0.0,4.0,0.0,0.0,DEF,BOU,0.0,0.0,4.0,0.0,DEF,BOU,0.0,4.0,0.0,0.0,DEF,BOU,0.0,4.0,0.0,0.0,DEF,BOU,0.0,4.0,0.0,0.0,DEF,BOU,0.0,4.0,0.0,0.0,DEF,BOU,0.0,4.0,0.0,0.0,DEF,BOU,0.0,4.0,0.0,0.0,DEF,BOU,0.0,4.0,0.0,0.0,DEF,BOU,0.0,4.0,0.0,0.0,DEF,BOU,0.0,4.0,0.0,0.0,DEF,BOU,0.0,0.0,4.0,0.0,DEF,BOU,0.0,4.0,0.0,0.0,DEF,BOU,0.0,0.0,4.0,0.0,DEF,BOU,0.0,4.0,0.0,0.0,0.0,0.0
713,Soler,DEF,BOU,0.0,0.0,0.0,0.0,DEF,BOU,0.0,0.0,0.0,0.0,DEF,BOU,0.0,0.0,0.0,0.0,DEF,BOU,0.0,0.0,0.0,0.0,DEF,BOU,0.0,0.0,0.0,0.0,DEF,BOU,0.0,0.0,0.0,0.0,DEF,BOU,0.0,0.0,0.0,0.0,DEF,BOU,0.0,0.0,0.0,0.0,DEF,BOU,0.0,0.0,0.0,0.0,DEF,BOU,0.0,0.0,0.0,0.0,DEF,BOU,0.0,0.0,0.0,0.0,DEF,BOU,0.0,0.0,0.0,0.0,DEF,BOU,0.0,0.0,0.0,0.0,DEF,BOU,0.0,0.0,0.0,0.0,DEF,BOU,0.0,0.0,0.0,0.0,DEF,BOU,0.0,0.0,0.0,0.0,DEF,BOU,0.0,0.0,0.0,0.0,DEF,BOU,0.0,0.0,0.0,0.0,DEF,BOU,0.0,0.0,0.0,0.0,DEF,BOU,0.0,0.0,0.0,0.0,DEF,BOU,1.0,4.0,0.0,0.0,DEF,BOU,1.0,0.0,4.0,0.0,DEF,BOU,1.0,4.0,0.0,0.0,DEF,BOU,1.0,4.0,0.0,0.0,DEF,BOU,0.25,3.9,0.0,0.0,DEF,BOU,0.0,3.9,0.0,0.0,DEF,BOU,0.0,3.9,0.0,0.0,DEF,BOU,0.0,3.9,0.0,0.0,DEF,BOU,0.0,3.9,0.0,0.0,DEF,BOU,0.0,3.9,0.0,0.0,DEF,BOU,0.0,3.9,0.0,0.0,DEF,BOU,1.0,1.0,3.9,1.0,DEF,BOU,0.0,3.9,0.0,0.0,DEF,BOU,1.0,0.0,3.9,0.0,DEF,BOU,0.0,3.9,0.0,0.0,1.0,1.0
714,Gómez,MID,BRI,0.0,0.0,0.0,0.0,MID,BRI,0.0,0.0,0.0,0.0,MID,BRI,0.0,0.0,0.0,0.0,MID,BRI,0.0,0.0,0.0,0.0,MID,BRI,0.0,0.0,0.0,0.0,MID,BRI,0.0,0.0,0.0,0.0,MID,BRI,0.0,0.0,0.0,0.0,MID,BRI,0.0,0.0,0.0,0.0,MID,BRI,0.0,0.0,0.0,0.0,MID,BRI,0.0,0.0,0.0,0.0,MID,BRI,0.0,0.0,0.0,0.0,MID,BRI,0.0,0.0,0.0,0.0,MID,BRI,0.0,0.0,0.0,0.0,MID,BRI,0.0,0.0,0.0,0.0,MID,BRI,0.0,0.0,0.0,0.0,MID,BRI,0.0,0.0,0.0,0.0,MID,BRI,0.0,0.0,0.0,0.0,MID,BRI,0.0,0.0,0.0,0.0,MID,BRI,0.0,0.0,0.0,0.0,MID,BRI,0.0,0.0,0.0,0.0,MID,BRI,0.0,5.5,0.0,0.0,MID,BRI,0.0,1.0,5.5,1.0,MID,BRI,0.0,5.5,0.0,0.0,MID,BRI,0.0,5.5,45.0,1.0,MID,BRI,0.0,5.5,16.0,1.0,MID,BRI,0.0,5.5,23.0,1.0,MID,BRI,0.0,5.5,71.0,2.0,MID,BRI,0.0,5.5,21.0,1.0,MID,BRI,0.0,5.5,74.0,2.0,MID,BRI,0.0,5.5,71.0,2.0,MID,BRI,0.0,5.5,71.0,2.0,MID,BRI,0.0,20.0,5.5,1.0,MID,BRI,0.0,5.5,13.0,1.0,MID,BRI,0.0,8.0,5.5,1.0,MID,BRI,0.0,5.5,1.0,1.0,435.0,17.0
715,Godfrey,DEF,IPS,0.0,0.0,0.0,0.0,DEF,IPS,0.0,0.0,0.0,0.0,DEF,IPS,0.0,0.0,0.0,0.0,DEF,IPS,0.0,0.0,0.0,0.0,DEF,IPS,0.0,0.0,0.0,0.0,DEF,IPS,0.0,0.0,0.0,0.0,DEF,IPS,0.0,0.0,0.0,0.0,DEF,IPS,0.0,0.0,0.0,0.0,DEF,IPS,0.0,0.0,0.0,0.0,DEF,IPS,0.0,0.0,0.0,0.0,DEF,IPS,0.0,0.0,0.0,0.0,DEF,IPS,0.0,0.0,0.0,0.0,DEF,IPS,0.0,0.0,0.0,0.0,DEF,IPS,0.0,0.0,0.0,0.0,DEF,IPS,0.0,0.0,0.0,0.0,DEF,IPS,0.0,0.0,0.0,0.0,DEF,IPS,0.0,0.0,0.0,0.0,DEF,IPS,0.0,0.0,0.0,0.0,DEF,IPS,0.0,0.0,0.0,0.0,DEF,IPS,0.0,0.0,0.0,0.0,DEF,IPS,0.0,4.0,0.0,0.0,DEF,IPS,0.0,63.0,4.0,0.0,DEF,IPS,0.0,4.0,0.0,0.0,DEF,IPS,0.0,4.0,0.0,0.0,DEF,IPS,0.0,4.0,0.0,0.0,DEF,IPS,0.0,4.0,45.0,-1.0,DEF,IPS,0.0,4.0,0.0,0.0,DEF,IPS,0.0,4.0,0.0,0.0,DEF,IPS,0.0,4.0,0.0,0.0,DEF,IPS,0.0,4.0,0.0,0.0,DEF,IPS,0.0,4.0,0.0,0.0,DEF,IPS,0.0,0.0,4.0,0.0,DEF,IPS,0.0,4.0,0.0,0.0,DEF,IPS,0.0,50.0,4.0,0.0,DEF,IPS,0.0,4.0,0.0,0.0,158.0,-1.0
716,Kinsky,GKP,TOT,0.0,0.0,0.0,0.0,GKP,TOT,0.0,0.0,0.0,0.0,GKP,TOT,0.0,0.0,0.0,0.0,GKP,TOT,0.0,0.0,0.0,0.0,GKP,TOT,0.0,0.0,0.0,0.0,GKP,TOT,0.0,0.0,0.0,0.0,GKP,TOT,0.0,0.0,0.0,0.0,GKP,TOT,0.0,0.0,0.0,0.0,GKP,TOT,0.0,0.0,0.0,0.0,GKP,TOT,0.0,0.0,0.0,0.0,GKP,TOT,0.0,0.0,0.0,0.0,GKP,TOT,0.0,0.0,0.0,0.0,GKP,TOT,0.0,0.0,0.0,0.0,GKP,TOT,0.0,0.0,0.0,0.0,GKP,TOT,0.0,0.0,0.0,0.0,GKP,TOT,0.0,0.0,0.0,0.0,GKP,TOT,0.0,0.0,0.0,0.0,GKP,TOT,0.0,0.0,0.0,0.0,GKP,TOT,0.0,0.0,0.0,0.0,GKP,TOT,0.0,0.0,0.0,0.0,GKP,TOT,0.0,4.5,0.0,0.0,GKP,TOT,0.0,90.0,4.5,2.0,GKP,TOT,0.0,4.5,90.0,1.0,GKP,TOT,0.0,4.5,90.0,7.0,GKP,TOT,0.0,4.5,0.0,0.0,GKP,TOT,0.0,4.4,0.0,0.0,GKP,TOT,0.0,4.4,0.0,0.0,GKP,TOT,0.0,4.3,0.0,0.0,GKP,TOT,0.0,4.3,0.0,0.0,GKP,TOT,0.0,4.2,0.0,0.0,GKP,TOT,0.0,4.2,0.0,0.0,GKP,TOT,0.0,0.0,4.2,0.0,GKP,TOT,0.0,4.1,0.0,0.0,GKP,TOT,0.0,0.0,4.1,0.0,GKP,TOT,0.0,4.1,0.0,0.0,270.0,10.0
717,Yang,MID,TOT,0.0,0.0,0.0,0.0,MID,TOT,0.0,0.0,0.0,0.0,MID,TOT,0.0,0.0,0.0,0.0,MID,TOT,0.0,0.0,0.0,0.0,MID,TOT,0.0,0.0,0.0,0.0,MID,TOT,0.0,0.0,0.0,0.0,MID,TOT,0.0,0.0,0.0,0.0,MID,TOT,0.0,0.0,0.0,0.0,MID,TOT,0.0,0.0,0.0,0.0,MID,TOT,0.0,0.0,0.0,0.0,MID,TOT,0.0,0.0,0.0,0.0,MID,TOT,0.0,0.0,0.0,0.0,MID,TOT,0.0,0.0,0.0,0.0,MID,TOT,0.0,0.0,0.0,0.0,MID,TOT,0.0,0.0,0.0,0.0,MID,TOT,0.0,0.0,0.0,0.0,MID,TOT,0.0,0.0,0.0,0.0,MID,TOT,0.0,0.0,0.0,0.0,MID,TOT,0.0,0.0,0.0,0.0,MID,TOT,0.0,0.0,0.0,0.0,MID,TOT,0.0,4.5,0.0,0.0,MID,TOT,0.0,0.0,4.5,0.0,MID,TOT,0.0,4.5,0.0,0.0,MID,TOT,1.0,4.5,0.0,0.0,MID,TOT,1.0,4.5,0.0,0.0,MID,TOT,1.0,4.5,0.0,0.0,MID,TOT,1.0,4.5,0.0,0.0,MID,TOT,1.0,4.5,0.0,0.0,MID,TOT,1.0,4.5,0.0,0.0,MID,TOT,1.0,4.5,0.0,0.0,MID,TOT,1.0,4.5,0.0,0.0,MID,TOT,0.0,0.0,4.5,0.0,MID,TOT,1.0,4.5,0.0,0.0,MID,TOT,0.0,0.0,4.5,0.0,MID,TOT,1.0,4.5,0.0,0.0,0.0,0.0
718,Welington,DEF,SOU,0.0,0.0,0.0,0.0,DEF,SOU,0.0,0.0,0.0,0.0,DEF,SOU,0.0,0.0,0.0,0.0,DEF,SOU,0.0,0.0,0.0,0.0,DEF,SOU,0.0,0.0,0.0,0.0,DEF,SOU,0.0,0.0,0.0,0.0,DEF,SOU,0.0,0.0,0.0,0.0,DEF,SOU,0.0,0.0,0.0,0.0,DEF,SOU,0.0,0.0,0.0,0.0,DEF,SOU,0.0,0.0,0.0,0.0,DEF,SOU,0.0,0.0,0.0,0.0,DEF,SOU,0.0,0.0,0.0,0.0,DEF,SOU,0.0,0.0,0.0,0.0,DEF,SOU,0.0,0.0,0.0,0.0,DEF,SOU,0.0,0.0,0.0,0.0,DEF,SOU,0.0,0.0,0.0,0.0,DEF,SOU,0.0,0.0,0.0,0.0,DEF,SOU,0.0,0.0,0.0,0.0,DEF,SOU,0.0,0.0,0.0,0.0,DEF,SOU,0.0,0.0,0.0,0.0,DEF,SOU,0.0,4.0,0.0,0.0,DEF,SOU,0.0,0.0,4.0,0.0,DEF,SOU,0.0,4.0,0.0,0.0,DEF,SOU,0.0,4.0,80.0,1.0,DEF,SOU,0.0,4.0,45.0,0.0,DEF,SOU,0.0,4.0,45.0,1.0,DEF,SOU,0.0,4.0,1.0,1.0,DEF,SOU,0.0,4.0,0.0,0.0,DEF,SOU,0.0,4.0,0.0,0.0,DEF,SOU,0.0,4.0,9.0,1.0,DEF,SOU,0.0,4.0,26.0,1.0,DEF,SOU,0.0,0.0,4.0,0.0,DEF,SOU,0.0,4.0,5.0,1.0,DEF,SOU,0.0,0.0,4.0,0.0,DEF,SOU,0.0,4.0,0.0,0.0,211.0,6.0
719,Kayi Sanda,DEF,SOU,0.0,0.0,0.0,0.0,DEF,SOU,0.0,0.0,0.0,0.0,DEF,SOU,0.0,0.0,0.0,0.0,DEF,SOU,0.0,0.0,0.0,0.0,DEF,SOU,0.0,0.0,0.0,0.0,DEF,SOU,0.0,0.0,0.0,0.0,DEF,SOU,0.0,0.0,0.0,0.0,DEF,SOU,0.0,0.0,0.0,0.0,DEF,SOU,0.0,0.0,0.0,0.0,DEF,SOU,0.0,0.0,0.0,0.0,DEF,SOU,0.0,0.0,0.0,0.0,DEF,SOU,0.0,0.0,0.0,0.0,DEF,SOU,0.0,0.0,0.0,0.0,DEF,SOU,0.0,0.0,0.0,0.0,DEF,SOU,0.0,0.0,0.0,0.0,DEF,SOU,0.0,0.0,0.0,0.0,DEF,SOU,0.0,0.0,0.0,0.0,DEF,SOU,0.0,0.0,0.0,0.0,DEF,SOU,0.0,0.0,0.0,0.0,DEF,SOU,0.0,0.0,0.0,0.0,DEF,SOU,0.0,4.0,0.0,0.0,DEF,SOU,0.0,0.0,4.0,0.0,DEF,SOU,0.0,4.0,0.0,0.0,DEF,SOU,0.0,4.0,0.0,0.0,DEF,SOU,0.0,4.0,0.0,0.0,DEF,SOU,0.0,4.0,0.0,0.0,DEF,SOU,0.0,4.0,0.0,0.0,DEF,SOU,0.0,4.0,0.0,0.0,DEF,SOU,0.0,4.0,0.0,0.0,DEF,SOU,0.0,4.0,0.0,0.0,DEF,SOU,0.0,4.0,0.0,0.0,DEF,SOU,0.0,0.0,4.0,0.0,DEF,SOU,0.0,4.0,0.0,0.0,DEF,SOU,0.0,0.0,4.0,0.0,DEF,SOU,0.0,4.0,0.0,0.0,0.0,0.0
720,Agbadou,DEF,WOL,0.0,0.0,0.0,0.0,DEF,WOL,0.0,0.0,0.0,0.0,DEF,WOL,0.0,0.0,0.0,0.0,DEF,WOL,0.0,0.0,0.0,0.0,DEF,WOL,0.0,0.0,0.0,0.0,DEF,WOL,0.0,0.0,0.0,0.0,DEF,WOL,0.0,0.0,0.0,0.0,DEF,WOL,0.0,0.0,0.0,0.0,DEF,WOL,0.0,0.0,0.0,0.0,DEF,WOL,0.0,0.0,0.0,0.0,DEF,WOL,0.0,0.0,0.0,0.0,DEF,WOL,0.0,0.0,0.0,0.0,DEF,WOL,0.0,0.0,0.0,0.0,DEF,WOL,0.0,0.0,0.0,0.0,DEF,WOL,0.0,0.0,0.0,0.0,DEF,WOL,0.0,0.0,0.0,0.0,DEF,WOL,0.0,0.0,0.0,0.0,DEF,WOL,0.0,0.0,0.0,0.0,DEF,WOL,0.0,0.0,0.0,0.0,DEF,WOL,0.0,0.0,0.0,0.0,DEF,WOL,0.0,4.0,0.0,0.0,DEF,WOL,0.0,90.0,4.0,1.0,DEF,WOL,0.0,4.0,90.0,2.0,DEF,WOL,0.0,4.0,90.0,6.0,DEF,WOL,0.25,4.0,60.0,0.0,DEF,WOL,1.0,4.0,0.0,0.0,DEF,WOL,1.0,4.0,0.0,0.0,DEF,WOL,0.0,4.0,90.0,2.0,DEF,WOL,0.0,4.0,90.0,2.0,DEF,WOL,0.0,4.0,90.0,6.0,DEF,WOL,0.0,4.0,90.0,2.0,DEF,WOL,0.0,90.0,4.0,1.0,DEF,WOL,0.0,4.0,90.0,7.0,DEF,WOL,0.0,90.0,4.0,6.0,DEF,WOL,0.0,4.0,90.0,2.0,1050.0,37.0
721,Hennessey,GKP,NOT,0.0,0.0,0.0,0.0,GKP,NOT,0.0,0.0,0.0,0.0,GKP,NOT,0.0,0.0,0.0,0.0,GKP,NOT,0.0,0.0,0.0,0.0,GKP,NOT,0.0,0.0,0.0,0.0,GKP,NOT,0.0,0.0,0.0,0.0,GKP,NOT,0.0,0.0,0.0,0.0,GKP,NOT,0.0,0.0,0.0,0.0,GKP,NOT,0.0,0.0,0.0,0.0,GKP,NOT,0.0,0.0,0.0,0.0,GKP,NOT,0.0,0.0,0.0,0.0,GKP,NOT,0.0,0.0,0.0,0.0,GKP,NOT,0.0,0.0,0.0,0.0,GKP,NOT,0.0,0.0,0.0,0.0,GKP,NOT,0.0,0.0,0.0,0.0,GKP,NOT,0.0,0.0,0.0,0.0,GKP,NOT,0.0,0.0,0.0,0.0,GKP,NOT,0.0,0.0,0.0,0.0,GKP,NOT,0.0,0.0,0.0,0.0,GKP,NOT,0.0,0.0,0.0,0.0,GKP,NOT,0.0,4.0,0.0,0.0,GKP,NOT,0.0,0.0,4.0,0.0,GKP,NOT,0.0,4.0,0.0,0.0,GKP,NOT,0.0,4.0,0.0,0.0,GKP,NOT,0.0,4.0,0.0,0.0,GKP,NOT,0.0,4.0,0.0,0.0,GKP,NOT,0.0,4.0,0.0,0.0,GKP,NOT,0.0,4.0,0.0,0.0,GKP,NOT,0.0,4.0,0.0,0.0,GKP,NOT,0.0,4.0,0.0,0.0,GKP,NOT,0.0,4.0,0.0,0.0,GKP,NOT,0.0,0.0,4.0,0.0,GKP,NOT,0.0,4.0,0.0,0.0,GKP,NOT,0.0,0.0,4.0,0.0,GKP,NOT,0.0,4.0,0.0,0.0,0.0,0.0
722,Adu-Adjei,FWD,BOU,0.0,0.0,0.0,0.0,FWD,BOU,0.0,0.0,0.0,0.0,FWD,BOU,0.0,0.0,0.0,0.0,FWD,BOU,0.0,0.0,0.0,0.0,FWD,BOU,0.0,0.0,0.0,0.0,FWD,BOU,0.0,0.0,0.0,0.0,FWD,BOU,0.0,0.0,0.0,0.0,FWD,BOU,0.0,0.0,0.0,0.0,FWD,BOU,0.0,0.0,0.0,0.0,FWD,BOU,0.0,0.0,0.0,0.0,FWD,BOU,0.0,0.0,0.0,0.0,FWD,BOU,0.0,0.0,0.0,0.0,FWD,BOU,0.0,0.0,0.0,0.0,FWD,BOU,0.0,0.0,0.0,0.0,FWD,BOU,0.0,0.0,0.0,0.0,FWD,BOU,0.0,0.0,0.0,0.0,FWD,BOU,0.0,0.0,0.0,0.0,FWD,BOU,0.0,0.0,0.0,0.0,FWD,BOU,0.0,0.0,0.0,0.0,FWD,BOU,0.0,0.0,0.0,0.0,FWD,BOU,0.0,4.5,0.0,0.0,FWD,BOU,0.0,0.0,4.5,0.0,FWD,BOU,0.0,4.5,0.0,0.0,FWD,BOU,0.0,4.5,0.0,0.0,FWD,BOU,0.0,4.5,0.0,0.0,FWD,BOU,0.0,4.5,0.0,0.0,FWD,BOU,0.0,4.5,0.0,0.0,FWD,BOU,0.0,4.5,0.0,0.0,FWD,BOU,0.0,4.5,0.0,0.0,FWD,BOU,0.0,4.5,0.0,0.0,FWD,BOU,0.0,4.5,0.0,0.0,FWD,BOU,0.0,0.0,4.5,0.0,FWD,BOU,0.0,4.5,0.0,0.0,FWD,BOU,0.0,0.0,4.5,0.0,FWD,BOU,0.0,4.5,0.0,0.0,0.0,0.0
723,Sadi,MID,BOU,0.0,0.0,0.0,0.0,MID,BOU,0.0,0.0,0.0,0.0,MID,BOU,0.0,0.0,0.0,0.0,MID,BOU,0.0,0.0,0.0,0.0,MID,BOU,0.0,0.0,0.0,0.0,MID,BOU,0.0,0.0,0.0,0.0,MID,BOU,0.0,0.0,0.0,0.0,MID,BOU,0.0,0.0,0.0,0.0,MID,BOU,0.0,0.0,0.0,0.0,MID,BOU,0.0,0.0,0.0,0.0,MID,BOU,0.0,0.0,0.0,0.0,MID,BOU,0.0,0.0,0.0,0.0,MID,BOU,0.0,0.0,0.0,0.0,MID,BOU,0.0,0.0,0.0,0.0,MID,BOU,0.0,0.0,0.0,0.0,MID,BOU,0.0,0.0,0.0,0.0,MID,BOU,0.0,0.0,0.0,0.0,MID,BOU,0.0,0.0,0.0,0.0,MID,BOU,0.0,0.0,0.0,0.0,MID,BOU,0.0,0.0,0.0,0.0,MID,BOU,0.0,4.5,0.0,0.0,MID,BOU,0.0,0.0,4.5,0.0,MID,BOU,0.0,4.5,0.0,0.0,MID,BOU,0.0,4.5,0.0,0.0,MID,BOU,0.0,4.5,0.0,0.0,MID,BOU,0.0,4.5,0.0,0.0,MID,BOU,0.0,4.5,0.0,0.0,MID,BOU,0.0,4.5,0.0,0.0,MID,BOU,0.0,4.5,0.0,0.0,MID,BOU,0.0,4.5,0.0,0.0,MID,BOU,0.0,4.5,0.0,0.0,MID,BOU,0.0,0.0,4.5,0.0,MID,BOU,0.0,4.5,0.0,0.0,MID,BOU,0.0,0.0,4.5,0.0,MID,BOU,0.0,4.5,0.0,0.0,0.0,0.0
724,Sherif,FWD,EVE,0.0,0.0,0.0,0.0,FWD,EVE,0.0,0.0,0.0,0.0,FWD,EVE,0.0,0.0,0.0,0.0,FWD,EVE,0.0,0.0,0.0,0.0,FWD,EVE,0.0,0.0,0.0,0.0,FWD,EVE,0.0,0.0,0.0,0.0,FWD,EVE,0.0,0.0,0.0,0.0,FWD,EVE,0.0,0.0,0.0,0.0,FWD,EVE,0.0,0.0,0.0,0.0,FWD,EVE,0.0,0.0,0.0,0.0,FWD,EVE,0.0,0.0,0.0,0.0,FWD,EVE,0.0,0.0,0.0,0.0,FWD,EVE,0.0,0.0,0.0,0.0,FWD,EVE,0.0,0.0,0.0,0.0,FWD,EVE,0.0,0.0,0.0,0.0,FWD,EVE,0.0,0.0,0.0,0.0,FWD,EVE,0.0,0.0,0.0,0.0,FWD,EVE,0.0,0.0,0.0,0.0,FWD,EVE,0.0,0.0,0.0,0.0,FWD,EVE,0.0,0.0,0.0,0.0,FWD,EVE,0.0,4.5,0.0,0.0,FWD,EVE,0.0,0.0,4.5,0.0,FWD,EVE,0.0,4.5,0.0,0.0,FWD,EVE,0.0,4.5,0.0,0.0,FWD,EVE,0.0,4.5,0.0,0.0,FWD,EVE,0.0,4.5,0.0,0.0,FWD,EVE,0.0,4.5,0.0,0.0,FWD,EVE,0.0,4.5,0.0,0.0,FWD,EVE,0.0,4.5,0.0,0.0,FWD,EVE,0.0,4.5,0.0,0.0,FWD,EVE,0.0,4.5,0.0,0.0,FWD,EVE,0.0,0.0,4.5,0.0,FWD,EVE,0.0,4.5,0.0,0.0,FWD,EVE,0.0,0.0,4.5,0.0,FWD,EVE,0.0,4.5,0.0,0.0,0.0,0.0
725,Malen,MID,AST,0.0,0.0,0.0,0.0,MID,AST,0.0,0.0,0.0,0.0,MID,AST,0.0,0.0,0.0,0.0,MID,AST,0.0,0.0,0.0,0.0,MID,AST,0.0,0.0,0.0,0.0,MID,AST,0.0,0.0,0.0,0.0,MID,AST,0.0,0.0,0.0,0.0,MID,AST,0.0,0.0,0.0,0.0,MID,AST,0.0,0.0,0.0,0.0,MID,AST,0.0,0.0,0.0,0.0,MID,AST,0.0,0.0,0.0,0.0,MID,AST,0.0,0.0,0.0,0.0,MID,AST,0.0,0.0,0.0,0.0,MID,AST,0.0,0.0,0.0,0.0,MID,AST,0.0,0.0,0.0,0.0,MID,AST,0.0,0.0,0.0,0.0,MID,AST,0.0,0.0,0.0,0.0,MID,AST,0.0,0.0,0.0,0.0,MID,AST,0.0,0.0,0.0,0.0,MID,AST,0.0,0.0,0.0,0.0,MID,AST,0.0,5.5,0.0,0.0,MID,AST,0.0,0.0,5.5,0.0,MID,AST,0.0,5.5,25.0,1.0,MID,AST,0.0,5.5,45.0,1.0,MID,AST,0.0,5.5,85.0,3.0,MID,AST,0.0,5.5,12.0,1.0,MID,AST,0.0,5.5,0.0,0.0,MID,AST,0.0,5.4,1.0,1.0,MID,AST,0.0,5.4,0.0,0.0,MID,AST,0.0,5.3,2.0,6.0,MID,AST,0.0,5.3,61.0,10.0,MID,AST,0.0,24.0,5.3,6.0,MID,AST,0.0,5.3,12.0,2.0,MID,AST,0.0,0.0,0.0,0.0,MID,AST,0.0,5.3,0.0,0.0,267.0,31.0
726,Coulibaly,DEF,LEI,0.0,0.0,0.0,0.0,DEF,LEI,0.0,0.0,0.0,0.0,DEF,LEI,0.0,0.0,0.0,0.0,DEF,LEI,0.0,0.0,0.0,0.0,DEF,LEI,0.0,0.0,0.0,0.0,DEF,LEI,0.0,0.0,0.0,0.0,DEF,LEI,0.0,0.0,0.0,0.0,DEF,LEI,0.0,0.0,0.0,0.0,DEF,LEI,0.0,0.0,0.0,0.0,DEF,LEI,0.0,0.0,0.0,0.0,DEF,LEI,0.0,0.0,0.0,0.0,DEF,LEI,0.0,0.0,0.0,0.0,DEF,LEI,0.0,0.0,0.0,0.0,DEF,LEI,0.0,0.0,0.0,0.0,DEF,LEI,0.0,0.0,0.0,0.0,DEF,LEI,0.0,0.0,0.0,0.0,DEF,LEI,0.0,0.0,0.0,0.0,DEF,LEI,0.0,0.0,0.0,0.0,DEF,LEI,0.0,0.0,0.0,0.0,DEF,LEI,0.0,0.0,0.0,0.0,DEF,LEI,0.0,4.0,0.0,0.0,DEF,LEI,0.0,0.0,4.0,0.0,DEF,LEI,0.0,4.0,1.0,1.0,DEF,LEI,0.0,4.0,14.0,1.0,DEF,LEI,0.0,4.0,47.0,0.0,DEF,LEI,0.0,4.0,45.0,-1.0,DEF,LEI,0.0,4.0,0.0,0.0,DEF,LEI,0.0,4.0,0.0,0.0,DEF,LEI,0.0,4.0,0.0,0.0,DEF,LEI,0.0,4.0,0.0,0.0,DEF,LEI,0.0,4.0,0.0,0.0,DEF,LEI,0.0,0.0,4.0,0.0,DEF,LEI,0.0,4.0,0.0,0.0,DEF,LEI,0.0,0.0,4.0,0.0,DEF,LEI,0.0,4.0,0.0,0.0,107.0,1.0
727,McKenna,GKP,BOU,0.0,0.0,0.0,0.0,GKP,BOU,0.0,0.0,0.0,0.0,GKP,BOU,0.0,0.0,0.0,0.0,GKP,BOU,0.0,0.0,0.0,0.0,GKP,BOU,0.0,0.0,0.0,0.0,GKP,BOU,0.0,0.0,0.0,0.0,GKP,BOU,0.0,0.0,0.0,0.0,GKP,BOU,0.0,0.0,0.0,0.0,GKP,BOU,0.0,0.0,0.0,0.0,GKP,BOU,0.0,0.0,0.0,0.0,GKP,BOU,0.0,0.0,0.0,0.0,GKP,BOU,0.0,0.0,0.0,0.0,GKP,BOU,0.0,0.0,0.0,0.0,GKP,BOU,0.0,0.0,0.0,0.0,GKP,BOU,0.0,0.0,0.0,0.0,GKP,BOU,0.0,0.0,0.0,0.0,GKP,BOU,0.0,0.0,0.0,0.0,GKP,BOU,0.0,0.0,0.0,0.0,GKP,BOU,0.0,0.0,0.0,0.0,GKP,BOU,0.0,0.0,0.0,0.0,GKP,BOU,0.0,0.0,0.0,0.0,GKP,BOU,0.0,0.0,0.0,0.0,GKP,BOU,0.0,4.0,0.0,0.0,GKP,BOU,0.0,4.0,0.0,0.0,GKP,BOU,0.0,4.0,0.0,0.0,GKP,BOU,0.0,4.0,0.0,0.0,GKP,BOU,0.0,4.0,0.0,0.0,GKP,BOU,0.0,4.0,0.0,0.0,GKP,BOU,0.0,4.0,0.0,0.0,GKP,BOU,0.0,4.0,0.0,0.0,GKP,BOU,0.0,4.0,0.0,0.0,GKP,BOU,0.0,0.0,0.0,0.0,GKP,BOU,0.0,4.0,0.0,0.0,GKP,BOU,0.0,0.0,0.0,0.0,GKP,BOU,0.0,4.0,0.0,0.0,0.0,0.0
728,Silcott-Duberry,MID,BOU,0.0,0.0,0.0,0.0,MID,BOU,0.0,0.0,0.0,0.0,MID,BOU,0.0,0.0,0.0,0.0,MID,BOU,0.0,0.0,0.0,0.0,MID,BOU,0.0,0.0,0.0,0.0,MID,BOU,0.0,0.0,0.0,0.0,MID,BOU,0.0,0.0,0.0,0.0,MID,BOU,0.0,0.0,0.0,0.0,MID,BOU,0.0,0.0,0.0,0.0,MID,BOU,0.0,0.0,0.0,0.0,MID,BOU,0.0,0.0,0.0,0.0,MID,BOU,0.0,0.0,0.0,0.0,MID,BOU,0.0,0.0,0.0,0.0,MID,BOU,0.0,0.0,0.0,0.0,MID,BOU,0.0,0.0,0.0,0.0,MID,BOU,0.0,0.0,0.0,0.0,MID,BOU,0.0,0.0,0.0,0.0,MID,BOU,0.0,0.0,0.0,0.0,MID,BOU,0.0,0.0,0.0,0.0,MID,BOU,0.0,0.0,0.0,0.0,MID,BOU,0.0,0.0,0.0,0.0,MID,BOU,0.0,0.0,0.0,0.0,MID,BOU,0.0,4.5,0.0,0.0,MID,BOU,0.0,4.5,0.0,0.0,MID,BOU,0.0,4.5,0.0,0.0,MID,BOU,0.0,4.5,0.0,0.0,MID,BOU,0.0,4.5,0.0,0.0,MID,BOU,0.0,4.5,0.0,0.0,MID,BOU,0.0,4.5,0.0,0.0,MID,BOU,0.0,4.5,0.0,0.0,MID,BOU,0.0,4.5,0.0,0.0,MID,BOU,0.0,0.0,0.0,0.0,MID,BOU,0.0,4.5,0.0,0.0,MID,BOU,0.0,0.0,0.0,0.0,MID,BOU,0.0,4.5,0.0,0.0,0.0,0.0
729,Ajayi,MID,TOT,0.0,0.0,0.0,0.0,MID,TOT,0.0,0.0,0.0,0.0,MID,TOT,0.0,0.0,0.0,0.0,MID,TOT,0.0,0.0,0.0,0.0,MID,TOT,0.0,0.0,0.0,0.0,MID,TOT,0.0,0.0,0.0,0.0,MID,TOT,0.0,0.0,0.0,0.0,MID,TOT,0.0,0.0,0.0,0.0,MID,TOT,0.0,0.0,0.0,0.0,MID,TOT,0.0,0.0,0.0,0.0,MID,TOT,0.0,0.0,0.0,0.0,MID,TOT,0.0,0.0,0.0,0.0,MID,TOT,0.0,0.0,0.0,0.0,MID,TOT,0.0,0.0,0.0,0.0,MID,TOT,0.0,0.0,0.0,0.0,MID,TOT,0.0,0.0,0.0,0.0,MID,TOT,0.0,0.0,0.0,0.0,MID,TOT,0.0,0.0,0.0,0.0,MID,TOT,0.0,0.0,0.0,0.0,MID,TOT,0.0,0.0,0.0,0.0,MID,TOT,0.0,0.0,0.0,0.0,MID,TOT,0.0,0.0,0.0,0.0,MID,TOT,0.0,4.5,0.0,0.0,MID,TOT,0.0,4.5,0.0,0.0,MID,TOT,0.0,4.5,0.0,0.0,MID,TOT,0.0,4.5,0.0,0.0,MID,TOT,0.0,4.5,0.0,0.0,MID,TOT,0.0,4.5,0.0,0.0,MID,TOT,0.0,4.5,0.0,0.0,MID,TOT,0.0,4.5,0.0,0.0,MID,TOT,0.0,4.5,0.0,0.0,MID,TOT,0.0,0.0,0.0,0.0,MID,TOT,0.0,4.5,0.0,0.0,MID,TOT,0.0,0.0,0.0,0.0,MID,TOT,0.0,4.5,0.0,0.0,0.0,0.0
730,Esse,MID,CRY,0.0,0.0,0.0,0.0,MID,CRY,0.0,0.0,0.0,0.0,MID,CRY,0.0,0.0,0.0,0.0,MID,CRY,0.0,0.0,0.0,0.0,MID,CRY,0.0,0.0,0.0,0.0,MID,CRY,0.0,0.0,0.0,0.0,MID,CRY,0.0,0.0,0.0,0.0,MID,CRY,0.0,0.0,0.0,0.0,MID,CRY,0.0,0.0,0.0,0.0,MID,CRY,0.0,0.0,0.0,0.0,MID,CRY,0.0,0.0,0.0,0.0,MID,CRY,0.0,0.0,0.0,0.0,MID,CRY,0.0,0.0,0.0,0.0,MID,CRY,0.0,0.0,0.0,0.0,MID,CRY,0.0,0.0,0.0,0.0,MID,CRY,0.0,0.0,0.0,0.0,MID,CRY,0.0,0.0,0.0,0.0,MID,CRY,0.0,0.0,0.0,0.0,MID,CRY,0.0,0.0,0.0,0.0,MID,CRY,0.0,0.0,0.0,0.0,MID,CRY,0.0,0.0,0.0,0.0,MID,CRY,0.0,0.0,0.0,0.0,MID,CRY,0.0,5.0,0.0,0.0,MID,CRY,0.0,5.0,0.0,0.0,MID,CRY,0.0,5.0,0.0,0.0,MID,CRY,0.0,4.9,0.0,0.0,MID,CRY,0.0,4.8,0.0,0.0,MID,CRY,0.0,4.8,1.0,1.0,MID,CRY,0.0,4.7,0.0,0.0,MID,CRY,0.0,4.7,0.0,0.0,MID,CRY,0.0,4.7,0.0,0.0,MID,CRY,0.0,0.0,0.0,0.0,MID,CRY,0.0,4.7,0.0,0.0,MID,CRY,0.0,0.0,0.0,0.0,MID,CRY,0.0,4.7,0.0,0.0,1.0,1.0
731,A. Garcia,DEF,AST,0.0,0.0,0.0,0.0,DEF,AST,0.0,0.0,0.0,0.0,DEF,AST,0.0,0.0,0.0,0.0,DEF,AST,0.0,0.0,0.0,0.0,DEF,AST,0.0,0.0,0.0,0.0,DEF,AST,0.0,0.0,0.0,0.0,DEF,AST,0.0,0.0,0.0,0.0,DEF,AST,0.0,0.0,0.0,0.0,DEF,AST,0.0,0.0,0.0,0.0,DEF,AST,0.0,0.0,0.0,0.0,DEF,AST,0.0,0.0,0.0,0.0,DEF,AST,0.0,0.0,0.0,0.0,DEF,AST,0.0,0.0,0.0,0.0,DEF,AST,0.0,0.0,0.0,0.0,DEF,AST,0.0,0.0,0.0,0.0,DEF,AST,0.0,0.0,0.0,0.0,DEF,AST,0.0,0.0,0.0,0.0,DEF,AST,0.0,0.0,0.0,0.0,DEF,AST,0.0,0.0,0.0,0.0,DEF,AST,0.0,0.0,0.0,0.0,DEF,AST,0.0,0.0,0.0,0.0,DEF,AST,0.0,0.0,0.0,0.0,DEF,AST,0.0,4.5,0.0,0.0,DEF,AST,0.0,4.5,45.0,1.0,DEF,AST,0.0,4.5,156.0,3.0,DEF,AST,0.0,4.5,20.0,1.0,DEF,AST,0.0,4.5,45.0,1.0,DEF,AST,0.0,4.5,0.0,0.0,DEF,AST,0.0,4.5,0.0,0.0,DEF,AST,0.0,4.5,0.0,0.0,DEF,AST,0.0,4.5,45.0,1.0,DEF,AST,0.0,0.0,0.0,0.0,DEF,AST,0.0,4.5,0.0,0.0,DEF,AST,0.0,0.0,0.0,0.0,DEF,AST,0.0,4.5,0.0,0.0,311.0,7.0
732,Khusanov,DEF,MCI,0.0,0.0,0.0,0.0,DEF,MCI,0.0,0.0,0.0,0.0,DEF,MCI,0.0,0.0,0.0,0.0,DEF,MCI,0.0,0.0,0.0,0.0,DEF,MCI,0.0,0.0,0.0,0.0,DEF,MCI,0.0,0.0,0.0,0.0,DEF,MCI,0.0,0.0,0.0,0.0,DEF,MCI,0.0,0.0,0.0,0.0,DEF,MCI,0.0,0.0,0.0,0.0,DEF,MCI,0.0,0.0,0.0,0.0,DEF,MCI,0.0,0.0,0.0,0.0,DEF,MCI,0.0,0.0,0.0,0.0,DEF,MCI,0.0,0.0,0.0,0.0,DEF,MCI,0.0,0.0,0.0,0.0,DEF,MCI,0.0,0.0,0.0,0.0,DEF,MCI,0.0,0.0,0.0,0.0,DEF,MCI,0.0,0.0,0.0,0.0,DEF,MCI,0.0,0.0,0.0,0.0,DEF,MCI,0.0,0.0,0.0,0.0,DEF,MCI,0.0,0.0,0.0,0.0,DEF,MCI,0.0,0.0,0.0,0.0,DEF,MCI,0.0,0.0,0.0,0.0,DEF,MCI,0.0,5.0,0.0,0.0,DEF,MCI,0.0,5.0,0.0,0.0,DEF,MCI,0.0,5.0,90.0,6.0,DEF,MCI,0.0,5.0,90.0,1.0,DEF,MCI,0.0,5.0,90.0,6.0,DEF,MCI,0.0,5.0,90.0,2.0,DEF,MCI,0.0,5.0,90.0,-1.0,DEF,MCI,0.0,5.0,0.0,0.0,DEF,MCI,0.0,5.0,0.0,0.0,DEF,MCI,0.0,0.0,0.0,0.0,DEF,MCI,0.0,5.0,0.0,0.0,DEF,MCI,0.0,0.0,0.0,0.0,DEF,MCI,0.0,5.0,0.0,0.0,450.0,14.0
733,Vitor Reis,DEF,MCI,0.0,0.0,0.0,0.0,DEF,MCI,0.0,0.0,0.0,0.0,DEF,MCI,0.0,0.0,0.0,0.0,DEF,MCI,0.0,0.0,0.0,0.0,DEF,MCI,0.0,0.0,0.0,0.0,DEF,MCI,0.0,0.0,0.0,0.0,DEF,MCI,0.0,0.0,0.0,0.0,DEF,MCI,0.0,0.0,0.0,0.0,DEF,MCI,0.0,0.0,0.0,0.0,DEF,MCI,0.0,0.0,0.0,0.0,DEF,MCI,0.0,0.0,0.0,0.0,DEF,MCI,0.0,0.0,0.0,0.0,DEF,MCI,0.0,0.0,0.0,0.0,DEF,MCI,0.0,0.0,0.0,0.0,DEF,MCI,0.0,0.0,0.0,0.0,DEF,MCI,0.0,0.0,0.0,0.0,DEF,MCI,0.0,0.0,0.0,0.0,DEF,MCI,0.0,0.0,0.0,0.0,DEF,MCI,0.0,0.0,0.0,0.0,DEF,MCI,0.0,0.0,0.0,0.0,DEF,MCI,0.0,0.0,0.0,0.0,DEF,MCI,0.0,0.0,0.0,0.0,DEF,MCI,0.0,4.5,0.0,0.0,DEF,MCI,0.0,4.5,0.0,0.0,DEF,MCI,0.0,4.5,0.0,0.0,DEF,MCI,0.0,4.5,0.0,0.0,DEF,MCI,0.0,4.5,0.0,0.0,DEF,MCI,0.0,4.5,0.0,0.0,DEF,MCI,0.0,4.5,0.0,0.0,DEF,MCI,0.0,4.5,1.0,1.0,DEF,MCI,0.0,4.5,0.0,0.0,DEF,MCI,0.0,0.0,0.0,0.0,DEF,MCI,0.0,4.5,0.0,0.0,DEF,MCI,0.0,0.0,0.0,0.0,DEF,MCI,0.0,4.5,0.0,0.0,1.0,1.0
734,Grønbæk,MID,SOU,0.0,0.0,0.0,0.0,MID,SOU,0.0,0.0,0.0,0.0,MID,SOU,0.0,0.0,0.0,0.0,MID,SOU,0.0,0.0,0.0,0.0,MID,SOU,0.0,0.0,0.0,0.0,MID,SOU,0.0,0.0,0.0,0.0,MID,SOU,0.0,0.0,0.0,0.0,MID,SOU,0.0,0.0,0.0,0.0,MID,SOU,0.0,0.0,0.0,0.0,MID,SOU,0.0,0.0,0.0,0.0,MID,SOU,0.0,0.0,0.0,0.0,MID,SOU,0.0,0.0,0.0,0.0,MID,SOU,0.0,0.0,0.0,0.0,MID,SOU,0.0,0.0,0.0,0.0,MID,SOU,0.0,0.0,0.0,0.0,MID,SOU,0.0,0.0,0.0,0.0,MID,SOU,0.0,0.0,0.0,0.0,MID,SOU,0.0,0.0,0.0,0.0,MID,SOU,0.0,0.0,0.0,0.0,MID,SOU,0.0,0.0,0.0,0.0,MID,SOU,0.0,0.0,0.0,0.0,MID,SOU,0.0,0.0,0.0,0.0,MID,SOU,0.0,5.0,0.0,0.0,MID,SOU,0.0,5.0,69.0,2.0,MID,SOU,0.0,5.0,0.0,0.0,MID,SOU,0.0,4.9,2.0,1.0,MID,SOU,0.0,4.9,0.0,0.0,MID,SOU,0.0,4.9,63.0,2.0,MID,SOU,0.0,4.9,7.0,1.0,MID,SOU,0.25,4.9,0.0,0.0,MID,SOU,0.0,4.9,0.0,0.0,MID,SOU,0.0,0.0,0.0,0.0,MID,SOU,0.75,4.9,0.0,0.0,MID,SOU,0.0,0.0,0.0,0.0,MID,SOU,0.0,4.9,0.0,0.0,141.0,6.0
735,Arteta,,ARS,0.0,0.0,0.0,0.0,,ARS,0.0,0.0,0.0,0.0,,ARS,0.0,0.0,0.0,0.0,,ARS,0.0,0.0,0.0,0.0,,ARS,0.0,0.0,0.0,0.0,,ARS,0.0,0.0,0.0,0.0,,ARS,0.0,0.0,0.0,0.0,,ARS,0.0,0.0,0.0,0.0,,ARS,0.0,0.0,0.0,0.0,,ARS,0.0,0.0,0.0,0.0,,ARS,0.0,0.0,0.0,0.0,,ARS,0.0,0.0,0.0,0.0,,ARS,0.0,0.0,0.0,0.0,,ARS,0.0,0.0,0.0,0.0,,ARS,0.0,0.0,0.0,0.0,,ARS,0.0,0.0,0.0,0.0,,ARS,0.0,0.0,0.0,0.0,,ARS,0.0,0.0,0.0,0.0,,ARS,0.0,0.0,0.0,0.0,,ARS,0.0,0.0,0.0,0.0,,ARS,0.0,0.0,0.0,0.0,,ARS,0.0,0.0,0.0,0.0,,ARS,0.0,1.5,0.0,0.0,,ARS,0.0,1.5,0.0,11.0,,ARS,0.0,1.5,0.0,10.0,,ARS,0.0,1.5,0.0,0.0,,ARS,0.0,1.5,0.0,5.0,,ARS,0.0,1.5,0.0,4.0,,ARS,0.0,1.5,0.0,9.0,,ARS,0.0,1.5,0.0,8.0,,ARS,0.0,1.5,0.0,4.0,,ARS,0.0,0.0,0.0,0.0,,ARS,0.0,1.5,0.0,0.0,,ARS,0.0,0.0,0.0,0.0,,ARS,0.0,1.5,0.0,0.0,0.0,51.0
736,Guardiola,,MCI,0.0,0.0,0.0,0.0,,MCI,0.0,0.0,0.0,0.0,,MCI,0.0,0.0,0.0,0.0,,MCI,0.0,0.0,0.0,0.0,,MCI,0.0,0.0,0.0,0.0,,MCI,0.0,0.0,0.0,0.0,,MCI,0.0,0.0,0.0,0.0,,MCI,0.0,0.0,0.0,0.0,,MCI,0.0,0.0,0.0,0.0,,MCI,0.0,0.0,0.0,0.0,,MCI,0.0,0.0,0.0,0.0,,MCI,0.0,0.0,0.0,0.0,,MCI,0.0,0.0,0.0,0.0,,MCI,0.0,0.0,0.0,0.0,,MCI,0.0,0.0,0.0,0.0,,MCI,0.0,0.0,0.0,0.0,,MCI,0.0,0.0,0.0,0.0,,MCI,0.0,0.0,0.0,0.0,,MCI,0.0,0.0,0.0,0.0,,MCI,0.0,0.0,0.0,0.0,,MCI,0.0,0.0,0.0,0.0,,MCI,0.0,0.0,0.0,0.0,,MCI,0.0,1.5,0.0,0.0,,MCI,0.0,1.5,0.0,1.0,,MCI,0.0,1.5,0.0,12.0,,MCI,0.0,1.5,0.0,0.0,,MCI,0.0,1.5,0.0,9.0,,MCI,0.0,1.5,0.0,0.0,,MCI,0.0,1.5,0.0,5.0,,MCI,0.0,1.5,0.0,10.0,,MCI,0.0,1.5,0.0,5.0,,MCI,0.0,0.0,0.0,0.0,,MCI,0.0,1.5,0.0,0.0,,MCI,0.0,0.0,0.0,0.0,,MCI,0.0,1.5,0.0,0.0,0.0,42.0
737,Emery,,AST,0.0,0.0,0.0,0.0,,AST,0.0,0.0,0.0,0.0,,AST,0.0,0.0,0.0,0.0,,AST,0.0,0.0,0.0,0.0,,AST,0.0,0.0,0.0,0.0,,AST,0.0,0.0,0.0,0.0,,AST,0.0,0.0,0.0,0.0,,AST,0.0,0.0,0.0,0.0,,AST,0.0,0.0,0.0,0.0,,AST,0.0,0.0,0.0,0.0,,AST,0.0,0.0,0.0,0.0,,AST,0.0,0.0,0.0,0.0,,AST,0.0,0.0,0.0,0.0,,AST,0.0,0.0,0.0,0.0,,AST,0.0,0.0,0.0,0.0,,AST,0.0,0.0,0.0,0.0,,AST,0.0,0.0,0.0,0.0,,AST,0.0,0.0,0.0,0.0,,AST,0.0,0.0,0.0,0.0,,AST,0.0,0.0,0.0,0.0,,AST,0.0,0.0,0.0,0.0,,AST,0.0,0.0,0.0,0.0,,AST,0.0,0.8,0.0,0.0,,AST,0.0,0.8,0.0,0.0,,AST,0.0,0.8,0.0,14.0,,AST,0.0,0.8,0.0,8.0,,AST,0.0,0.8,0.0,1.0,,AST,0.0,0.8,0.0,9.0,,AST,0.0,0.8,0.0,0.0,,AST,0.0,0.8,0.0,11.0,,AST,0.0,0.8,0.0,8.0,,AST,0.0,0.0,0.0,0.0,,AST,0.0,0.8,0.0,0.0,,AST,0.0,0.0,0.0,0.0,,AST,0.0,0.8,0.0,0.0,0.0,51.0
738,Iraola,,BOU,0.0,0.0,0.0,0.0,,BOU,0.0,0.0,0.0,0.0,,BOU,0.0,0.0,0.0,0.0,,BOU,0.0,0.0,0.0,0.0,,BOU,0.0,0.0,0.0,0.0,,BOU,0.0,0.0,0.0,0.0,,BOU,0.0,0.0,0.0,0.0,,BOU,0.0,0.0,0.0,0.0,,BOU,0.0,0.0,0.0,0.0,,BOU,0.0,0.0,0.0,0.0,,BOU,0.0,0.0,0.0,0.0,,BOU,0.0,0.0,0.0,0.0,,BOU,0.0,0.0,0.0,0.0,,BOU,0.0,0.0,0.0,0.0,,BOU,0.0,0.0,0.0,0.0,,BOU,0.0,0.0,0.0,0.0,,BOU,0.0,0.0,0.0,0.0,,BOU,0.0,0.0,0.0,0.0,,BOU,0.0,0.0,0.0,0.0,,BOU,0.0,0.0,0.0,0.0,,BOU,0.0,0.0,0.0,0.0,,BOU,0.0,0.0,0.0,0.0,,BOU,0.0,1.1,0.0,0.0,,BOU,0.0,1.1,0.0,0.0,,BOU,0.0,1.1,0.0,9.0,,BOU,0.0,1.1,0.0,0.0,,BOU,0.0,1.1,0.0,1.0,,BOU,0.0,1.1,0.0,5.0,,BOU,0.0,1.1,0.0,1.0,,BOU,0.0,1.1,0.0,1.0,,BOU,0.0,1.1,0.0,5.0,,BOU,0.0,0.0,0.0,0.0,,BOU,0.0,1.1,0.0,0.0,,BOU,0.0,0.0,0.0,0.0,,BOU,0.0,1.1,0.0,0.0,0.0,22.0
739,Hürzeler,,BRI,0.0,0.0,0.0,0.0,,BRI,0.0,0.0,0.0,0.0,,BRI,0.0,0.0,0.0,0.0,,BRI,0.0,0.0,0.0,0.0,,BRI,0.0,0.0,0.0,0.0,,BRI,0.0,0.0,0.0,0.0,,BRI,0.0,0.0,0.0,0.0,,BRI,0.0,0.0,0.0,0.0,,BRI,0.0,0.0,0.0,0.0,,BRI,0.0,0.0,0.0,0.0,,BRI,0.0,0.0,0.0,0.0,,BRI,0.0,0.0,0.0,0.0,,BRI,0.0,0.0,0.0,0.0,,BRI,0.0,0.0,0.0,0.0,,BRI,0.0,0.0,0.0,0.0,,BRI,0.0,0.0,0.0,0.0,,BRI,0.0,0.0,0.0,0.0,,BRI,0.0,0.0,0.0,0.0,,BRI,0.0,0.0,0.0,0.0,,BRI,0.0,0.0,0.0,0.0,,BRI,0.0,0.0,0.0,0.0,,BRI,0.0,0.0,0.0,0.0,,BRI,0.0,1.1,0.0,0.0,,BRI,0.0,1.1,0.0,0.0,,BRI,0.0,1.1,0.0,21.0,,BRI,0.0,1.1,0.0,12.0,,BRI,0.0,1.1,0.0,8.0,,BRI,0.0,1.1,0.0,8.0,,BRI,0.0,1.1,0.0,5.0,,BRI,0.0,1.1,0.0,0.0,,BRI,0.0,1.1,0.0,1.0,,BRI,0.0,0.0,0.0,0.0,,BRI,0.0,1.1,0.0,0.0,,BRI,0.0,0.0,0.0,0.0,,BRI,0.0,1.1,0.0,0.0,0.0,55.0
740,Maresca,,CHE,0.0,0.0,0.0,0.0,,CHE,0.0,0.0,0.0,0.0,,CHE,0.0,0.0,0.0,0.0,,CHE,0.0,0.0,0.0,0.0,,CHE,0.0,0.0,0.0,0.0,,CHE,0.0,0.0,0.0,0.0,,CHE,0.0,0.0,0.0,0.0,,CHE,0.0,0.0,0.0,0.0,,CHE,0.0,0.0,0.0,0.0,,CHE,0.0,0.0,0.0,0.0,,CHE,0.0,0.0,0.0,0.0,,CHE,0.0,0.0,0.0,0.0,,CHE,0.0,0.0,0.0,0.0,,CHE,0.0,0.0,0.0,0.0,,CHE,0.0,0.0,0.0,0.0,,CHE,0.0,0.0,0.0,0.0,,CHE,0.0,0.0,0.0,0.0,,CHE,0.0,0.0,0.0,0.0,,CHE,0.0,0.0,0.0,0.0,,CHE,0.0,0.0,0.0,0.0,,CHE,0.0,0.0,0.0,0.0,,CHE,0.0,0.0,0.0,0.0,,CHE,0.0,1.5,0.0,0.0,,CHE,0.0,1.5,0.0,8.0,,CHE,0.0,1.5,0.0,0.0,,CHE,0.0,1.5,0.0,1.0,,CHE,0.0,1.5,0.0,12.0,,CHE,0.0,1.5,0.0,9.0,,CHE,0.0,1.5,0.0,0.0,,CHE,0.0,1.5,0.0,9.0,,CHE,0.0,1.5,0.0,5.0,,CHE,0.0,0.0,0.0,0.0,,CHE,0.0,1.5,0.0,0.0,,CHE,0.0,0.0,0.0,0.0,,CHE,0.0,1.5,0.0,0.0,0.0,44.0
741,Glasner,,CRY,0.0,0.0,0.0,0.0,,CRY,0.0,0.0,0.0,0.0,,CRY,0.0,0.0,0.0,0.0,,CRY,0.0,0.0,0.0,0.0,,CRY,0.0,0.0,0.0,0.0,,CRY,0.0,0.0,0.0,0.0,,CRY,0.0,0.0,0.0,0.0,,CRY,0.0,0.0,0.0,0.0,,CRY,0.0,0.0,0.0,0.0,,CRY,0.0,0.0,0.0,0.0,,CRY,0.0,0.0,0.0,0.0,,CRY,0.0,0.0,0.0,0.0,,CRY,0.0,0.0,0.0,0.0,,CRY,0.0,0.0,0.0,0.0,,CRY,0.0,0.0,0.0,0.0,,CRY,0.0,0.0,0.0,0.0,,CRY,0.0,0.0,0.0,0.0,,CRY,0.0,0.0,0.0,0.0,,CRY,0.0,0.0,0.0,0.0,,CRY,0.0,0.0,0.0,0.0,,CRY,0.0,0.0,0.0,0.0,,CRY,0.0,0.0,0.0,0.0,,CRY,0.0,0.8,0.0,0.0,,CRY,0.0,0.8,0.0,10.0,,CRY,0.0,0.8,0.0,1.0,,CRY,0.0,0.8,0.0,20.0,,CRY,0.0,0.8,0.0,20.0,,CRY,0.0,0.8,0.0,9.0,,CRY,0.0,0.8,0.0,0.0,,CRY,0.0,0.8,0.0,4.0,,CRY,0.0,0.8,0.0,8.0,,CRY,0.0,0.0,0.0,0.0,,CRY,0.0,0.8,0.0,0.0,,CRY,0.0,0.0,0.0,0.0,,CRY,0.0,0.8,0.0,0.0,0.0,72.0
742,Moyes,,EVE,0.0,0.0,0.0,0.0,,EVE,0.0,0.0,0.0,0.0,,EVE,0.0,0.0,0.0,0.0,,EVE,0.0,0.0,0.0,0.0,,EVE,0.0,0.0,0.0,0.0,,EVE,0.0,0.0,0.0,0.0,,EVE,0.0,0.0,0.0,0.0,,EVE,0.0,0.0,0.0,0.0,,EVE,0.0,0.0,0.0,0.0,,EVE,0.0,0.0,0.0,0.0,,EVE,0.0,0.0,0.0,0.0,,EVE,0.0,0.0,0.0,0.0,,EVE,0.0,0.0,0.0,0.0,,EVE,0.0,0.0,0.0,0.0,,EVE,0.0,0.0,0.0,0.0,,EVE,0.0,0.0,0.0,0.0,,EVE,0.0,0.0,0.0,0.0,,EVE,0.0,0.0,0.0,0.0,,EVE,0.0,0.0,0.0,0.0,,EVE,0.0,0.0,0.0,0.0,,EVE,0.0,0.0,0.0,0.0,,EVE,0.0,0.0,0.0,0.0,,EVE,0.0,0.5,0.0,0.0,,EVE,0.0,0.5,0.0,22.0,,EVE,0.0,0.5,0.0,8.0,,EVE,0.0,0.5,0.0,5.0,,EVE,0.0,0.5,0.0,4.0,,EVE,0.0,0.5,0.0,4.0,,EVE,0.0,0.5,0.0,4.0,,EVE,0.0,0.5,0.0,0.0,,EVE,0.0,0.5,0.0,9.0,,EVE,0.0,0.0,0.0,0.0,,EVE,0.0,0.5,0.0,0.0,,EVE,0.0,0.0,0.0,0.0,,EVE,0.0,0.5,0.0,0.0,0.0,56.0
743,McKenna,,IPS,0.0,0.0,0.0,0.0,,IPS,0.0,0.0,0.0,0.0,,IPS,0.0,0.0,0.0,0.0,,IPS,0.0,0.0,0.0,0.0,,IPS,0.0,0.0,0.0,0.0,,IPS,0.0,0.0,0.0,0.0,,IPS,0.0,0.0,0.0,0.0,,IPS,0.0,0.0,0.0,0.0,,IPS,0.0,0.0,0.0,0.0,,IPS,0.0,0.0,0.0,0.0,,IPS,0.0,0.0,0.0,0.0,,IPS,0.0,0.0,0.0,0.0,,IPS,0.0,0.0,0.0,0.0,,IPS,0.0,0.0,0.0,0.0,,IPS,0.0,0.0,0.0,0.0,,IPS,0.0,0.0,0.0,0.0,,IPS,0.0,0.0,0.0,0.0,,IPS,0.0,0.0,0.0,0.0,,IPS,0.0,0.0,0.0,0.0,,IPS,0.0,0.0,0.0,0.0,,IPS,0.0,0.0,0.0,0.0,,IPS,0.0,0.0,0.0,0.0,,IPS,0.0,0.5,0.0,0.0,,IPS,0.0,0.5,0.0,1.0,,IPS,0.0,0.5,0.0,9.0,,IPS,0.0,0.5,0.0,1.0,,IPS,0.0,0.5,0.0,2.0,,IPS,0.0,0.5,0.0,0.0,,IPS,0.0,0.5,0.0,2.0,,IPS,0.0,0.5,0.0,18.0,,IPS,0.0,0.5,0.0,1.0,,IPS,0.0,0.0,0.0,0.0,,IPS,0.0,0.5,0.0,0.0,,IPS,0.0,0.0,0.0,0.0,,IPS,0.0,0.5,0.0,0.0,0.0,34.0
744,Slot,,LIV,0.0,0.0,0.0,0.0,,LIV,0.0,0.0,0.0,0.0,,LIV,0.0,0.0,0.0,0.0,,LIV,0.0,0.0,0.0,0.0,,LIV,0.0,0.0,0.0,0.0,,LIV,0.0,0.0,0.0,0.0,,LIV,0.0,0.0,0.0,0.0,,LIV,0.0,0.0,0.0,0.0,,LIV,0.0,0.0,0.0,0.0,,LIV,0.0,0.0,0.0,0.0,,LIV,0.0,0.0,0.0,0.0,,LIV,0.0,0.0,0.0,0.0,,LIV,0.0,0.0,0.0,0.0,,LIV,0.0,0.0,0.0,0.0,,LIV,0.0,0.0,0.0,0.0,,LIV,0.0,0.0,0.0,0.0,,LIV,0.0,0.0,0.0,0.0,,LIV,0.0,0.0,0.0,0.0,,LIV,0.0,0.0,0.0,0.0,,LIV,0.0,0.0,0.0,0.0,,LIV,0.0,0.0,0.0,0.0,,LIV,0.0,0.0,0.0,0.0,,LIV,0.0,1.5,0.0,0.0,,LIV,0.0,1.5,0.0,15.0,,LIV,0.0,1.5,0.0,13.0,,LIV,0.0,1.5,0.0,10.0,,LIV,0.0,1.5,0.0,10.0,,LIV,0.0,1.5,0.0,9.0,,LIV,0.0,1.5,0.0,0.0,,LIV,0.0,1.5,0.0,9.0,,LIV,0.0,1.5,0.0,2.0,,LIV,0.0,0.0,0.0,0.0,,LIV,0.0,1.5,0.0,0.0,,LIV,0.0,0.0,0.0,0.0,,LIV,0.0,1.5,0.0,0.0,0.0,68.0
745,Amorim,,MUN,0.0,0.0,0.0,0.0,,MUN,0.0,0.0,0.0,0.0,,MUN,0.0,0.0,0.0,0.0,,MUN,0.0,0.0,0.0,0.0,,MUN,0.0,0.0,0.0,0.0,,MUN,0.0,0.0,0.0,0.0,,MUN,0.0,0.0,0.0,0.0,,MUN,0.0,0.0,0.0,0.0,,MUN,0.0,0.0,0.0,0.0,,MUN,0.0,0.0,0.0,0.0,,MUN,0.0,0.0,0.0,0.0,,MUN,0.0,0.0,0.0,0.0,,MUN,0.0,0.0,0.0,0.0,,MUN,0.0,0.0,0.0,0.0,,MUN,0.0,0.0,0.0,0.0,,MUN,0.0,0.0,0.0,0.0,,MUN,0.0,0.0,0.0,0.0,,MUN,0.0,0.0,0.0,0.0,,MUN,0.0,0.0,0.0,0.0,,MUN,0.0,0.0,0.0,0.0,,MUN,0.0,0.0,0.0,0.0,,MUN,0.0,0.0,0.0,0.0,,MUN,0.0,0.8,0.0,0.0,,MUN,0.0,0.8,0.0,0.0,,MUN,0.0,0.8,0.0,0.0,,MUN,0.0,0.8,0.0,5.0,,MUN,0.0,0.8,0.0,9.0,,MUN,0.0,0.8,0.0,9.0,,MUN,0.0,0.8,0.0,11.0,,MUN,0.0,0.8,0.0,0.0,,MUN,0.0,0.8,0.0,10.0,,MUN,0.0,0.0,0.0,0.0,,MUN,0.0,0.8,0.0,0.0,,MUN,0.0,0.0,0.0,0.0,,MUN,0.0,0.8,0.0,0.0,0.0,44.0
746,Howe,,NEW,0.0,0.0,0.0,0.0,,NEW,0.0,0.0,0.0,0.0,,NEW,0.0,0.0,0.0,0.0,,NEW,0.0,0.0,0.0,0.0,,NEW,0.0,0.0,0.0,0.0,,NEW,0.0,0.0,0.0,0.0,,NEW,0.0,0.0,0.0,0.0,,NEW,0.0,0.0,0.0,0.0,,NEW,0.0,0.0,0.0,0.0,,NEW,0.0,0.0,0.0,0.0,,NEW,0.0,0.0,0.0,0.0,,NEW,0.0,0.0,0.0,0.0,,NEW,0.0,0.0,0.0,0.0,,NEW,0.0,0.0,0.0,0.0,,NEW,0.0,0.0,0.0,0.0,,NEW,0.0,0.0,0.0,0.0,,NEW,0.0,0.0,0.0,0.0,,NEW,0.0,0.0,0.0,0.0,,NEW,0.0,0.0,0.0,0.0,,NEW,0.0,0.0,0.0,0.0,,NEW,0.0,0.0,0.0,0.0,,NEW,0.0,0.0,0.0,0.0,,NEW,0.0,1.5,0.0,0.0,,NEW,0.0,1.5,0.0,1.0,,NEW,0.0,1.5,0.0,0.0,,NEW,0.0,1.5,0.0,10.0,,NEW,0.0,1.5,0.0,0.0,,NEW,0.0,1.5,0.0,9.0,,NEW,0.0,1.5,0.0,0.0,,NEW,0.0,1.5,0.0,8.0,,NEW,0.0,1.5,0.0,11.0,,NEW,0.0,0.0,0.0,0.0,,NEW,0.0,1.5,0.0,0.0,,NEW,0.0,0.0,0.0,0.0,,NEW,0.0,1.5,0.0,0.0,0.0,39.0
747,Nuno,,NOT,0.0,0.0,0.0,0.0,,NOT,0.0,0.0,0.0,0.0,,NOT,0.0,0.0,0.0,0.0,,NOT,0.0,0.0,0.0,0.0,,NOT,0.0,0.0,0.0,0.0,,NOT,0.0,0.0,0.0,0.0,,NOT,0.0,0.0,0.0,0.0,,NOT,0.0,0.0,0.0,0.0,,NOT,0.0,0.0,0.0,0.0,,NOT,0.0,0.0,0.0,0.0,,NOT,0.0,0.0,0.0,0.0,,NOT,0.0,0.0,0.0,0.0,,NOT,0.0,0.0,0.0,0.0,,NOT,0.0,0.0,0.0,0.0,,NOT,0.0,0.0,0.0,0.0,,NOT,0.0,0.0,0.0,0.0,,NOT,0.0,0.0,0.0,0.0,,NOT,0.0,0.0,0.0,0.0,,NOT,0.0,0.0,0.0,0.0,,NOT,0.0,0.0,0.0,0.0,,NOT,0.0,0.0,0.0,0.0,,NOT,0.0,0.0,0.0,0.0,,NOT,0.0,1.1,0.0,0.0,,NOT,0.0,1.1,0.0,15.0,,NOT,0.0,1.1,0.0,1.0,,NOT,0.0,1.1,0.0,3.0,,NOT,0.0,1.1,0.0,5.0,,NOT,0.0,1.1,0.0,9.0,,NOT,0.0,1.1,0.0,10.0,,NOT,0.0,1.1,0.0,9.0,,NOT,0.0,1.1,0.0,1.0,,NOT,0.0,0.0,0.0,0.0,,NOT,0.0,1.1,0.0,0.0,,NOT,0.0,0.0,0.0,0.0,,NOT,0.0,1.1,0.0,0.0,0.0,53.0
748,Jurić,,,0.0,0.0,0.0,0.0,,,0.0,0.0,0.0,0.0,,,0.0,0.0,0.0,0.0,,,0.0,0.0,0.0,0.0,,,0.0,0.0,0.0,0.0,,,0.0,0.0,0.0,0.0,,,0.0,0.0,0.0,0.0,,,0.0,0.0,0.0,0.0,,,0.0,0.0,0.0,0.0,,,0.0,0.0,0.0,0.0,,,0.0,0.0,0.0,0.0,,,0.0,0.0,0.0,0.0,,,0.0,0.0,0.0,0.0,,,0.0,0.0,0.0,0.0,,,0.0,0.0,0.0,0.0,,,0.0,0.0,0.0,0.0,,,0.0,0.0,0.0,0.0,,,0.0,0.0,0.0,0.0,,,0.0,0.0,0.0,0.0,,,0.0,0.0,0.0,0.0,,,0.0,0.0,0.0,0.0,,,0.0,0.0,0.0,0.0,,SOU,0.0,0.5,0.0,0.0,,SOU,0.0,0.5,0.0,8.0,,SOU,0.0,0.5,0.0,1.0,,SOU,0.0,0.5,0.0,0.0,,SOU,0.0,0.5,0.0,0.0,,SOU,0.0,0.5,0.0,1.0,,SOU,0.0,0.5,0.0,1.0,,SOU,0.0,0.5,0.0,9.0,,SOU,0.0,0.5,0.0,1.0,,,0.0,0.0,0.0,0.0,,,0.0,0.0,0.0,0.0,,,0.0,0.0,0.0,0.0,,,0.0,0.0,0.0,0.0,0.0,21.0
748,Rusk,,SOU,0.0,0.0,0.0,0.0,,SOU,0.0,0.0,0.0,0.0,,SOU,0.0,0.0,0.0,0.0,,SOU,0.0,0.0,0.0,0.0,,SOU,0.0,0.0,0.0,0.0,,SOU,0.0,0.0,0.0,0.0,,SOU,0.0,0.0,0.0,0.0,,SOU,0.0,0.0,0.0,0.0,,SOU,0.0,0.0,0.0,0.0,,SOU,0.0,0.0,0.0,0.0,,SOU,0.0,0.0,0.0,0.0,,SOU,0.0,0.0,0.0,0.0,,SOU,0.0,0.0,0.0,0.0,,SOU,0.0,0.0,0.0,0.0,,SOU,0.0,0.0,0.0,0.0,,SOU,0.0,0.0,0.0,0.0,,SOU,0.0,0.0,0.0,0.0,,SOU,0.0,0.0,0.0,0.0,,SOU,0.0,0.0,0.0,0.0,,SOU,0.0,0.0,0.0,0.0,,SOU,0.0,0.0,0.0,0.0,,SOU,0.0,0.0,0.0,0.0,,SOU,0.0,0.0,0.0,0.0,,SOU,0.0,0.0,0.0,0.0,,SOU,0.0,0.0,0.0,0.0,,SOU,0.0,0.0,0.0,0.0,,SOU,0.0,0.0,0.0,0.0,,SOU,0.0,0.0,0.0,0.0,,SOU,0.0,0.0,0.0,0.0,,SOU,0.0,0.0,0.0,0.0,,SOU,0.0,0.0,0.0,0.0,,SOU,0.0,0.0,0.0,0.0,,SOU,0.0,0.5,0.0,0.0,,SOU,0.0,0.0,0.0,0.0,,SOU,0.0,0.5,0.0,0.0,0.0,0.0
749,Postecoglou,,TOT,0.0,0.0,0.0,0.0,,TOT,0.0,0.0,0.0,0.0,,TOT,0.0,0.0,0.0,0.0,,TOT,0.0,0.0,0.0,0.0,,TOT,0.0,0.0,0.0,0.0,,TOT,0.0,0.0,0.0,0.0,,TOT,0.0,0.0,0.0,0.0,,TOT,0.0,0.0,0.0,0.0,,TOT,0.0,0.0,0.0,0.0,,TOT,0.0,0.0,0.0,0.0,,TOT,0.0,0.0,0.0,0.0,,TOT,0.0,0.0,0.0,0.0,,TOT,0.0,0.0,0.0,0.0,,TOT,0.0,0.0,0.0,0.0,,TOT,0.0,0.0,0.0,0.0,,TOT,0.0,0.0,0.0,0.0,,TOT,0.0,0.0,0.0,0.0,,TOT,0.0,0.0,0.0,0.0,,TOT,0.0,0.0,0.0,0.0,,TOT,0.0,0.0,0.0,0.0,,TOT,0.0,0.0,0.0,0.0,,TOT,0.0,0.0,0.0,0.0,,TOT,0.0,1.1,0.0,0.0,,TOT,0.0,1.1,0.0,10.0,,TOT,0.0,1.1,0.0,9.0,,TOT,0.0,1.1,0.0,10.0,,TOT,0.0,1.1,0.0,0.0,,TOT,0.0,1.1,0.0,10.0,,TOT,0.0,1.1,0.0,0.0,,TOT,0.0,1.1,0.0,0.0,,TOT,0.0,1.1,0.0,9.0,,TOT,0.0,0.0,0.0,0.0,,TOT,0.0,1.1,0.0,0.0,,TOT,0.0,0.0,0.0,0.0,,TOT,0.0,1.1,0.0,0.0,0.0,48.0
750,Potter,,WHM,0.0,0.0,0.0,0.0,,WHM,0.0,0.0,0.0,0.0,,WHM,0.0,0.0,0.0,0.0,,WHM,0.0,0.0,0.0,0.0,,WHM,0.0,0.0,0.0,0.0,,WHM,0.0,0.0,0.0,0.0,,WHM,0.0,0.0,0.0,0.0,,WHM,0.0,0.0,0.0,0.0,,WHM,0.0,0.0,0.0,0.0,,WHM,0.0,0.0,0.0,0.0,,WHM,0.0,0.0,0.0,0.0,,WHM,0.0,0.0,0.0,0.0,,WHM,0.0,0.0,0.0,0.0,,WHM,0.0,0.0,0.0,0.0,,WHM,0.0,0.0,0.0,0.0,,WHM,0.0,0.0,0.0,0.0,,WHM,0.0,0.0,0.0,0.0,,WHM,0.0,0.0,0.0,0.0,,WHM,0.0,0.0,0.0,0.0,,WHM,0.0,0.0,0.0,0.0,,WHM,0.0,0.0,0.0,0.0,,WHM,0.0,0.0,0.0,0.0,,WHM,0.0,0.5,0.0,0.0,,WHM,0.0,0.5,0.0,1.0,,WHM,0.0,0.5,0.0,0.0,,WHM,0.0,0.5,0.0,19.0,,WHM,0.0,0.5,0.0,10.0,,WHM,0.0,0.5,0.0,0.0,,WHM,0.0,0.5,0.0,4.0,,WHM,0.0,0.5,0.0,0.0,,WHM,0.0,0.5,0.0,10.0,,WHM,0.0,0.0,0.0,0.0,,WHM,0.0,0.5,0.0,0.0,,WHM,0.0,0.0,0.0,0.0,,WHM,0.0,0.5,0.0,0.0,0.0,44.0
751,Pereira,,WOL,0.0,0.0,0.0,0.0,,WOL,0.0,0.0,0.0,0.0,,WOL,0.0,0.0,0.0,0.0,,WOL,0.0,0.0,0.0,0.0,,WOL,0.0,0.0,0.0,0.0,,WOL,0.0,0.0,0.0,0.0,,WOL,0.0,0.0,0.0,0.0,,WOL,0.0,0.0,0.0,0.0,,WOL,0.0,0.0,0.0,0.0,,WOL,0.0,0.0,0.0,0.0,,WOL,0.0,0.0,0.0,0.0,,WOL,0.0,0.0,0.0,0.0,,WOL,0.0,0.0,0.0,0.0,,WOL,0.0,0.0,0.0,0.0,,WOL,0.0,0.0,0.0,0.0,,WOL,0.0,0.0,0.0,0.0,,WOL,0.0,0.0,0.0,0.0,,WOL,0.0,0.0,0.0,0.0,,WOL,0.0,0.0,0.0,0.0,,WOL,0.0,0.0,0.0,0.0,,WOL,0.0,0.0,0.0,0.0,,WOL,0.0,0.0,0.0,0.0,,WOL,0.0,0.8,0.0,0.0,,WOL,0.0,0.8,0.0,20.0,,WOL,0.0,0.8,0.0,1.0,,WOL,0.0,0.8,0.0,19.0,,WOL,0.0,0.8,0.0,1.0,,WOL,0.0,0.8,0.0,4.0,,WOL,0.0,0.8,0.0,8.0,,WOL,0.0,0.8,0.0,9.0,,WOL,0.0,0.8,0.0,8.0,,WOL,0.0,0.0,0.0,0.0,,WOL,0.0,0.8,0.0,0.0,,WOL,0.0,0.0,0.0,0.0,,WOL,0.0,0.8,0.0,0.0,0.0,70.0
752,Frank,,BRE,0.0,0.0,0.0,0.0,,BRE,0.0,0.0,0.0,0.0,,BRE,0.0,0.0,0.0,0.0,,BRE,0.0,0.0,0.0,0.0,,BRE,0.0,0.0,0.0,0.0,,BRE,0.0,0.0,0.0,0.0,,BRE,0.0,0.0,0.0,0.0,,BRE,0.0,0.0,0.0,0.0,,BRE,0.0,0.0,0.0,0.0,,BRE,0.0,0.0,0.0,0.0,,BRE,0.0,0.0,0.0,0.0,,BRE,0.0,0.0,0.0,0.0,,BRE,0.0,0.0,0.0,0.0,,BRE,0.0,0.0,0.0,0.0,,BRE,0.0,0.0,0.0,0.0,,BRE,0.0,0.0,0.0,0.0,,BRE,0.0,0.0,0.0,0.0,,BRE,0.0,0.0,0.0,0.0,,BRE,0.0,0.0,0.0,0.0,,BRE,0.0,0.0,0.0,0.0,,BRE,0.0,0.0,0.0,0.0,,BRE,0.0,0.0,0.0,0.0,,BRE,0.0,0.8,0.0,0.0,,BRE,0.0,0.8,0.0,0.0,,BRE,0.0,0.8,0.0,9.0,,BRE,0.0,0.8,0.0,12.0,,BRE,0.0,0.8,0.0,4.0,,BRE,0.0,0.8,0.0,0.0,,BRE,0.0,0.8,0.0,8.0,,BRE,0.0,0.8,0.0,1.0,,BRE,0.0,0.8,0.0,10.0,,BRE,0.0,0.0,0.0,0.0,,BRE,0.0,0.8,0.0,0.0,,BRE,0.0,0.0,0.0,0.0,,BRE,0.0,0.8,0.0,0.0,0.0,44.0
753,Silva,,FUL,0.0,0.0,0.0,0.0,,FUL,0.0,0.0,0.0,0.0,,FUL,0.0,0.0,0.0,0.0,,FUL,0.0,0.0,0.0,0.0,,FUL,0.0,0.0,0.0,0.0,,FUL,0.0,0.0,0.0,0.0,,FUL,0.0,0.0,0.0,0.0,,FUL,0.0,0.0,0.0,0.0,,FUL,0.0,0.0,0.0,0.0,,FUL,0.0,0.0,0.0,0.0,,FUL,0.0,0.0,0.0,0.0,,FUL,0.0,0.0,0.0,0.0,,FUL,0.0,0.0,0.0,0.0,,FUL,0.0,0.0,0.0,0.0,,FUL,0.0,0.0,0.0,0.0,,FUL,0.0,0.0,0.0,0.0,,FUL,0.0,0.0,0.0,0.0,,FUL,0.0,0.0,0.0,0.0,,FUL,0.0,0.0,0.0,0.0,,FUL,0.0,0.0,0.0,0.0,,FUL,0.0,0.0,0.0,0.0,,FUL,0.0,0.0,0.0,0.0,,FUL,0.0,1.1,0.0,0.0,,FUL,0.0,1.1,0.0,18.0,,FUL,0.0,1.1,0.0,18.0,,FUL,0.0,1.1,0.0,0.0,,FUL,0.0,1.1,0.0,8.0,,FUL,0.0,1.1,0.0,1.0,,FUL,0.0,1.1,0.0,10.0,,FUL,0.0,1.1,0.0,1.0,,FUL,0.0,1.1,0.0,19.0,,FUL,0.0,0.0,0.0,0.0,,FUL,0.0,1.1,0.0,0.0,,FUL,0.0,0.0,0.0,0.0,,FUL,0.0,1.1,0.0,0.0,0.0,75.0
754,Van Nistelrooy,,LEI,0.0,0.0,0.0,0.0,,LEI,0.0,0.0,0.0,0.0,,LEI,0.0,0.0,0.0,0.0,,LEI,0.0,0.0,0.0,0.0,,LEI,0.0,0.0,0.0,0.0,,LEI,0.0,0.0,0.0,0.0,,LEI,0.0,0.0,0.0,0.0,,LEI,0.0,0.0,0.0,0.0,,LEI,0.0,0.0,0.0,0.0,,LEI,0.0,0.0,0.0,0.0,,LEI,0.0,0.0,0.0,0.0,,LEI,0.0,0.0,0.0,0.0,,LEI,0.0,0.0,0.0,0.0,,LEI,0.0,0.0,0.0,0.0,,LEI,0.0,0.0,0.0,0.0,,LEI,0.0,0.0,0.0,0.0,,LEI,0.0,0.0,0.0,0.0,,LEI,0.0,0.0,0.0,0.0,,LEI,0.0,0.0,0.0,0.0,,LEI,0.0,0.0,0.0,0.0,,LEI,0.0,0.0,0.0,0.0,,LEI,0.0,0.0,0.0,0.0,,LEI,0.0,0.5,0.0,0.0,,LEI,0.0,0.5,0.0,0.0,,LEI,0.0,0.5,0.0,0.0,,LEI,0.0,0.5,0.0,0.0,,LEI,0.0,0.5,0.0,0.0,,LEI,0.0,0.5,0.0,0.0,,LEI,0.0,0.5,0.0,0.0,,LEI,0.0,0.5,0.0,0.0,,LEI,0.0,0.5,0.0,0.0,,LEI,0.0,0.0,0.0,0.0,,LEI,0.0,0.5,0.0,0.0,,LEI,0.0,0.0,0.0,0.0,,LEI,0.0,0.5,0.0,0.0,0.0,0.0
755,Marmoush,FWD,MCI,0.0,0.0,0.0,0.0,FWD,MCI,0.0,0.0,0.0,0.0,FWD,MCI,0.0,0.0,0.0,0.0,FWD,MCI,0.0,0.0,0.0,0.0,FWD,MCI,0.0,0.0,0.0,0.0,FWD,MCI,0.0,0.0,0.0,0.0,FWD,MCI,0.0,0.0,0.0,0.0,FWD,MCI,0.0,0.0,0.0,0.0,FWD,MCI,0.0,0.0,0.0,0.0,FWD,MCI,0.0,0.0,0.0,0.0,FWD,MCI,0.0,0.0,0.0,0.0,FWD,MCI,0.0,0.0,0.0,0.0,FWD,MCI,0.0,0.0,0.0,0.0,FWD,MCI,0.0,0.0,0.0,0.0,FWD,MCI,0.0,0.0,0.0,0.0,FWD,MCI,0.0,0.0,0.0,0.0,FWD,MCI,0.0,0.0,0.0,0.0,FWD,MCI,0.0,0.0,0.0,0.0,FWD,MCI,0.0,0.0,0.0,0.0,FWD,MCI,0.0,0.0,0.0,0.0,FWD,MCI,0.0,0.0,0.0,0.0,FWD,MCI,0.0,0.0,0.0,0.0,FWD,MCI,0.0,7.0,0.0,0.0,FWD,MCI,0.0,7.0,71.0,2.0,FWD,MCI,0.0,7.1,75.0,17.0,FWD,MCI,0.0,7.1,76.0,2.0,FWD,MCI,0.0,7.2,73.0,2.0,FWD,MCI,0.0,7.2,21.0,1.0,FWD,MCI,0.0,7.3,85.0,12.0,FWD,MCI,0.0,7.5,90.0,9.0,FWD,MCI,0.0,7.6,90.0,2.0,FWD,MCI,0.0,0.0,0.0,0.0,FWD,MCI,0.0,7.7,0.0,0.0,FWD,MCI,0.0,0.0,0.0,0.0,FWD,MCI,0.0,7.6,0.0,0.0,581.0,47.0
756,Porter,GKP,ARS,0.0,0.0,0.0,0.0,GKP,ARS,0.0,0.0,0.0,0.0,GKP,ARS,0.0,0.0,0.0,0.0,GKP,ARS,0.0,0.0,0.0,0.0,GKP,ARS,0.0,0.0,0.0,0.0,GKP,ARS,0.0,0.0,0.0,0.0,GKP,ARS,0.0,0.0,0.0,0.0,GKP,ARS,0.0,0.0,0.0,0.0,GKP,ARS,0.0,0.0,0.0,0.0,GKP,ARS,0.0,0.0,0.0,0.0,GKP,ARS,0.0,0.0,0.0,0.0,GKP,ARS,0.0,0.0,0.0,0.0,GKP,ARS,0.0,0.0,0.0,0.0,GKP,ARS,0.0,0.0,0.0,0.0,GKP,ARS,0.0,0.0,0.0,0.0,GKP,ARS,0.0,0.0,0.0,0.0,GKP,ARS,0.0,0.0,0.0,0.0,GKP,ARS,0.0,0.0,0.0,0.0,GKP,ARS,0.0,0.0,0.0,0.0,GKP,ARS,0.0,0.0,0.0,0.0,GKP,ARS,0.0,0.0,0.0,0.0,GKP,ARS,0.0,0.0,0.0,0.0,GKP,ARS,0.0,4.0,0.0,0.0,GKP,ARS,0.0,4.0,0.0,0.0,GKP,ARS,0.0,4.0,0.0,0.0,GKP,ARS,0.0,4.0,0.0,0.0,GKP,ARS,0.0,4.0,0.0,0.0,GKP,ARS,0.0,4.0,0.0,0.0,GKP,ARS,0.0,4.0,0.0,0.0,GKP,ARS,0.0,4.0,0.0,0.0,GKP,ARS,0.0,4.0,0.0,0.0,GKP,ARS,0.0,0.0,0.0,0.0,GKP,ARS,0.0,4.0,0.0,0.0,GKP,ARS,0.0,0.0,0.0,0.0,GKP,ARS,0.0,4.0,0.0,0.0,0.0,0.0
757,Kayode,DEF,BRE,0.0,0.0,0.0,0.0,DEF,BRE,0.0,0.0,0.0,0.0,DEF,BRE,0.0,0.0,0.0,0.0,DEF,BRE,0.0,0.0,0.0,0.0,DEF,BRE,0.0,0.0,0.0,0.0,DEF,BRE,0.0,0.0,0.0,0.0,DEF,BRE,0.0,0.0,0.0,0.0,DEF,BRE,0.0,0.0,0.0,0.0,DEF,BRE,0.0,0.0,0.0,0.0,DEF,BRE,0.0,0.0,0.0,0.0,DEF,BRE,0.0,0.0,0.0,0.0,DEF,BRE,0.0,0.0,0.0,0.0,DEF,BRE,0.0,0.0,0.0,0.0,DEF,BRE,0.0,0.0,0.0,0.0,DEF,BRE,0.0,0.0,0.0,0.0,DEF,BRE,0.0,0.0,0.0,0.0,DEF,BRE,0.0,0.0,0.0,0.0,DEF,BRE,0.0,0.0,0.0,0.0,DEF,BRE,0.0,0.0,0.0,0.0,DEF,BRE,0.0,0.0,0.0,0.0,DEF,BRE,0.0,0.0,0.0,0.0,DEF,BRE,0.0,0.0,0.0,0.0,DEF,BRE,0.0,0.0,0.0,0.0,DEF,BRE,0.0,4.5,0.0,0.0,DEF,BRE,0.0,4.5,1.0,1.0,DEF,BRE,0.0,4.5,6.0,1.0,DEF,BRE,0.0,4.5,9.0,1.0,DEF,BRE,0.25,4.5,0.0,0.0,DEF,BRE,0.5,4.5,0.0,0.0,DEF,BRE,0.0,4.5,0.0,0.0,DEF,BRE,0.0,4.5,7.0,1.0,DEF,BRE,0.0,0.0,0.0,0.0,DEF,BRE,0.0,4.5,0.0,0.0,DEF,BRE,0.0,0.0,0.0,0.0,DEF,BRE,0.0,4.5,0.0,0.0,23.0,4.0
758,Knight,MID,BRI,0.0,0.0,0.0,0.0,MID,BRI,0.0,0.0,0.0,0.0,MID,BRI,0.0,0.0,0.0,0.0,MID,BRI,0.0,0.0,0.0,0.0,MID,BRI,0.0,0.0,0.0,0.0,MID,BRI,0.0,0.0,0.0,0.0,MID,BRI,0.0,0.0,0.0,0.0,MID,BRI,0.0,0.0,0.0,0.0,MID,BRI,0.0,0.0,0.0,0.0,MID,BRI,0.0,0.0,0.0,0.0,MID,BRI,0.0,0.0,0.0,0.0,MID,BRI,0.0,0.0,0.0,0.0,MID,BRI,0.0,0.0,0.0,0.0,MID,BRI,0.0,0.0,0.0,0.0,MID,BRI,0.0,0.0,0.0,0.0,MID,BRI,0.0,0.0,0.0,0.0,MID,BRI,0.0,0.0,0.0,0.0,MID,BRI,0.0,0.0,0.0,0.0,MID,BRI,0.0,0.0,0.0,0.0,MID,BRI,0.0,0.0,0.0,0.0,MID,BRI,0.0,0.0,0.0,0.0,MID,BRI,0.0,0.0,0.0,0.0,MID,BRI,0.0,0.0,0.0,0.0,MID,BRI,0.0,4.5,0.0,0.0,MID,BRI,0.0,4.5,0.0,0.0,MID,BRI,0.0,4.5,0.0,0.0,MID,BRI,0.0,4.5,0.0,0.0,MID,BRI,0.0,4.5,0.0,0.0,MID,BRI,0.0,4.5,0.0,0.0,MID,BRI,0.0,4.5,0.0,0.0,MID,BRI,0.0,4.5,0.0,0.0,MID,BRI,0.0,0.0,0.0,0.0,MID,BRI,0.0,4.5,0.0,0.0,MID,BRI,0.0,0.0,0.0,0.0,MID,BRI,0.0,4.5,0.0,0.0,0.0,0.0
759,Eyestone,GKP,BRE,0.0,0.0,0.0,0.0,GKP,BRE,0.0,0.0,0.0,0.0,GKP,BRE,0.0,0.0,0.0,0.0,GKP,BRE,0.0,0.0,0.0,0.0,GKP,BRE,0.0,0.0,0.0,0.0,GKP,BRE,0.0,0.0,0.0,0.0,GKP,BRE,0.0,0.0,0.0,0.0,GKP,BRE,0.0,0.0,0.0,0.0,GKP,BRE,0.0,0.0,0.0,0.0,GKP,BRE,0.0,0.0,0.0,0.0,GKP,BRE,0.0,0.0,0.0,0.0,GKP,BRE,0.0,0.0,0.0,0.0,GKP,BRE,0.0,0.0,0.0,0.0,GKP,BRE,0.0,0.0,0.0,0.0,GKP,BRE,0.0,0.0,0.0,0.0,GKP,BRE,0.0,0.0,0.0,0.0,GKP,BRE,0.0,0.0,0.0,0.0,GKP,BRE,0.0,0.0,0.0,0.0,GKP,BRE,0.0,0.0,0.0,0.0,GKP,BRE,0.0,0.0,0.0,0.0,GKP,BRE,0.0,0.0,0.0,0.0,GKP,BRE,0.0,0.0,0.0,0.0,GKP,BRE,0.0,0.0,0.0,0.0,GKP,BRE,0.0,4.0,0.0,0.0,GKP,BRE,0.0,4.0,0.0,0.0,GKP,BRE,0.0,4.0,0.0,0.0,GKP,BRE,0.0,4.0,0.0,0.0,GKP,BRE,0.0,4.0,0.0,0.0,GKP,BRE,0.0,4.0,0.0,0.0,GKP,BRE,0.0,4.0,0.0,0.0,GKP,BRE,0.0,4.0,0.0,0.0,GKP,BRE,0.0,0.0,0.0,0.0,GKP,BRE,0.0,4.0,0.0,0.0,GKP,BRE,0.0,0.0,0.0,0.0,GKP,BRE,0.0,4.0,0.0,0.0,0.0,0.0
760,Cassanova,DEF,TOT,0.0,0.0,0.0,0.0,DEF,TOT,0.0,0.0,0.0,0.0,DEF,TOT,0.0,0.0,0.0,0.0,DEF,TOT,0.0,0.0,0.0,0.0,DEF,TOT,0.0,0.0,0.0,0.0,DEF,TOT,0.0,0.0,0.0,0.0,DEF,TOT,0.0,0.0,0.0,0.0,DEF,TOT,0.0,0.0,0.0,0.0,DEF,TOT,0.0,0.0,0.0,0.0,DEF,TOT,0.0,0.0,0.0,0.0,DEF,TOT,0.0,0.0,0.0,0.0,DEF,TOT,0.0,0.0,0.0,0.0,DEF,TOT,0.0,0.0,0.0,0.0,DEF,TOT,0.0,0.0,0.0,0.0,DEF,TOT,0.0,0.0,0.0,0.0,DEF,TOT,0.0,0.0,0.0,0.0,DEF,TOT,0.0,0.0,0.0,0.0,DEF,TOT,0.0,0.0,0.0,0.0,DEF,TOT,0.0,0.0,0.0,0.0,DEF,TOT,0.0,0.0,0.0,0.0,DEF,TOT,0.0,0.0,0.0,0.0,DEF,TOT,0.0,0.0,0.0,0.0,DEF,TOT,0.0,0.0,0.0,0.0,DEF,TOT,0.0,4.0,0.0,0.0,DEF,TOT,0.0,4.0,0.0,0.0,DEF,TOT,0.0,4.0,0.0,0.0,DEF,TOT,0.0,4.0,0.0,0.0,DEF,TOT,0.0,4.0,0.0,0.0,DEF,TOT,0.0,4.0,0.0,0.0,DEF,TOT,0.0,4.0,0.0,0.0,DEF,TOT,0.0,4.0,0.0,0.0,DEF,TOT,0.0,0.0,0.0,0.0,DEF,TOT,0.0,4.0,0.0,0.0,DEF,TOT,0.0,0.0,0.0,0.0,DEF,TOT,0.0,4.0,0.0,0.0,0.0,0.0
761,E. Harrison,GKP,MUN,0.0,0.0,0.0,0.0,GKP,MUN,0.0,0.0,0.0,0.0,GKP,MUN,0.0,0.0,0.0,0.0,GKP,MUN,0.0,0.0,0.0,0.0,GKP,MUN,0.0,0.0,0.0,0.0,GKP,MUN,0.0,0.0,0.0,0.0,GKP,MUN,0.0,0.0,0.0,0.0,GKP,MUN,0.0,0.0,0.0,0.0,GKP,MUN,0.0,0.0,0.0,0.0,GKP,MUN,0.0,0.0,0.0,0.0,GKP,MUN,0.0,0.0,0.0,0.0,GKP,MUN,0.0,0.0,0.0,0.0,GKP,MUN,0.0,0.0,0.0,0.0,GKP,MUN,0.0,0.0,0.0,0.0,GKP,MUN,0.0,0.0,0.0,0.0,GKP,MUN,0.0,0.0,0.0,0.0,GKP,MUN,0.0,0.0,0.0,0.0,GKP,MUN,0.0,0.0,0.0,0.0,GKP,MUN,0.0,0.0,0.0,0.0,GKP,MUN,0.0,0.0,0.0,0.0,GKP,MUN,0.0,0.0,0.0,0.0,GKP,MUN,0.0,0.0,0.0,0.0,GKP,MUN,0.0,0.0,0.0,0.0,GKP,MUN,0.0,4.0,0.0,0.0,GKP,MUN,0.0,4.0,0.0,0.0,GKP,MUN,0.0,4.0,0.0,0.0,GKP,MUN,0.0,4.0,0.0,0.0,GKP,MUN,0.0,4.0,0.0,0.0,GKP,MUN,0.0,4.0,0.0,0.0,GKP,MUN,0.0,4.0,0.0,0.0,GKP,MUN,0.0,4.0,0.0,0.0,GKP,MUN,0.0,0.0,0.0,0.0,GKP,MUN,0.0,4.0,0.0,0.0,GKP,MUN,0.0,0.0,0.0,0.0,GKP,MUN,0.0,4.0,0.0,0.0,0.0,0.0
762,M.Asensio,MID,AST,0.0,0.0,0.0,0.0,MID,AST,0.0,0.0,0.0,0.0,MID,AST,0.0,0.0,0.0,0.0,MID,AST,0.0,0.0,0.0,0.0,MID,AST,0.0,0.0,0.0,0.0,MID,AST,0.0,0.0,0.0,0.0,MID,AST,0.0,0.0,0.0,0.0,MID,AST,0.0,0.0,0.0,0.0,MID,AST,0.0,0.0,0.0,0.0,MID,AST,0.0,0.0,0.0,0.0,MID,AST,0.0,0.0,0.0,0.0,MID,AST,0.0,0.0,0.0,0.0,MID,AST,0.0,0.0,0.0,0.0,MID,AST,0.0,0.0,0.0,0.0,MID,AST,0.0,0.0,0.0,0.0,MID,AST,0.0,0.0,0.0,0.0,MID,AST,0.0,0.0,0.0,0.0,MID,AST,0.0,0.0,0.0,0.0,MID,AST,0.0,0.0,0.0,0.0,MID,AST,0.0,0.0,0.0,0.0,MID,AST,0.0,0.0,0.0,0.0,MID,AST,0.0,0.0,0.0,0.0,MID,AST,0.0,0.0,0.0,0.0,MID,AST,0.0,6.0,0.0,0.0,MID,AST,0.0,6.0,93.0,3.0,MID,AST,0.0,6.0,90.0,15.0,MID,AST,0.0,6.1,22.0,1.0,MID,AST,0.0,6.1,0.0,0.0,MID,AST,0.0,6.1,0.0,0.0,MID,AST,0.0,6.1,25.0,12.0,MID,AST,0.0,6.2,72.0,1.0,MID,AST,0.0,0.0,0.0,0.0,MID,AST,0.0,6.2,0.0,0.0,MID,AST,0.0,0.0,0.0,0.0,MID,AST,0.0,6.1,0.0,0.0,302.0,32.0
763,Cashin,DEF,BRI,0.0,0.0,0.0,0.0,DEF,BRI,0.0,0.0,0.0,0.0,DEF,BRI,0.0,0.0,0.0,0.0,DEF,BRI,0.0,0.0,0.0,0.0,DEF,BRI,0.0,0.0,0.0,0.0,DEF,BRI,0.0,0.0,0.0,0.0,DEF,BRI,0.0,0.0,0.0,0.0,DEF,BRI,0.0,0.0,0.0,0.0,DEF,BRI,0.0,0.0,0.0,0.0,DEF,BRI,0.0,0.0,0.0,0.0,DEF,BRI,0.0,0.0,0.0,0.0,DEF,BRI,0.0,0.0,0.0,0.0,DEF,BRI,0.0,0.0,0.0,0.0,DEF,BRI,0.0,0.0,0.0,0.0,DEF,BRI,0.0,0.0,0.0,0.0,DEF,BRI,0.0,0.0,0.0,0.0,DEF,BRI,0.0,0.0,0.0,0.0,DEF,BRI,0.0,0.0,0.0,0.0,DEF,BRI,0.0,0.0,0.0,0.0,DEF,BRI,0.0,0.0,0.0,0.0,DEF,BRI,0.0,0.0,0.0,0.0,DEF,BRI,0.0,0.0,0.0,0.0,DEF,BRI,0.0,0.0,0.0,0.0,DEF,BRI,0.0,4.5,0.0,0.0,DEF,BRI,0.0,4.5,0.0,0.0,DEF,BRI,0.0,4.5,0.0,0.0,DEF,BRI,0.0,4.5,0.0,0.0,DEF,BRI,0.0,4.5,0.0,0.0,DEF,BRI,0.0,4.5,0.0,0.0,DEF,BRI,0.0,4.5,18.0,0.0,DEF,BRI,0.0,4.5,0.0,0.0,DEF,BRI,0.0,0.0,0.0,0.0,DEF,BRI,0.0,4.5,0.0,0.0,DEF,BRI,0.0,0.0,0.0,0.0,DEF,BRI,0.0,4.5,0.0,0.0,18.0,0.0
764,A. Palmer,GKP,IPS,0.0,0.0,0.0,0.0,GKP,IPS,0.0,0.0,0.0,0.0,GKP,IPS,0.0,0.0,0.0,0.0,GKP,IPS,0.0,0.0,0.0,0.0,GKP,IPS,0.0,0.0,0.0,0.0,GKP,IPS,0.0,0.0,0.0,0.0,GKP,IPS,0.0,0.0,0.0,0.0,GKP,IPS,0.0,0.0,0.0,0.0,GKP,IPS,0.0,0.0,0.0,0.0,GKP,IPS,0.0,0.0,0.0,0.0,GKP,IPS,0.0,0.0,0.0,0.0,GKP,IPS,0.0,0.0,0.0,0.0,GKP,IPS,0.0,0.0,0.0,0.0,GKP,IPS,0.0,0.0,0.0,0.0,GKP,IPS,0.0,0.0,0.0,0.0,GKP,IPS,0.0,0.0,0.0,0.0,GKP,IPS,0.0,0.0,0.0,0.0,GKP,IPS,0.0,0.0,0.0,0.0,GKP,IPS,0.0,0.0,0.0,0.0,GKP,IPS,0.0,0.0,0.0,0.0,GKP,IPS,0.0,0.0,0.0,0.0,GKP,IPS,0.0,0.0,0.0,0.0,GKP,IPS,0.0,0.0,0.0,0.0,GKP,IPS,0.0,4.5,0.0,0.0,GKP,IPS,0.0,4.5,90.0,4.0,GKP,IPS,0.0,4.5,90.0,0.0,GKP,IPS,0.0,4.5,90.0,2.0,GKP,IPS,0.0,4.5,90.0,3.0,GKP,IPS,0.0,4.5,90.0,0.0,GKP,IPS,0.0,4.5,90.0,3.0,GKP,IPS,0.0,4.5,90.0,1.0,GKP,IPS,0.0,0.0,0.0,0.0,GKP,IPS,0.0,4.5,0.0,0.0,GKP,IPS,0.0,0.0,0.0,0.0,GKP,IPS,0.0,4.5,0.0,0.0,630.0,13.0
765,N.Gonzalez,MID,MCI,0.0,0.0,0.0,0.0,MID,MCI,0.0,0.0,0.0,0.0,MID,MCI,0.0,0.0,0.0,0.0,MID,MCI,0.0,0.0,0.0,0.0,MID,MCI,0.0,0.0,0.0,0.0,MID,MCI,0.0,0.0,0.0,0.0,MID,MCI,0.0,0.0,0.0,0.0,MID,MCI,0.0,0.0,0.0,0.0,MID,MCI,0.0,0.0,0.0,0.0,MID,MCI,0.0,0.0,0.0,0.0,MID,MCI,0.0,0.0,0.0,0.0,MID,MCI,0.0,0.0,0.0,0.0,MID,MCI,0.0,0.0,0.0,0.0,MID,MCI,0.0,0.0,0.0,0.0,MID,MCI,0.0,0.0,0.0,0.0,MID,MCI,0.0,0.0,0.0,0.0,MID,MCI,0.0,0.0,0.0,0.0,MID,MCI,0.0,0.0,0.0,0.0,MID,MCI,0.0,0.0,0.0,0.0,MID,MCI,0.0,0.0,0.0,0.0,MID,MCI,0.0,0.0,0.0,0.0,MID,MCI,0.0,0.0,0.0,0.0,MID,MCI,0.0,0.0,0.0,0.0,MID,MCI,0.0,6.0,0.0,0.0,MID,MCI,0.0,6.0,90.0,3.0,MID,MCI,0.0,6.0,77.0,2.0,MID,MCI,0.0,6.0,73.0,3.0,MID,MCI,0.0,6.0,61.0,2.0,MID,MCI,0.0,6.0,90.0,2.0,MID,MCI,0.0,6.0,90.0,2.0,MID,MCI,0.0,6.0,0.0,0.0,MID,MCI,0.0,0.0,0.0,0.0,MID,MCI,0.0,6.0,0.0,0.0,MID,MCI,0.0,0.0,0.0,0.0,MID,MCI,0.0,6.0,0.0,0.0,481.0,14.0
766,Dorgu,DEF,MUN,0.0,0.0,0.0,0.0,DEF,MUN,0.0,0.0,0.0,0.0,DEF,MUN,0.0,0.0,0.0,0.0,DEF,MUN,0.0,0.0,0.0,0.0,DEF,MUN,0.0,0.0,0.0,0.0,DEF,MUN,0.0,0.0,0.0,0.0,DEF,MUN,0.0,0.0,0.0,0.0,DEF,MUN,0.0,0.0,0.0,0.0,DEF,MUN,0.0,0.0,0.0,0.0,DEF,MUN,0.0,0.0,0.0,0.0,DEF,MUN,0.0,0.0,0.0,0.0,DEF,MUN,0.0,0.0,0.0,0.0,DEF,MUN,0.0,0.0,0.0,0.0,DEF,MUN,0.0,0.0,0.0,0.0,DEF,MUN,0.0,0.0,0.0,0.0,DEF,MUN,0.0,0.0,0.0,0.0,DEF,MUN,0.0,0.0,0.0,0.0,DEF,MUN,0.0,0.0,0.0,0.0,DEF,MUN,0.0,0.0,0.0,0.0,DEF,MUN,0.0,0.0,0.0,0.0,DEF,MUN,0.0,0.0,0.0,0.0,DEF,MUN,0.0,0.0,0.0,0.0,DEF,MUN,0.0,0.0,0.0,0.0,DEF,MUN,0.0,4.5,0.0,0.0,DEF,MUN,0.0,4.5,90.0,1.0,DEF,MUN,0.0,4.5,90.0,1.0,DEF,MUN,1.0,4.5,42.0,-3.0,DEF,MUN,1.0,4.5,0.0,0.0,DEF,MUN,0.0,4.5,0.0,0.0,DEF,MUN,0.0,4.5,90.0,2.0,DEF,MUN,0.0,4.5,90.0,6.0,DEF,MUN,0.0,0.0,0.0,0.0,DEF,MUN,0.0,4.5,0.0,0.0,DEF,MUN,0.0,0.0,0.0,0.0,DEF,MUN,0.0,4.5,0.0,0.0,402.0,7.0
767,Danso,DEF,TOT,0.0,0.0,0.0,0.0,DEF,TOT,0.0,0.0,0.0,0.0,DEF,TOT,0.0,0.0,0.0,0.0,DEF,TOT,0.0,0.0,0.0,0.0,DEF,TOT,0.0,0.0,0.0,0.0,DEF,TOT,0.0,0.0,0.0,0.0,DEF,TOT,0.0,0.0,0.0,0.0,DEF,TOT,0.0,0.0,0.0,0.0,DEF,TOT,0.0,0.0,0.0,0.0,DEF,TOT,0.0,0.0,0.0,0.0,DEF,TOT,0.0,0.0,0.0,0.0,DEF,TOT,0.0,0.0,0.0,0.0,DEF,TOT,0.0,0.0,0.0,0.0,DEF,TOT,0.0,0.0,0.0,0.0,DEF,TOT,0.0,0.0,0.0,0.0,DEF,TOT,0.0,0.0,0.0,0.0,DEF,TOT,0.0,0.0,0.0,0.0,DEF,TOT,0.0,0.0,0.0,0.0,DEF,TOT,0.0,0.0,0.0,0.0,DEF,TOT,0.0,0.0,0.0,0.0,DEF,TOT,0.0,0.0,0.0,0.0,DEF,TOT,0.0,0.0,0.0,0.0,DEF,TOT,0.0,0.0,0.0,0.0,DEF,TOT,0.0,4.5,0.0,0.0,DEF,TOT,0.25,4.5,77.0,6.0,DEF,TOT,0.0,4.5,90.0,2.0,DEF,TOT,0.0,4.5,90.0,2.0,DEF,TOT,0.0,4.5,90.0,1.0,DEF,TOT,1.0,4.5,0.0,0.0,DEF,TOT,1.0,4.5,0.0,0.0,DEF,TOT,1.0,4.4,0.0,0.0,DEF,TOT,0.0,0.0,0.0,0.0,DEF,TOT,0.0,4.4,0.0,0.0,DEF,TOT,0.0,0.0,0.0,0.0,DEF,TOT,0.0,4.4,0.0,0.0,347.0,11.0
768,Tel,MID,TOT,0.0,0.0,0.0,0.0,MID,TOT,0.0,0.0,0.0,0.0,MID,TOT,0.0,0.0,0.0,0.0,MID,TOT,0.0,0.0,0.0,0.0,MID,TOT,0.0,0.0,0.0,0.0,MID,TOT,0.0,0.0,0.0,0.0,MID,TOT,0.0,0.0,0.0,0.0,MID,TOT,0.0,0.0,0.0,0.0,MID,TOT,0.0,0.0,0.0,0.0,MID,TOT,0.0,0.0,0.0,0.0,MID,TOT,0.0,0.0,0.0,0.0,MID,TOT,0.0,0.0,0.0,0.0,MID,TOT,0.0,0.0,0.0,0.0,MID,TOT,0.0,0.0,0.0,0.0,MID,TOT,0.0,0.0,0.0,0.0,MID,TOT,0.0,0.0,0.0,0.0,MID,TOT,0.0,0.0,0.0,0.0,MID,TOT,0.0,0.0,0.0,0.0,MID,TOT,0.0,0.0,0.0,0.0,MID,TOT,0.0,0.0,0.0,0.0,MID,TOT,0.0,0.0,0.0,0.0,MID,TOT,0.0,0.0,0.0,0.0,MID,TOT,0.0,0.0,0.0,0.0,MID,TOT,0.0,6.0,0.0,0.0,MID,TOT,0.0,6.0,90.0,3.0,MID,TOT,0.0,6.0,73.0,2.0,MID,TOT,0.0,6.0,65.0,2.0,MID,TOT,0.0,6.0,0.0,0.0,MID,TOT,0.0,6.0,76.0,3.0,MID,TOT,0.0,5.9,2.0,1.0,MID,TOT,0.0,5.9,3.0,6.0,MID,TOT,0.0,0.0,0.0,0.0,MID,TOT,0.0,5.8,0.0,0.0,MID,TOT,0.0,0.0,0.0,0.0,MID,TOT,0.0,5.8,0.0,0.0,309.0,17.0
769,Djiga,DEF,WOL,0.0,0.0,0.0,0.0,DEF,WOL,0.0,0.0,0.0,0.0,DEF,WOL,0.0,0.0,0.0,0.0,DEF,WOL,0.0,0.0,0.0,0.0,DEF,WOL,0.0,0.0,0.0,0.0,DEF,WOL,0.0,0.0,0.0,0.0,DEF,WOL,0.0,0.0,0.0,0.0,DEF,WOL,0.0,0.0,0.0,0.0,DEF,WOL,0.0,0.0,0.0,0.0,DEF,WOL,0.0,0.0,0.0,0.0,DEF,WOL,0.0,0.0,0.0,0.0,DEF,WOL,0.0,0.0,0.0,0.0,DEF,WOL,0.0,0.0,0.0,0.0,DEF,WOL,0.0,0.0,0.0,0.0,DEF,WOL,0.0,0.0,0.0,0.0,DEF,WOL,0.0,0.0,0.0,0.0,DEF,WOL,0.0,0.0,0.0,0.0,DEF,WOL,0.0,0.0,0.0,0.0,DEF,WOL,0.0,0.0,0.0,0.0,DEF,WOL,0.0,0.0,0.0,0.0,DEF,WOL,0.0,0.0,0.0,0.0,DEF,WOL,0.0,0.0,0.0,0.0,DEF,WOL,0.0,0.0,0.0,0.0,DEF,WOL,0.0,4.5,0.0,0.0,DEF,WOL,0.0,4.5,0.0,0.0,DEF,WOL,0.0,4.5,17.0,1.0,DEF,WOL,0.0,4.5,0.0,0.0,DEF,WOL,0.0,4.5,0.0,0.0,DEF,WOL,0.0,4.5,1.0,1.0,DEF,WOL,0.0,4.5,0.0,0.0,DEF,WOL,0.0,4.5,1.0,1.0,DEF,WOL,0.0,0.0,0.0,0.0,DEF,WOL,0.0,4.5,0.0,0.0,DEF,WOL,0.0,0.0,0.0,0.0,DEF,WOL,0.0,4.5,0.0,0.0,19.0,3.0
770,Munetsi,MID,WOL,0.0,0.0,0.0,0.0,MID,WOL,0.0,0.0,0.0,0.0,MID,WOL,0.0,0.0,0.0,0.0,MID,WOL,0.0,0.0,0.0,0.0,MID,WOL,0.0,0.0,0.0,0.0,MID,WOL,0.0,0.0,0.0,0.0,MID,WOL,0.0,0.0,0.0,0.0,MID,WOL,0.0,0.0,0.0,0.0,MID,WOL,0.0,0.0,0.0,0.0,MID,WOL,0.0,0.0,0.0,0.0,MID,WOL,0.0,0.0,0.0,0.0,MID,WOL,0.0,0.0,0.0,0.0,MID,WOL,0.0,0.0,0.0,0.0,MID,WOL,0.0,0.0,0.0,0.0,MID,WOL,0.0,0.0,0.0,0.0,MID,WOL,0.0,0.0,0.0,0.0,MID,WOL,0.0,0.0,0.0,0.0,MID,WOL,0.0,0.0,0.0,0.0,MID,WOL,0.0,0.0,0.0,0.0,MID,WOL,0.0,0.0,0.0,0.0,MID,WOL,0.0,0.0,0.0,0.0,MID,WOL,0.0,0.0,0.0,0.0,MID,WOL,0.0,0.0,0.0,0.0,MID,WOL,0.0,5.0,0.0,0.0,MID,WOL,0.0,5.0,45.0,1.0,MID,WOL,0.0,5.0,90.0,6.0,MID,WOL,0.0,5.0,90.0,2.0,MID,WOL,0.25,5.0,45.0,8.0,MID,WOL,0.0,5.0,68.0,3.0,MID,WOL,0.0,5.0,90.0,3.0,MID,WOL,0.0,5.0,90.0,2.0,MID,WOL,0.0,0.0,0.0,0.0,MID,WOL,0.0,5.0,0.0,0.0,MID,WOL,0.0,0.0,0.0,0.0,MID,WOL,0.0,5.0,0.0,0.0,518.0,25.0
771,Amougou,MID,CHE,0.0,0.0,0.0,0.0,MID,CHE,0.0,0.0,0.0,0.0,MID,CHE,0.0,0.0,0.0,0.0,MID,CHE,0.0,0.0,0.0,0.0,MID,CHE,0.0,0.0,0.0,0.0,MID,CHE,0.0,0.0,0.0,0.0,MID,CHE,0.0,0.0,0.0,0.0,MID,CHE,0.0,0.0,0.0,0.0,MID,CHE,0.0,0.0,0.0,0.0,MID,CHE,0.0,0.0,0.0,0.0,MID,CHE,0.0,0.0,0.0,0.0,MID,CHE,0.0,0.0,0.0,0.0,MID,CHE,0.0,0.0,0.0,0.0,MID,CHE,0.0,0.0,0.0,0.0,MID,CHE,0.0,0.0,0.0,0.0,MID,CHE,0.0,0.0,0.0,0.0,MID,CHE,0.0,0.0,0.0,0.0,MID,CHE,0.0,0.0,0.0,0.0,MID,CHE,0.0,0.0,0.0,0.0,MID,CHE,0.0,0.0,0.0,0.0,MID,CHE,0.0,0.0,0.0,0.0,MID,CHE,0.0,0.0,0.0,0.0,MID,CHE,0.0,0.0,0.0,0.0,MID,CHE,0.0,4.5,0.0,0.0,MID,CHE,0.0,4.5,0.0,0.0,MID,CHE,0.0,4.5,0.0,0.0,MID,CHE,0.0,4.5,7.0,1.0,MID,CHE,0.0,4.5,0.0,0.0,MID,CHE,0.0,4.5,0.0,0.0,MID,CHE,0.0,4.5,0.0,0.0,MID,CHE,0.0,4.5,0.0,0.0,MID,CHE,0.0,0.0,0.0,0.0,MID,CHE,0.0,4.5,0.0,0.0,MID,CHE,0.0,0.0,0.0,0.0,MID,CHE,0.0,4.5,0.0,0.0,7.0,1.0
772,Willian,MID,FUL,0.0,0.0,0.0,0.0,MID,FUL,0.0,0.0,0.0,0.0,MID,FUL,0.0,0.0,0.0,0.0,MID,FUL,0.0,0.0,0.0,0.0,MID,FUL,0.0,0.0,0.0,0.0,MID,FUL,0.0,0.0,0.0,0.0,MID,FUL,0.0,0.0,0.0,0.0,MID,FUL,0.0,0.0,0.0,0.0,MID,FUL,0.0,0.0,0.0,0.0,MID,FUL,0.0,0.0,0.0,0.0,MID,FUL,0.0,0.0,0.0,0.0,MID,FUL,0.0,0.0,0.0,0.0,MID,FUL,0.0,0.0,0.0,0.0,MID,FUL,0.0,0.0,0.0,0.0,MID,FUL,0.0,0.0,0.0,0.0,MID,FUL,0.0,0.0,0.0,0.0,MID,FUL,0.0,0.0,0.0,0.0,MID,FUL,0.0,0.0,0.0,0.0,MID,FUL,0.0,0.0,0.0,0.0,MID,FUL,0.0,0.0,0.0,0.0,MID,FUL,0.0,0.0,0.0,0.0,MID,FUL,0.0,0.0,0.0,0.0,MID,FUL,0.0,0.0,0.0,0.0,MID,FUL,0.0,5.0,0.0,0.0,MID,FUL,0.0,5.0,1.0,1.0,MID,FUL,0.0,5.0,10.0,1.0,MID,FUL,0.0,5.0,23.0,1.0,MID,FUL,0.0,5.0,8.0,1.0,MID,FUL,0.0,5.0,86.0,3.0,MID,FUL,0.0,5.0,23.0,1.0,MID,FUL,0.0,5.0,0.0,0.0,MID,FUL,0.0,0.0,0.0,0.0,MID,FUL,0.0,5.0,0.0,0.0,MID,FUL,0.0,0.0,0.0,0.0,MID,FUL,0.0,5.0,0.0,0.0,151.0,8.0
773,Heath,MID,EVE,0.0,0.0,0.0,0.0,MID,EVE,0.0,0.0,0.0,0.0,MID,EVE,0.0,0.0,0.0,0.0,MID,EVE,0.0,0.0,0.0,0.0,MID,EVE,0.0,0.0,0.0,0.0,MID,EVE,0.0,0.0,0.0,0.0,MID,EVE,0.0,0.0,0.0,0.0,MID,EVE,0.0,0.0,0.0,0.0,MID,EVE,0.0,0.0,0.0,0.0,MID,EVE,0.0,0.0,0.0,0.0,MID,EVE,0.0,0.0,0.0,0.0,MID,EVE,0.0,0.0,0.0,0.0,MID,EVE,0.0,0.0,0.0,0.0,MID,EVE,0.0,0.0,0.0,0.0,MID,EVE,0.0,0.0,0.0,0.0,MID,EVE,0.0,0.0,0.0,0.0,MID,EVE,0.0,0.0,0.0,0.0,MID,EVE,0.0,0.0,0.0,0.0,MID,EVE,0.0,0.0,0.0,0.0,MID,EVE,0.0,0.0,0.0,0.0,MID,EVE,0.0,0.0,0.0,0.0,MID,EVE,0.0,0.0,0.0,0.0,MID,EVE,0.0,0.0,0.0,0.0,MID,EVE,0.0,4.5,0.0,0.0,MID,EVE,0.0,4.5,0.0,0.0,MID,EVE,0.0,4.5,0.0,0.0,MID,EVE,0.0,4.5,0.0,0.0,MID,EVE,0.0,4.5,0.0,0.0,MID,EVE,0.0,4.5,0.0,0.0,MID,EVE,0.0,4.5,0.0,0.0,MID,EVE,0.0,4.5,0.0,0.0,MID,EVE,0.0,0.0,0.0,0.0,MID,EVE,0.0,4.5,0.0,0.0,MID,EVE,0.0,0.0,0.0,0.0,MID,EVE,0.0,4.5,0.0,0.0,0.0,0.0
774,Anselmino,DEF,CHE,0.0,0.0,0.0,0.0,DEF,CHE,0.0,0.0,0.0,0.0,DEF,CHE,0.0,0.0,0.0,0.0,DEF,CHE,0.0,0.0,0.0,0.0,DEF,CHE,0.0,0.0,0.0,0.0,DEF,CHE,0.0,0.0,0.0,0.0,DEF,CHE,0.0,0.0,0.0,0.0,DEF,CHE,0.0,0.0,0.0,0.0,DEF,CHE,0.0,0.0,0.0,0.0,DEF,CHE,0.0,0.0,0.0,0.0,DEF,CHE,0.0,0.0,0.0,0.0,DEF,CHE,0.0,0.0,0.0,0.0,DEF,CHE,0.0,0.0,0.0,0.0,DEF,CHE,0.0,0.0,0.0,0.0,DEF,CHE,0.0,0.0,0.0,0.0,DEF,CHE,0.0,0.0,0.0,0.0,DEF,CHE,0.0,0.0,0.0,0.0,DEF,CHE,0.0,0.0,0.0,0.0,DEF,CHE,0.0,0.0,0.0,0.0,DEF,CHE,0.0,0.0,0.0,0.0,DEF,CHE,0.0,0.0,0.0,0.0,DEF,CHE,0.0,0.0,0.0,0.0,DEF,CHE,0.0,0.0,0.0,0.0,DEF,CHE,0.0,0.0,0.0,0.0,DEF,CHE,0.0,4.0,0.0,0.0,DEF,CHE,0.0,4.0,0.0,0.0,DEF,CHE,0.0,4.0,0.0,0.0,DEF,CHE,0.0,4.0,0.0,0.0,DEF,CHE,0.0,4.0,0.0,0.0,DEF,CHE,0.0,4.0,0.0,0.0,DEF,CHE,0.0,4.0,0.0,0.0,DEF,CHE,0.0,0.0,0.0,0.0,DEF,CHE,1.0,4.0,0.0,0.0,DEF,CHE,0.0,0.0,0.0,0.0,DEF,CHE,1.0,4.0,0.0,0.0,0.0,0.0
775,Coby Ebere,MID,EVE,0.0,0.0,0.0,0.0,MID,EVE,0.0,0.0,0.0,0.0,MID,EVE,0.0,0.0,0.0,0.0,MID,EVE,0.0,0.0,0.0,0.0,MID,EVE,0.0,0.0,0.0,0.0,MID,EVE,0.0,0.0,0.0,0.0,MID,EVE,0.0,0.0,0.0,0.0,MID,EVE,0.0,0.0,0.0,0.0,MID,EVE,0.0,0.0,0.0,0.0,MID,EVE,0.0,0.0,0.0,0.0,MID,EVE,0.0,0.0,0.0,0.0,MID,EVE,0.0,0.0,0.0,0.0,MID,EVE,0.0,0.0,0.0,0.0,MID,EVE,0.0,0.0,0.0,0.0,MID,EVE,0.0,0.0,0.0,0.0,MID,EVE,0.0,0.0,0.0,0.0,MID,EVE,0.0,0.0,0.0,0.0,MID,EVE,0.0,0.0,0.0,0.0,MID,EVE,0.0,0.0,0.0,0.0,MID,EVE,0.0,0.0,0.0,0.0,MID,EVE,0.0,0.0,0.0,0.0,MID,EVE,0.0,0.0,0.0,0.0,MID,EVE,0.0,0.0,0.0,0.0,MID,EVE,0.0,0.0,0.0,0.0,MID,EVE,0.0,4.5,0.0,0.0,MID,EVE,0.0,4.5,0.0,0.0,MID,EVE,0.0,4.5,0.0,0.0,MID,EVE,0.0,4.5,0.0,0.0,MID,EVE,0.0,4.5,0.0,0.0,MID,EVE,0.0,4.5,0.0,0.0,MID,EVE,0.0,4.5,0.0,0.0,MID,EVE,0.0,0.0,0.0,0.0,MID,EVE,0.0,4.5,0.0,0.0,MID,EVE,0.0,0.0,0.0,0.0,MID,EVE,0.0,4.5,0.0,0.0,0.0,0.0
776,Obi,FWD,MUN,0.0,0.0,0.0,0.0,FWD,MUN,0.0,0.0,0.0,0.0,FWD,MUN,0.0,0.0,0.0,0.0,FWD,MUN,0.0,0.0,0.0,0.0,FWD,MUN,0.0,0.0,0.0,0.0,FWD,MUN,0.0,0.0,0.0,0.0,FWD,MUN,0.0,0.0,0.0,0.0,FWD,MUN,0.0,0.0,0.0,0.0,FWD,MUN,0.0,0.0,0.0,0.0,FWD,MUN,0.0,0.0,0.0,0.0,FWD,MUN,0.0,0.0,0.0,0.0,FWD,MUN,0.0,0.0,0.0,0.0,FWD,MUN,0.0,0.0,0.0,0.0,FWD,MUN,0.0,0.0,0.0,0.0,FWD,MUN,0.0,0.0,0.0,0.0,FWD,MUN,0.0,0.0,0.0,0.0,FWD,MUN,0.0,0.0,0.0,0.0,FWD,MUN,0.0,0.0,0.0,0.0,FWD,MUN,0.0,0.0,0.0,0.0,FWD,MUN,0.0,0.0,0.0,0.0,FWD,MUN,0.0,0.0,0.0,0.0,FWD,MUN,0.0,0.0,0.0,0.0,FWD,MUN,0.0,0.0,0.0,0.0,FWD,MUN,0.0,0.0,0.0,0.0,FWD,MUN,0.0,4.5,0.0,0.0,FWD,MUN,0.0,4.5,20.0,0.0,FWD,MUN,0.0,4.5,0.0,0.0,FWD,MUN,0.0,4.5,0.0,0.0,FWD,MUN,0.0,4.5,5.0,1.0,FWD,MUN,0.0,4.5,0.0,0.0,FWD,MUN,0.0,4.5,0.0,0.0,FWD,MUN,0.0,0.0,0.0,0.0,FWD,MUN,0.0,4.5,0.0,0.0,FWD,MUN,0.0,0.0,0.0,0.0,FWD,MUN,0.0,4.5,0.0,0.0,25.0,1.0
777,Fredricson,DEF,MUN,0.0,0.0,0.0,0.0,DEF,MUN,0.0,0.0,0.0,0.0,DEF,MUN,0.0,0.0,0.0,0.0,DEF,MUN,0.0,0.0,0.0,0.0,DEF,MUN,0.0,0.0,0.0,0.0,DEF,MUN,0.0,0.0,0.0,0.0,DEF,MUN,0.0,0.0,0.0,0.0,DEF,MUN,0.0,0.0,0.0,0.0,DEF,MUN,0.0,0.0,0.0,0.0,DEF,MUN,0.0,0.0,0.0,0.0,DEF,MUN,0.0,0.0,0.0,0.0,DEF,MUN,0.0,0.0,0.0,0.0,DEF,MUN,0.0,0.0,0.0,0.0,DEF,MUN,0.0,0.0,0.0,0.0,DEF,MUN,0.0,0.0,0.0,0.0,DEF,MUN,0.0,0.0,0.0,0.0,DEF,MUN,0.0,0.0,0.0,0.0,DEF,MUN,0.0,0.0,0.0,0.0,DEF,MUN,0.0,0.0,0.0,0.0,DEF,MUN,0.0,0.0,0.0,0.0,DEF,MUN,0.0,0.0,0.0,0.0,DEF,MUN,0.0,0.0,0.0,0.0,DEF,MUN,0.0,0.0,0.0,0.0,DEF,MUN,0.0,0.0,0.0,0.0,DEF,MUN,0.0,4.0,0.0,0.0,DEF,MUN,0.0,4.0,0.0,0.0,DEF,MUN,0.0,4.0,0.0,0.0,DEF,MUN,0.0,4.0,0.0,0.0,DEF,MUN,0.0,4.0,0.0,0.0,DEF,MUN,0.0,4.0,0.0,0.0,DEF,MUN,0.0,4.0,0.0,0.0,DEF,MUN,0.0,0.0,0.0,0.0,DEF,MUN,0.0,4.0,0.0,0.0,DEF,MUN,0.0,0.0,0.0,0.0,DEF,MUN,0.0,4.0,0.0,0.0,0.0,0.0
778,Moorhouse,MID,MUN,0.0,0.0,0.0,0.0,MID,MUN,0.0,0.0,0.0,0.0,MID,MUN,0.0,0.0,0.0,0.0,MID,MUN,0.0,0.0,0.0,0.0,MID,MUN,0.0,0.0,0.0,0.0,MID,MUN,0.0,0.0,0.0,0.0,MID,MUN,0.0,0.0,0.0,0.0,MID,MUN,0.0,0.0,0.0,0.0,MID,MUN,0.0,0.0,0.0,0.0,MID,MUN,0.0,0.0,0.0,0.0,MID,MUN,0.0,0.0,0.0,0.0,MID,MUN,0.0,0.0,0.0,0.0,MID,MUN,0.0,0.0,0.0,0.0,MID,MUN,0.0,0.0,0.0,0.0,MID,MUN,0.0,0.0,0.0,0.0,MID,MUN,0.0,0.0,0.0,0.0,MID,MUN,0.0,0.0,0.0,0.0,MID,MUN,0.0,0.0,0.0,0.0,MID,MUN,0.0,0.0,0.0,0.0,MID,MUN,0.0,0.0,0.0,0.0,MID,MUN,0.0,0.0,0.0,0.0,MID,MUN,0.0,0.0,0.0,0.0,MID,MUN,0.0,0.0,0.0,0.0,MID,MUN,0.0,0.0,0.0,0.0,MID,MUN,0.0,4.5,0.0,0.0,MID,MUN,0.0,4.5,0.0,0.0,MID,MUN,0.0,4.5,0.0,0.0,MID,MUN,0.0,4.5,0.0,0.0,MID,MUN,0.0,4.5,0.0,0.0,MID,MUN,0.0,4.5,0.0,0.0,MID,MUN,0.0,4.5,0.0,0.0,MID,MUN,0.0,0.0,0.0,0.0,MID,MUN,0.0,4.5,0.0,0.0,MID,MUN,0.0,0.0,0.0,0.0,MID,MUN,0.0,4.5,0.0,0.0,0.0,0.0
779,Koné,MID,MUN,0.0,0.0,0.0,0.0,MID,MUN,0.0,0.0,0.0,0.0,MID,MUN,0.0,0.0,0.0,0.0,MID,MUN,0.0,0.0,0.0,0.0,MID,MUN,0.0,0.0,0.0,0.0,MID,MUN,0.0,0.0,0.0,0.0,MID,MUN,0.0,0.0,0.0,0.0,MID,MUN,0.0,0.0,0.0,0.0,MID,MUN,0.0,0.0,0.0,0.0,MID,MUN,0.0,0.0,0.0,0.0,MID,MUN,0.0,0.0,0.0,0.0,MID,MUN,0.0,0.0,0.0,0.0,MID,MUN,0.0,0.0,0.0,0.0,MID,MUN,0.0,0.0,0.0,0.0,MID,MUN,0.0,0.0,0.0,0.0,MID,MUN,0.0,0.0,0.0,0.0,MID,MUN,0.0,0.0,0.0,0.0,MID,MUN,0.0,0.0,0.0,0.0,MID,MUN,0.0,0.0,0.0,0.0,MID,MUN,0.0,0.0,0.0,0.0,MID,MUN,0.0,0.0,0.0,0.0,MID,MUN,0.0,0.0,0.0,0.0,MID,MUN,0.0,0.0,0.0,0.0,MID,MUN,0.0,0.0,0.0,0.0,MID,MUN,0.0,4.5,0.0,0.0,MID,MUN,0.0,4.5,0.0,0.0,MID,MUN,0.0,4.5,0.0,0.0,MID,MUN,0.0,4.5,0.0,0.0,MID,MUN,0.0,4.5,0.0,0.0,MID,MUN,0.0,4.5,0.0,0.0,MID,MUN,0.0,4.5,0.0,0.0,MID,MUN,0.0,0.0,0.0,0.0,MID,MUN,0.0,4.5,0.0,0.0,MID,MUN,0.0,0.0,0.0,0.0,MID,MUN,0.0,4.5,0.0,0.0,0.0,0.0
780,Morgan,FWD,BRE,0.0,0.0,0.0,0.0,FWD,BRE,0.0,0.0,0.0,0.0,FWD,BRE,0.0,0.0,0.0,0.0,FWD,BRE,0.0,0.0,0.0,0.0,FWD,BRE,0.0,0.0,0.0,0.0,FWD,BRE,0.0,0.0,0.0,0.0,FWD,BRE,0.0,0.0,0.0,0.0,FWD,BRE,0.0,0.0,0.0,0.0,FWD,BRE,0.0,0.0,0.0,0.0,FWD,BRE,0.0,0.0,0.0,0.0,FWD,BRE,0.0,0.0,0.0,0.0,FWD,BRE,0.0,0.0,0.0,0.0,FWD,BRE,0.0,0.0,0.0,0.0,FWD,BRE,0.0,0.0,0.0,0.0,FWD,BRE,0.0,0.0,0.0,0.0,FWD,BRE,0.0,0.0,0.0,0.0,FWD,BRE,0.0,0.0,0.0,0.0,FWD,BRE,0.0,0.0,0.0,0.0,FWD,BRE,0.0,0.0,0.0,0.0,FWD,BRE,0.0,0.0,0.0,0.0,FWD,BRE,0.0,0.0,0.0,0.0,FWD,BRE,0.0,0.0,0.0,0.0,FWD,BRE,0.0,0.0,0.0,0.0,FWD,BRE,0.0,0.0,0.0,0.0,FWD,BRE,0.0,0.0,0.0,0.0,FWD,BRE,0.0,4.5,0.0,0.0,FWD,BRE,0.0,4.5,0.0,0.0,FWD,BRE,0.0,4.5,0.0,0.0,FWD,BRE,0.0,4.5,0.0,0.0,FWD,BRE,0.0,4.5,0.0,0.0,FWD,BRE,0.0,4.5,0.0,0.0,FWD,BRE,0.0,0.0,0.0,0.0,FWD,BRE,0.0,4.5,0.0,0.0,FWD,BRE,0.0,0.0,0.0,0.0,FWD,BRE,0.0,4.5,0.0,0.0,0.0,0.0
781,Mheuka,FWD,CHE,0.0,0.0,0.0,0.0,FWD,CHE,0.0,0.0,0.0,0.0,FWD,CHE,0.0,0.0,0.0,0.0,FWD,CHE,0.0,0.0,0.0,0.0,FWD,CHE,0.0,0.0,0.0,0.0,FWD,CHE,0.0,0.0,0.0,0.0,FWD,CHE,0.0,0.0,0.0,0.0,FWD,CHE,0.0,0.0,0.0,0.0,FWD,CHE,0.0,0.0,0.0,0.0,FWD,CHE,0.0,0.0,0.0,0.0,FWD,CHE,0.0,0.0,0.0,0.0,FWD,CHE,0.0,0.0,0.0,0.0,FWD,CHE,0.0,0.0,0.0,0.0,FWD,CHE,0.0,0.0,0.0,0.0,FWD,CHE,0.0,0.0,0.0,0.0,FWD,CHE,0.0,0.0,0.0,0.0,FWD,CHE,0.0,0.0,0.0,0.0,FWD,CHE,0.0,0.0,0.0,0.0,FWD,CHE,0.0,0.0,0.0,0.0,FWD,CHE,0.0,0.0,0.0,0.0,FWD,CHE,0.0,0.0,0.0,0.0,FWD,CHE,0.0,0.0,0.0,0.0,FWD,CHE,0.0,0.0,0.0,0.0,FWD,CHE,0.0,0.0,0.0,0.0,FWD,CHE,0.0,0.0,0.0,0.0,FWD,CHE,0.0,4.5,0.0,0.0,FWD,CHE,0.0,4.5,1.0,1.0,FWD,CHE,0.0,4.5,0.0,0.0,FWD,CHE,0.0,4.5,0.0,0.0,FWD,CHE,0.0,4.5,0.0,0.0,FWD,CHE,0.0,4.5,0.0,0.0,FWD,CHE,0.0,0.0,0.0,0.0,FWD,CHE,0.0,4.5,0.0,0.0,FWD,CHE,0.0,0.0,0.0,0.0,FWD,CHE,0.0,4.5,0.0,0.0,1.0,1.0
782,Samuels-Smith,DEF,CHE,0.0,0.0,0.0,0.0,DEF,CHE,0.0,0.0,0.0,0.0,DEF,CHE,0.0,0.0,0.0,0.0,DEF,CHE,0.0,0.0,0.0,0.0,DEF,CHE,0.0,0.0,0.0,0.0,DEF,CHE,0.0,0.0,0.0,0.0,DEF,CHE,0.0,0.0,0.0,0.0,DEF,CHE,0.0,0.0,0.0,0.0,DEF,CHE,0.0,0.0,0.0,0.0,DEF,CHE,0.0,0.0,0.0,0.0,DEF,CHE,0.0,0.0,0.0,0.0,DEF,CHE,0.0,0.0,0.0,0.0,DEF,CHE,0.0,0.0,0.0,0.0,DEF,CHE,0.0,0.0,0.0,0.0,DEF,CHE,0.0,0.0,0.0,0.0,DEF,CHE,0.0,0.0,0.0,0.0,DEF,CHE,0.0,0.0,0.0,0.0,DEF,CHE,0.0,0.0,0.0,0.0,DEF,CHE,0.0,0.0,0.0,0.0,DEF,CHE,0.0,0.0,0.0,0.0,DEF,CHE,0.0,0.0,0.0,0.0,DEF,CHE,0.0,0.0,0.0,0.0,DEF,CHE,0.0,0.0,0.0,0.0,DEF,CHE,0.0,0.0,0.0,0.0,DEF,CHE,0.0,0.0,0.0,0.0,DEF,CHE,0.0,4.0,0.0,0.0,DEF,CHE,0.0,4.0,0.0,0.0,DEF,CHE,0.0,4.0,0.0,0.0,DEF,CHE,0.0,4.0,0.0,0.0,DEF,CHE,0.0,4.0,0.0,0.0,DEF,CHE,0.0,4.0,0.0,0.0,DEF,CHE,0.0,0.0,0.0,0.0,DEF,CHE,0.0,4.0,0.0,0.0,DEF,CHE,0.0,0.0,0.0,0.0,DEF,CHE,0.0,4.0,0.0,0.0,0.0,0.0
783,Graczyk,GKP,MUN,0.0,0.0,0.0,0.0,GKP,MUN,0.0,0.0,0.0,0.0,GKP,MUN,0.0,0.0,0.0,0.0,GKP,MUN,0.0,0.0,0.0,0.0,GKP,MUN,0.0,0.0,0.0,0.0,GKP,MUN,0.0,0.0,0.0,0.0,GKP,MUN,0.0,0.0,0.0,0.0,GKP,MUN,0.0,0.0,0.0,0.0,GKP,MUN,0.0,0.0,0.0,0.0,GKP,MUN,0.0,0.0,0.0,0.0,GKP,MUN,0.0,0.0,0.0,0.0,GKP,MUN,0.0,0.0,0.0,0.0,GKP,MUN,0.0,0.0,0.0,0.0,GKP,MUN,0.0,0.0,0.0,0.0,GKP,MUN,0.0,0.0,0.0,0.0,GKP,MUN,0.0,0.0,0.0,0.0,GKP,MUN,0.0,0.0,0.0,0.0,GKP,MUN,0.0,0.0,0.0,0.0,GKP,MUN,0.0,0.0,0.0,0.0,GKP,MUN,0.0,0.0,0.0,0.0,GKP,MUN,0.0,0.0,0.0,0.0,GKP,MUN,0.0,0.0,0.0,0.0,GKP,MUN,0.0,0.0,0.0,0.0,GKP,MUN,0.0,0.0,0.0,0.0,GKP,MUN,0.0,0.0,0.0,0.0,GKP,MUN,0.0,4.0,0.0,0.0,GKP,MUN,0.0,4.0,0.0,0.0,GKP,MUN,0.0,4.0,0.0,0.0,GKP,MUN,0.0,4.0,0.0,0.0,GKP,MUN,0.0,4.0,0.0,0.0,GKP,MUN,0.0,4.0,0.0,0.0,GKP,MUN,0.0,0.0,0.0,0.0,GKP,MUN,0.0,4.0,0.0,0.0,GKP,MUN,0.0,0.0,0.0,0.0,GKP,MUN,0.0,4.0,0.0,0.0,0.0,0.0
784,Mané,FWD,WOL,0.0,0.0,0.0,0.0,FWD,WOL,0.0,0.0,0.0,0.0,FWD,WOL,0.0,0.0,0.0,0.0,FWD,WOL,0.0,0.0,0.0,0.0,FWD,WOL,0.0,0.0,0.0,0.0,FWD,WOL,0.0,0.0,0.0,0.0,FWD,WOL,0.0,0.0,0.0,0.0,FWD,WOL,0.0,0.0,0.0,0.0,FWD,WOL,0.0,0.0,0.0,0.0,FWD,WOL,0.0,0.0,0.0,0.0,FWD,WOL,0.0,0.0,0.0,0.0,FWD,WOL,0.0,0.0,0.0,0.0,FWD,WOL,0.0,0.0,0.0,0.0,FWD,WOL,0.0,0.0,0.0,0.0,FWD,WOL,0.0,0.0,0.0,0.0,FWD,WOL,0.0,0.0,0.0,0.0,FWD,WOL,0.0,0.0,0.0,0.0,FWD,WOL,0.0,0.0,0.0,0.0,FWD,WOL,0.0,0.0,0.0,0.0,FWD,WOL,0.0,0.0,0.0,0.0,FWD,WOL,0.0,0.0,0.0,0.0,FWD,WOL,0.0,0.0,0.0,0.0,FWD,WOL,0.0,0.0,0.0,0.0,FWD,WOL,0.0,0.0,0.0,0.0,FWD,WOL,0.0,0.0,0.0,0.0,FWD,WOL,0.0,0.0,0.0,0.0,FWD,WOL,0.0,4.5,0.0,0.0,FWD,WOL,0.0,4.5,0.0,0.0,FWD,WOL,0.0,4.5,0.0,0.0,FWD,WOL,0.0,4.5,0.0,0.0,FWD,WOL,0.0,4.5,0.0,0.0,FWD,WOL,0.0,0.0,0.0,0.0,FWD,WOL,0.0,4.5,0.0,0.0,FWD,WOL,0.0,0.0,0.0,0.0,FWD,WOL,0.0,4.5,0.0,0.0,0.0,0.0
785,Echeverri,MID,MCI,0.0,0.0,0.0,0.0,MID,MCI,0.0,0.0,0.0,0.0,MID,MCI,0.0,0.0,0.0,0.0,MID,MCI,0.0,0.0,0.0,0.0,MID,MCI,0.0,0.0,0.0,0.0,MID,MCI,0.0,0.0,0.0,0.0,MID,MCI,0.0,0.0,0.0,0.0,MID,MCI,0.0,0.0,0.0,0.0,MID,MCI,0.0,0.0,0.0,0.0,MID,MCI,0.0,0.0,0.0,0.0,MID,MCI,0.0,0.0,0.0,0.0,MID,MCI,0.0,0.0,0.0,0.0,MID,MCI,0.0,0.0,0.0,0.0,MID,MCI,0.0,0.0,0.0,0.0,MID,MCI,0.0,0.0,0.0,0.0,MID,MCI,0.0,0.0,0.0,0.0,MID,MCI,0.0,0.0,0.0,0.0,MID,MCI,0.0,0.0,0.0,0.0,MID,MCI,0.0,0.0,0.0,0.0,MID,MCI,0.0,0.0,0.0,0.0,MID,MCI,0.0,0.0,0.0,0.0,MID,MCI,0.0,0.0,0.0,0.0,MID,MCI,0.0,0.0,0.0,0.0,MID,MCI,0.0,0.0,0.0,0.0,MID,MCI,0.0,0.0,0.0,0.0,MID,MCI,0.0,0.0,0.0,0.0,MID,MCI,0.0,6.0,0.0,0.0,MID,MCI,0.0,6.0,0.0,0.0,MID,MCI,0.0,6.0,0.0,0.0,MID,MCI,0.0,5.9,0.0,0.0,MID,MCI,0.0,5.9,0.0,0.0,MID,MCI,0.0,0.0,0.0,0.0,MID,MCI,0.0,5.9,0.0,0.0,MID,MCI,0.0,0.0,0.0,0.0,MID,MCI,0.0,5.8,0.0,0.0,0.0,0.0
786,Benjamin Fredrick,DEF,BRE,0.0,0.0,0.0,0.0,DEF,BRE,0.0,0.0,0.0,0.0,DEF,BRE,0.0,0.0,0.0,0.0,DEF,BRE,0.0,0.0,0.0,0.0,DEF,BRE,0.0,0.0,0.0,0.0,DEF,BRE,0.0,0.0,0.0,0.0,DEF,BRE,0.0,0.0,0.0,0.0,DEF,BRE,0.0,0.0,0.0,0.0,DEF,BRE,0.0,0.0,0.0,0.0,DEF,BRE,0.0,0.0,0.0,0.0,DEF,BRE,0.0,0.0,0.0,0.0,DEF,BRE,0.0,0.0,0.0,0.0,DEF,BRE,0.0,0.0,0.0,0.0,DEF,BRE,0.0,0.0,0.0,0.0,DEF,BRE,0.0,0.0,0.0,0.0,DEF,BRE,0.0,0.0,0.0,0.0,DEF,BRE,0.0,0.0,0.0,0.0,DEF,BRE,0.0,0.0,0.0,0.0,DEF,BRE,0.0,0.0,0.0,0.0,DEF,BRE,0.0,0.0,0.0,0.0,DEF,BRE,0.0,0.0,0.0,0.0,DEF,BRE,0.0,0.0,0.0,0.0,DEF,BRE,0.0,0.0,0.0,0.0,DEF,BRE,0.0,0.0,0.0,0.0,DEF,BRE,0.0,0.0,0.0,0.0,DEF,BRE,0.0,0.0,0.0,0.0,DEF,BRE,0.0,0.0,0.0,0.0,DEF,BRE,0.0,4.0,0.0,0.0,DEF,BRE,0.0,4.0,0.0,0.0,DEF,BRE,0.0,4.0,0.0,0.0,DEF,BRE,0.0,4.0,0.0,0.0,DEF,BRE,0.0,0.0,0.0,0.0,DEF,BRE,0.0,4.0,0.0,0.0,DEF,BRE,0.0,0.0,0.0,0.0,DEF,BRE,0.0,4.0,0.0,0.0,0.0,0.0
787,Genesis Antwi,DEF,CHE,0.0,0.0,0.0,0.0,DEF,CHE,0.0,0.0,0.0,0.0,DEF,CHE,0.0,0.0,0.0,0.0,DEF,CHE,0.0,0.0,0.0,0.0,DEF,CHE,0.0,0.0,0.0,0.0,DEF,CHE,0.0,0.0,0.0,0.0,DEF,CHE,0.0,0.0,0.0,0.0,DEF,CHE,0.0,0.0,0.0,0.0,DEF,CHE,0.0,0.0,0.0,0.0,DEF,CHE,0.0,0.0,0.0,0.0,DEF,CHE,0.0,0.0,0.0,0.0,DEF,CHE,0.0,0.0,0.0,0.0,DEF,CHE,0.0,0.0,0.0,0.0,DEF,CHE,0.0,0.0,0.0,0.0,DEF,CHE,0.0,0.0,0.0,0.0,DEF,CHE,0.0,0.0,0.0,0.0,DEF,CHE,0.0,0.0,0.0,0.0,DEF,CHE,0.0,0.0,0.0,0.0,DEF,CHE,0.0,0.0,0.0,0.0,DEF,CHE,0.0,0.0,0.0,0.0,DEF,CHE,0.0,0.0,0.0,0.0,DEF,CHE,0.0,0.0,0.0,0.0,DEF,CHE,0.0,0.0,0.0,0.0,DEF,CHE,0.0,0.0,0.0,0.0,DEF,CHE,0.0,0.0,0.0,0.0,DEF,CHE,0.0,0.0,0.0,0.0,DEF,CHE,0.0,0.0,0.0,0.0,DEF,CHE,0.0,4.0,0.0,0.0,DEF,CHE,0.0,4.0,0.0,0.0,DEF,CHE,0.0,4.0,0.0,0.0,DEF,CHE,0.0,4.0,0.0,0.0,DEF,CHE,0.0,0.0,0.0,0.0,DEF,CHE,0.0,4.0,0.0,0.0,DEF,CHE,0.0,0.0,0.0,0.0,DEF,CHE,0.0,4.0,0.0,0.0,0.0,0.0
788,Dermot Mee,GKP,MUN,0.0,0.0,0.0,0.0,GKP,MUN,0.0,0.0,0.0,0.0,GKP,MUN,0.0,0.0,0.0,0.0,GKP,MUN,0.0,0.0,0.0,0.0,GKP,MUN,0.0,0.0,0.0,0.0,GKP,MUN,0.0,0.0,0.0,0.0,GKP,MUN,0.0,0.0,0.0,0.0,GKP,MUN,0.0,0.0,0.0,0.0,GKP,MUN,0.0,0.0,0.0,0.0,GKP,MUN,0.0,0.0,0.0,0.0,GKP,MUN,0.0,0.0,0.0,0.0,GKP,MUN,0.0,0.0,0.0,0.0,GKP,MUN,0.0,0.0,0.0,0.0,GKP,MUN,0.0,0.0,0.0,0.0,GKP,MUN,0.0,0.0,0.0,0.0,GKP,MUN,0.0,0.0,0.0,0.0,GKP,MUN,0.0,0.0,0.0,0.0,GKP,MUN,0.0,0.0,0.0,0.0,GKP,MUN,0.0,0.0,0.0,0.0,GKP,MUN,0.0,0.0,0.0,0.0,GKP,MUN,0.0,0.0,0.0,0.0,GKP,MUN,0.0,0.0,0.0,0.0,GKP,MUN,0.0,0.0,0.0,0.0,GKP,MUN,0.0,0.0,0.0,0.0,GKP,MUN,0.0,0.0,0.0,0.0,GKP,MUN,0.0,0.0,0.0,0.0,GKP,MUN,0.0,0.0,0.0,0.0,GKP,MUN,0.0,4.0,0.0,0.0,GKP,MUN,0.0,4.0,0.0,0.0,GKP,MUN,0.0,4.0,0.0,0.0,GKP,MUN,0.0,4.0,0.0,0.0,GKP,MUN,0.0,0.0,0.0,0.0,GKP,MUN,0.0,4.0,0.0,0.0,GKP,MUN,0.0,0.0,0.0,0.0,GKP,MUN,0.0,4.0,0.0,0.0,0.0,0.0
789,Neave,FWD,NEW,0.0,0.0,0.0,0.0,FWD,NEW,0.0,0.0,0.0,0.0,FWD,NEW,0.0,0.0,0.0,0.0,FWD,NEW,0.0,0.0,0.0,0.0,FWD,NEW,0.0,0.0,0.0,0.0,FWD,NEW,0.0,0.0,0.0,0.0,FWD,NEW,0.0,0.0,0.0,0.0,FWD,NEW,0.0,0.0,0.0,0.0,FWD,NEW,0.0,0.0,0.0,0.0,FWD,NEW,0.0,0.0,0.0,0.0,FWD,NEW,0.0,0.0,0.0,0.0,FWD,NEW,0.0,0.0,0.0,0.0,FWD,NEW,0.0,0.0,0.0,0.0,FWD,NEW,0.0,0.0,0.0,0.0,FWD,NEW,0.0,0.0,0.0,0.0,FWD,NEW,0.0,0.0,0.0,0.0,FWD,NEW,0.0,0.0,0.0,0.0,FWD,NEW,0.0,0.0,0.0,0.0,FWD,NEW,0.0,0.0,0.0,0.0,FWD,NEW,0.0,0.0,0.0,0.0,FWD,NEW,0.0,0.0,0.0,0.0,FWD,NEW,0.0,0.0,0.0,0.0,FWD,NEW,0.0,0.0,0.0,0.0,FWD,NEW,0.0,0.0,0.0,0.0,FWD,NEW,0.0,0.0,0.0,0.0,FWD,NEW,0.0,0.0,0.0,0.0,FWD,NEW,0.0,0.0,0.0,0.0,FWD,NEW,0.0,4.5,0.0,0.0,FWD,NEW,0.0,4.5,0.0,0.0,FWD,NEW,0.0,4.5,0.0,0.0,FWD,NEW,0.0,4.5,0.0,0.0,FWD,NEW,0.0,0.0,0.0,0.0,FWD,NEW,0.0,4.5,0.0,0.0,FWD,NEW,0.0,0.0,0.0,0.0,FWD,NEW,0.0,4.5,0.0,0.0,0.0,0.0
790,Gower,MID,ARS,0.0,0.0,0.0,0.0,MID,ARS,0.0,0.0,0.0,0.0,MID,ARS,0.0,0.0,0.0,0.0,MID,ARS,0.0,0.0,0.0,0.0,MID,ARS,0.0,0.0,0.0,0.0,MID,ARS,0.0,0.0,0.0,0.0,MID,ARS,0.0,0.0,0.0,0.0,MID,ARS,0.0,0.0,0.0,0.0,MID,ARS,0.0,0.0,0.0,0.0,MID,ARS,0.0,0.0,0.0,0.0,MID,ARS,0.0,0.0,0.0,0.0,MID,ARS,0.0,0.0,0.0,0.0,MID,ARS,0.0,0.0,0.0,0.0,MID,ARS,0.0,0.0,0.0,0.0,MID,ARS,0.0,0.0,0.0,0.0,MID,ARS,0.0,0.0,0.0,0.0,MID,ARS,0.0,0.0,0.0,0.0,MID,ARS,0.0,0.0,0.0,0.0,MID,ARS,0.0,0.0,0.0,0.0,MID,ARS,0.0,0.0,0.0,0.0,MID,ARS,0.0,0.0,0.0,0.0,MID,ARS,0.0,0.0,0.0,0.0,MID,ARS,0.0,0.0,0.0,0.0,MID,ARS,0.0,0.0,0.0,0.0,MID,ARS,0.0,0.0,0.0,0.0,MID,ARS,0.0,0.0,0.0,0.0,MID,ARS,0.0,0.0,0.0,0.0,MID,ARS,0.0,0.0,0.0,0.0,MID,ARS,0.0,0.0,0.0,0.0,MID,ARS,0.0,4.5,0.0,0.0,MID,ARS,0.0,4.5,0.0,0.0,MID,ARS,0.0,0.0,0.0,0.0,MID,ARS,0.0,4.5,0.0,0.0,MID,ARS,0.0,0.0,0.0,0.0,MID,ARS,0.0,4.5,0.0,0.0,0.0,0.0
791,Charlie Tasker,DEF,BRI,0.0,0.0,0.0,0.0,DEF,BRI,0.0,0.0,0.0,0.0,DEF,BRI,0.0,0.0,0.0,0.0,DEF,BRI,0.0,0.0,0.0,0.0,DEF,BRI,0.0,0.0,0.0,0.0,DEF,BRI,0.0,0.0,0.0,0.0,DEF,BRI,0.0,0.0,0.0,0.0,DEF,BRI,0.0,0.0,0.0,0.0,DEF,BRI,0.0,0.0,0.0,0.0,DEF,BRI,0.0,0.0,0.0,0.0,DEF,BRI,0.0,0.0,0.0,0.0,DEF,BRI,0.0,0.0,0.0,0.0,DEF,BRI,0.0,0.0,0.0,0.0,DEF,BRI,0.0,0.0,0.0,0.0,DEF,BRI,0.0,0.0,0.0,0.0,DEF,BRI,0.0,0.0,0.0,0.0,DEF,BRI,0.0,0.0,0.0,0.0,DEF,BRI,0.0,0.0,0.0,0.0,DEF,BRI,0.0,0.0,0.0,0.0,DEF,BRI,0.0,0.0,0.0,0.0,DEF,BRI,0.0,0.0,0.0,0.0,DEF,BRI,0.0,0.0,0.0,0.0,DEF,BRI,0.0,0.0,0.0,0.0,DEF,BRI,0.0,0.0,0.0,0.0,DEF,BRI,0.0,0.0,0.0,0.0,DEF,BRI,0.0,0.0,0.0,0.0,DEF,BRI,0.0,0.0,0.0,0.0,DEF,BRI,0.0,0.0,0.0,0.0,DEF,BRI,0.0,0.0,0.0,0.0,DEF,BRI,0.0,4.0,0.0,0.0,DEF,BRI,0.0,4.0,0.0,0.0,DEF,BRI,0.0,0.0,0.0,0.0,DEF,BRI,0.0,4.0,0.0,0.0,DEF,BRI,0.0,0.0,0.0,0.0,DEF,BRI,0.0,4.0,0.0,0.0,0.0,0.0
792,Monga,MID,LEI,0.0,0.0,0.0,0.0,MID,LEI,0.0,0.0,0.0,0.0,MID,LEI,0.0,0.0,0.0,0.0,MID,LEI,0.0,0.0,0.0,0.0,MID,LEI,0.0,0.0,0.0,0.0,MID,LEI,0.0,0.0,0.0,0.0,MID,LEI,0.0,0.0,0.0,0.0,MID,LEI,0.0,0.0,0.0,0.0,MID,LEI,0.0,0.0,0.0,0.0,MID,LEI,0.0,0.0,0.0,0.0,MID,LEI,0.0,0.0,0.0,0.0,MID,LEI,0.0,0.0,0.0,0.0,MID,LEI,0.0,0.0,0.0,0.0,MID,LEI,0.0,0.0,0.0,0.0,MID,LEI,0.0,0.0,0.0,0.0,MID,LEI,0.0,0.0,0.0,0.0,MID,LEI,0.0,0.0,0.0,0.0,MID,LEI,0.0,0.0,0.0,0.0,MID,LEI,0.0,0.0,0.0,0.0,MID,LEI,0.0,0.0,0.0,0.0,MID,LEI,0.0,0.0,0.0,0.0,MID,LEI,0.0,0.0,0.0,0.0,MID,LEI,0.0,0.0,0.0,0.0,MID,LEI,0.0,0.0,0.0,0.0,MID,LEI,0.0,0.0,0.0,0.0,MID,LEI,0.0,0.0,0.0,0.0,MID,LEI,0.0,0.0,0.0,0.0,MID,LEI,0.0,0.0,0.0,0.0,MID,LEI,0.0,0.0,0.0,0.0,MID,LEI,0.0,0.0,0.0,0.0,MID,LEI,0.0,4.5,0.0,0.0,MID,LEI,0.0,0.0,0.0,0.0,MID,LEI,0.0,4.5,0.0,0.0,MID,LEI,0.0,0.0,0.0,0.0,MID,LEI,0.0,4.5,0.0,0.0,0.0,0.0
793,Jack Henry-Francis,MID,ARS,0.0,0.0,0.0,0.0,MID,ARS,0.0,0.0,0.0,0.0,MID,ARS,0.0,0.0,0.0,0.0,MID,ARS,0.0,0.0,0.0,0.0,MID,ARS,0.0,0.0,0.0,0.0,MID,ARS,0.0,0.0,0.0,0.0,MID,ARS,0.0,0.0,0.0,0.0,MID,ARS,0.0,0.0,0.0,0.0,MID,ARS,0.0,0.0,0.0,0.0,MID,ARS,0.0,0.0,0.0,0.0,MID,ARS,0.0,0.0,0.0,0.0,MID,ARS,0.0,0.0,0.0,0.0,MID,ARS,0.0,0.0,0.0,0.0,MID,ARS,0.0,0.0,0.0,0.0,MID,ARS,0.0,0.0,0.0,0.0,MID,ARS,0.0,0.0,0.0,0.0,MID,ARS,0.0,0.0,0.0,0.0,MID,ARS,0.0,0.0,0.0,0.0,MID,ARS,0.0,0.0,0.0,0.0,MID,ARS,0.0,0.0,0.0,0.0,MID,ARS,0.0,0.0,0.0,0.0,MID,ARS,0.0,0.0,0.0,0.0,MID,ARS,0.0,0.0,0.0,0.0,MID,ARS,0.0,0.0,0.0,0.0,MID,ARS,0.0,0.0,0.0,0.0,MID,ARS,0.0,0.0,0.0,0.0,MID,ARS,0.0,0.0,0.0,0.0,MID,ARS,0.0,0.0,0.0,0.0,MID,ARS,0.0,0.0,0.0,0.0,MID,ARS,0.0,0.0,0.0,0.0,MID,ARS,0.0,0.0,0.0,0.0,MID,ARS,0.0,0.0,0.0,0.0,MID,ARS,0.0,4.5,0.0,0.0,MID,ARS,0.0,0.0,0.0,0.0,MID,ARS,0.0,4.5,0.0,0.0,0.0,0.0
794,Freddie Simmonds,DEF,BRI,0.0,0.0,0.0,0.0,DEF,BRI,0.0,0.0,0.0,0.0,DEF,BRI,0.0,0.0,0.0,0.0,DEF,BRI,0.0,0.0,0.0,0.0,DEF,BRI,0.0,0.0,0.0,0.0,DEF,BRI,0.0,0.0,0.0,0.0,DEF,BRI,0.0,0.0,0.0,0.0,DEF,BRI,0.0,0.0,0.0,0.0,DEF,BRI,0.0,0.0,0.0,0.0,DEF,BRI,0.0,0.0,0.0,0.0,DEF,BRI,0.0,0.0,0.0,0.0,DEF,BRI,0.0,0.0,0.0,0.0,DEF,BRI,0.0,0.0,0.0,0.0,DEF,BRI,0.0,0.0,0.0,0.0,DEF,BRI,0.0,0.0,0.0,0.0,DEF,BRI,0.0,0.0,0.0,0.0,DEF,BRI,0.0,0.0,0.0,0.0,DEF,BRI,0.0,0.0,0.0,0.0,DEF,BRI,0.0,0.0,0.0,0.0,DEF,BRI,0.0,0.0,0.0,0.0,DEF,BRI,0.0,0.0,0.0,0.0,DEF,BRI,0.0,0.0,0.0,0.0,DEF,BRI,0.0,0.0,0.0,0.0,DEF,BRI,0.0,0.0,0.0,0.0,DEF,BRI,0.0,0.0,0.0,0.0,DEF,BRI,0.0,0.0,0.0,0.0,DEF,BRI,0.0,0.0,0.0,0.0,DEF,BRI,0.0,0.0,0.0,0.0,DEF,BRI,0.0,0.0,0.0,0.0,DEF,BRI,0.0,0.0,0.0,0.0,DEF,BRI,0.0,0.0,0.0,0.0,DEF,BRI,0.0,0.0,0.0,0.0,DEF,BRI,0.0,4.0,0.0,0.0,DEF,BRI,0.0,0.0,0.0,0.0,DEF,BRI,0.0,4.0,0.0,0.0,0.0,0.0
795,Harry Howell,MID,BRI,0.0,0.0,0.0,0.0,MID,BRI,0.0,0.0,0.0,0.0,MID,BRI,0.0,0.0,0.0,0.0,MID,BRI,0.0,0.0,0.0,0.0,MID,BRI,0.0,0.0,0.0,0.0,MID,BRI,0.0,0.0,0.0,0.0,MID,BRI,0.0,0.0,0.0,0.0,MID,BRI,0.0,0.0,0.0,0.0,MID,BRI,0.0,0.0,0.0,0.0,MID,BRI,0.0,0.0,0.0,0.0,MID,BRI,0.0,0.0,0.0,0.0,MID,BRI,0.0,0.0,0.0,0.0,MID,BRI,0.0,0.0,0.0,0.0,MID,BRI,0.0,0.0,0.0,0.0,MID,BRI,0.0,0.0,0.0,0.0,MID,BRI,0.0,0.0,0.0,0.0,MID,BRI,0.0,0.0,0.0,0.0,MID,BRI,0.0,0.0,0.0,0.0,MID,BRI,0.0,0.0,0.0,0.0,MID,BRI,0.0,0.0,0.0,0.0,MID,BRI,0.0,0.0,0.0,0.0,MID,BRI,0.0,0.0,0.0,0.0,MID,BRI,0.0,0.0,0.0,0.0,MID,BRI,0.0,0.0,0.0,0.0,MID,BRI,0.0,0.0,0.0,0.0,MID,BRI,0.0,0.0,0.0,0.0,MID,BRI,0.0,0.0,0.0,0.0,MID,BRI,0.0,0.0,0.0,0.0,MID,BRI,0.0,0.0,0.0,0.0,MID,BRI,0.0,0.0,0.0,0.0,MID,BRI,0.0,0.0,0.0,0.0,MID,BRI,0.0,0.0,0.0,0.0,MID,BRI,0.0,4.5,0.0,0.0,MID,BRI,0.0,0.0,0.0,0.0,MID,BRI,0.0,4.5,0.0,0.0,0.0,0.0
796,Olabade Aluko,DEF,LEI,0.0,0.0,0.0,0.0,DEF,LEI,0.0,0.0,0.0,0.0,DEF,LEI,0.0,0.0,0.0,0.0,DEF,LEI,0.0,0.0,0.0,0.0,DEF,LEI,0.0,0.0,0.0,0.0,DEF,LEI,0.0,0.0,0.0,0.0,DEF,LEI,0.0,0.0,0.0,0.0,DEF,LEI,0.0,0.0,0.0,0.0,DEF,LEI,0.0,0.0,0.0,0.0,DEF,LEI,0.0,0.0,0.0,0.0,DEF,LEI,0.0,0.0,0.0,0.0,DEF,LEI,0.0,0.0,0.0,0.0,DEF,LEI,0.0,0.0,0.0,0.0,DEF,LEI,0.0,0.0,0.0,0.0,DEF,LEI,0.0,0.0,0.0,0.0,DEF,LEI,0.0,0.0,0.0,0.0,DEF,LEI,0.0,0.0,0.0,0.0,DEF,LEI,0.0,0.0,0.0,0.0,DEF,LEI,0.0,0.0,0.0,0.0,DEF,LEI,0.0,0.0,0.0,0.0,DEF,LEI,0.0,0.0,0.0,0.0,DEF,LEI,0.0,0.0,0.0,0.0,DEF,LEI,0.0,0.0,0.0,0.0,DEF,LEI,0.0,0.0,0.0,0.0,DEF,LEI,0.0,0.0,0.0,0.0,DEF,LEI,0.0,0.0,0.0,0.0,DEF,LEI,0.0,0.0,0.0,0.0,DEF,LEI,0.0,0.0,0.0,0.0,DEF,LEI,0.0,0.0,0.0,0.0,DEF,LEI,0.0,0.0,0.0,0.0,DEF,LEI,0.0,0.0,0.0,0.0,DEF,LEI,0.0,0.0,0.0,0.0,DEF,LEI,0.0,4.0,0.0,0.0,DEF,LEI,0.0,0.0,0.0,0.0,DEF,LEI,0.0,4.0,0.0,0.0,0.0,0.0
797,Jake Evans,MID,LEI,0.0,0.0,0.0,0.0,MID,LEI,0.0,0.0,0.0,0.0,MID,LEI,0.0,0.0,0.0,0.0,MID,LEI,0.0,0.0,0.0,0.0,MID,LEI,0.0,0.0,0.0,0.0,MID,LEI,0.0,0.0,0.0,0.0,MID,LEI,0.0,0.0,0.0,0.0,MID,LEI,0.0,0.0,0.0,0.0,MID,LEI,0.0,0.0,0.0,0.0,MID,LEI,0.0,0.0,0.0,0.0,MID,LEI,0.0,0.0,0.0,0.0,MID,LEI,0.0,0.0,0.0,0.0,MID,LEI,0.0,0.0,0.0,0.0,MID,LEI,0.0,0.0,0.0,0.0,MID,LEI,0.0,0.0,0.0,0.0,MID,LEI,0.0,0.0,0.0,0.0,MID,LEI,0.0,0.0,0.0,0.0,MID,LEI,0.0,0.0,0.0,0.0,MID,LEI,0.0,0.0,0.0,0.0,MID,LEI,0.0,0.0,0.0,0.0,MID,LEI,0.0,0.0,0.0,0.0,MID,LEI,0.0,0.0,0.0,0.0,MID,LEI,0.0,0.0,0.0,0.0,MID,LEI,0.0,0.0,0.0,0.0,MID,LEI,0.0,0.0,0.0,0.0,MID,LEI,0.0,0.0,0.0,0.0,MID,LEI,0.0,0.0,0.0,0.0,MID,LEI,0.0,0.0,0.0,0.0,MID,LEI,0.0,0.0,0.0,0.0,MID,LEI,0.0,0.0,0.0,0.0,MID,LEI,0.0,0.0,0.0,0.0,MID,LEI,0.0,0.0,0.0,0.0,MID,LEI,0.0,4.5,0.0,0.0,MID,LEI,0.0,0.0,0.0,0.0,MID,LEI,0.0,4.5,0.0,0.0,0.0,0.0
798,Jay Robinson,FWD,SOU,0.0,0.0,0.0,0.0,FWD,SOU,0.0,0.0,0.0,0.0,FWD,SOU,0.0,0.0,0.0,0.0,FWD,SOU,0.0,0.0,0.0,0.0,FWD,SOU,0.0,0.0,0.0,0.0,FWD,SOU,0.0,0.0,0.0,0.0,FWD,SOU,0.0,0.0,0.0,0.0,FWD,SOU,0.0,0.0,0.0,0.0,FWD,SOU,0.0,0.0,0.0,0.0,FWD,SOU,0.0,0.0,0.0,0.0,FWD,SOU,0.0,0.0,0.0,0.0,FWD,SOU,0.0,0.0,0.0,0.0,FWD,SOU,0.0,0.0,0.0,0.0,FWD,SOU,0.0,0.0,0.0,0.0,FWD,SOU,0.0,0.0,0.0,0.0,FWD,SOU,0.0,0.0,0.0,0.0,FWD,SOU,0.0,0.0,0.0,0.0,FWD,SOU,0.0,0.0,0.0,0.0,FWD,SOU,0.0,0.0,0.0,0.0,FWD,SOU,0.0,0.0,0.0,0.0,FWD,SOU,0.0,0.0,0.0,0.0,FWD,SOU,0.0,0.0,0.0,0.0,FWD,SOU,0.0,0.0,0.0,0.0,FWD,SOU,0.0,0.0,0.0,0.0,FWD,SOU,0.0,0.0,0.0,0.0,FWD,SOU,0.0,0.0,0.0,0.0,FWD,SOU,0.0,0.0,0.0,0.0,FWD,SOU,0.0,0.0,0.0,0.0,FWD,SOU,0.0,0.0,0.0,0.0,FWD,SOU,0.0,0.0,0.0,0.0,FWD,SOU,0.0,0.0,0.0,0.0,FWD,SOU,0.0,0.0,0.0,0.0,FWD,SOU,0.0,4.5,0.0,0.0,FWD,SOU,0.0,0.0,0.0,0.0,FWD,SOU,0.0,4.4,0.0,0.0,0.0,0.0
799,Boniface,DEF,IPS,0.0,0.0,0.0,0.0,DEF,IPS,0.0,0.0,0.0,0.0,DEF,IPS,0.0,0.0,0.0,0.0,DEF,IPS,0.0,0.0,0.0,0.0,DEF,IPS,0.0,0.0,0.0,0.0,DEF,IPS,0.0,0.0,0.0,0.0,DEF,IPS,0.0,0.0,0.0,0.0,DEF,IPS,0.0,0.0,0.0,0.0,DEF,IPS,0.0,0.0,0.0,0.0,DEF,IPS,0.0,0.0,0.0,0.0,DEF,IPS,0.0,0.0,0.0,0.0,DEF,IPS,0.0,0.0,0.0,0.0,DEF,IPS,0.0,0.0,0.0,0.0,DEF,IPS,0.0,0.0,0.0,0.0,DEF,IPS,0.0,0.0,0.0,0.0,DEF,IPS,0.0,0.0,0.0,0.0,DEF,IPS,0.0,0.0,0.0,0.0,DEF,IPS,0.0,0.0,0.0,0.0,DEF,IPS,0.0,0.0,0.0,0.0,DEF,IPS,0.0,0.0,0.0,0.0,DEF,IPS,0.0,0.0,0.0,0.0,DEF,IPS,0.0,0.0,0.0,0.0,DEF,IPS,0.0,0.0,0.0,0.0,DEF,IPS,0.0,0.0,0.0,0.0,DEF,IPS,0.0,0.0,0.0,0.0,DEF,IPS,0.0,0.0,0.0,0.0,DEF,IPS,0.0,0.0,0.0,0.0,DEF,IPS,0.0,0.0,0.0,0.0,DEF,IPS,0.0,0.0,0.0,0.0,DEF,IPS,0.0,0.0,0.0,0.0,DEF,IPS,0.0,0.0,0.0,0.0,DEF,IPS,0.0,0.0,0.0,0.0,DEF,IPS,0.0,4.0,0.0,0.0,DEF,IPS,0.0,0.0,0.0,0.0,DEF,IPS,0.0,4.0,0.0,0.0,0.0,0.0
800,Tom Taylor,MID,IPS,0.0,0.0,0.0,0.0,MID,IPS,0.0,0.0,0.0,0.0,MID,IPS,0.0,0.0,0.0,0.0,MID,IPS,0.0,0.0,0.0,0.0,MID,IPS,0.0,0.0,0.0,0.0,MID,IPS,0.0,0.0,0.0,0.0,MID,IPS,0.0,0.0,0.0,0.0,MID,IPS,0.0,0.0,0.0,0.0,MID,IPS,0.0,0.0,0.0,0.0,MID,IPS,0.0,0.0,0.0,0.0,MID,IPS,0.0,0.0,0.0,0.0,MID,IPS,0.0,0.0,0.0,0.0,MID,IPS,0.0,0.0,0.0,0.0,MID,IPS,0.0,0.0,0.0,0.0,MID,IPS,0.0,0.0,0.0,0.0,MID,IPS,0.0,0.0,0.0,0.0,MID,IPS,0.0,0.0,0.0,0.0,MID,IPS,0.0,0.0,0.0,0.0,MID,IPS,0.0,0.0,0.0,0.0,MID,IPS,0.0,0.0,0.0,0.0,MID,IPS,0.0,0.0,0.0,0.0,MID,IPS,0.0,0.0,0.0,0.0,MID,IPS,0.0,0.0,0.0,0.0,MID,IPS,0.0,0.0,0.0,0.0,MID,IPS,0.0,0.0,0.0,0.0,MID,IPS,0.0,0.0,0.0,0.0,MID,IPS,0.0,0.0,0.0,0.0,MID,IPS,0.0,0.0,0.0,0.0,MID,IPS,0.0,0.0,0.0,0.0,MID,IPS,0.0,0.0,0.0,0.0,MID,IPS,0.0,0.0,0.0,0.0,MID,IPS,0.0,0.0,0.0,0.0,MID,IPS,0.0,0.0,0.0,0.0,MID,IPS,0.0,0.0,0.0,0.0,MID,IPS,0.0,4.5,0.0,0.0,0.0,0.0
801,Clarke,DEF,ARS,0.0,0.0,0.0,0.0,DEF,ARS,0.0,0.0,0.0,0.0,DEF,ARS,0.0,0.0,0.0,0.0,DEF,ARS,0.0,0.0,0.0,0.0,DEF,ARS,0.0,0.0,0.0,0.0,DEF,ARS,0.0,0.0,0.0,0.0,DEF,ARS,0.0,0.0,0.0,0.0,DEF,ARS,0.0,0.0,0.0,0.0,DEF,ARS,0.0,0.0,0.0,0.0,DEF,ARS,0.0,0.0,0.0,0.0,DEF,ARS,0.0,0.0,0.0,0.0,DEF,ARS,0.0,0.0,0.0,0.0,DEF,ARS,0.0,0.0,0.0,0.0,DEF,ARS,0.0,0.0,0.0,0.0,DEF,ARS,0.0,0.0,0.0,0.0,DEF,ARS,0.0,0.0,0.0,0.0,DEF,ARS,0.0,0.0,0.0,0.0,DEF,ARS,0.0,0.0,0.0,0.0,DEF,ARS,0.0,0.0,0.0,0.0,DEF,ARS,0.0,0.0,0.0,0.0,DEF,ARS,0.0,0.0,0.0,0.0,DEF,ARS,0.0,0.0,0.0,0.0,DEF,ARS,0.0,0.0,0.0,0.0,DEF,ARS,0.0,0.0,0.0,0.0,DEF,ARS,0.0,0.0,0.0,0.0,DEF,ARS,0.0,0.0,0.0,0.0,DEF,ARS,0.0,0.0,0.0,0.0,DEF,ARS,0.0,0.0,0.0,0.0,DEF,ARS,0.0,0.0,0.0,0.0,DEF,ARS,0.0,0.0,0.0,0.0,DEF,ARS,0.0,0.0,0.0,0.0,DEF,ARS,0.0,0.0,0.0,0.0,DEF,ARS,0.0,0.0,0.0,0.0,DEF,ARS,0.0,0.0,0.0,0.0,DEF,ARS,0.0,4.0,0.0,0.0,0.0,0.0
